number,status,heuristic_score,comments,activity_state,formalized,prize,tags,url,statement
1,open,49,4,open,yes,$500,"['number theory', 'additive combinatorics']",https://www.erdosproblems.com/1,"If $A\subseteq \{1,\ldots,N\}$ with $\lvert A\rvert=n$ is such that the subset sums $\sum_{a\in S}a$ are distinct for all $S\subseteq A$ then\[N \gg 2^{n}.\]"
2,disproved,7,3,,no,$1000,"['number theory', 'covering systems']",https://www.erdosproblems.com/2,Can the smallest modulus of a covering system be arbitrarily large?
3,open,40,2,open,yes,$5000,"['number theory', 'additive combinatorics', 'arithmetic progressions']",https://www.erdosproblems.com/3,If $A\subseteq \mathbb{N}$ has $\sum_{n\in A}\frac{1}{n}=\infty$ then must $A$ contain arbitrarily long arithmetic progressions?
4,proved,0,3,,yes,$10000,"['number theory', 'primes']",https://www.erdosproblems.com/4,"Is it true that, for any $C>0$, there are infinitely many $n$ such that\[p_{n+1}-p_n> C\frac{\log\log n\log\log\log\log n}{(\log\log \log n)^2}\log n?\]"
5,open,50,2,open,no,no,"['number theory', 'primes']",https://www.erdosproblems.com/5,Let $C\geq 0$. Is there an infinite sequence of $n_i$ such that\[\lim_{i\to \infty}\frac{p_{n_i+1}-p_{n_i}}{\log n_i}=C?\]
6,proved,16,0,,yes,$100,"['number theory', 'primes']",https://www.erdosproblems.com/6,Let $d_n=p_{n+1}-p_n$. Are there infinitely many $n$ such that $d_n<d_{n+1}<d_{n+2}$?
7,verifiable,81,12,open,yes,no,"['number theory', 'covering systems']",https://www.erdosproblems.com/7,Is there a distinct covering system all of whose moduli are odd?
8,disproved,18,2,,no,no,"['number theory', 'covering systems']",https://www.erdosproblems.com/8,For any finite colouring of the integers is there a covering system all of whose moduli are monochromatic?
9,open,56,1,open,yes,no,"['number theory', 'additive basis', 'primes']",https://www.erdosproblems.com/9,"Let $A$ be the set of all odd integers $\geq 1$ not of the form $p+2^{k}+2^l$ (where $k,l\geq 0$ and $p$ is prime). Is the upper density of $A$ positive?"
10,open,56,1,open,yes,no,"['number theory', 'additive basis', 'primes']",https://www.erdosproblems.com/10,Is there some $k$ such that every large integer is the sum of a prime and at most $k$ powers of 2?
11,open,52,11,open,yes,no,"['number theory', 'additive basis']",https://www.erdosproblems.com/11,Is every large odd integer $n$ the sum of a squarefree number and a power of 2?
12,open,47,13,open,yes,no,['number theory'],https://www.erdosproblems.com/12,"Let $A$ be an infinite set such that there are no distinct $a,b,c\in A$ such that $a\mid (b+c)$ and $b,c>a$. Is there such an $A$ with\[\liminf \frac{\lvert A\cap\{1,\ldots,N\}\rvert}{N^{1/2}}>0?\]Does there exist some absolute constant $c>0$ such that there are always infinitely many $N$ with\[\lvert A\cap\{1,\ldots,N\}\rvert<N^{1-c}?\]Is it true that\[\sum_{n\in A}\frac{1}{n}<\infty?\]"
13,proved,20,0,,yes,$100,['number theory'],https://www.erdosproblems.com/13,"Let $A\subseteq \{1,\ldots,N\}$ be such that there are no $a,b,c\in A$ such that $a\mid(b+c)$ and $a<\min(b,c)$. Is it true that $\lvert A\rvert\leq N/3+O(1)$?"
14,open,51,1,open,yes,no,"['number theory', 'sidon sets', 'additive combinatorics']",https://www.erdosproblems.com/14,"Let $A\subseteq \mathbb{N}$. Let $B\subseteq \mathbb{N}$ be the set of integers which are representable in exactly one way as the sum of two elements from $A$.
Is it true that for all $\epsilon>0$ and large $N$\[\lvert \{1,\ldots,N\}\backslash B\rvert \gg_\epsilon N^{1/2-\epsilon}?\]Is it possible that\[\lvert \{1,\ldots,N\}\backslash B\rvert =o(N^{1/2})?\]"
15,open,56,2,open,yes,no,"['number theory', 'primes']",https://www.erdosproblems.com/15,"Is it true that\[\sum_{n=1}^\infty(-1)^n\frac{n}{p_n}\]converges, where $p_n$ is the sequence of primes?"
16,disproved (Lean),10,1,,no,no,"['number theory', 'additive basis', 'primes']",https://www.erdosproblems.com/16,Is the set of odd integers not of the form $2^k+p$ the union of an infinite arithmetic progression and a set of density $0$?
17,open,56,1,open,yes,no,"['number theory', 'primes']",https://www.erdosproblems.com/17,"Are there infinitely many primes $p$ such that every even number $n\leq p-3$ can be written as a difference of primes $n=q_1-q_2$ where $q_1,q_2\leq p$?"
18,open,59,5,open,yes,no,"['number theory', 'divisors', 'factorials']",https://www.erdosproblems.com/18,"We call $m$ practical if every integer $1\leq n<m$ is the sum of distinct divisors of $m$. If $m$ is practical then let $h(m)$ be such that $h(m)$ many divisors always suffice.
Are there infinitely many practical $m$ such that\[h(m) < (\log\log m)^{O(1)}?\]Is it true that $h(n!)<n^{o(1)}$? Or perhaps even $h(n!)<(\log n)^{O(1)}$?"
19,decidable,72,8,,no,$500,"['graph theory', 'chromatic number']",https://www.erdosproblems.com/19,If $G$ is an edge-disjoint union of $n$ copies of $K_n$ then is $\chi(G)=n$?
20,open,45,8,open,yes,$1000,['combinatorics'],https://www.erdosproblems.com/20,"Let $f(n,k)$ be minimal such that every family $\mathcal{F}$ of $n$-uniform sets with $\lvert \mathcal{F}\rvert \geq f(n,k)$ contains a $k$-sunflower. Is it true that\[f(n,k) 0$?"
21,proved,6,1,,no,$500,"['combinatorics', 'intersecting family']",https://www.erdosproblems.com/21,"Let $f(n)$ be minimal such that there is an intersecting family $\mathcal{F}$ of sets of size $n$ (so $A\cap B\neq\emptyset$ for all $A,B\in \mathcal{F}$) with $\lvert \mathcal{F}\rvert=f(n)$ such that any set $S$ with $\lvert S\rvert \leq n-1$ is disjoint from at least one $A\in \mathcal{F}$.
Is it true that\[f(n) \ll n?\]"
22,proved,21,0,,no,no,['graph theory'],https://www.erdosproblems.com/22,Let $\epsilon>0$ and $n$ be sufficiently large depending on $\epsilon$. Is there a graph on $n$ vertices with $\geq n^2/8$ many edges which contains no $K_4$ such that the largest independent set has size at most $\epsilon n$?
23,falsifiable,85,3,open,yes,no,['graph theory'],https://www.erdosproblems.com/23,Can every triangle-free graph on $5n$ vertices be made bipartite by deleting at most $n^2$ edges?
24,proved (Lean),18,1,,no,no,['graph theory'],https://www.erdosproblems.com/24,Does every triangle-free graph on $5n$ vertices contain at most $n^5$ copies of $C_5$?
25,open,51,7,open,yes,no,['number theory'],https://www.erdosproblems.com/25,"Let $1\leq n_1<n_2<\cdots$ be an arbitrary sequence of integers, each with an associated residue class $a_i\pmod{n_i}$. Let $A$ be the set of integers $n$ such that for every $i$ either $n<n_i$ or $n\not\equiv a_i\pmod{n_i}$. Must the logarithmic density of $A$ exist?"
26,disproved (Lean),16,11,,yes,no,"['number theory', 'divisors']",https://www.erdosproblems.com/26,Let $A\subset\mathbb{N}$ be infinite. Must there exist some $k\geq 1$ such that almost all integers have a divisor of the form $a+k$ for some $a\in A$?
27,disproved,18,0,,no,$100,"['number theory', 'covering systems']",https://www.erdosproblems.com/27,An $\epsilon$-almost covering system is a set of congruences $a_i\pmod{n_i}$ for distinct moduli $n_11$ such that for every $\epsilon>0$ and $N\geq 1$ there is an $\epsilon$-almost covering system with $N\leq n_1<\cdots <n_k\leq CN$?
28,open,53,5,open,yes,$500,"['number theory', 'additive basis']",https://www.erdosproblems.com/28,If $A\subseteq \mathbb{N}$ is such that $A+A$ contains all but finitely many integers then $\limsup 1_A\ast 1_A(n)=\infty$.
29,proved,14,0,,no,$100,"['number theory', 'additive basis']",https://www.erdosproblems.com/29,Is there an explicit construction of a set $A\subseteq \mathbb{N}$ such that $A+A=\mathbb{N}$ but $1_A\ast 1_A(n)=o(n^\epsilon)$ for every $\epsilon>0$?
30,open,45,5,open,yes,$1000,"['number theory', 'sidon sets', 'additive combinatorics']",https://www.erdosproblems.com/30,"Let $h(N)$ be the maximum size of a Sidon set in $\{1,\ldots,N\}$. Is it true that, for every $\epsilon>0$,\[h(N) = N^{1/2}+O_\epsilon(N^\epsilon)?\]"
31,proved (Lean),14,2,,no,no,"['number theory', 'additive basis']",https://www.erdosproblems.com/31,Given any infinite set $A\subset \mathbb{N}$ there is a set $B$ of density $0$ such that $A+B$ contains all except finitely many integers.
32,open,55,1,open,yes,no,"['number theory', 'additive basis']",https://www.erdosproblems.com/32,"Is there a set $A\subset\mathbb{N}$ such that\[\lvert A\cap\{1,\ldots,N\}\rvert = o((\log N)^2)\]and such that every large integer can be written as $p+a$ for some prime $p$ and $a\in A$? 
Can the bound $O(\log N)$ be achieved? Must such an $A$ satisfy\[\liminf \frac{\lvert A\cap\{1,\ldots,N\}\rvert}{\log N}> 1?\]"
33,open,51,5,open,yes,no,"['number theory', 'additive basis']",https://www.erdosproblems.com/33,"Let $A\subset\mathbb{N}$ be such that every large integer can be written as $n^2+a$ for some $a\in A$ and $n\geq 0$. What is the smallest possible value of\[\limsup \frac{\lvert A\cap\{1,\ldots,N\}\rvert}{N^{1/2}}?\]Is\[\liminf \frac{\lvert A\cap\{1,\ldots,N\}\rvert}{N^{1/2}}>1?\]"
34,disproved (Lean),10,5,,no,no,['number theory'],https://www.erdosproblems.com/34,"For any permutation $\pi\in S_n$ of $\{1,\ldots,n\}$ let $S(\pi)$ count the number of distinct consecutive sums, that is, sums of the shape $\sum_{u\leq i\leq v}\pi(i)$. Is it true that\[S(\pi) = o(n^2)\]for all $\pi\in S_n$?"
35,proved,12,0,,no,no,"['number theory', 'additive basis']",https://www.erdosproblems.com/35,"Let $B\subseteq\mathbb{N}$ be an additive basis of order $k$ with $0\in B$. Is it true that for every $A\subseteq\mathbb{N}$ we have\[d_s(A+B)\geq \alpha+\frac{\alpha(1-\alpha)}{k},\]where $\alpha=d_s(A)$ and\[d_s(A) = \inf \frac{\lvert A\cap\{1,\ldots,N\}\rvert}{N}\]is the Schnirelmann density?"
36,open,47,4,open,yes,no,"['number theory', 'additive combinatorics']",https://www.erdosproblems.com/36,"Find the optimal constant $c>0$ such that the following holds. 
For all sufficiently large $N$, if $A\sqcup B=\{1,\ldots,2N\}$ is a partition into two equal parts, so that $\lvert A\rvert=\lvert B\rvert=N$, then there is some $x$ such that the number of solutions to $a-b=x$ with $a\in A$ and $b\in B$ is at least $cN$."
37,disproved,10,2,,no,no,"['number theory', 'additive combinatorics']",https://www.erdosproblems.com/37,"We say that $A\subset \mathbb{N}$ is an essential component if $d_s(A+B)>d_s(B)$ for every $B\subset \mathbb{N}$ with $0Schnirelmann density.
Can a lacunary set $A\subset\mathbb{N}$ be an essential component?"
38,open,51,3,claimed,yes,no,['number theory'],https://www.erdosproblems.com/38,"Does there exist $B\subset\mathbb{N}$ which is not an additive basis, but is such that for every set $A\subseteq\mathbb{N}$ of Schnirelmann density $\alpha$ and every $N$ there exists $b\in B$ such that\[\lvert (A\cup (A+b))\cap \{1,\ldots,N\}\rvert\geq (\alpha+f(\alpha))N\]where $f(\alpha)>0$ for $0<\alpha <1 $?
The Schnirelmann density is defined by\[d_s(A) = \inf_{N\geq 1}\frac{\lvert A\cap\{1,\ldots,N\}\rvert}{N}.\]"
39,open,56,0,open,yes,$500,"['number theory', 'sidon sets', 'additive combinatorics']",https://www.erdosproblems.com/39,"Is there an infinite Sidon set $A\subset \mathbb{N}$ such that\[\lvert A\cap \{1\ldots,N\}\rvert \gg_\epsilon N^{1/2-\epsilon}\]for all $\epsilon>0$?"
40,open,60,0,open,yes,$500,"['number theory', 'additive basis']",https://www.erdosproblems.com/40,"For what functions $g(N)\to \infty$ is it true that\[\lvert A\cap \{1,\ldots,N\}\rvert \gg \frac{N^{1/2}}{g(N)}\]implies $\limsup 1_A\ast 1_A(n)=\infty$?"
41,open,56,0,open,yes,$500,"['number theory', 'sidon sets', 'additive combinatorics']",https://www.erdosproblems.com/41,"Let $A\subset\mathbb{N}$ be an infinite set such that the triple sums $a+b+c$ are all distinct for $a,b,c\in A$ (aside from the trivial coincidences). Is it true that\[\liminf \frac{\lvert A\cap \{1,\ldots,N\}\rvert}{N^{1/3}}=0?\]"
42,open,52,6,open,yes,no,"['number theory', 'sidon sets', 'additive combinatorics']",https://www.erdosproblems.com/42,"Let $M\geq 1$ and $N$ be sufficiently large in terms of $M$. Is it true that for every Sidon set $A\subset \{1,\ldots,N\}$ there is another Sidon set $B\subset \{1,\ldots,N\}$ of size $M$ such that $(A-A)\cap(B-B)=\{0\}$?"
43,open,34,9,open,no,$100,"['number theory', 'sidon sets', 'additive combinatorics']",https://www.erdosproblems.com/43,"If $A,B\subset \{1,\ldots,N\}$ are two Sidon sets such that $(A-A)\cap(B-B)=\{0\}$ then is it true that\[ \binom{\lvert A\rvert}{2}+\binom{\lvert B\rvert}{2}\leq\binom{f(N)}{2}+O(1),\]where $f(N)$ is the maximum possible size of a Sidon set in $\{1,\ldots,N\}$? If $\lvert A\rvert=\lvert B\rvert$ then can this bound be improved to\[\binom{\lvert A\rvert}{2}+\binom{\lvert B\rvert}{2}\leq (1-c+o(1))\binom{f(N)}{2}\]for some constant $c>0$?"
44,open,47,4,open,yes,no,"['number theory', 'sidon sets', 'additive combinatorics']",https://www.erdosproblems.com/44,"Let $N\geq 1$ and $A\subset \{1,\ldots,N\}$ be a Sidon set. Is it true that, for any $\epsilon>0$, there exist $M$ and $B\subset \{N+1,\ldots,M\}$ (which may depend on $N,A,\epsilon$) such that $A\cup B\subset \{1,\ldots,M\}$ is a Sidon set of size at least $(1-\epsilon)M^{1/2}$?"
45,proved,13,0,,no,no,"['number theory', 'unit fractions', 'ramsey theory']",https://www.erdosproblems.com/45,"Let $k\geq 2$. Is there an integer $n_k$ such that, if $D=\{ 1<d<n_k : d\mid n_k\}$, then for any $k$-colouring of $D$ there is a monochromatic subset $D'\subseteq D$ such that $\sum_{d\in D'}\frac{1}{d}=1$?"
46,proved (Lean),13,0,,no,no,"['number theory', 'unit fractions', 'ramsey theory']",https://www.erdosproblems.com/46,Does every finite colouring of the integers have a monochromatic solution to $1=\sum \frac{1}{n_i}$ with $2\leq n_1<\cdots <n_k$?
47,proved (Lean),14,0,,no,$100,"['number theory', 'unit fractions']",https://www.erdosproblems.com/47,"If $\delta>0$ and $N$ is sufficiently large in terms of $\delta$, and $A\subseteq\{1,\ldots,N\}$ is such that $\sum_{a\in A}\frac{1}{a}>\delta \log N$ then must there exist $S\subseteq A$ such that $\sum_{n\in S}\frac{1}{n}=1$?"
48,proved,23,0,,yes,no,['number theory'],https://www.erdosproblems.com/48,"Are there infinitely many integers $n,m$ such that $\phi(n)=\sigma(m)$?"
49,proved,13,0,,no,no,"['number theory', 'primes']",https://www.erdosproblems.com/49,"Let $A=\{a_1<\cdots<a_t\}\subseteq \{1,\ldots,N\}$ be such that $\phi(a_1)<\cdots<\phi(a_t)$. The primes are such an example. Are they the largest possible? Can one show that $\lvert A\rvert<(1+o(1))\pi(N)$ or even $\lvert A\rvert=o(N)$?"
50,open,60,0,open,yes,$250,['number theory'],https://www.erdosproblems.com/50,"Schoenberg proved that for every $c\in [0,1]$ the density of\[\{ n\in \mathbb{N} : \phi(n)<cn\}\]exists. Let this density be denoted by $f(c)$. Is it true that there are no $x$ such that $f'(x)$ exists and is positive?"
51,open,52,9,open,yes,no,['number theory'],https://www.erdosproblems.com/51,"Is there an infinite set $A\subset \mathbb{N}$ such that for every $a\in A$ there is an integer $n$ such that $\phi(n)=a$, and yet if $n_a$ is the smallest such integer then $n_a/a\to \infty$ as $a\to\infty$?"
52,open,53,1,open,yes,$250,"['number theory', 'additive combinatorics']",https://www.erdosproblems.com/52,"Let $A$ be a finite set of integers. Is it true that for every $\epsilon>0$\[\max( \lvert A+A\rvert,\lvert AA\rvert)\gg_\epsilon \lvert A\rvert^{2-\epsilon}?\]"
53,proved,13,0,,no,no,"['number theory', 'additive combinatorics']",https://www.erdosproblems.com/53,"Let $A$ be a finite set of integers. Is it true that, for every $k$, if $\lvert A\rvert$ is sufficiently large depending on $k$, then there are least $\lvert A\rvert^k$ many integers which are either the sum or product of distinct elements of $A$?"
54,solved,5,0,,no,$100,"['number theory', 'ramsey theory']",https://www.erdosproblems.com/54,"A set of integers $A$ is Ramsey $2$-complete if, whenever $A$ is $2$-coloured, all sufficiently large integers can be written as a monochromatic sum of elements of $A$. 
Burr and Erdős [BuEr85] showed that there exists a constant $c>0$ such that it cannot be true that\[\lvert A\cap \{1,\ldots,N\}\rvert \leq c(\log N)^2\]for all large $N$ and that there exists a Ramsey $2$-complete $A$ such that for all large $N$\[\lvert A\cap \{1,\ldots,N\}\rvert < (2\log_2N)^3.\]Improve either of these bounds."
55,solved,10,0,,no,$250,"['number theory', 'ramsey theory']",https://www.erdosproblems.com/55,"A set of integers $A$ is Ramsey $r$-complete if, whenever $A$ is $r$-coloured, all sufficiently large integers can be written as a monochromatic sum of elements of $A$. Prove any non-trivial bounds about the growth rate of such an $A$ for $r>2$."
56,disproved (Lean),8,6,,yes,$10,"['number theory', 'intersecting family']",https://www.erdosproblems.com/56,"Let $N\geq p_k$ where $p_k$ is the $k$th prime. Suppose $A\subseteq \{1,\ldots,N\}$ is such that there are no $k+1$ elements of $A$ which are relatively prime. An example is the set of all multiples of the first $k$ primes. Is this the largest such set?"
57,proved,21,0,,no,no,"['graph theory', 'chromatic number', 'cycles']",https://www.erdosproblems.com/57,If $G$ is a graph with infinite chromatic number and $a_1<a_2<\cdots $ are lengths of the odd cycles of $G$ then $\sum \frac{1}{a_i}=\infty$.
58,proved,21,0,,no,no,"['graph theory', 'chromatic number', 'cycles']",https://www.erdosproblems.com/58,"If $G$ is a graph which contains odd cycles of $\leq k$ different lengths then $\chi(G)\leq 2k+2$, with equality if and only if $G$ contains $K_{2k+2}$."
59,disproved,21,0,,no,no,"['graph theory', 'turan number']",https://www.erdosproblems.com/59,Is it true that the number of graphs on $n$ vertices which do not contain $G$ is\[\leq 2^{(1+o(1))\mathrm{ex}(n;G)}?\]
60,open,61,0,open,no,no,"['graph theory', 'cycles']",https://www.erdosproblems.com/60,Does every graph on $n$ vertices with $>\mathrm{ex}(n;C_4)$ edges contain $\gg n^{1/2}$ many copies of $C_4$?
61,open,60,6,open,yes,no,['graph theory'],https://www.erdosproblems.com/61,For any graph $H$ is there some $c=c(H)>0$ such that every graph $G$ on $n$ vertices that does not contain $H$ as an induced subgraph contains either a complete graph or independent set on $\geq n^c$ vertices?
62,open,61,0,open,no,no,['graph theory'],https://www.erdosproblems.com/62,"If $G_1,G_2$ are two graphs with chromatic number $\aleph_1$ then must there exist a graph $G$ whose chromatic number is $4$ (or even $\aleph_0$) which is a subgraph of both $G_1$ and $G_2$?"
63,proved,18,1,,no,no,"['graph theory', 'chromatic number', 'cycles']",https://www.erdosproblems.com/63,Does every graph with infinite chromatic number contain a cycle of length $2^n$ for infinitely many $n$?
64,falsifiable,82,1,open,yes,$1000,"['graph theory', 'cycles']",https://www.erdosproblems.com/64,Does every finite graph with minimum degree at least 3 contain a cycle of length $2^k$ for some $k\geq 2$?
65,open,54,3,open,no,no,"['graph theory', 'cycles']",https://www.erdosproblems.com/65,"Let $G$ be a graph with $n$ vertices and $kn$ edges, and $a_1<a_2<\cdots $ be the lengths of cycles in $G$. Is it true that\[\sum\frac{1}{a_i}\gg \log k?\]Is the sum $\sum\frac{1}{a_i}$ minimised when $G$ is a complete bipartite graph?"
66,open,57,1,open,yes,$500,"['number theory', 'additive basis']",https://www.erdosproblems.com/66,Is there $A\subseteq \mathbb{N}$ such that\[\lim_{n\to \infty}\frac{1_A\ast 1_A(n)}{\log n}\]exists and is $\neq 0$?
67,proved,17,1,,yes,$500,['discrepancy'],https://www.erdosproblems.com/67,"If $f:\mathbb{N}\to \{-1,+1\}$ then is it true that for every $C>0$ there exist $d,m\geq 1$ such that\[\left\lvert \sum_{1\leq k\leq m}f(kd)\right\rvert > C?\]"
68,open,63,0,open,yes,no,"['number theory', 'irrationality']",https://www.erdosproblems.com/68,Is\[\sum_{n\geq 2}\frac{1}{n!-1}\]irrational?
69,proved,23,0,,yes,no,"['number theory', 'irrationality']",https://www.erdosproblems.com/69,Is\[\sum_{n\geq 2}\frac{\omega(n)}{2^n}\]irrational? (Here $\omega(n)$ counts the number of distinct prime divisors of $n$.)
70,open,57,0,open,no,no,"['graph theory', 'ramsey theory', 'set theory']",https://www.erdosproblems.com/70,"Let $\mathfrak{c}$ be the ordinal of the real numbers, $\beta$ be any countable ordinal, and $2\leq n<\omega$. Is it true that $\mathfrak{c}\to (\beta, n)_2^3$?"
71,proved,14,3,,no,no,"['graph theory', 'cycles']",https://www.erdosproblems.com/71,Is it true that for every infinite arithmetic progression $P$ which contains even numbers there is some constant $c=c(P)$ such that every graph with average degree at least $c$ contains a cycle whose length is in $P$?
72,proved,18,0,,no,$100,"['graph theory', 'cycles']",https://www.erdosproblems.com/72,Is there a set $A\subset \mathbb{N}$ of density $0$ and a constant $c>0$ such that every graph on sufficiently many vertices with average degree $\geq c$ contains a cycle whose length is in $A$?
73,proved,21,0,,no,no,['graph theory'],https://www.erdosproblems.com/73,"Let $k\geq 0$. Let $G$ be a graph such that every subgraph $H$ contains an independent set of size $\geq (n-k)/2$, where $n$ is the number of vertices of $H$. Must $G$ be the union of a bipartite graph and $O_k(1)$ many vertices?"
74,open,64,0,open,yes,$500,"['graph theory', 'chromatic number', 'cycles']",https://www.erdosproblems.com/74,Let $f(n)\to \infty$ (possibly very slowly). Is there a graph of infinite chromatic number such that every finite subgraph on $n$ vertices can be made bipartite by deleting at most $f(n)$ edges?
75,open,55,3,open,yes,no,"['graph theory', 'chromatic number']",https://www.erdosproblems.com/75,"Is there a graph of chromatic number $\aleph_1$ with $\aleph_1$ vertices such that for all $\epsilon>0$ if $n$ is sufficiently large and $H$ is a subgraph on $n$ vertices then $H$ contains an independent set of size $>n^{1-\epsilon}$? 
What about an independent set of size $\gg n$?"
76,proved,17,0,,no,no,"['graph theory', 'ramsey theory']",https://www.erdosproblems.com/76,Is it true that in any $2$-colouring of the edges of $K_n$ there must exist at least\[(1+o(1))\frac{n^2}{12}\]many edge-disjoint monochromatic triangles?
77,open,51,2,open,no,$250,"['graph theory', 'ramsey theory']",https://www.erdosproblems.com/77,"If $R(k)$ is the Ramsey number for $K_k$, the minimal $n$ such that every $2$-colouring of the edges of $K_n$ contains a monochromatic copy of $K_k$, then find the value of\[\lim_{k\to \infty}R(k)^{1/k}.\]"
78,open,47,3,open,no,$100,"['graph theory', 'ramsey theory']",https://www.erdosproblems.com/78,"Let $R(k)$ be the Ramsey number for $K_k$, the minimal $n$ such that every $2$-colouring of the edges of $K_n$ contains a monochromatic copy of $K_k$.
Give a constructive proof that $R(k)>C^k$ for some constant $C>1$."
79,proved,17,0,,no,no,"['graph theory', 'ramsey theory']",https://www.erdosproblems.com/79,"We say $G$ is Ramsey size linear if $R(G,H)\ll m$ for all graphs $H$ with $m$ edges and no isolated vertices.
Are there infinitely many graphs $G$ which are not Ramsey size linear but such that all of its subgraphs are?"
80,open,52,0,open,no,no,"['graph theory', 'ramsey theory']",https://www.erdosproblems.com/80,"Let $c>0$ and let $f_c(n)$ be the maximal $m$ such that every graph $G$ with $n$ vertices and at least $cn^2$ edges, where each edge is contained in at least one triangle, must contain a book of size $m$, that is, an edge shared by at least $m$ different triangles. 
Estimate $f_c(n)$. In particular, is it true that $f_c(n)>n^{\epsilon}$ for some $\epsilon>0$? Or $f_c(n)\gg \log n$?"
81,open,61,0,open,no,no,['graph theory'],https://www.erdosproblems.com/81,"Let $G$ be a chordal graph on $n$ vertices - that is, $G$ has no induced cycles of length greater than $3$. Can the edges of $G$ be partitioned into $n^2/6+O(n)$ many cliques?"
82,open,56,18,open,yes,no,['graph theory'],https://www.erdosproblems.com/82,Let $F(n)$ be maximal such that every graph on $n$ vertices contains a regular induced subgraph on at least $F(n)$ vertices. Prove that $F(n)/\log n\to \infty$.
83,proved,2,3,,no,$500,['combinatorics'],https://www.erdosproblems.com/83,"Suppose that we have a family $\mathcal{F}$ of subsets of $[4n]$ such that $\lvert A\rvert=2n$ for all $A\in\mathcal{F}$ and for every $A,B\in \mathcal{F}$ we have $\lvert A\cap B\rvert \geq 2$. Then\[\lvert \mathcal{F}\rvert \leq \frac{1}{2}\left(\binom{4n}{2n}-\binom{2n}{n}^2\right).\]"
84,open,56,0,open,no,no,"['graph theory', 'cycles']",https://www.erdosproblems.com/84,"The cycle set of a graph $G$ on $n$ vertices is a set $A\subseteq \{3,\ldots,n\}$ such that there is a cycle in $G$ of length $\ell$ if and only if $\ell \in A$. Let $f(n)$ count the number of possible such $A$. 
Prove that $f(n)=o(2^n)$.
Prove that $f(n)/2^{n/2}\to \infty$."
85,open,64,1,open,yes,no,['graph theory'],https://www.erdosproblems.com/85,"Let $n\geq 4$ and $f(n)$ be minimal such that every graph on $n$ vertices with minimal degree $\geq f(n)$ contains a $C_4$. Is it true that, for all large $n$, $f(n+1)\geq f(n)$?"
86,open,55,1,open,no,$100,['graph theory'],https://www.erdosproblems.com/86,Let $Q_n$ be the $n$-dimensional hypercube graph (so that $Q_n$ has $2^n$ vertices and $n2^{n-1}$ edges). Is it true that every subgraph of $Q_n$ with\[\geq \left(\frac{1}{2}+o(1)\right)n2^{n-1}\]many edges contains a $C_4$?
87,open,52,0,open,no,no,"['graph theory', 'ramsey theory']",https://www.erdosproblems.com/87,"Let $\epsilon >0$. Is it true that, if $k$ is sufficiently large, then\[R(G)>(1-\epsilon)^kR(k)\]for every graph $G$ with chromatic number $\chi(G)=k$? 
Even stronger, is there some $c>0$ such that, for all large $k$, $R(G)>cR(k)$ for every graph $G$ with chromatic number $\chi(G)=k$?"
88,proved,9,0,,no,$100,"['graph theory', 'ramsey theory']",https://www.erdosproblems.com/88,For any $\epsilon>0$ there exists $\delta=\delta(\epsilon)>0$ such that if $G$ is a graph on $n$ vertices with no independent set or clique of size $\geq \epsilon\log n$ then $G$ contains an induced subgraph with $m$ edges for all $m\leq \delta n^2$.
89,open,60,0,open,yes,$500,"['geometry', 'distances']",https://www.erdosproblems.com/89,Does every set of $n$ distinct points in $\mathbb{R}^2$ determine $\gg n/\sqrt{\log n}$ many distinct distances?
90,open,60,0,open,yes,$500,"['geometry', 'distances']",https://www.erdosproblems.com/90,Does every set of $n$ distinct points in $\mathbb{R}^2$ contain at most $n^{1+O(1/\log\log n)}$ many pairs which are distance 1 apart?
91,open,51,6,open,yes,no,"['geometry', 'distances']",https://www.erdosproblems.com/91,Let $n$ be a sufficiently large integer. Suppose $A\subset \mathbb{R}^2$ has $\lvert A\rvert=n$ and minimises the number of distinct distances between points in $A$. Prove that there are at least two (and probably many) such $A$ which are non-similar.
92,open,57,1,open,yes,$500,"['geometry', 'distances']",https://www.erdosproblems.com/92,"Let $f(n)$ be maximal such that there exists a set $A$ of $n$ points in $\mathbb{R}^2$ in which every $x\in A$ has at least $f(n)$ points in $A$ equidistant from $x$.
Is it true that $f(n)\leq n^{o(1)}$? Or even $f(n) < n^{O(1/\log\log n)}$?"
93,proved (Lean),10,3,,no,no,"['geometry', 'convex', 'distances']",https://www.erdosproblems.com/93,If $n$ distinct points in $\mathbb{R}^2$ form a convex polygon then they determine at least $\lfloor \frac{n}{2}\rfloor$ distinct distances.
94,proved (Lean),10,6,,no,£25,"['geometry', 'convex', 'distances']",https://www.erdosproblems.com/94,"Suppose $n$ points in $\mathbb{R}^2$ determine a convex polygon and the set of distances between them is $\{u_1,\ldots,u_t\}$. Suppose $u_i$ appears as the distance between $f(u_i)$ many pairs of points. Then\[\sum_i f(u_i)^2 \ll n^3.\]"
95,proved,11,1,,no,$500,"['geometry', 'convex', 'distances']",https://www.erdosproblems.com/95,"Let $x_1,\ldots,x_n\in\mathbb{R}^2$ determine the set of distances $\{u_1,\ldots,u_t\}$. Suppose $u_i$ appears as the distance between $f(u_i)$ many pairs of points. Then for all $\epsilon>0$\[\sum_i f(u_i)^2 \ll_\epsilon n^{3+\epsilon}.\]"
96,open,50,5,open,no,no,"['geometry', 'distances', 'convex']",https://www.erdosproblems.com/96,If $n$ points in $\mathbb{R}^2$ form a convex polygon then there are $O(n)$ many pairs which are distance $1$ apart.
97,falsifiable,85,0,open,yes,$100,"['geometry', 'distances', 'convex']",https://www.erdosproblems.com/97,Does every convex polygon have a vertex with no other $4$ vertices equidistant from it?
98,open,57,0,open,no,no,"['geometry', 'distances']",https://www.erdosproblems.com/98,"Let $h(n)$ be such that any $n$ points in $\mathbb{R}^2$, with no three on a line and no four on a circle, determine at least $h(n)$ distinct distances. Does $h(n)/n\to \infty$?"
99,open,60,0,open,yes,$100,"['geometry', 'distances']",https://www.erdosproblems.com/99,"Let $A\subseteq\mathbb{R}^2$ be a set of $n$ points with minimum distance equal to 1, chosen to minimise the diameter of $A$. If $n$ is sufficiently large then must there be three points in $A$ which form an equilateral triangle of size 1?"
100,open,63,0,open,yes,no,"['geometry', 'distances']",https://www.erdosproblems.com/100,Let $A$ be a set of $n$ points in $\mathbb{R}^2$ such that all pairwise distances are at least $1$ and if two distinct distances differ then they differ by at least $1$. Is the diameter of $A$ $\gg n$?
101,open,60,0,open,yes,$100,['geometry'],https://www.erdosproblems.com/101,"Given $n$ points in $\mathbb{R}^2$, no five of which are on a line, the number of lines containing four points is $o(n^2)$."
102,open,52,0,open,no,no,['geometry'],https://www.erdosproblems.com/102,"Let $c>0$ and $h_c(n)$ be such that for any $n$ points in $\mathbb{R}^2$ such that there are $\geq cn^2$ lines each containing more than three points, there must be some line containing $h_c(n)$ many points. Estimate $h_c(n)$. Is it true that, for fixed $c>0$, we have $h_c(n)\to \infty$?"
103,open,57,0,open,no,no,"['geometry', 'distances']",https://www.erdosproblems.com/103,"Let $h(n)$ count the number of incongruent sets of $n$ points in $\mathbb{R}^2$ which minimise the diameter subject to the constraint that $d(x,y)\geq 1$ for all points $x\neq y$. Is it true that $h(n)\to \infty$?"
104,open,47,4,open,no,$100,['geometry'],https://www.erdosproblems.com/104,Given $n$ points in $\mathbb{R}^2$ the number of distinct unit circles containing at least three points is $o(n^2)$.
105,disproved (Lean),7,5,,no,$50,['geometry'],https://www.erdosproblems.com/105,"Let $A,B\subset \mathbb{R}^2$ be disjoint sets of size $n$ and $n-3$ respectively, with not all of $A$ contained on a single line. Is there a line which contains at least two points from $A$ and no points from $B$?"
106,falsifiable,79,2,open,no,no,['geometry'],https://www.erdosproblems.com/106,Draw $n$ squares inside the unit square with no common interior point. Let $f(n)$ be the maximum possible sum of the side-lengths of the squares. Is $f(k^2+1)=k$?
107,falsifiable,82,2,open,yes,$500,"['geometry', 'convex']",https://www.erdosproblems.com/107,"Let $f(n)$ be minimal such that any $f(n)$ points in $\mathbb{R}^2$, no three on a line, contain $n$ points which form the vertices of a convex $n$-gon. Prove that $f(n)=2^{n-2}+1$."
108,open,67,0,open,yes,no,"['graph theory', 'chromatic number', 'cycles']",https://www.erdosproblems.com/108,"For every $r\geq 4$ and $k\geq 2$ is there some finite $f(k,r)$ such that every graph of chromatic number $\geq f(k,r)$ contains a subgraph of girth $\geq r$ and chromatic number $\geq k$?"
109,proved,16,2,,yes,no,['additive combinatorics'],https://www.erdosproblems.com/109,Any $A\subseteq \mathbb{N}$ of positive upper density contains a sumset $B+C$ where both $B$ and $C$ are infinite.
110,disproved,14,5,,no,no,"['graph theory', 'chromatic number', 'cycles']",https://www.erdosproblems.com/110,"Is there some $F(n)$ such that every graph with chromatic number $\aleph_1$ has, for all large $n$, a subgraph with chromatic number $n$ on at most $F(n)$ vertices?"
111,open,56,0,open,no,no,"['graph theory', 'chromatic number', 'set theory']",https://www.erdosproblems.com/111,"If $G$ is a graph let $h_G(n)$ be defined such that any subgraph of $G$ on $n$ vertices can be made bipartite after deleting at most $h_G(n)$ edges. 
What is the behaviour of $h_G(n)$? Is it true that $h_G(n)/n\to \infty$ for every graph $G$ with chromatic number $\aleph_1$?"
112,open,57,0,open,no,no,"['graph theory', 'ramsey theory']",https://www.erdosproblems.com/112,"Let $k=k(n,m)$ be minimal such that any directed graph on $k$ vertices must contain either an independent set of size $n$ or a transitive tournament of size $m$. Determine $k(n,m)$."
113,disproved,18,0,,no,$500,"['graph theory', 'turan number']",https://www.erdosproblems.com/113,"If $G$ is bipartite then $\mathrm{ex}(n;G)\ll n^{3/2}$ if and only $G$ is $2$-degenerate, that is, $G$ contains no induced subgraph with minimal degree at least 3."
114,falsifiable,72,4,open,no,$250,"['polynomials', 'analysis']",https://www.erdosproblems.com/114,If $p(z)\in\mathbb{C}[z]$ is a monic polynomial of degree $n$ then is the length of the curve $\{ z\in \mathbb{C} : \lvert p(z)\rvert=1\}$ maximised when $p(z)=z^n-1$?
115,proved (Lean),14,2,,no,no,"['polynomials', 'analysis']",https://www.erdosproblems.com/115,If $p(z)$ is a polynomial of degree $n$ such that $\{z : \lvert p(z)\rvert\leq 1\}$ is connected then is it true that\[\max_{\substack{z\in\mathbb{C}\\ \lvert p(z)\rvert\leq 1}} \lvert p'(z)\rvert \leq (\tfrac{1}{2}+o(1))n^2?\]
116,proved,14,1,,no,no,"['polynomials', 'analysis']",https://www.erdosproblems.com/116,Let $p(z)=\prod_{i=1}^n (z-z_i)$ for $\lvert z_i\rvert \leq 1$. Is it true that\[\lvert\{ z: \lvert p(z)\rvert n^{-O(1)}\](or perhaps even $>(\log n)^{-O(1)}$)?
117,open,57,0,open,no,no,['group theory'],https://www.erdosproblems.com/117,"Let $h(n)$ be minimal such that any group $G$ with the property that any subset of $>n$ elements contains some $x\neq y$ such that $xy=yx$ can be covered by at most $h(n)$ many Abelian subgroups.
Estimate $h(n)$ as well as possible."
118,disproved,8,0,,no,no,"['set theory', 'ramsey theory']",https://www.erdosproblems.com/118,Let $\alpha$ be a cardinal or ordinal number or an order type such that every two-colouring of $K_\alpha$ contains either a red $K_\alpha$ or a blue $K_3$. For every $n\geq 3$ must every two-colouring of $K_\alpha$ contain either a red $K_\alpha$ or a blue $K_n$?
119,open,55,0,open,yes,$100,"['analysis', 'polynomials']",https://www.erdosproblems.com/119,"Let $z_i$ be an infinite sequence of complex numbers such that $\lvert z_i\rvert=1$ for all $i\geq 1$, and for $n\geq 1$ let\[p_n(z)=\prod_{i\leq n} (z-z_i).\]Let $M_n=\max_{\lvert z\rvert=1}\lvert p_n(z)\rvert$. 
Is it true that $\limsup M_n=\infty$?
Is it true that there exists $c>0$ such that for infinitely many $n$ we have $M_n > n^c$?
Is it true that there exists $c>0$ such that, for all large $n$,\[\sum_{k\leq n}M_k > n^{1+c}?\]"
120,open,53,3,open,yes,$100,['combinatorics'],https://www.erdosproblems.com/120,"Let $A\subseteq\mathbb{R}$ be an infinite set. Must there be a set $E\subset \mathbb{R}$ of positive measure which does not contain any set of the shape $aA+b$ for some $a,b\in\mathbb{R}$ and $a\neq 0$?"
121,disproved,17,0,,no,no,"['number theory', 'squares']",https://www.erdosproblems.com/121,"Let $F_{k}(N)$ be the size of the largest $A\subseteq \{1,\ldots,N\}$ such that the product of no $k$ many distinct elements of $A$ is a square. Is $F_5(N)=(1-o(1))N$? More generally, is $F_{2k+1}(N)=(1-o(1))N$?"
122,open,50,3,open,no,no,['number theory'],https://www.erdosproblems.com/122,"For which number theoretic functions $f$ is it true that, for any $F(n)$ such that $F(n)/f(n)\to 0$ for almost all $n$, there are infinitely many $x$ such that\[\frac{\#\{ n\in \mathbb{N} : n+f(n)\in (x,x+F(x))\}}{F(x)}\to \infty?\]"
123,open,53,4,open,yes,$250,['number theory'],https://www.erdosproblems.com/123,"Let $a,b,c\geq 1$ be three integers which are pairwise coprime. Is every large integer the sum of distinct integers of the form $a^kb^lc^m$ ($k,l,m\geq 0$), none of which divide any other?"
124,open,47,13,open,yes,no,"['number theory', 'base representations']",https://www.erdosproblems.com/124,"For any $d\geq 1$ and $k\geq 0$ let $P(d,k)$ be the set of integers which are the sum of distinct powers $d^i$ with $i\geq k$. Let $3\leq d_1<d_2<\cdots <d_r$ be integers such that\[\sum_{1\leq i\leq r}\frac{1}{d_r-1}\geq 1.\]Can all sufficiently large integers be written as a sum of the shape $\sum_i c_ia_i$ where $c_i\in \{0,1\}$ and $a_i\in P(d_i,0)$? 
If we further have $\mathrm{gcd}(d_1,\ldots,d_r)=1$ then, for any $k\geq 1$, can all sufficiently large integers be written as a sum of the shape $\sum_i c_ia_i$ where $c_i\in \{0,1\}$ and $a_i\in P(d_i,k)$?"
125,disproved (Lean),7,23,,yes,no,"['number theory', 'base representations']",https://www.erdosproblems.com/125,"Let $A = \{ \sum\epsilon_k3^k : \epsilon_k\in \{0,1\}\}$ be the set of integers which have only the digits $0,1$ when written base $3$, and $B=\{ \sum\epsilon_k4^k : \epsilon_k\in \{0,1\}\}$ be the set of integers which have only the digits $0,1$ when written base $4$. 
Does $A+B$ have positive lower density?"
126,open,60,0,open,yes,$250,['number theory'],https://www.erdosproblems.com/126,Let $f(n)$ be maximal such that if $A\subseteq\mathbb{N}$ has $\lvert A\rvert=n$ then $\prod_{a\neq b\in A}(a+b)$ has at least $f(n)$ distinct prime factors. Is it true that $f(n)/\log n\to\infty$?
127,proved,21,0,,no,no,['graph theory'],https://www.erdosproblems.com/127,Let $f(m)$ be maximal such that every graph with $m$ edges must contain a bipartite graph with\[\geq \frac{m}{2}+\frac{\sqrt{8m+1}-1}{8}+f(m)\]edges. Is there an infinite sequence of $m_i$ such that $f(m_i)\to \infty$?
128,falsifiable,82,5,open,yes,$250,['graph theory'],https://www.erdosproblems.com/128,Let $G$ be a graph with $n$ vertices such that every induced subgraph on $\geq \lfloor n/2\rfloor$ vertices has more than $n^2/50$ edges. Must $G$ contain a triangle?
129,open,45,3,open,no,no,"['graph theory', 'ramsey theory']",https://www.erdosproblems.com/129,"Let $R(n;k,r)$ be the smallest $N$ such that if the edges of $K_N$ are $r$-coloured then there is a set of $n$ vertices which does not contain a copy of $K_k$ in at least one of the $r$ colours. Prove that there is a constant $C=C(r)>1$ such that\[R(n;3,r) < C^{\sqrt{n}}.\]"
130,open,56,0,open,no,no,"['graph theory', 'chromatic number']",https://www.erdosproblems.com/130,"Let $A\subset\mathbb{R}^2$ be an infinite set which contains no three points on a line and no four points on a circle. Consider the graph with vertices the points in $A$, where two vertices are joined by an edge if and only if they are an integer distance apart. 
How large can the chromatic number and clique number of this graph be? In particular, can the chromatic number be infinite?"
131,open,57,0,open,no,no,['number theory'],https://www.erdosproblems.com/131,"Let $F(N)$ be the maximal size of $A\subseteq\{1,\ldots,N\}$ such that no $a\in A$ divides the sum of any distinct elements of $A\backslash\{a\}$. Estimate $F(N)$. In particular, is it true that\[F(N) > N^{1/2-o(1)}?\]"
132,open,51,2,open,no,$100,['distances'],https://www.erdosproblems.com/132,Let $A\subset \mathbb{R}^2$ be a set of $n$ points. Must there be two distances which occur at least once but between at most $n$ pairs of points? Must the number of such distances $\to \infty$ as $n\to \infty$?
133,disproved,21,0,,no,no,['graph theory'],https://www.erdosproblems.com/133,"Let $f(n)$ be minimal such that every triangle-free graph $G$ with $n$ vertices and diameter $2$ contains a vertex with degree $\geq f(n)$. 
What is the order of growth of $f(n)$? Does $f(n)/\sqrt{n}\to \infty$?"
134,proved (Lean),13,1,,no,no,['graph theory'],https://www.erdosproblems.com/134,"Let $\epsilon,\delta>0$ and $n$ be sufficiently large in terms of $\epsilon$ and $\delta$. Let $G$ be a triangle-free graph on $n$ vertices with maximum degree $<n^{1/2-\epsilon}$. 
Can $G$ be made into a triangle-free graph with diameter $2$ by adding at most $\delta n^2$ edges?"
135,disproved,14,0,,no,$250,"['distances', 'geometry']",https://www.erdosproblems.com/135,Let $A\subset \mathbb{R}^2$ be a set of $n$ points such that any subset of size $4$ determines at least $5$ distinct distances. Must $A$ determine $\gg n^2$ many distances?
136,solved,21,0,,no,no,['graph theory'],https://www.erdosproblems.com/136,Let $f(n)$ be the smallest number of colours required to colour the edges of $K_n$ such that every $K_4$ contains at least 5 colours. Determine the size of $f(n)$.
137,open,63,0,open,yes,no,['number theory'],https://www.erdosproblems.com/137,We say that $N$ is powerful if whenever $p\mid N$ we also have $p^2\mid N$. Let $k\geq 3$. Can the product of any $k$ consecutive positive integers ever be powerful?
138,open,44,7,open,yes,$500,['additive combinatorics'],https://www.erdosproblems.com/138,"Let the van der Waerden number $W(k)$ be such that whenever $N\geq W(k)$ and $\{1,\ldots,N\}$ is $2$-coloured there must exist a monochromatic $k$-term arithmetic progression. Improve the bounds for $W(k)$ - for example, prove that $W(k)^{1/k}\to \infty$."
139,proved,8,0,,yes,$1000,"['additive combinatorics', 'arithmetic progressions']",https://www.erdosproblems.com/139,"Let $r_k(N)$ be the size of the largest subset of $\{1,\ldots,N\}$ which does not contain a non-trivial $k$-term arithmetic progression. Prove that $r_k(N)=o(N)$."
140,proved,6,0,,no,$500,"['additive combinatorics', 'arithmetic progressions']",https://www.erdosproblems.com/140,"Let $r_3(N)$ be the size of the largest subset of $\{1,\ldots,N\}$ which does not contain a non-trivial $3$-term arithmetic progression. Prove that $r_3(N)\ll N/(\log N)^C$ for every $C>0$."
141,open,44,4,open,yes,no,"['additive combinatorics', 'primes', 'arithmetic progressions']",https://www.erdosproblems.com/141,Let $k\geq 3$. Are there $k$ consecutive primes in arithmetic progression?
142,open,43,0,open,yes,$10000,"['additive combinatorics', 'arithmetic progressions']",https://www.erdosproblems.com/142,"Let $r_k(N)$ be the largest possible size of a subset of $\{1,\ldots,N\}$ that does not contain any non-trivial $k$-term arithmetic progression. Prove an asymptotic formula for $r_k(N)$."
143,open,52,1,open,yes,$500,['primitive sets'],https://www.erdosproblems.com/143,"Let $A\subset (1,\infty)$ be a countably infinite set such that for all $x\neq y\in A$ and integers $k\geq 1$ we have\[ \lvert kx -y\rvert \geq 1.\]Does this imply that $A$ is sparse? In particular, does this imply that\[\sum_{x\in A}\frac{1}{x\log x}<\infty\]or\[\sum_{\substack{x <n\\ x\in A}}\frac{1}{x}=o(\log n)?\]"
144,proved,15,2,,no,$250,"['number theory', 'divisors']",https://www.erdosproblems.com/144,"The density of integers which have two divisors $d_1,d_2$ such that $d_1<d_2<2d_1$ exists and is equal to $1$."
145,open,60,2,open,yes,no,['number theory'],https://www.erdosproblems.com/145,"Let $s_1<s_2<\cdots$ be the sequence of squarefree numbers. Is it true that, for any $\alpha \geq 0$,\[\lim_{x\to \infty}\frac{1}{x}\sum_{s_n\leq x}(s_{n+1}-s_n)^\alpha\]exists?"
146,open,55,2,open,no,$500,"['graph theory', 'turan number']",https://www.erdosproblems.com/146,"If $H$ is bipartite and is $r$-degenerate, that is, every induced subgraph of $H$ has minimum degree $\leq r$, then\[\mathrm{ex}(n;H) \ll n^{2-1/r}.\]"
147,disproved,15,1,,no,$500,"['graph theory', 'turan number']",https://www.erdosproblems.com/147,If $H$ is bipartite with minimum degree $r$ then there exists $\epsilon=\epsilon(H)>0$ such that\[\mathrm{ex}(n;H) \gg n^{2-\frac{1}{r-1}+\epsilon}.\]
148,open,54,2,open,no,no,"['number theory', 'unit fractions']",https://www.erdosproblems.com/148,"Let $F(k)$ be the number of solutions to\[ 1= \frac{1}{n_1}+\cdots+\frac{1}{n_k},\]where $1\leq n_1<\cdots<n_k$ are distinct integers. Find good estimates for $F(k)$."
149,open,49,4,open,no,no,['graph theory'],https://www.erdosproblems.com/149,"The strong chromatic index of a graph $G$, denoted by $\mathrm{sq}(G)$, is the minimum $k$ such that the edges of $G$ can be partitioned into $k$ sets of 'strongly independent' edges, that is, such that the subgraph of $G$ induced by each set is the union of vertex-disjoint edges.
Is it true that, for any graph $G$ with maximum degree $\Delta$,\[\mathrm{sq}(G)\leq\frac{5}{4}\Delta^2?\]"
150,proved (Lean),18,1,,no,no,['graph theory'],https://www.erdosproblems.com/150,"A minimal cut of a graph is a minimal set of vertices whose removal disconnects the graph. Let $c(n)$ be the maximum number of minimal cuts a graph on $n$ vertices can have. 
Does $c(n)^{1/n}\to \alpha$ for some $\alpha <2$?"
151,open,53,1,open,no,no,['graph theory'],https://www.erdosproblems.com/151,"For a graph $G$ let $\tau(G)$ denote the minimal number of vertices that include at least one from each maximal clique of $G$ on at least two vertices (sometimes called the clique transversal number).
Let $H(n)$ be maximal such that every triangle-free graph on $n$ vertices contains an independent set on $H(n)$ vertices.
If $G$ is a graph on $n$ vertices then is\[\tau(G)\leq n-H(n)?\]"
152,proved,16,3,,yes,no,['sidon sets'],https://www.erdosproblems.com/152,"For any $M\geq 1$, if $A\subset \mathbb{N}$ is a sufficiently large finite Sidon set then there are at least $M$ many $a\in A+A$ such that $a+1,a-1\not\in A+A$."
153,open,60,2,open,yes,no,['sidon sets'],https://www.erdosproblems.com/153,Let $A$ be a finite Sidon set and $A+A=\{s_1<\cdots<s_t\}$. Is it true that\[\frac{1}{t}\sum_{1\leq i<t}(s_{i+1}-s_i)^2 \to \infty\]as $\lvert A\rvert\to \infty$?
154,proved (Lean),14,1,,no,no,['sidon sets'],https://www.erdosproblems.com/154,"Let $A\subset \{1,\ldots,N\}$ be a Sidon set with $\lvert A\rvert\sim N^{1/2}$. Must $A+A$ be well-distributed over all small moduli? In particular, must about half the elements of $A+A$ be even and half odd?"
155,open,56,1,open,yes,no,"['additive combinatorics', 'sidon sets']",https://www.erdosproblems.com/155,"Let $F(N)$ be the size of the largest Sidon subset of $\{1,\ldots,N\}$. Is it true that for every $k\geq 1$ we have\[F(N+k)\leq F(N)+1\]for all sufficiently large $N$?"
156,open,57,0,open,no,no,['sidon sets'],https://www.erdosproblems.com/156,"Does there exist a maximal Sidon set $A\subset \{1,\ldots,N\}$ of size $O(N^{1/3})$?"
157,proved,17,0,,no,no,['sidon sets'],https://www.erdosproblems.com/157,Does there exist an infinite Sidon set which is an asymptotic basis of order 3?
158,open,60,1,open,yes,no,['sidon sets'],https://www.erdosproblems.com/158,"Let $A\subset \mathbb{N}$ be an infinite set such that, for any $n$, there are most $2$ solutions to $a+b=n$ with $a\leq b$. Must\[\liminf_{N\to\infty}\frac{\lvert A\cap \{1,\ldots,N\}\rvert}{N^{1/2}}=0?\]"
159,open,57,0,open,no,no,"['graph theory', 'ramsey theory']",https://www.erdosproblems.com/159,"There exists some constant $c>0$ such that
$$R(C_4,K_n) \ll n^{2-c}.$$"
160,open,52,1,open,yes,no,"['additive combinatorics', 'arithmetic progressions']",https://www.erdosproblems.com/160,"Let $h(N)$ be the smallest $k$ such that $\{1,\ldots,N\}$ can be coloured with $k$ colours so that every four-term arithmetic progression must contain at least three distinct colours. Estimate $h(N)$."
161,open,38,3,open,no,$500,"['combinatorics', 'ramsey theory', 'discrepancy']",https://www.erdosproblems.com/161,"Let $\alpha\in[0,1/2)$ and $n,t\geq 1$. Let $F^{(t)}(n,\alpha)$ be the smallest $m$ such that we can $2$-colour the edges of the complete $t$-uniform hypergraph on $n$ vertices such that if $X\subseteq [n]$ with $\lvert X\rvert \geq m$ then there are at least $\alpha \binom{\lvert X\rvert}{t}$ many $t$-subsets of $X$ of each colour. 
For fixed $n,t$ as we change $\alpha$ from $0$ to $1/2$ does $F^{(t)}(n,\alpha)$ increase continuously or are there jumps? Only one jump?"
162,open,41,3,open,no,no,"['combinatorics', 'ramsey theory', 'discrepancy']",https://www.erdosproblems.com/162,"Let $\alpha>0$ and $n\geq 1$. Let $F(n,\alpha)$ be the largest $k$ such that there exists some 2-colouring of the edges of $K_n$ in which any induced subgraph $H$ on at least $k$ vertices contains more than $\alpha\binom{\lvert H\rvert}{2}$ many edges of each colour.
Prove that for every fixed $0\leq \alpha \leq 1/2$, as $n\to\infty$,\[F(n,\alpha)\sim c_\alpha \log n\]for some constant $c_\alpha$."
163,proved,14,2,,no,no,"['graph theory', 'ramsey theory']",https://www.erdosproblems.com/163,For any $d\geq 1$ if $H$ is a graph such that every subgraph contains a vertex of degree at most $d$ then $R(H)\ll_d n$.
164,proved (Lean),6,13,,no,no,"['number theory', 'primitive sets']",https://www.erdosproblems.com/164,A set $A\subset \mathbb{N}$ is primitive if no member of $A$ divides another. Is the sum\[\sum_{n\in A}\frac{1}{n\log n}\]maximised over all primitive sets when $A$ is the set of primes?
165,open,47,4,open,no,$250,"['graph theory', 'ramsey theory']",https://www.erdosproblems.com/165,"Give an asymptotic formula for $R(3,k)$."
166,proved,14,0,,no,$250,"['graph theory', 'ramsey theory']",https://www.erdosproblems.com/166,"Prove that\[R(4,k) \gg \frac{k^3}{(\log k)^{O(1)}}.\]"
167,falsifiable,83,1,open,no,no,['graph theory'],https://www.erdosproblems.com/167,If $G$ is a graph with at most $k$ edge disjoint triangles then can $G$ be made triangle-free after removing at most $2k$ edges?
168,open,48,9,open,yes,no,['additive combinatorics'],https://www.erdosproblems.com/168,"Let $F(N)$ be the size of the largest subset of $\{1,\ldots,N\}$ which does not contain any set of the form $\{n,2n,3n\}$. What is\[ \lim_{N\to \infty}\frac{F(N)}{N}?\]Is this limit irrational?"
169,open,37,7,open,no,no,"['additive combinatorics', 'arithmetic progressions']",https://www.erdosproblems.com/169,"Let $k\geq 3$ and $f(k)$ be the supremum of $\sum_{n\in A}\frac{1}{n}$ as $A$ ranges over all sets of positive integers which do not contain a $k$-term arithmetic progression. Estimate $f(k)$. 
Is\[\lim_{k\to \infty}\frac{f(k)}{\log W(k)}=\infty\]where $W(k)$ is the van der Waerden number?"
170,open,56,2,open,yes,no,['additive combinatorics'],https://www.erdosproblems.com/170,"Let $F(N)$ be the smallest possible size of $A\subset \{0,1,\ldots,N\}$ such that $\{0,1,\ldots,N\}\subset A-A$. Find the value of\[\lim_{N\to \infty}\frac{F(N)}{N^{1/2}}.\]"
171,proved,5,1,,no,no,"['additive combinatorics', 'combinatorics']",https://www.erdosproblems.com/171,"Is it true that for every $\epsilon>0$ and integer $t\geq 1$, if $N$ is sufficiently large and $A$ is a subset of $[t]^N$ of size at least $\epsilon t^N$ then $A$ must contain a combinatorial line $P$ (a set $P=\{p_1,\ldots,p_t\}$ where for each coordinate $1\leq j\leq t$ the $j$th coordinate of $p_i$ is either $i$ or constant)."
172,open,55,0,open,yes,no,"['additive combinatorics', 'ramsey theory']",https://www.erdosproblems.com/172,Is it true that in any finite colouring of $\mathbb{N}$ there exist arbitrarily large finite $A$ such that all sums and products of distinct elements in $A$ are the same colour?
173,open,50,1,open,no,no,"['geometry', 'ramsey theory']",https://www.erdosproblems.com/173,"In any $2$-colouring of $\mathbb{R}^2$, for all but at most one triangle $T$, there is a monochromatic congruent copy of $T$."
174,open,46,4,open,no,no,"['geometry', 'ramsey theory']",https://www.erdosproblems.com/174,"A finite set $A\subset \mathbb{R}^n$ is called Ramsey if, for any $k\geq 1$, there exists some $d=d(A,k)$ such that in any $k$-colouring of $\mathbb{R}^d$ there exists a monochromatic copy of $A$. Characterise the Ramsey sets in $\mathbb{R}^n$."
175,proved,10,4,,no,no,"['number theory', 'binomial coefficients']",https://www.erdosproblems.com/175,"Show that, for any $n\geq 5$, the binomial coefficient $\binom{2n}{n}$ is not squarefree."
176,open,33,8,open,no,no,"['additive combinatorics', 'arithmetic progressions', 'discrepancy']",https://www.erdosproblems.com/176,"Let $N(k,\ell)$ be the minimal $N$ such that for any $f:\{1,\ldots,N\}\to\{-1,1\}$ there must exist a $k$-term arithmetic progression $P$ such that\[ \left\lvert \sum_{n\in P}f(n)\right\rvert\geq \ell.\]Find good upper bounds for $N(k,\ell)$. Is it true that for any $c>0$ there exists some $C>1$ such that\[N(k,ck)\leq C^k?\]What about\[N(k,2)\leq C^k\]or\[N(k,\sqrt{k})\leq C^k?\]"
177,open,48,0,open,no,no,"['discrepancy', 'arithmetic progressions']",https://www.erdosproblems.com/177,"Find the smallest $h(d)$ such that the following holds. There exists a function $f:\mathbb{N}\to\{-1,1\}$ such that, for every $d\geq 1$,\[\max_{P_d}\left\lvert \sum_{n\in P_d}f(n)\right\rvert\leq h(d),\]where $P_d$ ranges over all finite arithmetic progressions with common difference $d$."
178,proved (Lean),9,1,,no,no,['discrepancy'],https://www.erdosproblems.com/178,"Let $A_1,A_2,\ldots$ be an infinite collection of infinite sets of integers, say $A_i=\{a_{i1}<a_{i2}<\cdots\}$. Does there exist some $f:\mathbb{N}\to\{-1,1\}$ such that\[\max_{m, 1\leq i\leq d} \left\lvert \sum_{1\leq j\leq m} f(a_{ij})\right\rvert \ll_d 1\]for all $d\geq 1$?"
179,proved,9,0,,no,no,"['additive combinatorics', 'arithmetic progressions']",https://www.erdosproblems.com/179,"Let $1\leq k3$\[\lim_{N\to \infty}\frac{\log F_3(N,\ell)}{\log N}=2?\]"
180,open,53,1,open,no,no,"['graph theory', 'turan number']",https://www.erdosproblems.com/180,"If $\mathcal{F}$ is a finite set of finite graphs then $\mathrm{ex}(n;\mathcal{F})$ is the maximum number of edges a graph on $n$ vertices can have without containing any subgraphs from $\mathcal{F}$. Note that it is trivial that $\mathrm{ex}(n;\mathcal{F})\leq \mathrm{ex}(n;G)$ for every $G\in\mathcal{F}$. 
Is it true that, for every $\mathcal{F}$, there exists $G\in\mathcal{F}$ such that\[\mathrm{ex}(n;G)\ll_{\mathcal{F}}\mathrm{ex}(n;\mathcal{F})?\]"
181,open,57,0,open,no,no,"['graph theory', 'ramsey theory']",https://www.erdosproblems.com/181,Let $Q_n$ be the $n$-dimensional hypercube graph (so that $Q_n$ has $2^n$ vertices and $n2^{n-1}$ edges). Prove that\[R(Q_n) \ll 2^n.\]
182,proved,18,1,,no,no,['graph theory'],https://www.erdosproblems.com/182,Let $k\geq 3$. What is the maximum number of edges that a graph on $n$ vertices can contain if it does not have a $k$-regular subgraph? Is it $\ll n^{1+o(1)}$?
183,open,47,4,open,no,$250,"['graph theory', 'ramsey theory']",https://www.erdosproblems.com/183,Let $R(3;k)$ be the minimal $n$ such that if the edges of $K_n$ are coloured with $k$ colours then there must exist a monochromatic triangle. Determine\[\lim_{k\to \infty}R(3;k)^{1/k}.\]
184,open,64,1,open,yes,no,"['graph theory', 'cycles']",https://www.erdosproblems.com/184,Any graph on $n$ vertices can be decomposed into $O(n)$ many edge-disjoint cycles and edges.
185,proved,13,0,,no,no,['additive combinatorics'],https://www.erdosproblems.com/185,"Let $f_3(n)$ be the maximal size of a subset of $\{0,1,2\}^n$ which contains no three points on a line. Is it true that $f_3(n)=o(3^n)$?"
186,solved,13,0,,no,no,['additive combinatorics'],https://www.erdosproblems.com/186,"Let $F(N)$ be the maximal size of $A\subseteq \{1,\ldots,N\}$ which is 'non-averaging', so that no $n\in A$ is the arithmetic mean of at least two elements in $A$. What is the order of growth of $F(N)$?"
187,open,49,0,open,no,no,"['additive combinatorics', 'ramsey theory']",https://www.erdosproblems.com/187,"Find the best function $f(d)$ such that, in any 2-colouring of the integers, at least one colour class contains an arithmetic progression with common difference $d$ of length $f(d)$ for infinitely many $d$."
188,open,52,3,open,yes,no,"['geometry', 'ramsey theory']",https://www.erdosproblems.com/188,"What is the smallest $k$ such that $\mathbb{R}^2$ can be red/blue coloured with no pair of red points unit distance apart, and no $k$-term arithmetic progression of blue points with distance $1$?"
189,disproved (Lean),12,5,,yes,no,"['geometry', 'ramsey theory']",https://www.erdosproblems.com/189,If $\mathbb{R}^2$ is finitely coloured then must there exist some colour class which contains the vertices of a rectangle of every area?
190,open,37,3,claimed,no,no,"['additive combinatorics', 'arithmetic progressions']",https://www.erdosproblems.com/190,"Let $H(k)$ be the smallest $N$ such that in any finite colouring of $\{1,\ldots,N\}$ (into any number of colours) there is always either a monochromatic $k$-term arithmetic progression or a rainbow arithmetic progression (i.e. all elements are different colours). Estimate $H(k)$. Is it true that\[H(k)^{1/k}/k \to \infty\]as $k\to\infty$?"
191,proved,5,1,,no,no,"['combinatorics', 'ramsey theory']",https://www.erdosproblems.com/191,"Let $C>0$ be arbitrary. Is it true that, if $n$ is sufficiently large depending on $C$, then in any $2$-colouring of $\binom{\{2,\ldots,n\}}{2}$ there exists some $X\subseteq \{2,\ldots,n\}$ such that $\binom{X}{2}$ is monochromatic and\[\sum_{x\in X}\frac{1}{\log x}\geq C?\]"
192,solved,13,0,,no,no,"['arithmetic progressions', 'combinatorics']",https://www.erdosproblems.com/192,"Let $A=\{a_1,a_2,\ldots\}\subset \mathbb{R}^d$ be an infinite sequence such that $a_{i+1}-a_i$ is a positive unit vector (i.e. is of the form $(0,0,\ldots,1,0,\ldots,0)$). For which $d$ must $A$ contain a three-term arithmetic progression?"
193,open,60,1,open,yes,no,['geometry'],https://www.erdosproblems.com/193,"Let $S\subseteq \mathbb{Z}^3$ be a finite set and let $A=\{a_1,a_2,\ldots,\}\subset \mathbb{Z}^3$ be an infinite $S$-walk, so that $a_{i+1}-a_i\in S$ for all $i$. Must $A$ contain three collinear points?"
194,disproved (Lean),16,1,,yes,no,['arithmetic progressions'],https://www.erdosproblems.com/194,"Let $k\geq 3$. Must any ordering of $\mathbb{R}$ contain a monotone $k$-term arithmetic progression, that is, some $x_1<\cdots<x_k$ which forms an increasing or decreasing $k$-term arithmetic progression?"
195,open,59,0,open,yes,no,['arithmetic progressions'],https://www.erdosproblems.com/195,What is the largest $k$ such that in any permutation of $\mathbb{Z}$ there must exist a monotone $k$-term arithmetic progression $x_1<\cdots<x_k$?
196,open,52,3,open,yes,no,['arithmetic progressions'],https://www.erdosproblems.com/196,"Must every permutation of $\mathbb{N}$ contain a monotone 4-term arithmetic progression? In other words, given a permutation $x$ of $\mathbb{N}$ must there be indices with either $ij>k>l$ such that $x_i,x_j,x_k,x_l$ are an arithmetic progression?"
197,open,59,0,open,yes,no,['arithmetic progressions'],https://www.erdosproblems.com/197,"Can $\mathbb{N}$ be partitioned into two sets, each of which can be permuted to avoid monotone 3-term arithmetic progressions?"
198,disproved (Lean),12,2,,yes,no,"['additive combinatorics', 'sidon sets', 'arithmetic progressions']",https://www.erdosproblems.com/198,If $A\subset \mathbb{N}$ is a Sidon set then must the complement of $A$ contain an infinite arithmetic progression?
199,disproved (Lean),10,1,,no,no,['arithmetic progressions'],https://www.erdosproblems.com/199,If $A\subset \mathbb{R}$ does not contain a 3-term arithmetic progression then must $\mathbb{R}\backslash A$ contain an infinite arithmetic progression?
200,open,55,0,open,yes,no,"['primes', 'arithmetic progressions']",https://www.erdosproblems.com/200,"Does the longest arithmetic progression of primes in $\{1,\ldots,N\}$ have length $o(\log N)$?"
201,open,44,0,open,no,no,"['additive combinatorics', 'arithmetic progressions']",https://www.erdosproblems.com/201,"Let $G_k(N)$ be such that any set of $N$ integers contains a subset of size at least $G_k(N)$ which does not contain a $k$-term arithmetic progression. Determine the size of $G_k(N)$. How does it relate to $R_k(N)$, the size of the largest subset of $\{1,\ldots,N\}$ without a $k$-term arithmetic progression? Is it true that\[\lim_{N\to \infty}\frac{R_3(N)}{G_3(N)}=1?\]"
202,open,54,3,claimed,no,no,['covering systems'],https://www.erdosproblems.com/202,"Let $n_1<\cdots < n_r\leq N$ with associated $a_i\pmod{n_i}$ such that the congruence classes are disjoint (that is, every integer is $\equiv a_i\pmod{n_i}$ for at most one $1\leq i\leq r$). How large can $r$ be in terms of $N$?"
203,open,52,13,open,yes,no,"['primes', 'covering systems']",https://www.erdosproblems.com/203,"Is there an integer $m\geq 1$ with $(m,6)=1$ such that none of $2^k3^\ell m+1$ are prime, for any $k,\ell\geq 0$?"
204,disproved (Lean),19,1,,yes,no,['covering systems'],https://www.erdosproblems.com/204,"Are there $n$ such that there is a covering system with moduli the divisors of $n$ which is 'as disjoint as possible'? 
That is, for all $d\mid n$ with $d>1$ there is an associated $a_d$ such that every integer is congruent to some $a_d\pmod{d}$, and if there is some integer $x$ with\[x\equiv a_d\pmod{d}\textrm{ and }x\equiv a_{d'}\pmod{d'}\]then $(d,d')=1$."
205,disproved (Lean),1,22,,no,no,['number theory'],https://www.erdosproblems.com/205,"Is it true that all sufficiently large $n$ can be written as $2^k+m$ for some $k\geq 0$, where $\Omega(m)<\log\log m$? (Here $\Omega(m)$ is the number of prime divisors of $m$ counted with multiplicity.) What about $<\epsilon \log\log m$? Or some more slowly growing function?"
206,disproved,9,2,,no,no,"['number theory', 'unit fractions']",https://www.erdosproblems.com/206,"Let $x>0$ be a real number. For any $n\geq 1$ let\[R_n(x) = \sum_{i=1}^n\frac{1}{m_i}<x\]be the maximal sum of $n$ distinct unit fractions which is $<x$.
Is it true that, for almost all $x$, for sufficiently large $n$, we have\[R_{n+1}(x)=R_n(x)+\frac{1}{m},\]where $m$ is minimal such that $m$ does not appear in $R_n(x)$ and the right-hand side is $<x$? (That is, are the best underapproximations eventually always constructed in a 'greedy' fashion?)"
207,proved,12,0,,no,no,"['combinatorics', 'hypergraphs']",https://www.erdosproblems.com/207,"For any $g\geq 2$, if $n$ is sufficiently large and $\equiv 1,3\pmod{6}$ then there exists a 3-uniform hypergraph on $n$ vertices such that
every pair of vertices is contained in exactly one edge (i.e. the graph is a Steiner triple system) and
for any $2\leq j\leq g$ any collection of $j$ edges contains at least $j+3$ vertices."
208,open,60,1,open,yes,no,['number theory'],https://www.erdosproblems.com/208,"Let $s_10$ and large $n$,\[s_{n+1}-s_n \ll_\epsilon s_n^{\epsilon}?\]Is it true that\[s_{n+1}-s_n \leq (1+o(1))\frac{\pi^2}{6}\frac{\log s_n}{\log\log s_n}?\]"
209,disproved,12,0,,no,no,['geometry'],https://www.erdosproblems.com/209,"Let $A$ be a finite collection of $d\geq 4$ non-parallel lines in $\mathbb{R}^2$ such that there are no points where at least four lines from $A$ meet. Must there exist a 'Gallai triangle' (or 'ordinary triangle'): three lines from $A$ which intersect in three points, and each of these intersection points only intersects two lines from $A$?"
210,proved,14,1,,no,no,['geometry'],https://www.erdosproblems.com/210,"Let $f(n)$ be minimal such that the following holds. For any $n$ points in $\mathbb{R}^2$, not all on a line, there must be at least $f(n)$ many lines which contain exactly 2 points (called 'ordinary lines'). Does $f(n)\to \infty$? How fast?"
211,proved,14,0,,no,$100,['geometry'],https://www.erdosproblems.com/211,"Let $1\leq k<n$. Given $n$ points in $\mathbb{R}^2$, at most $n-k$ on any line, there are $\gg kn$ many lines which contain at least two points."
212,open,63,0,open,yes,no,"['geometry', 'distances']",https://www.erdosproblems.com/212,Is there a dense subset of $\mathbb{R}^2$ such that all pairwise distances are rational?
213,open,63,0,open,yes,no,"['geometry', 'distances']",https://www.erdosproblems.com/213,"Let $n\geq 4$. Are there $n$ points in $\mathbb{R}^2$, no three on a line and no four on a circle, such that all pairwise distances are integers?"
214,proved (Lean),14,2,,no,no,"['geometry', 'distances']",https://www.erdosproblems.com/214,Let $S\subset \mathbb{R}^2$ be such that no two points in $S$ are distance $1$ apart. Must the complement of $S$ contain four points which form a unit square?
215,proved,17,0,,no,no,['geometry'],https://www.erdosproblems.com/215,"Does there exist $S\subseteq \mathbb{R}^2$ such that every set congruent to $S$ (that is, $S$ after some translation and rotation) contains exactly one point from $\mathbb{Z}^2$?"
216,disproved,14,1,,no,no,"['geometry', 'convex']",https://www.erdosproblems.com/216,"Let $g(k)$ be the smallest integer (if any such exists) such that any $g(k)$ points in $\mathbb{R}^2$ contains an empty convex $k$-gon (i.e. with no point in the interior). Does $g(k)$ exist? If so, estimate $g(k)$."
217,open,54,1,open,no,no,"['geometry', 'distances']",https://www.erdosproblems.com/217,"For which $n$ are there $n$ points in $\mathbb{R}^2$, no three on a line and no four on a circle, which determine $n-1$ distinct distances and so that (in some ordering of the distances) the $i$th distance occurs $i$ times?"
218,open,48,14,open,yes,no,"['number theory', 'primes']",https://www.erdosproblems.com/218,"Let $d_n=p_{n+1}-p_n$. The set of $n$ such that $d_{n+1}\geq d_n$ has density $1/2$, and similarly for $d_{n+1}\leq d_n$. Furthermore, there are infinitely many $n$ such that $d_{n+1}=d_n$."
219,proved,11,0,,yes,no,"['number theory', 'additive combinatorics', 'primes', 'arithmetic progressions']",https://www.erdosproblems.com/219,Are there arbitrarily long arithmetic progressions of primes?
220,proved,11,2,,no,$500,['number theory'],https://www.erdosproblems.com/220,"Let $n\geq 1$ and\[A=\{a_1<\cdots <a_{\phi(n)}\}=\{ 1\leq m<n : (m,n)=1\}.\]Is it true that\[ \sum_{1\leq k<\phi(n)}(a_{k+1}-a_k)^2 \ll \frac{n^2}{\phi(n)}?\]"
221,proved (Lean),10,4,,no,no,"['number theory', 'additive basis']",https://www.erdosproblems.com/221,"Is there a set $A\subset\mathbb{N}$ such that, for all large $N$,\[\lvert A\cap\{1,\ldots,N\}\rvert \ll N/\log N\]and such that every large integer can be written as $2^k+a$ for some $k\geq 0$ and $a\in A$?"
222,open,57,0,open,no,no,"['number theory', 'squares']",https://www.erdosproblems.com/222,Let $n_1<n_2<\cdots$ be the sequence of integers which are the sum of two squares. Explore the behaviour of (i.e. find good upper and lower bounds for) the consecutive differences $n_{k+1}-n_k$.
223,solved,14,1,,no,no,"['geometry', 'distances']",https://www.erdosproblems.com/223,"Let $d\geq 2$ and $n\geq 2$. Let $f_d(n)$ be maximal such that there exists some set of $n$ points $A\subseteq \mathbb{R}^d$, with diameter $1$, in which the distance 1 occurs between $f_d(n)$ many pairs of points in $A$. Estimate $f_d(n)$."
224,proved (Lean),6,10,,no,no,['geometry'],https://www.erdosproblems.com/224,If $A\subseteq \mathbb{R}^d$ is any set of $2^d+1$ points then some three points in $A$ determine an obtuse angle.
225,proved,14,1,,no,no,['analysis'],https://www.erdosproblems.com/225,"Let\[ f(\theta) = \sum_{0\leq k\leq n}c_k e^{ik\theta}\]be a trigonometric polynomial all of whose roots are real, such that $\max_{\theta\in [0,2\pi]}\lvert f(\theta)\rvert=1$. Then\[\int_0^{2\pi}\lvert f(\theta)\rvert \mathrm{d}\theta \leq 4.\]"
226,proved (Lean),10,7,,no,no,['analysis'],https://www.erdosproblems.com/226,"Is there an entire non-linear function $f$ such that, for all $x\in\mathbb{R}$, $x$ is rational if and only if $f(x)$ is?"
227,disproved,14,1,,no,no,['analysis'],https://www.erdosproblems.com/227,Let $f=\sum_{n=0}^\infty a_nz^n$ be an entire function which is not a polynomial. Is it true that if\[\lim_{r\to \infty} \frac{\max_n\lvert a_nr^n\rvert}{\max_{\lvert z\rvert=r}\lvert f(z)\rvert}\]exists then it must be $0$?
228,proved,23,0,,yes,no,"['analysis', 'polynomials']",https://www.erdosproblems.com/228,"Does there exist, for all large $n$, a polynomial $P$ of degree $n$, with coefficients $\pm 1$, such that\[\sqrt{n} \ll \lvert P(z) \rvert \ll \sqrt{n}\]for all $\lvert z\rvert =1$, with the implied constants independent of $z$ and $n$?"
229,proved (Lean),15,1,,yes,no,"['analysis', 'iterated functions']",https://www.erdosproblems.com/229,"Let $(S_n)_{n\geq 1}$ be a sequence of sets of complex numbers, none of which have a finite limit point. Does there exist an entire transcendental function $f(z)$ such that, for all $n\geq 1$, there exists some $k_n\geq 0$ such that\[f^{(k_n)}(z) = 0\textrm{ for all }z\in S_n?\]"
230,disproved,10,3,,no,no,"['analysis', 'polynomials']",https://www.erdosproblems.com/230,"Let $P(z)=\sum_{1\leq k\leq n}a_kz^k$ for some $a_k\in \mathbb{C}$ with $\lvert a_k\rvert=1$ for $1\leq k\leq n$. Does there exist a constant $c>0$ such that, for $n\geq 2$, we have\[\max_{\lvert z\rvert=1}\lvert P(z)\rvert \geq (1+c)\sqrt{n}?\]"
231,disproved,10,3,,no,no,['combinatorics'],https://www.erdosproblems.com/231,Let $S$ be a string of length $2^k-1$ formed from an alphabet of $k$ characters. Must $S$ contain an abelian square: two consecutive blocks $x$ and $y$ such that $y$ is a permutation of $x$?
232,proved,12,0,,no,no,"['geometry', 'distances']",https://www.erdosproblems.com/232,"For $A\subset \mathbb{R}^2$ we define the upper density as\[\overline{\delta}(A)=\limsup_{R\to \infty}\frac{\lambda(A \cap B_R)}{\lambda(B_R)},\]where $\lambda$ is the Lebesgue measure and $B_R$ is the ball of radius $R$.
Estimate\[m_1=\sup \overline{\delta}(A),\]where $A$ ranges over all measurable subsets of $\mathbb{R}^2$ without two points distance $1$ apart. In particular, is $m_1\leq 1/4$?"
233,open,48,11,open,yes,no,"['number theory', 'primes']",https://www.erdosproblems.com/233,"Let $d_n=p_{n+1}-p_n$, where $p_n$ is the $n$th prime. Prove that\[\sum_{1\leq n\leq N}d_n^2 \ll N(\log N)^2.\]"
234,open,56,1,open,yes,no,"['number theory', 'primes']",https://www.erdosproblems.com/234,For every $c\geq 0$ the density $f(c)$ of integers for which\[\frac{p_{n+1}-p_n}{\log n}< c\]exists and is a continuous function of $c$.
235,proved,9,1,,no,no,['number theory'],https://www.erdosproblems.com/235,"Let $N_k=2\cdot 3\cdots p_k$ and $\{a_1<a_2<\cdots <a_{\phi(N_k)}\}$ be the integers $<N_k$ which are relatively prime to $N_k$. Then, for any $c\geq 0$, the limit\[\frac{\#\{ a_i-a_{i-1}\leq c \frac{N_k}{\phi(N_k)} : 2\leq i\leq \phi(N_k)\}}{\phi(N_k)}\]exists and is a continuous function of $c$."
236,open,52,7,open,yes,no,"['number theory', 'primes']",https://www.erdosproblems.com/236,Let $f(n)$ count the number of solutions to $n=p+2^k$ for prime $p$ and $k\geq 0$. Is it true that $f(n)=o(\log n)$?
237,proved (Lean),6,3,,no,no,"['number theory', 'primes']",https://www.erdosproblems.com/237,"Let $A\subseteq \mathbb{N}$ be a set such that $\lvert A\cap \{1,\ldots,N\}\rvert \gg \log N$ for all large $N$. Let $f(n)$ count the number of solutions to $n=p+a$ for $p$ prime and $a\in A$. Is it true that $\limsup f(n)=\infty$?"
238,open,48,9,open,yes,no,"['number theory', 'primes']",https://www.erdosproblems.com/238,"Let $c_1,c_2>0$. Is it true that, for any sufficiently large $x$, there exist more than $c_1\log x$ many consecutive primes $\leq x$ such that the difference between any two is $>c_2$?"
239,proved,23,0,,yes,no,['number theory'],https://www.erdosproblems.com/239,"Let $f:\mathbb{N}\to \{-1,1\}$ be a multiplicative function. Is it true that\[ \lim_{N\to \infty}\frac{1}{N}\sum_{n\leq N}f(n)\]always exists?"
240,proved,6,3,,no,no,"['number theory', 'primes']",https://www.erdosproblems.com/240,Is there an infinite set of primes $P$ such that if $\{a_1<a_2<\cdots\}$ is the set of integers divisible only by primes in $P$ then $\lim a_{i+1}-a_i=\infty$?
241,open,49,3,open,yes,$100,"['additive combinatorics', 'sidon sets']",https://www.erdosproblems.com/241,"Let $f(N)$ be the maximum size of $A\subseteq \{1,\ldots,N\}$ such that the sums $a+b+c$ with $a,b,c\in A$ are all distinct (aside from the trivial coincidences). Is it true that\[ f(N)\sim N^{1/3}?\]"
242,falsifiable,77,18,open,yes,no,"['number theory', 'unit fractions']",https://www.erdosproblems.com/242,For every $n>2$ there exist distinct integers $1\leq x<y<z$ such that\[\frac{4}{n} = \frac{1}{x}+\frac{1}{y}+\frac{1}{z}.\]
243,open,56,7,open,yes,no,['number theory'],https://www.erdosproblems.com/243,"Let $1\leq a_1<a_2<\cdots$ be a sequence of integers such that\[\lim_{n\to \infty}\frac{a_n}{a_{n-1}^2}=1\]and $\sum\frac{1}{a_n}\in \mathbb{Q}$. Then, for all sufficiently large $n\geq 1$,\[ a_n = a_{n-1}^2-a_{n-1}+1.\]"
244,open,56,2,open,yes,no,"['number theory', 'primes']",https://www.erdosproblems.com/244,"Let $C>1$. Does the set of integers of the form $p+\lfloor C^k\rfloor$, for some prime $p$ and $k\geq 0$, have density $>0$?"
245,proved,19,0,,yes,no,['additive combinatorics'],https://www.erdosproblems.com/245,"Let $A\subseteq \mathbb{N}$ be an infinite set such that $\lvert A\cap \{1,\ldots,N\}\rvert=o(N)$. Is it true that\[\limsup_{N\to \infty}\frac{\lvert (A+A)\cap \{1,\ldots,N\}\rvert}{\lvert A\cap \{1,\ldots,N\}\rvert}\geq 3?\]"
246,proved (Lean),14,1,,no,no,['number theory'],https://www.erdosproblems.com/246,"Let $(a,b)=1$. The set $\{a^kb^l: k,l\geq 0\}$ is complete - that is, every large integer is the sum of distinct integers of the form $a^kb^l$ with $k,l\geq 0$."
247,open,63,0,open,yes,no,"['number theory', 'irrationality']",https://www.erdosproblems.com/247,Let $1\leq a_1<a_2<\cdots$ be a sequence of integers such that\[\limsup \frac{a_n}{n}=\infty.\]Is\[\sum_{n=1}^\infty \frac{1}{2^{a_n}}\]transcendental?
248,proved,16,6,,yes,no,['number theory'],https://www.erdosproblems.com/248,"Are there infinitely many $n$ such that, for all $k\geq 1$,\[ \omega(n+k) \ll k?\](Here $\omega(n)$ is the number of distinct prime divisors of $n$.)"
249,open,63,0,open,yes,no,"['number theory', 'irrationality']",https://www.erdosproblems.com/249,Is\[\sum_n \frac{\phi(n)}{2^n}\]irrational? Here $\phi$ is the Euler totient function.
250,proved,20,2,,yes,no,"['number theory', 'irrationality']",https://www.erdosproblems.com/250,Is\[\sum \frac{\sigma(n)}{2^n}\]irrational? (Here $\sigma(n)$ is the sum of divisors function.)
251,open,56,4,open,yes,no,"['number theory', 'irrationality']",https://www.erdosproblems.com/251,Is\[\sum \frac{p_n}{2^n}\]irrational? (Here $p_n$ is the $n$th prime.)
252,open,56,3,open,yes,no,"['number theory', 'irrationality']",https://www.erdosproblems.com/252,Let $k\geq 1$ and $\sigma_k(n)=\sum_{d\mid n}d^k$. Is\[\sum \frac{\sigma_k(n)}{n!}\]irrational?
253,disproved,15,1,,yes,no,['number theory'],https://www.erdosproblems.com/253,Let $1\leq a_1<a_2<\cdots $ be an infinite sequence of integers such that $a_{i+1}/a_i\to 1$. If every infinite arithmetic progression contains infinitely many integers which are the sum of distinct $a_i$ then every sufficiently large integer is the sum of distinct $a_i$.
254,open,51,3,open,yes,no,['number theory'],https://www.erdosproblems.com/254,"Let $A\subseteq \mathbb{N}$ be such that\[\lvert A\cap [1,2x]\rvert -\lvert A\cap [1,x]\rvert \to \infty\textrm{ as }x\to \infty\]and\[\sum_{n\in A} \{ \theta n\}=\infty\]for every $\theta\in (0,1)$, where $\{x\}$ is the distance of $x$ from the nearest integer. Then every sufficiently large integer is the sum of distinct elements of $A$."
255,proved,12,0,,no,no,['discrepancy'],https://www.erdosproblems.com/255,"Let $z_1,z_2,\ldots \in [0,1]$ be an infinite sequence, and define the discrepancy\[D_N(I) = \#\{ n\leq N : z_n\in I\} - N\lvert I\rvert.\]Must there exist some interval $I\subseteq [0,1]$ such that\[\limsup_{N\to \infty}\lvert D_N(I)\rvert =\infty?\]"
256,open,41,9,open,no,no,['analysis'],https://www.erdosproblems.com/256,"Let $n\geq 1$ and $f(n)$ be maximal such that for any integers $1\leq a_1\leq \cdots \leq a_n$ we have\[\max_{\lvert z\rvert=1}\left\lvert \prod_{i}(1-z^{a_i})\right\rvert\geq f(n).\]Estimate $f(n)$ - in particular, is it true that there exists some constant $c>0$ such that\[\log f(n) \gg n^c?\]"
257,open,56,6,open,yes,no,['irrationality'],https://www.erdosproblems.com/257,Let $A\subseteq \mathbb{N}$ be an infinite set. Is\[\sum_{n\in A}\frac{1}{2^n-1}\]irrational?
258,proved (Lean),16,7,,yes,no,['irrationality'],https://www.erdosproblems.com/258,"Let $a_1,a_2,\ldots$ be a sequence of positive integers with $a_n\to \infty$. Is\[\sum_{n} \frac{\tau(n)}{a_1\cdots a_n}\]irrational, where $\tau(n)$ is the number of divisors of $n$?"
259,proved (Lean),20,2,,yes,no,['irrationality'],https://www.erdosproblems.com/259,Is the sum\[\sum_{n} \mu(n)^2\frac{n}{2^n}\]irrational?
260,open,60,2,open,yes,no,['irrationality'],https://www.erdosproblems.com/260,Let $a_1<a_2<\cdots$ be an increasing sequence such that $a_n/n\to \infty$. Is the sum\[\sum_n \frac{a_n}{2^{a_n}}\]irrational?
261,open,49,1,open,no,no,['number theory'],https://www.erdosproblems.com/261,"Are there infinitely many $n$ such that there exists some $t\geq 2$ and distinct integers $a_1,\ldots,a_t\geq 1$ such that\[\frac{n}{2^n}=\sum_{1\leq k\leq t}\frac{a_k}{2^{a_k}}?\]Is this true for all $n$? Is there a rational $x$ such that\[x = \sum_{k=1}^\infty \frac{a_k}{2^{a_k}}\]has at least $2^{\aleph_0}$ solutions?"
262,solved,17,0,,no,no,['irrationality'],https://www.erdosproblems.com/262,Suppose $a_1<a_2<\cdots$ is a sequence of integers such that for all integer sequences $t_n$ with $t_n\geq 1$ the sum\[\sum_{n=1}^\infty \frac{1}{t_na_n}\]is irrational. How slowly can $a_n$ grow?
263,open,51,3,open,yes,no,['irrationality'],https://www.erdosproblems.com/263,Let $a_n$ be an increasing sequence of positive integers such that for every sequence of positive integers $b_n$ with $b_n/a_n\to 1$ the sum\[\sum\frac{1}{b_n}\]is irrational. Is $a_n=2^{2^n}$ such a sequence? Must such a sequence satisfy $a_n^{1/n}\to \infty$?
264,open,47,15,open,yes,no,['irrationality'],https://www.erdosproblems.com/264,Let $a_n$ be a sequence of positive integers such that for every bounded sequence of integers $b_n$ (with $a_n+b_n\neq 0$ and $b_n\neq 0$ for all $n$) the sum\[\sum \frac{1}{a_n+b_n}\]is irrational. Are $a_n=2^n$ or $a_n=n!$ examples of such a sequence?
265,open,54,2,open,no,no,['irrationality'],https://www.erdosproblems.com/265,Let $1\leq a_1<a_2<\cdots$ be an increasing sequence of integers. How fast can $a_n\to \infty$ grow if\[\sum\frac{1}{a_n}\quad\textrm{and}\quad\sum\frac{1}{a_n-1}\]are both rational?
266,disproved,23,0,,yes,no,['irrationality'],https://www.erdosproblems.com/266,Let $a_n$ be an infinite sequence of positive integers such that $\sum \frac{1}{a_n}$ converges. There exists some integer $t\geq 1$ such that\[\sum \frac{1}{a_n+t}\]is irrational.
267,open,60,2,open,yes,no,['irrationality'],https://www.erdosproblems.com/267,Let $F_1=F_2=1$ and $F_{n+1}=F_n+F_{n-1}$ be the Fibonacci sequence. Let $n_11$. Must\[\sum_k\frac{1}{F_{n_k}}\]be irrational?
268,proved (Lean),15,1,,yes,no,['number theory'],https://www.erdosproblems.com/268,"Let $X\subseteq \mathbb{R}^3$ be the set of all points of the shape\[\left( \sum_{n\in A} \frac{1}{n},\sum_{n\in A}\frac{1}{n+1},\sum_{n\in A} \frac{1}{n+2}\right) \]as $A\subseteq\mathbb{N}$ ranges over all infinite sets with $\sum_{n\in A}\frac{1}{n}<\infty$.
Does $X$ contain an open set?"
269,open,51,4,open,yes,no,['irrationality'],https://www.erdosproblems.com/269,"Let $P$ be a finite set of primes with $\lvert P\rvert \geq 2$ and let $\{a_1<a_2<\cdots\}=\{ n\in \mathbb{N} : \textrm{if }p\mid n\textrm{ then }p\in P\}$. Is the sum\[\sum_{n=1}^\infty \frac{1}{[a_1,\ldots,a_n]},\]where $[a_1,\ldots,a_n]$ is the lowest common multiple of $a_1,\ldots,a_n$, irrational?"
270,disproved,14,1,,no,no,['irrationality'],https://www.erdosproblems.com/270,Let $f(n)\to \infty$ as $n\to \infty$. Is it true that\[\sum_{n\geq 1} \frac{1}{(n+1)\cdots (n+f(n))}\]is irrational?
271,open,37,7,open,no,no,"['additive combinatorics', 'arithmetic progressions']",https://www.erdosproblems.com/271,"Let $A(n)=\{a_0<a_1<\cdots\}$ be the sequence defined by $a_0=0$ and $a_1=n$, and for $k\geq 1$ define $a_{k+1}$ as the least positive integer such that there is no three-term arithmetic progression in $\{a_0,\ldots,a_{k+1}\}$.
Can the $a_k$ be explicitly determined? How fast do they grow?"
272,open,48,7,open,yes,no,"['additive combinatorics', 'arithmetic progressions']",https://www.erdosproblems.com/272,"Let $N\geq 1$. What is the largest $t$ such that there are $A_1,\ldots,A_t\subseteq \{1,\ldots,N\}$ with $A_i\cap A_j$ a non-empty arithmetic progression for all $i\neq j$?"
273,open,67,0,open,yes,no,"['number theory', 'covering systems']",https://www.erdosproblems.com/273,Is there a covering system all of whose moduli are of the form $p-1$ for some primes $p\geq 5$?
274,open,60,3,open,yes,no,"['group theory', 'covering systems']",https://www.erdosproblems.com/274,If $G$ is a group then can there exist an exact covering of $G$ by more than one cosets of different sizes? (i.e. each element is contained in exactly one of the cosets)
275,proved (Lean),24,2,,yes,no,"['number theory', 'covering systems']",https://www.erdosproblems.com/275,If a finite system of $r$ congruences $\{ a_i\pmod{n_i} : 1\leq i\leq r\}$ (the $n_i$ are not necessarily distinct) covers $2^r$ consecutive integers then it covers all integers.
276,open,60,3,open,yes,no,"['number theory', 'covering systems']",https://www.erdosproblems.com/276,"Is there an infinite Lucas sequence $a_0,a_1,\ldots$ where $a_{n+2}=a_{n+1}+a_n$ for $n\geq 0$ such that all $a_k$ are composite, and yet no integer has a common factor with every term of the sequence?"
277,proved,24,1,,yes,no,"['number theory', 'covering systems']",https://www.erdosproblems.com/277,"Is it true that, for every $c$, there exists an $n$ such that $\sigma(n)>cn$ but there is no covering system whose moduli all distinct divisors of $n$ (which are $>1$)?"
278,open,54,4,open,no,no,"['number theory', 'covering systems']",https://www.erdosproblems.com/278,"Let $A=\{n_1<\cdots<n_r\}$ be a finite set of positive integers. What is the maximum density of integers covered by a suitable choice of congruences $a_i\pmod{n_i}$?
Is the minimum density achieved when all the $a_i$ are equal?"
279,open,46,10,open,no,no,"['number theory', 'covering systems', 'primes']",https://www.erdosproblems.com/279,Let $k\geq 3$. Is there a choice of congruence classes $a_p\pmod{p}$ for every prime $p$ such that all sufficiently large integers can be written as $a_p+tp$ for some prime $p$ and integer $t\geq k$?
280,disproved (Lean),14,5,,no,no,"['number theory', 'covering systems']",https://www.erdosproblems.com/280,Let $n_10$ we have $n_k>(1+\epsilon)k\log k$ for all $k$. Then\[\#\{ m<n_k : m\not\equiv a_i\pmod{n_i} \textrm{ for }1\leq i\leq k\}\neq o(k).\]
281,proved (Lean),10,28,,no,no,"['number theory', 'covering systems']",https://www.erdosproblems.com/281,"Let $n_10$ there exists some $k$ such that, for every choice of congruence classes $a_i$, the density of integers not satisfying any of the congruences $a_i\pmod{n_i}$ for $1\leq i\leq k$ is less than $\epsilon$?"
282,open,55,2,open,yes,no,"['number theory', 'unit fractions']",https://www.erdosproblems.com/282,"Let $A\subseteq \mathbb{N}$ be an infinite set and consider the following greedy algorithm for a rational $x\in (0,1)$: choose the minimal $n\in A$ such that $n\geq 1/x$ and repeat with $x$ replaced by $x-\frac{1}{n}$. If this terminates after finitely many steps then this produces a representation of $x$ as the sum of distinct unit fractions with denominators from $A$.
Does this process always terminate if $x$ has odd denominator and $A$ is the set of odd numbers? More generally, for which pairs $x$ and $A$ does this process terminate?"
283,open,51,3,open,yes,no,"['number theory', 'unit fractions']",https://www.erdosproblems.com/283,"Let $p:\mathbb{Z}\to \mathbb{Z}$ be a polynomial whose leading coefficient is positive and such that there exists no $d\geq 2$ with $d\mid p(n)$ for all $n\geq 1$. Is it true that, for all sufficiently large $m$, there exist integers $1\leq n_1<\cdots <n_k$ such that\[1=\frac{1}{n_1}+\cdots+\frac{1}{n_k}\]and\[m=p(n_1)+\cdots+p(n_k)?\]"
284,proved,17,0,,no,no,"['number theory', 'unit fractions']",https://www.erdosproblems.com/284,Let $f(k)$ be the maximal value of $n_1$ such that there exist $n_1<n_2<\cdots <n_k$ with\[1=\frac{1}{n_1}+\cdots+\frac{1}{n_k}.\]Is it true that\[f(k)=(1+o(1))\frac{k}{e-1}?\]
285,proved,23,0,,yes,no,"['number theory', 'unit fractions']",https://www.erdosproblems.com/285,Let $f(k)$ be the minimal value of $n_k$ such that there exist $n_1<n_2<\cdots <n_k$ with\[1=\frac{1}{n_1}+\cdots+\frac{1}{n_k}.\]Is it true that\[f(k)=(1+o(1))\frac{e}{e-1}k?\]
286,proved,17,0,,no,no,"['number theory', 'unit fractions']",https://www.erdosproblems.com/286,Let $k\geq 2$. Is it true that there exists an interval $I$ of width $(e-1+o(1))k$ and integers $n_1<\cdots<n_k\in I$ such that\[1=\frac{1}{n_1}+\cdots+\frac{1}{n_k}?\]
287,falsifiable,75,3,open,no,no,"['number theory', 'unit fractions']",https://www.erdosproblems.com/287,"Let $k\geq 2$. Is it true that, for any distinct integers $1<n_1<\cdots <n_k$ such that\[1=\frac{1}{n_1}+\cdots+\frac{1}{n_k}\]we must have $\max(n_{i+1}-n_i)\geq 3$?"
288,open,56,4,open,yes,no,"['number theory', 'unit fractions']",https://www.erdosproblems.com/288,"Is it true that there are only finitely many pairs of intervals $I_1,I_2$ such that\[\sum_{n_1\in I_1}\frac{1}{n_1}+\sum_{n_2\in I_2}\frac{1}{n_2}\in \mathbb{N}?\]"
289,open,51,4,open,yes,no,"['number theory', 'unit fractions']",https://www.erdosproblems.com/289,"Is it true that, for all sufficiently large $k$, there exist finite intervals $I_1,\ldots,I_k\subset \mathbb{N}$, distinct, not overlapping or adjacent, with $\lvert I_i\rvert \geq 2$ for $1\leq i\leq k$ such that\[1=\sum_{i=1}^k \sum_{n\in I_i}\frac{1}{n}?\]"
290,proved (Lean),10,3,,no,no,"['number theory', 'unit fractions']",https://www.erdosproblems.com/290,"Let $a\geq 1$. Must there exist some $b>a$ such that\[\sum_{a\leq n\leq b}\frac{1}{n}=\frac{r_1}{s_1}\textrm{ and }\sum_{a\leq n\leq b+1}\frac{1}{n}=\frac{r_2}{s_2},\]with $(r_i,s_i)=1$ and $s_2<s_1$? If so, how does this $b(a)$ grow with $a$?"
291,open,50,3,open,no,no,"['number theory', 'unit fractions']",https://www.erdosproblems.com/291,"Let $n\geq 1$ and define $L_n$ to be the least common multiple of $\{1,\ldots,n\}$ and $a_n$ by\[\sum_{1\leq k\leq n}\frac{1}{k}=\frac{a_n}{L_n}.\]Is it true that $(a_n,L_n)=1$ and $(a_n,L_n)>1$ both occur for infinitely many $n$?"
292,proved,17,0,,no,no,"['number theory', 'unit fractions']",https://www.erdosproblems.com/292,"Let $A$ be the set of $n\in \mathbb{N}$ such that there exist $1\leq m_1<\cdots <m_k=n$ with $\sum\tfrac{1}{m_i}=1$. Explore $A$. In particular, does $A$ have density $1$?"
293,open,50,3,open,no,no,"['number theory', 'unit fractions']",https://www.erdosproblems.com/293,Let $k\geq 1$ and let $v(k)$ be the minimal integer which does not appear as some $n_i$ in a solution to\[1=\frac{1}{n_1}+\cdots+\frac{1}{n_k}\]with $1\leq n_1<\cdots <n_k$. Estimate the growth of $v(k)$.
294,proved,17,0,,no,no,"['number theory', 'unit fractions']",https://www.erdosproblems.com/294,Let $N\geq 1$ and let $t(N)$ be the least integer $t$ such that there is no solution to\[1=\frac{1}{n_1}+\cdots+\frac{1}{n_k}\]with $t=n_1<\cdots <n_k\leq N$. Estimate $t(N)$.
295,open,63,0,open,yes,no,"['number theory', 'unit fractions']",https://www.erdosproblems.com/295,Let $N\geq 1$ and let $k(N)$ denote the smallest $k$ such that there exist $N\leq n_1<\cdots <n_k$ with\[1=\frac{1}{n_1}+\cdots+\frac{1}{n_k}.\]Is it true that\[\lim_{N\to \infty} k(N)-(e-1)N=\infty?\]
296,proved (Lean),14,1,,no,no,"['number theory', 'unit fractions']",https://www.erdosproblems.com/296,"Let $N\geq 1$ and let $k(N)$ be maximal such that there are $k$ disjoint $A_1,\ldots,A_k\subseteq \{1,\ldots,N\}$ with $\sum_{n\in A_i}\frac{1}{n}=1$ for all $i$. Estimate $k(N)$. Is it true that $k(N)=o(\log N)$?"
297,solved,17,0,,no,no,"['number theory', 'unit fractions']",https://www.erdosproblems.com/297,"Let $N\geq 1$. How many $A\subseteq \{1,\ldots,N\}$ are there such that $\sum_{n\in A}\frac{1}{n}=1$?"
298,proved (Lean),23,0,,yes,no,"['number theory', 'unit fractions']",https://www.erdosproblems.com/298,Does every set $A\subseteq \mathbb{N}$ of positive density contain some finite $S\subset A$ such that $\sum_{n\in S}\frac{1}{n}=1$?
299,disproved (Lean),23,0,,yes,no,"['number theory', 'unit fractions']",https://www.erdosproblems.com/299,Is there an infinite sequence $a_1<a_2<\cdots $ such that $a_{i+1}-a_i=O(1)$ and no finite sum of $\frac{1}{a_i}$ is equal to $1$?
300,solved,17,0,,no,no,"['number theory', 'unit fractions']",https://www.erdosproblems.com/300,"Let $A(N)$ denote the maximal cardinality of $A\subseteq \{1,\ldots,N\}$ such that $\sum_{n\in S}\frac{1}{n}\neq 1$ for all $S\subseteq A$. Estimate $A(N)$."
301,open,49,1,open,no,no,"['number theory', 'unit fractions']",https://www.erdosproblems.com/301,"Let $f(N)$ be the size of the largest $A\subseteq \{1,\ldots,N\}$ such that there are no solutions to\[\frac{1}{a}= \frac{1}{b_1}+\cdots+\frac{1}{b_k}\]with distinct $a,b_1,\ldots,b_k\in A$?
Estimate $f(N)$. In particular, is it true that $f(N)=(\tfrac{1}{2}+o(1))N$?"
302,open,57,0,open,no,no,"['number theory', 'unit fractions']",https://www.erdosproblems.com/302,"Let $f(N)$ be the size of the largest $A\subseteq \{1,\ldots,N\}$ such that there are no solutions to\[\frac{1}{a}= \frac{1}{b}+\frac{1}{c}\]with distinct $a,b,c\in A$?
Estimate $f(N)$. In particular, is $f(N)=(\tfrac{1}{2}+o(1))N$?"
303,proved (Lean),20,1,,yes,no,"['number theory', 'unit fractions']",https://www.erdosproblems.com/303,"Is it true that in any finite colouring of the integers there exists a monochromatic solution to\[\frac{1}{a}=\frac{1}{b}+\frac{1}{c}\]with distinct $a,b,c$?"
304,open,60,1,open,yes,no,"['number theory', 'unit fractions']",https://www.erdosproblems.com/304,"For integers $1\leq a<b$ let $N(a,b)$ denote the minimal $k$ such that there exist integers $1<n_1<\cdots<n_k$ with\[\frac{a}{b}=\frac{1}{n_1}+\cdots+\frac{1}{n_k}.\]Estimate $N(b)=\max_{1\leq a<b}N(a,b)$. Is it true that $N(b) \ll \log\log b$?"
305,proved,12,0,,no,no,"['number theory', 'unit fractions']",https://www.erdosproblems.com/305,"For integers $1\leq a<b$ let $D(a,b)$ be the minimal value of $n_k$ such that there exist integers $1\leq n_1<\cdots <n_k$ with\[\frac{a}{b}=\frac{1}{n_1}+\cdots+\frac{1}{n_k}.\]Estimate $D(b)=\max_{1\leq a<b}D(a,b)$. Is it true that\[D(b) \ll b(\log b)^{1+o(1)}?\]"
306,open,60,1,open,yes,no,"['number theory', 'unit fractions']",https://www.erdosproblems.com/306,"Let $a/b\in \mathbb{Q}_{>0}$ with $b$ squarefree. Are there integers $1<n_1<\cdots<n_k$, each the product of two distinct primes, such that\[\frac{a}{b}=\frac{1}{n_1}+\cdots+\frac{1}{n_k}?\]"
307,verifiable,81,5,open,yes,no,"['number theory', 'unit fractions']",https://www.erdosproblems.com/307,"Are there two finite sets of primes $P,Q$ such that\[1=\left(\sum_{p\in P}\frac{1}{p}\right)\left(\sum_{q\in Q}\frac{1}{q}\right)?\]"
308,proved,17,0,,no,no,"['number theory', 'unit fractions']",https://www.erdosproblems.com/308,"Let $N\geq 1$. What is the smallest integer not representable as the sum of distinct unit fractions with denominators from $\{1,\ldots,N\}$? Is it true that the set of integers representable as such has the shape $\{1,\ldots,m\}$ for some $m$?"
309,disproved,14,2,,no,no,"['number theory', 'unit fractions']",https://www.erdosproblems.com/309,"Let $N\geq 1$. How many integers can be written as the sum of distinct unit fractions with denominators from $\{1,\ldots,N\}$? Are there $o(\log N)$ such integers?"
310,proved,17,0,,no,no,"['number theory', 'unit fractions']",https://www.erdosproblems.com/310,"Let $\alpha >0$ and $N\geq 1$. Is it true that for any $A\subseteq \{1,\ldots,N\}$ with $\lvert A\rvert \geq \alpha N$ there exists some $S\subseteq A$ such that\[\frac{a}{b}=\sum_{n\in S}\frac{1}{n}\]with $a\leq b =O_\alpha(1)$?"
311,open,50,4,open,no,no,"['number theory', 'unit fractions']",https://www.erdosproblems.com/311,"Let $\delta(N)$ be the minimal non-zero value of $\lvert 1-\sum_{n\in A}\frac{1}{n}\rvert$ as $A$ ranges over all subsets of $\{1,\ldots,N\}$. Is it true that\[\delta(N)=e^{-(c+o(1))N}\]for some constant $c\in (0,1)$?"
312,open,55,2,open,yes,no,"['number theory', 'unit fractions']",https://www.erdosproblems.com/312,"Does there exist some $c>0$ such that, for any $K>1$, whenever $A$ is a sufficiently large finite multiset of positive integers with $\sum_{n\in A}\frac{1}{n}>K$ there exists some $S\subseteq A$ such that\[1-e^{-cK} < \sum_{n\in S}\frac{1}{n}\leq 1?\]"
313,open,60,2,open,yes,no,"['number theory', 'unit fractions']",https://www.erdosproblems.com/313,"Are there infinitely many solutions to\[\frac{1}{p_1}+\cdots+\frac{1}{p_k}=1-\frac{1}{m},\]where $m\geq 2$ is an integer and $p_1<\cdots<p_k$ are distinct primes?"
314,proved (Lean),10,4,,no,no,"['number theory', 'unit fractions']",https://www.erdosproblems.com/314,Let $n\geq 1$ and let $m$ be minimal such that $\sum_{n\leq k\leq m}\frac{1}{k}\geq 1$. We define\[\epsilon(n) = \sum_{n\leq k\leq m}\frac{1}{k}-1.\]How small can $\epsilon(n)$ be? Is it true that\[\liminf n^2\epsilon(n)=0?\]
315,proved (Lean),9,2,,no,no,"['number theory', 'unit fractions']",https://www.erdosproblems.com/315,"Let $u_1=1$ and $u_{n+1}=u_n(u_n+1)$, so that $\sum_{k\geq 1}\frac{1}{u_k+1}$ and $u_k=\lfloor c_0^{2^k}+1\rfloor$ for $k\geq 1$, where\[c_0=\lim u_n^{1/2^n}=1.264085\cdots.\]Let $a_1<a_2<\cdots $ be any other sequence with $\sum \frac{1}{a_k}=1$. Is it true that\[\liminf a_n^{1/2^n}<c_0=1.264085\cdots?\]"
316,disproved (Lean),20,1,,yes,no,"['number theory', 'unit fractions']",https://www.erdosproblems.com/316,"Is it true that if $A\subset \mathbb{N}\backslash\{1\}$ is a finite set with $\sum_{n\in A}\frac{1}{n}<2$ then there is a partition $A=A_1\sqcup A_2$ such that\[\sum_{n\in A_i}\frac{1}{n}<1\]for $i=1,2$?"
317,open,52,8,open,yes,no,"['number theory', 'unit fractions']",https://www.erdosproblems.com/317,"Is there some constant $c>0$ such that for every $n\geq 1$ there exists some $\delta_k\in \{-1,0,1\}$ for $1\leq k\leq n$ with\[0 \frac{1}{[1,\ldots,n]}\]whenever the left-hand side is not zero?"
318,solved,7,14,,yes,no,"['number theory', 'unit fractions']",https://www.erdosproblems.com/318,"Let $A\subseteq \mathbb{N}$ be an infinite arithmetic progression and $f:A\to \{-1,1\}$ be a non-constant function. Must there exist a finite non-empty $S\subset A$ such that\[\sum_{n\in S}\frac{f(n)}{n}=0?\]What about if $A$ is an arbitrary set of positive density? What if $A$ is the set of squares excluding $1$?"
319,open,63,0,open,yes,no,"['number theory', 'unit fractions']",https://www.erdosproblems.com/319,"What is the size of the largest $A\subseteq \{1,\ldots,N\}$ such that there is a function $\delta:A\to \{-1,1\}$ such that\[\sum_{n\in A}\frac{\delta_n}{n}=0\]and\[\sum_{n\in A'}\frac{\delta_n}{n}\neq 0\]for all non-empty $A'\subsetneq A$?"
320,open,57,0,open,no,no,"['number theory', 'unit fractions']",https://www.erdosproblems.com/320,"Let $S(N)$ count the number of distinct sums of the form $\sum_{n\in A}\frac{1}{n}$ for $A\subseteq \{1,\ldots,N\}$. Estimate $S(N)$."
321,open,52,9,open,yes,no,"['number theory', 'unit fractions']",https://www.erdosproblems.com/321,"What is the size of the largest $A\subseteq \{1,\ldots,N\}$ such that all sums $\sum_{n\in S}\frac{1}{n}$ are distinct for $S\subseteq A$?"
322,open,49,1,open,no,no,"['number theory', 'powers']",https://www.erdosproblems.com/322,"Let $k\geq 3$ and $A\subset \mathbb{N}$ be the set of $k$th powers. What is the order of growth of $1_A^{(k)}(n)$, i.e. the number of representations of $n$ as the sum of $k$ many $k$th powers? Does there exist some $c>0$ and infinitely many $n$ such that\[1_A^{(k)}(n) >n^c?\]"
323,open,58,0,open,yes,no,"['number theory', 'powers']",https://www.erdosproblems.com/323,"Let $1\leq m\leq k$ and $f_{k,m}(x)$ denote the number of integers $\leq x$ which are the sum of $m$ many nonnegative $k$th powers. Is it true that\[f_{k,k}(x) \gg_\epsilon x^{1-\epsilon}\]for all $\epsilon>0$? Is it true that if $m<k$ then\[f_{k,m}(x) \gg x^{m/k}\]for sufficiently large $x$?"
324,open,60,2,open,yes,no,"['number theory', 'powers']",https://www.erdosproblems.com/324,Does there exist a polynomial $f(x)\in\mathbb{Z}[x]$ such that all the sums $f(a)+f(b)$ with $a<b$ nonnegative integers are distinct?
325,open,60,2,open,yes,no,"['number theory', 'powers']",https://www.erdosproblems.com/325,"Let $k\geq 3$ and $f_{k,3}(x)$ denote the number of integers $\leq x$ which are the sum of three nonnegative $k$th powers. Is it true that\[f_{k,3}(x) \gg x^{3/k}\]or even $\gg_\epsilon x^{3/k-\epsilon}$?"
326,open,51,5,open,yes,no,"['number theory', 'additive basis']",https://www.erdosproblems.com/326,"Does there exist $A=\{a_1<a_2<\cdots\}\subset \mathbb{N}$ which is a minimal basis of order $2$ (i.e. every large integer is the sum of $2$ elements from $A$, and no proper subset of $A$ has this property), such that\[\lim_{k\to \infty}\frac{a_k}{k^2}=c\]for some $c\neq 0$?"
327,open,50,7,open,no,no,"['number theory', 'unit fractions']",https://www.erdosproblems.com/327,"Suppose $A\subseteq \{1,\ldots,N\}$ is such that if $a,b\in A$ and $a\neq b$ then $a+b\nmid ab$. Can $A$ be 'substantially more' than the odd numbers?
What if $a,b\in A$ with $a\neq b$ implies $a+b\nmid 2ab$? Must $\lvert A\rvert=o(N)$?"
328,disproved,8,0,,no,no,"['number theory', 'additive combinatorics']",https://www.erdosproblems.com/328,"Suppose $A\subseteq\mathbb{N}$ and $C>0$ is such that $1_A\ast 1_A(n)\leq C$ for all $n\in\mathbb{N}$. Can $A$ be partitioned into $t$ many subsets $A_1,\ldots,A_t$ (where $t=t(C)$ depends only on $C$) such that $1_{A_i}\ast 1_{A_i}(n)<C$ for all $1\leq i\leq t$ and $n\in \mathbb{N}$?"
329,open,60,1,open,yes,no,['number theory'],https://www.erdosproblems.com/329,"Suppose $A\subseteq \mathbb{N}$ is a Sidon set. How large can\[\limsup_{N\to \infty}\frac{\lvert A\cap \{1,\ldots,N\}\rvert}{N^{1/2}}\]be?"
330,open,52,19,claimed,yes,no,"['number theory', 'additive basis']",https://www.erdosproblems.com/330,"Does there exist a minimal basis with positive density, say $A\subset\mathbb{N}$, such that for any $n\in A$ the (upper) density of integers which cannot be represented without using $n$ is positive?"
331,disproved (Lean),11,2,,yes,no,"['number theory', 'additive combinatorics']",https://www.erdosproblems.com/331,"Let $A,B\subseteq \mathbb{N}$ such that for all large $N$\[\lvert A\cap \{1,\ldots,N\}\rvert \gg N^{1/2}\]and\[\lvert B\cap \{1,\ldots,N\}\rvert \gg N^{1/2}.\]Is it true that there are infinitely many solutions to $a_1-a_2=b_1-b_2\neq 0$ with $a_1,a_2\in A$ and $b_1,b_2\in B$?"
332,open,63,0,open,yes,no,['number theory'],https://www.erdosproblems.com/332,"Let $A\subseteq \mathbb{N}$ and $D(A)$ be the set of those numbers which occur infinitely often as $a_1-a_2$ with $a_1,a_2\in A$. What conditions on $A$ are sufficient to ensure $D(A)$ has bounded gaps?"
333,disproved (Lean),6,14,,no,no,"['number theory', 'additive basis']",https://www.erdosproblems.com/333,"Let $A\subseteq \mathbb{N}$ be a set of density zero. Does there exist a $B$ such that $A\subseteq B+B$ and\[\lvert B\cap \{1,\ldots,N\}\rvert =o(N^{1/2})\]for all large $N$?"
334,open,54,2,open,no,no,['number theory'],https://www.erdosproblems.com/334,"Find the best function $f(n)$ such that every $n$ can be written as $n=a+b$ where both $a,b$ are $f(n)$-smooth (that is, are not divisible by any prime $p>f(n)$.)"
335,open,50,2,open,no,no,"['number theory', 'additive combinatorics']",https://www.erdosproblems.com/335,"Let $d(A)$ denote the density of $A\subseteq \mathbb{N}$. Characterise those $A,B\subseteq \mathbb{N}$ with positive density such that\[d(A+B)=d(A)+d(B).\]"
336,open,49,1,open,no,no,"['number theory', 'additive basis']",https://www.erdosproblems.com/336,"For $r\geq 2$ let $h(r)$ be the maximal finite $k$ such that there exists a basis $A\subseteq \mathbb{N}$ of order $r$ (so every large integer is the sum of at most $r$ integers from $A$) and exact order $k$ (so every large integer is the sum of exactly $k$ integers from $A$). 
Find the value of\[\lim_r \frac{h(r)}{r^2}.\]"
337,disproved (Lean),10,1,,no,no,"['number theory', 'additive combinatorics', 'additive basis']",https://www.erdosproblems.com/337,"Let $A\subseteq \mathbb{N}$ be an additive basis (of any finite order) such that $\lvert A\cap \{1,\ldots,N\}\rvert=o(N)$. Is it true that\[\lim_{N\to \infty}\frac{\lvert (A+A)\cap \{1,\ldots,N\}\rvert}{\lvert A\cap \{1,\ldots,N\}\rvert}=\infty?\]"
338,open,52,0,open,no,no,"['number theory', 'additive basis']",https://www.erdosproblems.com/338,The restricted order of a basis is the least integer $t$ (if it exists) such that every large integer is the sum of at most $t$ distinct summands from $A$. What are necessary and sufficient conditions that this exists? Can it be bounded (when it exists) in terms of the order of the basis? What are necessary and sufficient conditions that this is equal to the order of the basis?
339,proved,6,11,,no,no,"['number theory', 'additive basis']",https://www.erdosproblems.com/339,Let $A\subseteq \mathbb{N}$ be a basis of order $r$. Must the set of integers representable as the sum of exactly $r$ distinct elements from $A$ have positive lower density?
340,open,54,0,open,yes,no,"['number theory', 'additive combinatorics', 'sidon sets']",https://www.erdosproblems.com/340,"Let $A=\{1,2,4,8,13,21,31,45,66,81,97,\ldots\}$ be the greedy Sidon sequence: we begin with $1$ and iteratively include the next smallest integer that preserves the Sidon property (i.e. there are no non-trivial solutions to $a+b=c+d$). What is the order of growth of $A$? Is it true that\[\lvert A\cap \{1,\ldots,N\}\rvert \gg N^{1/2-\epsilon}\]for all $\epsilon>0$ and large $N$?"
341,open,58,0,open,yes,no,['number theory'],https://www.erdosproblems.com/341,"Let $A=\{a_1<\cdots<a_k\}$ be a finite set of positive integers and extend it to an infinite sequence $\overline{A}=\{a_1<a_2<\cdots \}$ by defining $a_{n+1}$ for $n\geq k$ to be the least integer exceeding $a_n$ which is not of the form $a_i+a_j$ with $i,j\leq n$. Is it true that the sequence of differences $a_{m+1}-a_m$ is eventually periodic?"
342,open,47,18,open,yes,no,['number theory'],https://www.erdosproblems.com/342,"With $a_1=1$ and $a_2=2$ let $a_{n+1}$ for $n\geq 2$ be the least integer $>a_n$ which can be expressed uniquely as $a_i+a_j$ for $i<j\leq n$.
What can be said about this sequence? Do infinitely many pairs $a,a+2$ occur? Does this sequence eventually have periodic differences? Is the density $0$?"
343,proved,12,0,,no,no,"['number theory', 'complete sequences']",https://www.erdosproblems.com/343,"If $A\subseteq \mathbb{N}$ is a multiset of integers such that\[\lvert A\cap \{1,\ldots,N\}\rvert\gg N\]for all $N$ then must $A$ be subcomplete? That is, must\[P(A) = \left\{\sum_{n\in B}n : B\subseteq A\textrm{ finite }\right\}\]contain an infinite arithmetic progression?"
344,proved,12,0,,no,no,"['number theory', 'complete sequences']",https://www.erdosproblems.com/344,"If $A\subseteq \mathbb{N}$ is a set of integers such that\[\lvert A\cap \{1,\ldots,N\}\rvert\gg N^{1/2}\]for all $N$ then must $A$ be subcomplete? That is, must\[P(A) = \left\{\sum_{n\in B}n : B\subseteq A\textrm{ finite }\right\}\]contain an infinite arithmetic progression?"
345,open,49,2,open,no,no,"['number theory', 'complete sequences']",https://www.erdosproblems.com/345,"Let $A\subseteq \mathbb{N}$ be a complete sequence, and define the threshold of completeness $T(A)$ to be the least integer $m$ such that all $n\geq m$ are in\[P(A) = \left\{\sum_{n\in B}n : B\subseteq A\textrm{ finite }\right\}\](the existence of $T(A)$ is guaranteed by completeness). 
Is it true that there are infinitely many $k$ such that $T(n^k)>T(n^{k+1})$?"
346,open,55,2,open,yes,no,"['number theory', 'complete sequences']",https://www.erdosproblems.com/346,"Let $A=\{1\leq a_1
$A\backslash B$ is complete for any finite subset $B$ and 
$A\backslash B$ is not complete for any infinite subset $B$.
(Here 'complete' means all sufficiently large integers can be written as a sum of distinct members of the sequence.)
Is it true that if $a_{n+1}/a_n \geq 1+\epsilon$ for some $\epsilon>0$ and all $n$ then\[\lim_n \frac{a_{n+1}}{a_n}=\frac{1+\sqrt{5}}{2}?\]"
347,proved (Lean),12,18,,yes,no,"['number theory', 'complete sequences']",https://www.erdosproblems.com/347,Is there a sequence $A=\{a_1\leq a_2\leq \cdots\}$ of integers with\[\lim \frac{a_{n+1}}{a_n}=2\]such that\[P(A')= \left\{\sum_{n\in B}n : B\subseteq A'\textrm{ finite }\right\}\]has density $1$ for every cofinite subsequence $A'$ of $A$?
348,open,60,1,open,yes,no,"['number theory', 'complete sequences']",https://www.erdosproblems.com/348,"For what values of $0\leq m
$A$ remains complete after removing any $m$ elements, but 
$A$ is not complete after removing any $n$ elements?"
349,open,60,12,partial,yes,no,"['number theory', 'complete sequences']",https://www.erdosproblems.com/349,"For what values of $t,\alpha \in (0,\infty)$ is the sequence $\lfloor t\alpha^n\rfloor$ complete (that is, all sufficiently large integers are the sum of distinct integers of the form $\lfloor t\alpha^n\rfloor$)?"
350,proved (Lean),12,3,,yes,no,"['number theory', 'additive combinatorics']",https://www.erdosproblems.com/350,"If $A\subset\mathbb{N}$ is a finite set of integers which is dissociated (that is, all of the subset sums are distinct) then\[\sum_{n\in A}\frac{1}{n}<2.\]"
351,open,47,9,open,yes,no,"['number theory', 'complete sequences']",https://www.erdosproblems.com/351,"Let $p(x)\in \mathbb{Q}[x]$. Is it true that\[A=\{ p(n)+1/n : n\in \mathbb{N}\}\]is strongly complete, in the sense that, for any finite set $B$,\[\left\{\sum_{n\in X}n : X\subseteq A\backslash B\textrm{ finite }\right\}\]contains all sufficiently large integers?"
352,open,52,12,open,yes,no,['geometry'],https://www.erdosproblems.com/352,Is there some $c>0$ such that every measurable $A\subseteq \mathbb{R}^2$ of measure $\geq c$ contains the vertices of a triangle of area 1?
353,proved,12,0,,no,no,['geometry'],https://www.erdosproblems.com/353,"Let $A\subseteq \mathbb{R}^2$ be a measurable set with infinite measure. Must $A$ contain the vertices of an isosceles trapezoid of area $1$? What about an isosceles triangle, or a right-angled triangle, or a cyclic quadrilateral, or a polygon with congruent sides?"
354,open,47,10,open,yes,no,['number theory'],https://www.erdosproblems.com/354,"Let $\alpha,\beta\in \mathbb{R}_{>0}$ such that $\alpha/\beta$ is irrational. Is the multiset\[\{ \lfloor \alpha\rfloor,\lfloor 2\alpha\rfloor,\lfloor 4\alpha\rfloor,\ldots\}\cup \{ \lfloor \beta\rfloor,\lfloor 2\beta\rfloor,\lfloor 4\beta\rfloor,\ldots\}\]complete? That is, can all sufficiently large natural numbers $n$ be written as\[n=\sum_{s\in S}\lfloor 2^s\alpha\rfloor+\sum_{t\in T}\lfloor 2^t\beta\rfloor\]for some finite $S,T\subset \mathbb{N}$?
What if $2$ is replaced by some $\gamma\in(1,2)$?"
355,proved (Lean),7,18,,yes,no,"['number theory', 'unit fractions']",https://www.erdosproblems.com/355,Is there a lacunary sequence $A\subseteq \mathbb{N}$ (so that $A=\{a_11$ such that $a_{n+1}/a_n\geq \lambda$ for all $n\geq 1$) such that\[\left\{ \sum_{a\in A'}\frac{1}{a} : A'\subseteq A\textrm{ finite}\right\}\]contains all rationals in some open interval?
356,proved,17,0,,no,no,['number theory'],https://www.erdosproblems.com/356,"Is there some $c>0$ such that, for all sufficiently large $n$, there exist integers $a_1<\cdots<a_k\leq n$ such that there are at least $cn^2$ distinct integers of the form $\sum_{u\leq i\leq v}a_i$?"
357,open,52,10,open,yes,no,['number theory'],https://www.erdosproblems.com/357,"Let $1\leq a_1<\cdots <a_k\leq n$ be integers such that all sums of the shape $\sum_{u\leq i\leq v}a_i$ are distinct. Let $f(n)$ be the maximal such $k$.
How does $f(n)$ grow? Is $f(n)=o(n)$?"
358,proved,8,21,,yes,no,"['number theory', 'additive basis', 'primes']",https://www.erdosproblems.com/358,Let $A=\{a_1<\cdots\}$ be an infinite sequence of integers. Let $f(n)$ count the number of solutions to\[n=\sum_{u\leq i\leq v}a_i.\]Is there such an $A$ for which $f(n)\to \infty$ as $n\to \infty$? Or even where $f(n)\geq 2$ for all large $n$?
359,open,60,1,open,yes,no,['number theory'],https://www.erdosproblems.com/359,Let $a_10$?
360,solved,17,0,,no,no,['number theory'],https://www.erdosproblems.com/360,"Let $f(n)$ be minimal such that $\{1,\ldots,n-1\}$ can be partitioned into $f(n)$ classes so that $n$ cannot be expressed as a sum of distinct elements from the same class. How fast does $f(n)$ grow?"
361,open,56,4,open,yes,no,['number theory'],https://www.erdosproblems.com/361,"Let $c>0$ and $n$ be some large integer. What is the size of the largest $A\subseteq \{1,\ldots,\lfloor cn\rfloor\}$ such that $n$ is not a sum of a subset of $A$? Does this depend on $n$ in an irregular way?"
362,proved,9,1,,no,no,['number theory'],https://www.erdosproblems.com/362,"Let $A\subseteq \mathbb{N}$ be a finite set of size $N$. Is it true that, for any fixed $t$, there are\[\ll \frac{2^N}{N^{3/2}}\]many $S\subseteq A$ such that $\sum_{n\in S}n=t$?
If we further ask that $\lvert S\rvert=l$ (for any fixed $l$) then is the number of solutions\[\ll \frac{2^N}{N^2},\]with the implied constant independent of $l$ and $t$?"
363,disproved (Lean),14,2,,no,no,['number theory'],https://www.erdosproblems.com/363,"Is it true that there are only finitely many collections of disjoint intervals $I_1,\ldots,I_n$ of size $\lvert I_i\rvert \geq 4$ for $1\leq i\leq n$ such that\[\prod_{1\leq i\leq n}\prod_{m\in I_i}m\]is a square?"
364,verifiable,81,4,open,yes,no,['number theory'],https://www.erdosproblems.com/364,Are there any triples of consecutive positive integers all of which are powerful (i.e. if $p\mid n$ then $p^2\mid n$)?
365,open,50,3,open,no,no,['number theory'],https://www.erdosproblems.com/365,"Do all pairs of consecutive powerful numbers $n$ and $n+1$ come from solutions to Pell equations? In other words, must either $n$ or $n+1$ be a square?
Is the number of such $n\leq x$ bounded by $(\log x)^{O(1)}$?"
366,verifiable,81,3,open,yes,no,['number theory'],https://www.erdosproblems.com/366,"Are there any $2$-full $n$ such that $n+1$ is $3$-full? That is, if $p\mid n$ then $p^2\mid n$ and if $p\mid n+1$ then $p^3\mid n+1$."
367,open,45,6,open,no,no,['number theory'],https://www.erdosproblems.com/367,"Let $B_2(n)$ be the $2$-full part of $n$ (that is, $B_2(n)=n/n'$ where $n'$ is the product of all primes that divide $n$ exactly once). Is it true that, for every fixed $k\geq 1$,\[\prod_{n\leq m<n+k}B_2(m) \ll n^{2+o(1)}?\]Or perhaps even $\ll_k n^2$?"
368,open,50,4,open,no,no,['number theory'],https://www.erdosproblems.com/368,How large is the largest prime factor of $n(n+1)$?
369,proved (Lean),6,11,,no,no,['number theory'],https://www.erdosproblems.com/369,"Let $\epsilon>0$ and $k\geq 2$. Is it true that, for all sufficiently large $n$, there is a sequence of $k$ consecutive integers in $\{1,\ldots,n\}$ all of which are $n^\epsilon$-smooth?"
370,proved (Lean),16,3,,yes,no,['number theory'],https://www.erdosproblems.com/370,Are there infinitely many $n$ such that the largest prime factor of $n$ is $<n^{1/2}$ and the largest prime factor of $n+1$ is $<(n+1)^{1/2}$?
371,open,56,4,open,yes,no,['number theory'],https://www.erdosproblems.com/371,Let $P(n)$ denote the largest prime factor of $n$. Show that the set of $n$ with $P(n)<P(n+1)$ has density $1/2$.
372,proved,17,0,,no,no,['number theory'],https://www.erdosproblems.com/372,Let $P(n)$ denote the largest prime factor of $n$. There are infinitely many $n$ such that $P(n)>P(n+1)>P(n+2)$.
373,open,60,3,open,yes,no,"['number theory', 'factorials']",https://www.erdosproblems.com/373,"Show that the equation\[n! = a_1!a_2!\cdots a_k!,\]with $n-1>a_1\geq a_2\geq \cdots \geq a_k\geq 2$, has only finitely many solutions."
374,open,49,1,open,no,no,['number theory'],https://www.erdosproblems.com/374,"For any $m\in \mathbb{N}$, let $F(m)$ be the minimal $k\geq 2$ (if it exists) such that there are $a_1<\cdots <a_k=m$ with $a_1!\cdots a_k!$ a square. Let $D_k=\{ m : F(m)=k\}$. What is the order of growth of $\lvert D_k\cap\{1,\ldots,n\}\rvert$ for $3\leq k\leq 6$? For example, is it true that $\lvert D_6\cap \{1,\ldots,n\}\rvert \gg n$?"
375,falsifiable,81,4,open,yes,no,['number theory'],https://www.erdosproblems.com/375,"Is it true that for any $n,k\geq 1$, if $n+1,\ldots,n+k$ are all composite then there are distinct primes $p_1,\ldots,p_k$ such that $p_i\mid n+i$ for $1\leq i\leq k$?"
376,open,56,3,open,yes,no,"['number theory', 'binomial coefficients', 'base representations']",https://www.erdosproblems.com/376,Are there infinitely many $n$ such that $\binom{2n}{n}$ is coprime to $105$?
377,open,60,1,open,yes,no,"['number theory', 'binomial coefficients']",https://www.erdosproblems.com/377,Is there some absolute constant $C>0$ such that\[\sum_{p\leq n}1_{p\nmid \binom{2n}{n}}\frac{1}{p}\leq C\]for all $n$ (where the summation is restricted to primes $p\leq n$)?
378,proved,14,2,,no,no,"['number theory', 'binomial coefficients']",https://www.erdosproblems.com/378,Let $r\geq 0$. Does the density of integers $n$ for which $\binom{n}{k}$ is squarefree for at least $r$ values of $1\leq k0$?
379,proved (Lean),12,8,,yes,no,"['number theory', 'binomial coefficients']",https://www.erdosproblems.com/379,"Let $S(n)$ denote the largest integer such that, for all $1\leq k<n$, the binomial coefficient $\binom{n}{k}$ is divisible by $p^{S(n)}$ for some prime $p$ (depending on $k$). Is it true that\[\limsup S(n)=\infty?\]"
380,proved,1,10,,no,no,['number theory'],https://www.erdosproblems.com/380,"We call an interval $[u,v]$ 'bad' if the greatest prime factor of $\prod_{u\leq m\leq v}m$ occurs with an exponent greater than $1$. Let $B(x)$ count the number of $n\leq x$ which are contained in at least one bad interval. Is it true that\[B(x)\sim \#\{ n\leq x: P(n)^2\mid n\},\]where $P(n)$ is the largest prime factor of $n$?"
381,disproved,16,0,,no,no,"['number theory', 'divisors']",https://www.erdosproblems.com/381,"A number $n$ is highly composite if $\tau(m)<\tau(n)$ for all $m<n$, where $\tau(m)$ counts the number of divisors of $m$. Let $Q(x)$ count the number of highly composite numbers in $[1,x]$.
Is it true that\[Q(x)\gg_k (\log x)^k\]for every $k\geq 1$?"
382,open,54,1,open,no,no,['number theory'],https://www.erdosproblems.com/382,Let $u\leq v$ be such that the largest prime dividing $\prod_{u\leq m\leq v}m$ appears with exponent at least $2$. Is it true that $v-u=v^{o(1)}$? Can $v-u$ be arbitrarily large?
383,open,60,1,open,yes,no,['number theory'],https://www.erdosproblems.com/383,Is it true that for every $k$ there are infinitely many primes $p$ such that the largest prime divisor of\[\prod_{0\leq i\leq k}(p^2+i)\]is $p$?
384,proved,14,1,,no,no,"['number theory', 'binomial coefficients']",https://www.erdosproblems.com/384,If $1<k<n-1$ then $\binom{n}{k}$ is divisible by a prime $p<n/2$ (except $\binom{7}{3}=5\cdot 7$).
385,open,63,0,open,yes,no,['number theory'],https://www.erdosproblems.com/385,Let\[F(n) = \max_{\substack{mn$ for all sufficiently large $n$? Does $F(n)-n\to \infty$ as $n\to\infty$?
386,open,52,13,open,yes,no,"['number theory', 'binomial coefficients']",https://www.erdosproblems.com/386,Let $2\leq k\leq n-2$. Can $\binom{n}{k}$ be the product of consecutive primes infinitely often? For example\[\binom{21}{2}=2\cdot 3\cdot 5\cdot 7.\]
387,open,56,6,open,yes,no,"['number theory', 'binomial coefficients']",https://www.erdosproblems.com/387,"Is there an absolute constant $c>0$ such that, for all $1\leq k< n$, the binomial coefficient $\binom{n}{k}$ has a divisor in $(cn,n]$?"
388,open,46,10,open,no,no,['number theory'],https://www.erdosproblems.com/388,"Can one classify all solutions of\[\prod_{1\leq i\leq k_1}(m_1+i)=\prod_{1\leq j\leq k_2}(m_2+j)\]where $k_1,k_2>3$ and $m_1+k_1\leq m_2$? Are there only finitely many solutions?"
389,open,52,8,open,yes,no,['number theory'],https://www.erdosproblems.com/389,Is it true that for every $n\geq 1$ there is a $k$ such that\[n(n+1)\cdots(n+k-1)\mid (n+k)\cdots (n+2k-1)?\]
390,open,64,1,open,yes,no,"['number theory', 'factorials']",https://www.erdosproblems.com/390,Let $f(n)$ be the minimal $m$ such that\[n! = a_1\cdots a_k\]with $n< a_1<\cdots <a_k=m$. Is there (and what is it) a constant $c$ such that\[f(n)-2n \sim c\frac{n}{\log n}?\]
391,proved,16,0,,no,no,"['number theory', 'factorials']",https://www.erdosproblems.com/391,"Let $t(n)$ be maximal such that there is a representation\[n!=a_1\cdots a_n\]with $t(n)=a_1\leq \cdots \leq a_n$. Obtain good bounds for $t(n)/n$. In particular, is it true that\[\lim \frac{t(n)}{n}=\frac{1}{e}?\]Furthermore, does there exist some constant $c>0$ such that\[\frac{t(n)}{n} \leq \frac{1}{e}-\frac{c}{\log n}\]for infinitely many $n$?"
392,proved (Lean),16,18,,yes,no,"['number theory', 'factorials']",https://www.erdosproblems.com/392,Let $A(n)$ denote the least value of $t$ such that\[n!=a_1\cdots a_t\]with $a_1\leq \cdots \leq a_t\leq n^2$. Is it true that\[A(n)=\frac{n}{2}-\frac{n}{2\log n}+o\left(\frac{n}{\log n}\right)?\]
393,open,54,6,open,no,no,"['number theory', 'factorials']",https://www.erdosproblems.com/393,Let $f(n)$ denote the minimal $m\geq 1$ such that\[n! = a_1\cdots a_t\]with $a_1<\cdots <a_t=a_1+m$. What is the behaviour of $f(n)$?
394,open,47,8,open,yes,no,['number theory'],https://www.erdosproblems.com/394,"Let $t_k(n)$ denote the least $m$ such that\[n\mid m(m+1)(m+2)\cdots (m+k-1).\]Is it true that\[\sum_{n\leq x}t_2(n)\ll \frac{x^2}{(\log x)^c}\]for some $c>0$?
Is it true that, for $k\geq 2$,\[\sum_{n\leq x}t_{k+1}(n) =o\left(\sum_{n\leq x}t_k(n)\right)?\]"
395,proved,17,0,,no,no,['analysis'],https://www.erdosproblems.com/395,"If $z_1,\ldots,z_n\in \mathbb{C}$ with $\lvert z_i\rvert=1$ then is it true that the probability that\[\lvert \epsilon_1z_1+\cdots+\epsilon_nz_n\rvert \leq \sqrt{2},\]where $\epsilon_i\in \{-1,1\}$ uniformly at random, is $\gg 1/n$?"
396,open,52,35,open,yes,no,"['number theory', 'binomial coefficients']",https://www.erdosproblems.com/396,Is it true that for every $k$ there exists $n$ such that\[\prod_{0\leq i\leq k}(n-i) \mid \binom{2n}{n}?\]
397,disproved (Lean),12,30,,yes,no,"['number theory', 'binomial coefficients']",https://www.erdosproblems.com/397,"Are there only finitely many solutions to\[\prod_i \binom{2m_i}{m_i}=\prod_j \binom{2n_j}{n_j}\]with the $m_i,n_j$ distinct?"
398,falsifiable,81,10,open,yes,no,"['number theory', 'factorials']",https://www.erdosproblems.com/398,"Are the only solutions to\[n!=x^2-1\]when $n=4,5,7$?"
399,disproved (Lean),27,0,,yes,no,"['number theory', 'factorials']",https://www.erdosproblems.com/399,"Is it true that there are no solutions to\[n! = x^k\pm y^k\]with $x,y,n\in \mathbb{N}$, with $xy>1$ and $k>2$?"
400,open,62,0,open,yes,no,"['number theory', 'factorials']",https://www.erdosproblems.com/400,"For any $k\geq 2$ let $g_k(n)$ denote the maximum value of\[(a_1+\cdots+a_k)-n\]where $a_1,\ldots,a_k$ are integers such that $a_1!\cdots a_k! \mid n!$. Can one show that\[\sum_{n\leq x}g_k(n) \sim c_k x\log x\]for some constant $c_k$? Is it true that there is a constant $c_k$ such that for almost all $n<x$ we have\[g_k(n)=c_k\log x+o(\log x)?\]"
401,proved (Lean),10,21,,no,no,"['number theory', 'factorials']",https://www.erdosproblems.com/401,"Is there some function $f(r)$ such that $f(r)\to \infty$ as $r\to\infty$, such that, for infinitely many $n$, there exist $a_1,a_2$ with\[a_1+a_2> n+f(r)\log n\]such that $a_1!a_2! \mid n!2^n3^n\cdots p_r^n$?"
402,proved,23,0,,yes,no,['number theory'],https://www.erdosproblems.com/402,"Prove that, for any finite set $A\subset\mathbb{N}$, there exist $a,b\in A$ such that\[\mathrm{gcd}(a,b)\leq a/\lvert A\rvert.\]"
403,proved,21,0,,no,no,"['number theory', 'factorials']",https://www.erdosproblems.com/403,Does the equation\[2^m=a_1!+\cdots+a_k!\]with $a_1<a_2<\cdots <a_k$ have only finitely many solutions?
404,open,49,5,open,no,no,"['number theory', 'factorials']",https://www.erdosproblems.com/404,"For which integers $a\geq 1$ and primes $p$ is there a finite upper bound on those $k$ such that there are $a=a_1<\cdots<a_n$ with\[p^k \mid (a_1!+\cdots+a_n!)?\]If $f(a,p)$ is the greatest such $k$, how does this function behave?
Is there a prime $p$ and an infinite sequence $a_1<a_2<\cdots$ such that if $p^{m_k}$ is the highest power of $p$ dividing $\sum_{i\leq k}a_i!$ then $m_k\to \infty$?"
405,proved,21,0,,no,no,"['number theory', 'factorials']",https://www.erdosproblems.com/405,Let $p$ be an odd prime. Is it true that the equation\[(p-1)!+a^{p-1}=p^k\]has only finitely many solutions?
406,open,56,5,open,yes,no,"['number theory', 'base representations']",https://www.erdosproblems.com/406,Is it true that there are only finitely many powers of $2$ which have only the digits $0$ and $1$ when written in base $3$?
407,proved,10,4,,no,no,['number theory'],https://www.erdosproblems.com/407,"Let $w(n)$ count the number of solutions to\[n=2^a+3^b+2^c3^d\]with $a,b,c,d\geq 0$ integers. Is it true that $w(n)$ is bounded by some absolute constant?"
408,open,49,1,open,no,no,"['number theory', 'iterated functions']",https://www.erdosproblems.com/408,"Let $\phi(n)$ be the Euler totient function and $\phi_k(n)$ be the iterated $\phi$ function, so that $\phi_1(n)=\phi(n)$ and $\phi_k(n)=\phi(\phi_{k-1}(n))$. Let\[f(n) = \min \{ k : \phi_k(n)=1\}.\]Does $f(n)/\log n$ have a distribution function? Is $f(n)/\log n$ almost always constant? What can be said about the largest prime factor of $\phi_k(n)$ when, say, $k=\log\log n$?"
409,open,56,3,open,yes,no,"['number theory', 'iterated functions']",https://www.erdosproblems.com/409,How many iterations of $n\mapsto \phi(n)+1$ are needed before a prime is reached? Can infinitely many $n$ reach the same prime? What is the density of $n$ which reach any fixed prime?
410,open,60,1,open,yes,no,"['number theory', 'iterated functions']",https://www.erdosproblems.com/410,"Let $\sigma_1(n)=\sigma(n)$, the sum of divisors function, and $\sigma_k(n)=\sigma(\sigma_{k-1}(n))$. Is it true that for all $n\geq 2$\[\lim_{k\to \infty} \sigma_k(n)^{1/k}=\infty?\]"
411,open,50,4,open,no,no,"['number theory', 'iterated functions']",https://www.erdosproblems.com/411,Let $g_1=g(n)=n+\phi(n)$ and $g_k(n)=g(g_{k-1}(n))$. For which $n$ and $r$ is it true that $g_{k+r}(n)=2g_k(n)$ for all large $k$?
412,open,60,2,open,yes,no,"['number theory', 'iterated functions']",https://www.erdosproblems.com/412,"Let $\sigma_1(n)=\sigma(n)$, the sum of divisors function, and $\sigma_k(n)=\sigma(\sigma_{k-1}(n))$. 
Is it true that, for every $m,n\geq 2$, there exist some $i,j$ such that $\sigma_i(m)=\sigma_j(n)$?"
413,open,56,3,open,yes,no,"['number theory', 'iterated functions']",https://www.erdosproblems.com/413,"Let $\omega(n)$ count the number of distinct primes dividing $n$. Are there infinitely many $n$ such that, for all $m0$ such that there are infinitely many $n$ where $m+\epsilon \omega(m)\leq n$ for all $m<n$?"
414,open,60,1,open,yes,no,"['number theory', 'iterated functions']",https://www.erdosproblems.com/414,"Let $h_1(n)=h(n)=n+\tau(n)$ (where $\tau(n)$ counts the number of divisors of $n$) and $h_k(n)=h(h_{k-1}(n))$. Is it true, for any $m,n$, there exist $i$ and $j$ such that $h_i(m)=h_j(n)$?"
415,open,45,4,open,no,no,['number theory'],https://www.erdosproblems.com/415,"For any $n$ let $F(n)$ be the largest $k$ such that any of the $k!$ possible ordering patterns appears in some sequence of $\phi(m+1),\ldots,\phi(m+k)$ with $m+k\leq n$. Is it true that\[F(n)=(c+o(1))\log\log\log n\]for some constant $c$? Is the first pattern which fails to appear always\[\phi(m+1)>\phi(m+2)>\cdots >\phi(m+k)?\]Is it true that the 'natural' ordering which mimics what happens to $\phi(1),\ldots,\phi(k)$ is the most likely to appear?"
416,open,63,0,open,yes,no,['number theory'],https://www.erdosproblems.com/416,Let $V(x)$ count the number of $n\leq x$ such that $\phi(m)=n$ is solvable. Does $V(2x)/V(x)\to 2$? Is there an asymptotic formula for $V(x)$?
417,open,56,3,open,yes,no,['number theory'],https://www.erdosproblems.com/417,Let\[V'(x)=\#\{\phi(m) : 1\leq m\leq x\}\]and\[V(x)=\#\{\phi(m) \leq x : 1\leq m\}.\]Does $\lim V(x)/V'(x)$ exist? Is it $>1$?
418,proved (Lean),12,9,,yes,no,['number theory'],https://www.erdosproblems.com/418,Are there infinitely many positive integers not of the form $n-\phi(n)$?
419,solved (Lean),18,1,,no,no,"['number theory', 'factorials']",https://www.erdosproblems.com/419,"If $\tau(n)$ counts the number of divisors of $n$, then what is the set of limit points of\[\frac{\tau((n+1)!)}{\tau(n!)}?\]"
420,open,49,1,open,no,no,['number theory'],https://www.erdosproblems.com/420,"If $\tau(n)$ counts the number of divisors of $n$ then let\[F(f,n)=\frac{\tau((n+\lfloor f(n)\rfloor)!)}{\tau(n!)}.\]Is it true that\[\lim_{n\to \infty}F((\log n)^C,n)=\infty\]for large $C$? 
Is it true that $F(\log n,n)$ is everywhere dense in $(1,\infty)$? 
More generally, if $f(n)\leq \log n$ is a monotonic function such that $f(n)\to \infty$ as $n\to \infty$, then is $F(f,n)$ everywhere dense?"
421,open,52,24,open,yes,no,['number theory'],https://www.erdosproblems.com/421,Is there a sequence $1\leq d_1<d_2<\cdots$ with density $1$ such that all products $\prod_{u\leq i\leq v}d_i$ are distinct?
422,open,60,2,open,yes,no,['number theory'],https://www.erdosproblems.com/422,Let $f(1)=f(2)=1$ and for $n>2$\[f(n) = f(n-f(n-1))+f(n-f(n-2)).\]Does $f(n)$ miss infinitely many integers? What is its behaviour?
423,open,46,38,open,no,no,['number theory'],https://www.erdosproblems.com/423,Let $a_1=1$ and $a_2=2$ and for $k\geq 3$ choose $a_k$ to be the least integer $>a_{k-1}$ which is the sum of at least two consecutive terms of the sequence. What is the asymptotic behaviour of this sequence?
424,open,63,0,open,yes,no,['number theory'],https://www.erdosproblems.com/424,"Let $a_1=2$ and $a_2=3$ and continue the sequence by appending to $a_1,\ldots,a_n$ all possible values of $a_ia_j-1$ with $i\neq j$. Is it true that the set of integers which eventually appear has positive density?"
425,open,52,0,open,no,no,"['number theory', 'sidon sets']",https://www.erdosproblems.com/425,"Let $F(n)$ be the maximum possible size of a subset $A\subseteq\{1,\ldots,N\}$ such that the products $ab$ are distinct for all $a<b$. Is there a constant $c$ such that\[F(n)=\pi(n)+(c+o(1))n^{3/4}(\log n)^{-3/2}?\]If $A\subseteq \{1,\ldots,n\}$ is such that all products $a_1\cdots a_r$ are distinct for $a_1<\cdots <a_r$ then is it true that\[\lvert A\rvert \leq \pi(n)+O(n^{\frac{r+1}{2r}})?\]"
426,disproved (Lean),15,2,,no,$25,['graph theory'],https://www.erdosproblems.com/426,We say $H$ is a unique subgraph of $G$ if there is exactly one way to find $H$ as a subgraph (not necessarily induced) of $G$. Is there a graph on $n$ vertices with\[\gg \frac{2^{\binom{n}{2}}}{n!}\]many distinct unique subgraphs?
427,proved,16,1,,yes,no,"['number theory', 'primes']",https://www.erdosproblems.com/427,"Is it true that, for every $n$ and $d$, there exists $k$ such that\[d \mid p_{n+1}+\cdots+p_{n+k},\]where $p_r$ denotes the $r$th prime?"
428,open,59,0,open,yes,no,"['number theory', 'primes']",https://www.erdosproblems.com/428,"Is there a set $A\subseteq \mathbb{N}$ such that, for infinitely many $n$, all of $n-a$ are prime for all $a\in A$ with $00?\]"
429,disproved (Lean),14,1,,no,no,['number theory'],https://www.erdosproblems.com/429,"Is it true that, if $A\subseteq \mathbb{N}$ is sparse enough and does not cover all residue classes modulo $p$ for any prime $p$, then there exists some $n$ such that $n+a$ is prime for all $a\in A$?"
430,open,52,0,open,no,no,['number theory'],https://www.erdosproblems.com/430,"Fix some integer $n$ and define a decreasing sequence in $[1,n)$ by $a_1=n-1$ and, for $k\geq 2$, letting $a_k$ be the greatest integer in $[1,a_{k-1})$ such that all of the prime factors of $a_k$ are $>n-a_k$.
Is it true that, for sufficiently large $n$, not all of this sequence can be prime?"
431,open,53,0,open,no,no,"['number theory', 'primes']",https://www.erdosproblems.com/431,Are there two infinite sets $A$ and $B$ such that $A+B$ agrees with the set of prime numbers up to finitely many exceptions?
432,open,57,0,open,no,no,['number theory'],https://www.erdosproblems.com/432,"Let $A,B\subseteq \mathbb{N}$ be two infinite sets. How dense can $A+B$ be if all elements of $A+B$ are pairwise relatively prime?"
433,proved (Lean),5,4,,no,no,['number theory'],https://www.erdosproblems.com/433,"If $A\subset \mathbb{N}$ is a finite set then let $G(A)$ denote the greatest integer which is not expressible as a finite sum of elements from $A$ (with repetitions allowed). Let\[g(k,n)=\max G(A)\]where the maximum is taken over all $A\subseteq \{1,\ldots,n\}$ of size $\lvert A\rvert=k$ which has no common divisor. Is it true that\[g(k,n)\sim \frac{n^2}{k-1}?\]"
434,proved (Lean),7,8,,yes,no,['number theory'],https://www.erdosproblems.com/434,"Let $k\leq n$. What choice of $A\subseteq \{1,\ldots,n\}$ (with $\mathrm{gcd}(A)=1$) of size $\lvert A\rvert=k$ maximises the number of integers not representable as the sum of finitely many elements from $A$ (with repetitions allowed)? Is it $\{n,n-1,\ldots,n-k+1\}$?"
435,proved (Lean),6,8,,no,no,['number theory'],https://www.erdosproblems.com/435,Let $n\in\mathbb{N}$ with $n\neq p^k$ for any prime $p$ and $k\geq 0$. What is the largest integer not of the form\[\sum_{1\leq i<n}c_i\binom{n}{i}\]where the $c_i\geq 0$ are integers?
436,open,45,3,open,no,no,['number theory'],https://www.erdosproblems.com/436,"If $p$ is a prime and $k,m\geq 2$ then let $r(k,m,p)$ be the minimal $r$ such that $r,r+1,\ldots,r+m-1$ are all $k$th power residues modulo $p$. Let\[\Lambda(k,m)=\limsup_{p\to \infty} r(k,m,p).\]Is it true that $\Lambda(k,2)$ is finite for all $k$? Is $\Lambda(k,3)$ finite for all odd $k$? How large are they?"
437,proved,17,0,,no,no,['number theory'],https://www.erdosproblems.com/437,"Let $1\leq a_10$, there can be more than $x^{1-\epsilon}$ squares?"
438,solved,17,0,,no,no,['number theory'],https://www.erdosproblems.com/438,"How large can $A\subseteq \{1,\ldots,N\}$ be if $A+A$ contains no square numbers?"
439,proved,13,0,,no,no,"['number theory', 'ramsey theory']",https://www.erdosproblems.com/439,"Is it true that, in any finite colouring of the integers, there must be two integers $x\neq y$ of the same colour such that $x+y$ is a square? What about a $k$th power?"
440,solved,6,8,,no,no,['number theory'],https://www.erdosproblems.com/440,"Let $A=\{a_1<a_2<\cdots\}\subseteq \mathbb{N}$ be infinite and let $A(x)$ count the number of indices for which $\mathrm{lcm}(a_i,a_{i+1})\leq x$. Is it true that $A(x) \ll x^{1/2}$? 
How large can\[\liminf \frac{A(x)}{x^{1/2}}\]be?"
441,disproved,12,0,,no,no,['number theory'],https://www.erdosproblems.com/441,"Let $N\geq 1$. What is the size of the largest $A\subset \{1,\ldots,N\}$ such that $[a,b]\leq N$ for all $a,b\in A$, where $[a,b]$ is the least common multiple of $a$ and $b$?
Is it attained by choosing all integers in $[1,(N/2)^{1/2}]$ together with all even integers in $[(N/2)^{1/2},(2N)^{1/2}]$?"
442,disproved,18,0,,yes,no,['number theory'],https://www.erdosproblems.com/442,"Is it true that if $A\subseteq\mathbb{N}$ is such that\[\frac{1}{\log\log x}\sum_{n\in A\cap [1,x)}\frac{1}{n}\to \infty\]then\[\left(\sum_{n\in A\cap [1,x)}\frac{1}{n}\right)^{-2} \sum_{\substack{a,b\in A\cap (1,x]\\ a<b}}\frac{1}{\mathrm{lcm}(a,b)}\to \infty?\]"
443,proved (Lean),10,3,,no,no,['number theory'],https://www.erdosproblems.com/443,"Let $m,n\geq 1$. What is\[\# \{ k(m-k) : 1\leq k\leq m/2\} \cap \{ l(n-l) : 1\leq l\leq n/2\}?\]Can it be arbitrarily large? Is it $\leq (mn)^{o(1)}$ for all sufficiently large $m,n$?"
444,proved,21,0,,no,no,"['number theory', 'divisors']",https://www.erdosproblems.com/444,"Let $A\subseteq\mathbb{N}$ be infinite and $d_A(n)$ count the number of $a\in A$ which divide $n$. Is it true that, for every $k$,\[\limsup_{x\to \infty} \frac{\max_{n<x}d_A(n)}{\left(\sum_{n\in A\cap[1,x)}\frac{1}{n}\right)^k}=\infty?\]"
445,open,60,1,open,yes,no,['number theory'],https://www.erdosproblems.com/445,"Is it true that, for any $c>1/2$, if $p$ is a sufficiently large prime then, for any $n\geq 0$, there exist $a,b\in(n,n+p^c)$ such that $ab\equiv 1\pmod{p}$?"
446,solved,16,0,,no,no,"['number theory', 'divisors']",https://www.erdosproblems.com/446,"Let $\delta(n)$ denote the density of integers which are divisible by some integer in $(n,2n)$. What is the growth rate of $\delta(n)$?
If $\delta_1(n)$ is the density of integers which have exactly one divisor in $(n,2n)$ then is it true that $\delta_1(n)=o(\delta(n))$?"
447,proved (Lean),9,1,,no,no,['combinatorics'],https://www.erdosproblems.com/447,"How large can a union-free collection $\mathcal{F}$ of subsets of $[n]$ be? By union-free we mean there are no solutions to $A\cup B=C$ with distinct $A,B,C\in \mathcal{F}$. Must $\lvert \mathcal{F}\rvert =o(2^n)$? Perhaps even\[\lvert \mathcal{F}\rvert <(1+o(1))\binom{n}{\lfloor n/2\rfloor}?\]"
448,disproved,21,0,,no,no,"['number theory', 'divisors']",https://www.erdosproblems.com/448,"Let $\tau(n)$ count the divisors of $n$ and $\tau^+(n)$ count the number of $k$ such that $n$ has a divisor in $[2^k,2^{k+1})$. Is it true that, for all $\epsilon>0$,\[\tau^+(n) < \epsilon \tau(n)\]for almost all $n$?"
449,disproved,18,2,,no,no,"['number theory', 'divisors']",https://www.erdosproblems.com/449,"Let $r(n)$ count the number of $d_1,d_2$ such that $d_1\mid n$ and $d_2\mid n$ and $d_10$,\[r(n) < \epsilon \tau(n)\]for almost all $n$, where $\tau(n)$ is the number of divisors of $n$?"
450,open,61,0,open,no,no,"['number theory', 'divisors']",https://www.erdosproblems.com/450,"How large must $y=y(\epsilon,n)$ be such that the number of integers in $(x,x+y)$ with a divisor in $(n,2n)$ is at most $\epsilon y$?"
451,open,58,3,partial,no,no,['number theory'],https://www.erdosproblems.com/451,"Estimate $n_k$, the smallest integer $>2k$ such that $\prod_{1\leq i\leq k}(n_k-i)$ has no prime factor in $(k,2k)$."
452,open,57,0,open,no,no,['number theory'],https://www.erdosproblems.com/452,"Let $\omega(n)$ count the number of distinct prime factors of $n$. What is the size of the largest interval $I\subseteq [x,2x]$ such that $\omega(n)>\log\log n$ for all $n\in I$?"
453,disproved (Lean),14,1,,no,no,['number theory'],https://www.erdosproblems.com/453,"Is it true that, for all sufficiently large $n$, there exists some $i<n$ such that\[p_n^2 < p_{n+i}p_{n-i},\]where $p_k$ is the $k$th prime?"
454,open,56,1,open,yes,no,"['number theory', 'primes']",https://www.erdosproblems.com/454,"Let\[f(n) = \min_{i<n} (p_{n+i}+p_{n-i}),\]where $p_k$ is the $k$th prime. Is it true that\[\limsup_n (f(n)-2p_n)=\infty?\]"
455,open,63,0,open,yes,no,['number theory'],https://www.erdosproblems.com/455,Let $q_1<q_2<\cdots$ be a sequence of primes such that\[q_{n+1}-q_n\geq q_n-q_{n-1}.\]Must\[\lim_n \frac{q_n}{n^2}=\infty?\]
456,open,49,2,open,no,no,['number theory'],https://www.erdosproblems.com/456,"Let $p_n$ be the smallest prime $\equiv 1\pmod{n}$ and let $m_n$ be the smallest integer such that $n\mid \phi(m_n)$.
Is it true that $m_n<p_n$ for almost all $n$? Does $p_n/m_n\to \infty$ for almost all $n$? Are there infinitely many primes $p$ such that $p-1$ is the only $n$ for which $m_n=p$?"
457,proved (Lean),12,10,,yes,no,['number theory'],https://www.erdosproblems.com/457,Is there some $\epsilon>0$ such that there are infinitely many $n$ where all primes $p\leq (2+\epsilon)\log n$ divide\[\prod_{1\leq i\leq \log n}(n+i)?\]
458,falsifiable,81,1,open,yes,no,"['number theory', 'primes']",https://www.erdosproblems.com/458,"Let $[1,\ldots,n]$ denote the least common multiple of $\{1,\ldots,n\}$. Is it true that, for all $k\geq 1$,\[[1,\ldots,p_{k+1}-1]< p_k[1,\ldots,p_k]?\]"
459,solved (Lean),6,3,,no,no,"['number theory', 'primes']",https://www.erdosproblems.com/459,"Let $f(u)$ be the largest $v$ such that no $m\in (u,v)$ is composed entirely of primes dividing $uv$. Estimate $f(u)$."
460,open,41,22,open,no,no,['number theory'],https://www.erdosproblems.com/460,"Let $a_0=0$ and $a_1=1$, and in general define $a_k$ to be the least integer $>a_{k-1}$ for which $(n-a_k,n-a_i)=1$ for all $0\leq i<k$. Does\[\sum_{0<a_i< n}\frac{1}{a_i}\to \infty\]as $n\to \infty$? What about if we restrict the sum to those $i$ such that $n-a_j$ is divisible by some prime $\leq a_j$, or the complement of such $i$?"
461,open,48,0,open,no,no,"['number theory', 'primes']",https://www.erdosproblems.com/461,"Let $s_t(n)$ be the $t$-smooth component of $n$ - that is, the product of all primes $p$ (with multiplicity) dividing $n$ such that $p<t$. Let $f(n,t)$ count the number of distinct possible values for $s_t(m)$ for $m\in [n+1,n+t]$. Is it true that\[f(n,t)\gg t\](uniformly, for all $t$ and $n$)?"
462,open,50,1,open,no,no,"['number theory', 'primes']",https://www.erdosproblems.com/462,Let $p(n)$ denote the least prime factor of $n$. There is a constant $c>0$ such that\[\sum_{\substack{n0$ such that\[\sum_{x\leq n\leq x+Cx^{1/2}(\log x)^2}\frac{p(n)}{n} \gg 1\]for all large $x$?
463,open,59,0,open,yes,no,"['number theory', 'primes']",https://www.erdosproblems.com/463,"Is there a function $f$ with $f(n)\to \infty$ as $n\to \infty$ such that, for all large $n$, there is a composite number $m$ such that\[n+f(n)<m<n+p(m)?\](Here $p(m)$ is the least prime factor of $m$.)"
464,proved,17,0,,no,no,['number theory'],https://www.erdosproblems.com/464,"Let $A=\{n_10$ with $n_{k+1}\geq (1+\epsilon)n_k$ for all $k$). Must there exist an irrational $\theta$ such that\[\{ \|\theta n_k\| : k\geq 1\}\]is not dense in $[0,1]$ (where $\| x\|$ is the distance to the nearest integer)?"
465,proved,17,0,,no,no,['number theory'],https://www.erdosproblems.com/465,"Let $N(X,\delta)$ denote the maximum number of points $P_1,\ldots,P_n$ which can be chosen in a circle of radius $X$ such that\[\| \lvert P_i-P_j\rvert \| \geq \delta\]for all $1\leq i0$)\[N(X,\delta)<X^{1/2+o(1)}?\]"
466,proved,17,0,,no,no,['number theory'],https://www.erdosproblems.com/466,"Let $N(X,\delta)$ denote the maximum number of points $P_1,\ldots,P_n$ which can be chosen in a circle of radius $X$ such that\[\| \lvert P_i-P_j\rvert \| \geq \delta\]for all $1\leq i0$ such that\[\lim_{x\to \infty}N(X,\delta)=\infty?\]"
467,open,49,1,open,no,no,['number theory'],https://www.erdosproblems.com/467,"Prove the following for all large $x$: there is a choice of congruence classes $a_p$ for all primes $p\leq x$ and a decomposition $\{p\leq x\}=A\sqcup B$ into two non-empty sets such that, for all $n<x$, there exist some $p\in A$ and $q\in B$ such that $n\equiv a_p\pmod{p}$ and $n\equiv a_q\pmod{q}$."
468,open,49,7,open,no,no,"['number theory', 'divisors']",https://www.erdosproblems.com/468,"For any $n$ let $D_n$ be the set of sums of the shape $d_1,d_1+d_2,d_1+d_2+d_3,\ldots$ where $1<d_1<d_2<\cdots$ are the divisors of $n$. 
What is the size of $D_n\backslash \cup_{m<n}D_m$?
If $f(N)$ is the minimal $n$ such that $N\in D_n$ then is it true that $f(N)=o(N)$? Perhaps just for almost all $N$?"
469,open,64,2,open,yes,no,"['number theory', 'divisors']",https://www.erdosproblems.com/469,"Let $A$ be the set of all $n$ such that $n=d_1+\cdots+d_k$ with $d_i$ distinct proper divisors of $n$, but this is not true for any $m\mid n$ with $m<n$. Does\[\sum_{n\in A}\frac{1}{n}\]converge?"
470,open,56,2,open,yes,$10,"['number theory', 'divisors']",https://www.erdosproblems.com/470,"Call $n$ weird if $\sigma(n)\geq 2n$ and $n$ is not pseudoperfect, that is, it is not the sum of any set of its divisors.
Are there any odd weird numbers? Are there infinitely many primitive weird numbers, i.e. those such that no proper divisor of $n$ is weird?"
471,proved,9,2,,no,no,['number theory'],https://www.erdosproblems.com/471,"Given a finite set of primes $Q=Q_0$, define a sequence of sets $Q_i$ by letting $Q_{i+1}$ be $Q_i$ together with all primes formed by adding three distinct elements of $Q_i$. Is there some initial choice of $Q$ such that the $Q_i$ become arbitrarily large?"
472,open,54,1,open,no,no,['number theory'],https://www.erdosproblems.com/472,Given some initial finite sequence of primes $q_1<\cdots<q_m$ extend it so that $q_{n+1}$ is the smallest prime of the form $q_n+q_i-1$ for $n\geq m$. Is there an initial starting sequence so that the resulting sequence is infinite?
473,proved,10,3,,no,no,['number theory'],https://www.erdosproblems.com/473,"Is there a permutation $a_1,a_2,\ldots$ of the positive integers such that $a_k+a_{k+1}$ is always prime?"
474,not provable,7,1,open,no,$100,"['set theory', 'ramsey theory']",https://www.erdosproblems.com/474,"Under what set theoretic assumptions is it true that $\mathbb{R}^2$ can be $3$-coloured such that, for every uncountable $A\subseteq \mathbb{R}^2$, $A^2$ contains a pair of each colour?"
475,decidable,71,3,open,no,no,"['number theory', 'additive combinatorics']",https://www.erdosproblems.com/475,"Let $p$ be a prime. Given any finite set $A\subseteq \mathbb{F}_p\backslash \{0\}$, is there always a rearrangement $A=\{a_1,\ldots,a_t\}$ such that all partial sums $\sum_{1\leq k\leq m}a_{k}$ are distinct, for all $1\leq m\leq t$?"
476,proved (Lean),10,1,,no,no,"['number theory', 'additive combinatorics']",https://www.erdosproblems.com/476,"Let $A\subseteq \mathbb{F}_p$. Let\[A\hat{+}A = \{ a+b : a\neq b \in A\}.\]Is it true that\[\lvert A\hat{+}A\rvert \geq \min(2\lvert A\rvert-3,p)?\]"
477,open,52,8,open,yes,no,['number theory'],https://www.erdosproblems.com/477,Is there a polynomial $f:\mathbb{Z}\to \mathbb{Z}$ of degree at least $2$ and a set $A\subset \mathbb{Z}$ such that for any $n\in \mathbb{Z}$ there is exactly one $a\in A$ and $b\in \{ f(k) : k\in\mathbb{Z}\}$ such that $n=a+b$?
478,open,58,2,open,no,no,"['number theory', 'factorials']",https://www.erdosproblems.com/478,Let $p$ be a prime and\[A_p = \{ k! \pmod{p} : 1\leq k<p\}.\]Is it true that\[\lvert A_p\rvert \sim (1-\tfrac{1}{e})p?\]
479,open,56,3,open,yes,no,['number theory'],https://www.erdosproblems.com/479,"Is it true that, for all $k\neq 1$, there are infinitely many $n$ such that $2^n\equiv k\pmod{n}$?"
480,proved,20,2,,yes,no,['number theory'],https://www.erdosproblems.com/480,"Let $x_1,x_2,\ldots\in [0,1]$ be an infinite sequence. Is it true that\[\inf_n \liminf_{m\to \infty} n \lvert x_{m+n}-x_m\rvert\leq 5^{-1/2}\approx 0.447?\]"
481,proved (Lean),5,6,,no,no,['number theory'],https://www.erdosproblems.com/481,"Let $a_1,\ldots,a_r,b_1,\ldots,b_r\in \mathbb{N}$ such that $\sum_{i}\frac{1}{a_i}>1$. For any finite sequence of $n$ (not necessarily distinct) integers $A=(x_1,\ldots,x_n)$ let $T(A)$ denote the sequence of length $rn$ given by\[(a_ix_j+b_i)_{1\leq j\leq n, 1\leq i\leq r}.\]Prove that, if $A_1=(1)$ and $A_{i+1}=T(A_i)$, then there must be some $A_k$ with repeated elements."
482,solved,12,0,,no,no,['number theory'],https://www.erdosproblems.com/482,"Define a sequence by $a_1=1$ and\[a_{n+1}=\lfloor\sqrt{2}(a_n+1/2)\rfloor\]for $n\geq 1$. The difference $a_{2n+1}-2a_{2n-1}$ is the $n$th digit in the binary expansion of $\sqrt{2}$.
Find similar results for $\theta=\sqrt{m}$, and other algebraic numbers."
483,open,42,4,open,no,no,"['number theory', 'additive combinatorics', 'ramsey theory']",https://www.erdosproblems.com/483,"Let $f(k)$ be the minimal $N$ such that if $\{1,\ldots,N\}$ is $k$-coloured then there is a monochromatic solution to $a+b=c$. Estimate $f(k)$. In particular, is it true that $f(k) 0$?"
484,proved (Lean),1,1,,no,no,"['number theory', 'additive combinatorics', 'ramsey theory']",https://www.erdosproblems.com/484,"Prove that there exists an absolute constant $c>0$ such that, whenever $\{1,\ldots,N\}$ is $k$-coloured (and $N$ is large enough depending on $k$) then there are at least $cN$ many integers in $\{1,\ldots,N\}$ which are representable as a monochromatic sum (that is, $a+b$ where $a,b\in \{1,\ldots,N\}$ are in the same colour class and $a\neq b$)."
485,proved,14,1,,no,no,"['analysis', 'polynomials']",https://www.erdosproblems.com/485,"Let $f(k)$ be the minimum number of terms in $P(x)^2$, where $P\in \mathbb{Q}[x]$ ranges over all polynomials with exactly $k$ non-zero terms. Is it true that $f(k)\to\infty$ as $k\to \infty$?"
486,open,47,8,open,yes,no,"['number theory', 'primitive sets']",https://www.erdosproblems.com/486,"Let $A\subseteq \mathbb{N}$, and for each $n\in A$ choose some $X_n\subseteq \mathbb{Z}/n\mathbb{Z}$. Let\[B = \{ m\in \mathbb{N} : m\not\in X_n\pmod{n}\textrm{ for all }n\in A\textrm{ with }m>n\}.\]Must $B$ have a logarithmic density, i.e. is it true that\[\lim_{x\to \infty} \frac{1}{\log x}\sum_{\substack{m\in B\\ m<x}}\frac{1}{m}\]exists?"
487,proved (Lean),14,2,,no,no,['number theory'],https://www.erdosproblems.com/487,"Let $A\subseteq \mathbb{N}$ have positive density. Must there exist distinct $a,b,c\in A$ such that $[a,b]=c$ (where $[a,b]$ is the least common multiple of $a$ and $b$)?"
488,falsifiable,77,28,open,yes,no,['number theory'],https://www.erdosproblems.com/488,"Let $A$ be a finite set and\[B=\{ n \geq 1 : a\mid n\textrm{ for some }a\in A\}.\]Is it true that, for every $m>n\geq \max(A)$,\[\frac{\lvert B\cap [1,m]\rvert }{m}< 2\frac{\lvert B\cap [1,n]\rvert}{n}?\]"
489,open,51,3,open,yes,no,['number theory'],https://www.erdosproblems.com/489,"Let $A\subseteq \mathbb{N}$ be a set such that $\lvert A\cap [1,x]\rvert=o(x^{1/2})$. Let\[B=\{ n\geq 1 : a\nmid n\textrm{ for all }a\in A\}.\]If $B=\{b_1<b_2<\cdots\}$ then is it true that\[\lim \frac{1}{x}\sum_{b_i<x}(b_{i+1}-b_i)^2\]exists (and is finite)?"
490,proved,17,0,,no,no,['number theory'],https://www.erdosproblems.com/490,"Let $A,B\subseteq \{1,\ldots,N\}$ be such that all the products $ab$ with $a\in A$ and $b\in B$ are distinct. Is it true that\[\lvert A\rvert \lvert B\rvert \ll \frac{N^2}{\log N}?\]"
491,proved,17,0,,no,no,['number theory'],https://www.erdosproblems.com/491,"Let $f:\mathbb{N}\to \mathbb{R}$ be an additive function (i.e. $f(ab)=f(a)+f(b)$ whenever $(a,b)=1$). If there is a constant $c$ such that $\lvert f(n+1)-f(n)\rvert <c$ for all $n$ then must there exist some $c'$ such that\[f(n)=c'\log n+O(1)?\]"
492,disproved,12,0,,no,no,['number theory'],https://www.erdosproblems.com/492,"Let $A=\{a_1<a_2<\cdots\}\subseteq \mathbb{N}$ be infinite such that $a_{i+1}/a_i\to 1$. For any $x\geq a_1$ let\[f(x) = \frac{x-a_i}{a_{i+1}-a_i}\in [0,1),\]where $x\in [a_i,a_{i+1})$. Is it true that, for almost all $\alpha$, the sequence $f(\alpha n)$ is uniformly distributed in $[0,1)$?"
493,proved (Lean),10,4,,no,no,['number theory'],https://www.erdosproblems.com/493,Does there exist a $k$ such that every sufficiently large integer can be written in the form\[\prod_{i=1}^k a_i - \sum_{i=1}^k a_i\]for some integers $a_i\geq 2$?
494,proved,12,3,,yes,no,"['analysis', 'additive combinatorics']",https://www.erdosproblems.com/494,If $A\subset \mathbb{C}$ is a finite set and $k\geq 1$ then let\[A_k = \{ z_1+\cdots+z_k : z_i\in A\textrm{ distinct}\}.\]For $k>2$ does the multiset $A_k$ (together with the size of $A$) uniquely determine the set $A$?
495,open,63,0,open,yes,no,"['diophantine approximation', 'number theory']",https://www.erdosproblems.com/495,"Let $\alpha,\beta \in \mathbb{R}$. Is it true that\[\liminf_{n\to \infty} n \| n\alpha \| \| n\beta\| =0\]where $\|x\|$ is the distance from $x$ to the nearest integer?"
496,proved,17,0,,no,no,"['number theory', 'diophantine approximation']",https://www.erdosproblems.com/496,"Let $\alpha \in \mathbb{R}$ be irrational and $\epsilon>0$. Are there positive integers $x,y,z$ such that\[\lvert x^2+y^2-z^2\alpha\rvert <\epsilon?\]"
497,solved (Lean),14,1,,no,no,['combinatorics'],https://www.erdosproblems.com/497,"How many antichains in $[n]$ are there? That is, how many families of subsets of $[n]$ are there such that, if $\mathcal{F}$ is such a family and $A,B\in \mathcal{F}$, then $A\not\subseteq B$?"
498,proved (Lean),9,1,,no,no,"['combinatorics', 'analysis']",https://www.erdosproblems.com/498,"Let $z_1,\ldots,z_n\in\mathbb{C}$ with $1\leq \lvert z_i\rvert$ for $1\leq i\leq n$. Let $D$ be an arbitrary disc of radius $1$. Is it true that the number of sums of the shape\[\sum_{i=1}^n\epsilon_iz_i \textrm{ for }\epsilon_i\in \{-1,1\}\]which lie in $D$ is at most $\binom{n}{\lfloor n/2\rfloor}$?"
499,proved (Lean),20,1,,yes,no,['combinatorics'],https://www.erdosproblems.com/499,Let $M=(a_{ij})$ be a real $n\times n$ doubly stochastic matrix (i.e. the entries are non-negative and each column and row sums to $1$). Does there exist some $\sigma\in S_n$ such that\[\prod_{1\leq i\leq n}a_{i\sigma(i)}\geq n^{-n}?\]
500,open,58,0,open,no,$500,"['graph theory', 'hypergraphs', 'turan number']",https://www.erdosproblems.com/500,"What is $\mathrm{ex}_3(n,K_4^3)$? That is, the largest number of $3$-edges which can placed on $n$ vertices so that there exists no $K_4^3$, a set of 4 vertices which is covered by all 4 possible $3$-edges."
501,open,41,8,open,no,no,"['combinatorics', 'set theory']",https://www.erdosproblems.com/501,"For every $x\in\mathbb{R}$ let $A_x\subset \mathbb{R}$ be a bounded set with outer measure $<1$. Must there exist an infinite independent set, that is, some infinite $X\subseteq \mathbb{R}$ such that $x\not\in A_y$ for all $x\neq y\in X$?
If the sets $A_x$ are closed and have measure $<1$, then must there exist an independent set of size $3$?"
502,solved (Lean),14,1,,no,no,"['geometry', 'distances']",https://www.erdosproblems.com/502,"What is the size of the largest $A\subseteq \mathbb{R}^n$ such that there are only two distinct distances between elements of $A$? That is,\[\# \{ \lvert x-y\rvert : x\neq y\in A\} = 2.\]"
503,open,51,5,open,yes,no,"['geometry', 'distances']",https://www.erdosproblems.com/503,"What is the size of the largest $A\subseteq \mathbb{R}^d$ such that every three points from $A$ determine an isosceles triangle? That is, for any three points $x,y,z$ from $A$, at least two of the distances $\lvert x-y\rvert,\lvert y-z\rvert,\lvert x-z\rvert$ are equal."
504,solved,12,0,,no,no,['geometry'],https://www.erdosproblems.com/504,"Let $\alpha_n$ be the supremum of all $0\leq \alpha\leq \pi$ such that in every set $A\subset \mathbb{R}^2$ of size $n$ there exist three distinct points $x,y,z\in A$ such that the angle determined by $xyz$ is at least $\alpha$. Determine $\alpha_n$."
505,disproved (Lean),14,1,,no,no,['geometry'],https://www.erdosproblems.com/505,Is every set of diameter $1$ in $\mathbb{R}^n$ the union of at most $n+1$ sets of diameter $<1$?
506,decidable,79,1,,no,no,['geometry'],https://www.erdosproblems.com/506,"What is the minimum number of circles determined by any $n$ points in $\mathbb{R}^2$, not all on a circle?"
507,open,63,0,open,yes,no,['geometry'],https://www.erdosproblems.com/507,Let $\alpha(n)$ be such that every set of $n$ points in the unit disk contains three points which determine a triangle of area at most $\alpha(n)$. Estimate $\alpha(n)$.
508,open,56,1,open,yes,no,"['geometry', 'ramsey theory']",https://www.erdosproblems.com/508,"What is the chromatic number of the plane? That is, what is the smallest number of colours required to colour $\mathbb{R}^2$ such that no two points of the same colour are distance $1$ apart?"
509,open,63,0,open,yes,no,['analysis'],https://www.erdosproblems.com/509,Let $f(z)\in\mathbb{C}[z]$ be a monic non-constant polynomial. Can the set\[\{ z\in \mathbb{C} : \lvert f(z)\rvert \leq 1\}\]be covered by a set of circles the sum of whose radii is $\leq 2$?
510,open,60,1,open,yes,no,['analysis'],https://www.erdosproblems.com/510,If $A\subset \mathbb{Z}$ is a finite set of size $N$ then is there some absolute constant $c>0$ and $\theta$ such that\[\sum_{n\in A}\cos(n\theta) < -cN^{1/2}?\]
511,disproved,10,6,,no,no,['analysis'],https://www.erdosproblems.com/511,"Let $f(z)\in \mathbb{C}[z]$ be a monic polynomial of degree $n$. Is it true that, for every $c>1$, the set\[\{ z\in \mathbb{C} : \lvert f(z)\rvertc$ (where the implied constant is in particular independent of $n$)?"
512,proved,17,0,,no,no,['analysis'],https://www.erdosproblems.com/512,"Is it true that, if $A\subset \mathbb{Z}$ is a finite set of size $N$, then\[\int_0^1 \left\lvert \sum_{n\in A}e(n\theta)\right\rvert \mathrm{d}\theta \gg \log N,\]where $e(x)=e^{2\pi ix }$?"
513,open,56,6,open,yes,no,['analysis'],https://www.erdosproblems.com/513,Let $f=\sum_{n=0}^\infty a_nz^n$ be a transcendental entire function. What is the greatest possible value of\[\liminf_{r\to \infty} \frac{\max_n\lvert a_nr^n\rvert}{\max_{\lvert z\rvert=r}\lvert f(z)\rvert}?\]
514,open,45,3,open,no,no,['analysis'],https://www.erdosproblems.com/514,"Let $f(z)$ be an entire transcendental function. Does there exist a path $L$ so that, for every $n$,\[\lvert f(z)/z^n\rvert \to \infty\]as $z\to \infty$ along $L$?
Can the length of this path be estimated in terms of $M(r)=\max_{\lvert z\rvert=r}\lvert f(z)\rvert$? Does there exist a path along which $\lvert f(z)\rvert$ tends to $\infty$ faster than a fixed function of $M(r)$ (such that $M(r)^\epsilon$)?"
515,proved,14,2,,no,no,['analysis'],https://www.erdosproblems.com/515,"Let $f(z)$ be an entire function, not a polynomial. Does there exist a locally rectifiable path $C$ tending to infinity such that, for every $\lambda>0$, the integral\[\int_C \lvert f(z)\rvert^{-\lambda} \mathrm{d}z\]is finite?"
516,proved,11,4,,yes,no,['analysis'],https://www.erdosproblems.com/516,Let $f(z)=\sum_{k\geq 1}a_k z^{n_k}$ be an entire function of finite order such that $\lim n_k/k=\infty$. Let $M(r)=\max_{\lvert z\rvert=r}\lvert f(z)\rvert$ and $m(r)=\min_{\lvert z\rvert=r}\lvert f(z)\rvert$. Is it true that\[\limsup\frac{\log m(r)}{\log M(r)}=1?\]
517,open,60,1,open,yes,no,['analysis'],https://www.erdosproblems.com/517,Let $f(z)=\sum_{k=1}^\infty a_kz^{n_k}$ be an entire function (with $a_k\neq 0$ for all $k\geq 1$). Is it true that if $n_k/k\to \infty$ then $f(z)$ assumes every value infinitely often?
518,proved,17,0,,no,no,"['graph theory', 'ramsey theory']",https://www.erdosproblems.com/518,"Is it true that, in any two-colouring of the edges of $K_n$, there exist $\sqrt{n}$ monochromatic paths, all of the same colour, which cover all vertices?"
519,proved (Lean),10,3,,no,no,['analysis'],https://www.erdosproblems.com/519,"Let $z_1,\ldots,z_n\in \mathbb{C}$ with $z_1=1$. Must there exist an absolute constant $c>0$ such that\[\max_{1\leq k\leq n}\left\lvert \sum_{i}z_i^k\right\rvert>c?\]"
520,open,62,0,open,yes,no,"['number theory', 'probability']",https://www.erdosproblems.com/520,"Let $f$ be a Rademacher multiplicative function: a random $\{-1,0,1\}$-valued multiplicative function, where for each prime $p$ we independently choose $f(p)\in \{-1,1\}$ uniformly at random, and for square-free integers $n$ we extend $f(p_1\cdots p_r)=f(p_1)\cdots f(p_r)$ (and $f(n)=0$ if $n$ is not squarefree). Does there exist some constant $c>0$ such that, almost surely,\[\limsup_{N\to \infty}\frac{\sum_{m\leq N}f(m)}{\sqrt{N\log\log N}}=c?\]"
521,open,53,19,partial,no,no,"['analysis', 'polynomials', 'probability']",https://www.erdosproblems.com/521,"Let $(\epsilon_k)_{k\geq 0}$ be independently uniformly chosen at random from $\{-1,1\}$. If $R_n$ counts the number of real roots of $f_n(z)=\sum_{0\leq k\leq n}\epsilon_k z^k$ then is it true that, almost surely,\[\lim_{n\to \infty}\frac{R_n}{\log n}=\frac{2}{\pi}?\]"
522,open,51,22,claimed,yes,no,"['analysis', 'polynomials', 'probability']",https://www.erdosproblems.com/522,"Let $f(z)=\sum_{0\leq k\leq n} \epsilon_k z^k$ be a random polynomial, where $\epsilon_k\in \{-1,1\}$ independently uniformly at random for $0\leq k\leq n$. 
Is it true that, if $R_n$ is the number of roots of $f(z)$ in $\{ z\in \mathbb{C} : \lvert z\rvert \leq 1\}$, then\[\frac{R_n}{n/2}\to 1\]almost surely?"
523,proved,16,0,,no,no,"['analysis', 'probability', 'polynomials']",https://www.erdosproblems.com/523,"Let $f(z)=\sum_{0\leq k\leq n} \epsilon_k z^k$ be a random polynomial, where $\epsilon_k\in \{-1,1\}$ independently uniformly at random for $0\leq k\leq n$. 
Does there exist some constant $C>0$ such that, almost surely,\[\max_{\lvert z\rvert=1}\left\lvert \sum_{k\leq n}\epsilon_k(t)z^k\right\rvert=(C+o(1))\sqrt{n\log n}?\]"
524,open,53,11,partial,no,no,"['analysis', 'probability', 'polynomials']",https://www.erdosproblems.com/524,"For any $t\in (0,1)$ let $t=\sum_{k=1}^\infty \epsilon_k(t)2^{-k}$ (where $\epsilon_k(t)\in \{0,1\}$). What is the correct order of magnitude (for almost all $t\in(0,1)$) for\[M_n(t)=\max_{x\in [-1,1]}\left\lvert \sum_{k\leq n}(-1)^{\epsilon_k(t)}x^k\right\rvert?\]"
525,proved,21,0,,no,no,"['analysis', 'probability', 'polynomials']",https://www.erdosproblems.com/525,"Is it true that all except at most $o(2^n)$ many degree $n$ polynomials with $\pm 1$-valued coefficients $f(z)$ have $\lvert f(z)\rvert <1$ for some $\lvert z\rvert=1$?
What is the behaviour of\[m(f)=\min_{\lvert z\rvert=1}\lvert f(z)\rvert?\]"
526,solved,16,0,,no,no,"['probability', 'geometry']",https://www.erdosproblems.com/526,"Let $a_n\geq 0$ with $a_n\to 0$ and $\sum a_n=\infty$. Find a necessary and sufficient condition on the $a_n$ such that, if we choose (independently and uniformly) random arcs on the unit circle of length $a_n$, then all the circle is covered with probability $1$."
527,proved,9,3,,no,no,"['analysis', 'probability']",https://www.erdosproblems.com/527,"Let $a_n\in \mathbb{R}$ be such that $\sum_n \lvert a_n\rvert^2=\infty$ and $\lvert a_n\rvert=o(1/\sqrt{n})$. Is it true that, for almost all $\epsilon_n=\pm 1$, there exists some $z$ with $\lvert z\rvert=1$ (depending on the choice of signs) such that\[\sum_n \epsilon_n a_n z^n\]converges?"
528,open,54,1,open,no,no,['geometry'],https://www.erdosproblems.com/528,"Let $f(n,k)$ count the number of self-avoiding walks of $n$ steps (beginning at the origin) in $\mathbb{Z}^k$ (i.e. those walks which do not intersect themselves). Determine\[C_k=\lim_{n\to\infty}f(n,k)^{1/n}.\]"
529,open,53,2,open,no,no,"['geometry', 'probability']",https://www.erdosproblems.com/529,"Let $d_k(n)$ be the expected distance from the origin after taking $n$ random steps from the origin in $\mathbb{Z}^k$ (conditional on no self intersections) - that is, a self-avoiding walk. Is it true that\[\lim_{n\to \infty}\frac{d_2(n)}{n^{1/2}}= \infty?\]Is it true that\[d_k(n)\ll n^{1/2}\]for $k\geq 3$?"
530,open,52,0,open,no,no,"['number theory', 'sidon sets']",https://www.erdosproblems.com/530,"Let $\ell(N)$ be maximal such that in any finite set $A\subset \mathbb{R}$ of size $N$ there exists a Sidon subset $S$ of size $\ell(N)$ (i.e. the only solutions to $a+b=c+d$ in $S$ are the trivial ones). Determine the order of $\ell(N)$.
In particular, is it true that $\ell(N)\sim N^{1/2}$?"
531,open,53,0,open,no,no,"['number theory', 'ramsey theory']",https://www.erdosproblems.com/531,"Let $F(k)$ be the minimal $N$ such that if we two-colour $\{1,\ldots,N\}$ there is a set $A$ of size $k$ such that all subset sums $\sum_{a\in S}a$ (for $\emptyset\neq S\subseteq A$) are monochromatic. Estimate $F(k)$."
532,proved (Lean),10,1,,no,no,"['number theory', 'ramsey theory']",https://www.erdosproblems.com/532,If $\mathbb{N}$ is 2-coloured then is there some infinite set $A\subseteq \mathbb{N}$ such that all finite subset sums\[ \sum_{n\in S}n\](as $S$ ranges over all non-empty finite subsets of $A$) are monochromatic?
533,disproved,14,6,,no,no,['graph theory'],https://www.erdosproblems.com/533,Let $\delta>0$. If $n$ is sufficiently large and $G$ is a graph on $n$ vertices with no $K_5$ and at least $\delta n^2$ edges then $G$ contains a set of $\gg_\delta n$ vertices containing no triangle.
534,solved,17,0,,no,no,"['number theory', 'intersecting family']",https://www.erdosproblems.com/534,"What is the largest possible subset $A\subseteq\{1,\ldots,N\}$ which contains $N$ such that $\mathrm{gcd}(a,b)>1$ for all $a\neq b\in A$?"
535,open,60,2,open,yes,no,['number theory'],https://www.erdosproblems.com/535,"Let $r\geq 3$, and let $f_r(N)$ denote the size of the largest subset of $\{1,\ldots,N\}$ such that no subset of size $r$ has the same pairwise greatest common divisor between all elements. Estimate $f_r(N)$."
536,open,56,3,open,yes,no,['number theory'],https://www.erdosproblems.com/536,"Let $\epsilon>0$ and $N$ be sufficiently large. Is it true that if $A\subseteq \{1,\ldots,N\}$ has size at least $\epsilon N$ then there must be distinct $a,b,c\in A$ such that\[[a,b]=[b,c]=[a,c],\]where $[a,b]$ denotes the least common multiple?"
537,disproved (Lean),10,3,,no,no,['number theory'],https://www.erdosproblems.com/537,"Let $\epsilon>0$ and $N$ be sufficiently large. If $A\subseteq \{1,\ldots,N\}$ has $\lvert A\rvert \geq \epsilon N$ then must there exist $a_1,a_2,a_3\in A$ and distinct primes $p_1,p_2,p_3$ such that\[a_1p_1=a_2p_2=a_3p_3?\]"
538,open,57,0,open,no,no,['number theory'],https://www.erdosproblems.com/538,"Let $r\geq 2$ and suppose that $A\subseteq\{1,\ldots,N\}$ is such that, for any $m$, there are at most $r$ solutions to $m=pa$ where $p$ is prime and $a\in A$. Give the best possible upper bound for\[\sum_{n\in A}\frac{1}{n}.\]"
539,open,60,1,open,yes,no,['number theory'],https://www.erdosproblems.com/539,"Let $h(n)$ be such that, for any set $A\subseteq \mathbb{N}$ of size $n$, the set\[\left\{ \frac{a}{(a,b)}: a,b\in A\right\}\]has size at least $h(n)$. Estimate $h(n)$."
540,proved (Lean),14,2,,no,no,['number theory'],https://www.erdosproblems.com/540,Is it true that if $A\subseteq \mathbb{Z}/N\mathbb{Z}$ has size $\gg N^{1/2}$ then there exists some non-empty $S\subseteq A$ such that $\sum_{n\in S}n\equiv 0\pmod{N}$?
541,proved (Lean),11,5,,yes,no,['number theory'],https://www.erdosproblems.com/541,"Let $a_1,\ldots,a_p$ be (not necessarily distinct) residues modulo $p$, such that there exists some $r$ so that if $S\subseteq [p]$ is non-empty and\[\sum_{i\in S}a_i\equiv 0\pmod{p}\]then $\lvert S\rvert=r$. Must there be at most two distinct residues amongst the $a_i$?"
542,solved,5,3,,no,no,['number theory'],https://www.erdosproblems.com/542,"Is it true that if $A\subseteq\{1,\ldots,n\}$ is a set such that $[a,b]>n$ for all $a\neq b$, where $[a,b]$ is the least common multiple, then\[\sum_{a\in A}\frac{1}{a}\leq \frac{31}{30}?\]Is it true that there must be $\gg n$ many $m\leq n$ which do not divide any $a\in A$?"
543,disproved,1,30,,no,no,"['number theory', 'group theory']",https://www.erdosproblems.com/543,"Define $f(N)$ be the minimal $k$ such that the following holds: if $G$ is an abelian group of size $N$ and $A\subseteq G$ is a random set of size $k$ then, with probability $\geq 1/2$, all elements of $G$ can be written as $\sum_{x\in S}x$ for some $S\subseteq A$. Is\[f(N) \leq \log_2 N+o(\log\log N)?\]"
544,open,54,2,open,no,no,"['graph theory', 'ramsey theory']",https://www.erdosproblems.com/544,"Show that\[R(3,k+1)-R(3,k)\to\infty\]as $k\to \infty$. Similarly, prove or disprove that\[R(3,k+1)-R(3,k)=o(k).\]"
545,open,41,16,open,no,no,"['graph theory', 'ramsey theory']",https://www.erdosproblems.com/545,"Let $G$ be a graph with $m$ edges and no isolated vertices. Is the Ramsey number $R(G)$ maximised when $G$ is 'as complete as possible'? That is, if $m=\binom{n}{2}+t$ edges with $0\leq t<n$ then is\[R(G)\leq R(H),\]where $H$ is the graph formed by connecting a new vertex to $t$ of the vertices of $K_n$?"
546,proved,17,0,,no,no,"['graph theory', 'ramsey theory']",https://www.erdosproblems.com/546,Let $G$ be a graph with no isolated vertices and $m$ edges. Is it true that\[R(G) \leq 2^{O(m^{1/2})}?\]
547,decidable,79,2,,no,no,"['graph theory', 'ramsey theory']",https://www.erdosproblems.com/547,If $T$ is a tree on $n$ vertices then\[R(T) \leq 2n-2.\]
548,falsifiable,83,1,open,no,no,['graph theory'],https://www.erdosproblems.com/548,Let $n\geq k+1$. Every graph on $n$ vertices with at least $\frac{k-1}{2}n+1$ edges contains every tree on $k+1$ vertices.
549,disproved,14,1,,no,no,"['graph theory', 'ramsey theory']",https://www.erdosproblems.com/549,If $T$ is a tree which is a bipartite graph with $k$ vertices and $2k$ vertices in the other class then\[R(T)=4k-1.\]
550,open,57,0,open,no,no,"['graph theory', 'ramsey theory']",https://www.erdosproblems.com/550,"Let $m_1\leq\cdots\leq m_k$ and $n$ be sufficiently large. If $T$ is a tree on $n$ vertices and $G$ is the complete multipartite graph with vertex class sizes $m_1,\ldots,m_k$ then prove that\[R(T,G)\leq (\chi(G)-1)(R(T,K_{m_1,m_2})-1)+m_1.\]"
551,decidable,79,1,,no,no,"['graph theory', 'ramsey theory']",https://www.erdosproblems.com/551,"Prove that\[R(C_k,K_n)=(k-1)(n-1)+1\]for $k\geq n\geq 3$ (except when $n=k=3$)."
552,open,54,1,open,no,no,"['graph theory', 'ramsey theory']",https://www.erdosproblems.com/552,"Determine the Ramsey number\[R(C_4,S_n),\]where $S_n=K_{1,n}$ is the star on $n+1$ vertices.
In particular, is it true that, for any $c>0$, there are infinitely many $n$ such that\[R(C_4,S_n)\leq n+\sqrt{n}-c?\]"
553,proved,12,0,,no,no,"['graph theory', 'ramsey theory']",https://www.erdosproblems.com/553,"Let $R(3,3,n)$ denote the smallest integer $m$ such that if we $3$-colour the edges of $K_m$ then there is either a monochromatic triangle in one of the first two colours or a monochromatic $K_n$ in the third colour. Define $R(3,n)$ similarly but with two colours. Show that\[\frac{R(3,3,n)}{R(3,n)}\to \infty\]as $n\to \infty$."
554,open,57,0,open,no,no,"['graph theory', 'ramsey theory']",https://www.erdosproblems.com/554,Let $R_k(G)$ denote the minimal $m$ such that if the edges of $K_m$ are $k$-coloured then there is a monochromatic copy of $G$. Show that\[\lim_{k\to \infty}\frac{R_k(C_{2n+1})}{R_k(K_3)}=0\]for any $n\geq 2$.
555,open,54,1,open,no,no,"['graph theory', 'ramsey theory']",https://www.erdosproblems.com/555,Let $R_k(G)$ denote the minimal $m$ such that if the edges of $K_m$ are $k$-coloured then there is a monochromatic copy of $G$. Determine the value of\[R_k(C_{2n}).\]
556,decidable,79,1,,no,no,"['graph theory', 'ramsey theory']",https://www.erdosproblems.com/556,Let $R_3(G)$ denote the minimal $m$ such that if the edges of $K_m$ are $3$-coloured then there must be a monochromatic copy of $G$. Show that\[R_3(C_n) \leq 4n-3.\]
557,open,50,4,open,no,no,"['graph theory', 'ramsey theory']",https://www.erdosproblems.com/557,Let $R_k(G)$ denote the minimal $m$ such that if the edges of $K_m$ are $k$-coloured then there is a monochromatic copy of $G$. Is it true that\[R_k(T)\leq kn+O(1)\]for any tree $T$ on $n$ vertices?
558,open,52,0,open,no,no,"['graph theory', 'ramsey theory']",https://www.erdosproblems.com/558,"Let $R_k(G)$ denote the minimal $m$ such that if the edges of $K_m$ are $k$-coloured then there is a monochromatic copy of $G$. Determine\[R_k(K_{s,t})\]where $K_{s,t}$ is the complete bipartite graph with $s$ vertices in one component and $t$ in the other."
559,disproved,10,3,,no,no,"['graph theory', 'ramsey theory']",https://www.erdosproblems.com/559,"Let $\hat{R}(G)$ denote the size Ramsey number, the minimal number of edges $m$ such that there is a graph $H$ with $m$ edges that is Ramsey for $G$.
If $G$ has $n$ vertices and maximum degree $d$ then prove that\[\hat{R}(G)\ll_d n.\]"
560,open,52,0,open,no,no,"['graph theory', 'ramsey theory']",https://www.erdosproblems.com/560,"Let $\hat{R}(G)$ denote the size Ramsey number, the minimal number of edges $m$ such that there is a graph $H$ with $m$ edges such that in any $2$-colouring of the edges of $H$ there is a monochromatic copy of $G$. 
Determine\[\hat{R}(K_{n,n}),\]where $K_{n,n}$ is the complete bipartite graph with $n$ vertices in each component."
561,open,49,2,open,no,no,"['graph theory', 'ramsey theory']",https://www.erdosproblems.com/561,"Let $\hat{R}(G)$ denote the size Ramsey number, the minimal number of edges $m$ such that there is a graph $H$ with $m$ edges such that in any $2$-colouring of the edges of $H$ there is a monochromatic copy of $G$. 
Let $F_1$ and $F_2$ be the union of stars. More precisely, let $F_1=\cup_{i\leq s} K_{1,n_i}$ and $F_2=\cup_{j\leq t} K_{1,m_j}$ with $n_1\geq \cdots \geq n_s\geq 1$ and $m_1\geq \cdots \geq m_t\geq 1$. Prove that\[\hat{R}(F_1,F_2) = \sum_{2\leq k\leq s+t}l_k\]where\[l_k=\max\{n_i+m_j-1 : i+j=k\}.\]"
562,open,58,0,open,yes,no,"['graph theory', 'ramsey theory', 'hypergraphs']",https://www.erdosproblems.com/562,"Let $R_r(n)$ denote the $r$-uniform hypergraph Ramsey number: the minimal $m$ such that if we $2$-colour all edges of the complete $r$-uniform hypergraph on $m$ vertices then there must be some monochromatic copy of the complete $r$-uniform hypergraph on $n$ vertices.
Prove that, for $r\geq 3$,\[\log_{r-1} R_r(n) \asymp_r n,\]where $\log_{r-1}$ denotes the $(r-1)$-fold iterated logarithm. That is, does $R_r(n)$ grow like\[2^{2^{\cdots n}}\]where the tower of exponentials has height $r-1$?"
563,open,49,2,open,no,no,"['graph theory', 'ramsey theory', 'hypergraphs']",https://www.erdosproblems.com/563,"Let $F(n,\alpha)$ denote the smallest $m$ such that there exists a $2$-colouring of the edges of $K_n$ so that every $X\subseteq [n]$ with $\lvert X\rvert\geq m$ contains more than $\alpha \binom{\lvert X\rvert}{2}$ many edges of each colour. 
Prove that, for every $0\leq \alpha< 1/2$,\[F(n,\alpha)\sim c_\alpha\log n\]for some constant $c_\alpha$ depending only on $\alpha$."
564,open,55,0,open,yes,$500,"['graph theory', 'ramsey theory', 'hypergraphs']",https://www.erdosproblems.com/564,"Let $R_3(n)$ be the minimal $m$ such that if the edges of the $3$-uniform hypergraph on $m$ vertices are $2$-coloured then there is a monochromatic copy of the complete $3$-uniform hypergraph on $n$ vertices.
Is there some constant $c>0$ such that\[R_3(n) \geq 2^{2^{cn}}?\]"
565,proved,12,0,,no,no,"['graph theory', 'ramsey theory']",https://www.erdosproblems.com/565,"Let $R^*(G)$ be the induced Ramsey number: the minimal $m$ such that there is a graph $H$ on $m$ vertices such that any $2$-colouring of the edges of $H$ contains an induced monochromatic copy of $G$.
Is it true that\[R^*(G) \leq 2^{O(n)}\]for any graph $G$ on $n$ vertices?"
566,open,63,0,open,yes,no,"['graph theory', 'ramsey theory']",https://www.erdosproblems.com/566,"Let $G$ be such that any subgraph on $k$ vertices has at most $2k-3$ edges. Is it true that, if $H$ has $m$ edges and no isolated vertices, then\[R(G,H)\ll m?\]"
567,open,60,1,open,yes,no,"['graph theory', 'ramsey theory']",https://www.erdosproblems.com/567,"Let $G$ be either $Q_3$ or $K_{3,3}$ or $H_5$ (the last formed by adding two vertex-disjoint chords to $C_5$). Is it true that, if $H$ has $m$ edges and no isolated vertices, then\[R(G,H)\ll m?\]"
568,open,57,0,open,no,no,"['graph theory', 'ramsey theory']",https://www.erdosproblems.com/568,"Let $G$ be a graph such that $R(G,T_n)\ll n$ for any tree $T_n$ on $n$ vertices and $R(G,K_n)\ll n^2$. Is it true that, for any $H$ with $m$ edges and no isolated vertices,\[R(G,H)\ll m?\]"
569,open,54,2,open,no,no,"['graph theory', 'ramsey theory']",https://www.erdosproblems.com/569,"Let $k\geq 1$. What is the best possible $c_k$ such that\[R(C_{2k+1},H)\leq c_k m\]for any graph $H$ on $m$ edges without isolated vertices?"
570,proved,10,3,,no,no,"['graph theory', 'ramsey theory']",https://www.erdosproblems.com/570,"Let $k\geq 3$. Is it true that, if $m$ is sufficiently large, for any graph $H$ on $m$ edges without isolated vertices,\[R(C_k,H) \leq 2m+\left\lfloor\frac{k-1}{2}\right\rfloor?\]"
571,open,61,0,open,no,no,"['graph theory', 'turan number']",https://www.erdosproblems.com/571,"Show that for any rational $\alpha \in [1,2)$ there exists a bipartite graph $G$ such that\[\mathrm{ex}(n;G)\asymp n^{\alpha}.\]"
572,open,58,1,open,no,no,"['graph theory', 'turan number']",https://www.erdosproblems.com/572,Show that for $k\geq 3$\[\mathrm{ex}(n;C_{2k})\gg n^{1+\frac{1}{k}}.\]
573,open,61,0,open,no,no,"['graph theory', 'turan number']",https://www.erdosproblems.com/573,"Is it true that\[\mathrm{ex}(n;\{C_3,C_4\})\sim (n/2)^{3/2}?\]"
574,disproved,18,1,,no,no,"['graph theory', 'turan number']",https://www.erdosproblems.com/574,"Is it true that, for $k\geq 2$,\[\mathrm{ex}(n;\{C_{2k-1},C_{2k}\})=(1+o(1))(n/2)^{1+\frac{1}{k}}.\]"
575,open,53,1,open,no,no,"['graph theory', 'turan number']",https://www.erdosproblems.com/575,"If $\mathcal{F}$ is a finite set of finite graphs then $\mathrm{ex}(n;\mathcal{F})$ is the maximum number of edges a graph on $n$ vertices can have without containing any subgraphs from $\mathcal{F}$. Note that it is trivial that $\mathrm{ex}(n;\mathcal{F})\leq \mathrm{ex}(n;G)$ for every $G\in\mathcal{F}$. 
Is it true that, for every $\mathcal{F}$, if there is a bipartite graph in $\mathcal{F}$ then there exists some bipartite $G\in\mathcal{F}$ such that\[\mathrm{ex}(n;G)\ll_{\mathcal{F}}\mathrm{ex}(n;\mathcal{F})?\]"
576,open,61,0,open,no,no,"['graph theory', 'turan number']",https://www.erdosproblems.com/576,Let $Q_k$ be the $k$-dimensional hypercube graph (so that $Q_k$ has $2^k$ vertices and $k2^{k-1}$ edges). Determine the behaviour of\[\mathrm{ex}(n;Q_k).\]
577,proved,21,0,,no,no,['graph theory'],https://www.erdosproblems.com/577,If $G$ is a graph with $4k$ vertices and minimum degree at least $2k$ then $G$ contains $k$ vertex-disjoint $4$-cycles.
578,proved,21,0,,no,no,['graph theory'],https://www.erdosproblems.com/578,"If $G$ is a random graph on $2^d$ vertices, including each edge with probability $1/2$, then $G$ almost surely contains a copy of $Q_d$ (the $d$-dimensional hypercube with $2^d$ vertices and $d2^{d-1}$ many edges)."
579,open,61,0,open,no,no,"['graph theory', 'turan number']",https://www.erdosproblems.com/579,"Let $\delta>0$. If $n$ is sufficiently large and $G$ is a graph on $n$ vertices with no $K_{2,2,2}$ and at least $\delta n^2$ edges then $G$ contains an independent set of size $\gg_\delta n$."
580,decidable,83,1,open,no,no,['graph theory'],https://www.erdosproblems.com/580,Let $G$ be a graph on $n$ vertices such that at least $n/2$ vertices have degree at least $n/2$. Must $G$ contain every tree on at most $n/2$ vertices?
581,solved,21,0,,no,no,['graph theory'],https://www.erdosproblems.com/581,Let $f(m)$ be the maximal $k$ such that a triangle-free graph on $m$ edges must contain a bipartite graph with $k$ edges. Determine $f(m)$.
582,proved (Lean),11,2,,no,$100,"['graph theory', 'ramsey theory']",https://www.erdosproblems.com/582,"Does there exist a graph $G$ which contains no $K_4$, and yet any $2$-colouring of the edges produces a monochromatic $K_3$?"
583,falsifiable,79,3,open,no,no,['graph theory'],https://www.erdosproblems.com/583,Every connected graph on $n$ vertices can be partitioned into at most $\lceil n/2\rceil$ edge-disjoint paths.
584,open,49,3,open,no,no,"['graph theory', 'cycles']",https://www.erdosproblems.com/584,"Let $G$ be a graph with $n$ vertices and $\delta n^{2}$ edges. Are there subgraphs $H_1,H_2\subseteq G$ such that
$H_1$ has $\gg \delta^3n^2$ edges and every two edges in $H_1$ are contained in a cycle of length at most $6$, and furthermore if two edges share a vertex they are on a cycle of length $4$, and
$H_2$ has $\gg \delta^2n^2$ edges and every two edges in $H_2$ are contained in a cycle of length at most $8$."
585,open,61,0,open,no,no,"['graph theory', 'cycles']",https://www.erdosproblems.com/585,What is the maximum number of edges that a graph on $n$ vertices can have if it does not contain two edge-disjoint cycles with the same vertex set?
586,disproved,21,0,,no,no,"['number theory', 'covering systems']",https://www.erdosproblems.com/586,Is there a covering system such that no two of the moduli divide each other?
587,solved,23,0,,yes,no,['number theory'],https://www.erdosproblems.com/587,"What is the size of the largest $A\subseteq \{1,\ldots,N\}$ such that, for all $\emptyset\neq S\subseteq A$, $\sum_{n\in S}n$ is not a square?"
588,open,54,0,open,no,$100,['geometry'],https://www.erdosproblems.com/588,Let $f_k(n)$ be minimal such that if $n$ points in $\mathbb{R}^2$ have no $k+1$ points on a line then there must be at most $f_k(n)$ many lines containing at least $k$ points. Is it true that\[f_k(n)=o(n^2)\]for $k\geq 4$?
589,open,57,0,open,no,no,['geometry'],https://www.erdosproblems.com/589,Let $g(n)$ be maximal such that in any set of $n$ points in $\mathbb{R}^2$ with no four points on a line there exists a subset on $g(n)$ points with no three points on a line. Estimate $g(n)$.
590,proved,16,0,,yes,$250,"['set theory', 'ramsey theory']",https://www.erdosproblems.com/590,Let $\alpha$ be the infinite ordinal $\omega^\omega$. Is it true that in any red/blue colouring of the edges of $K_\alpha$ there is either a red $K_\alpha$ or a blue $K_3$?
591,proved,13,2,,yes,$250,"['set theory', 'ramsey theory']",https://www.erdosproblems.com/591,Let $\alpha$ be the infinite ordinal $\omega^{\omega^2}$. Is it true that in any red/blue colouring of the edges of $K_\alpha$ there is either a red $K_\alpha$ or a blue $K_3$?
592,open,52,0,open,yes,$1000,"['set theory', 'ramsey theory']",https://www.erdosproblems.com/592,"Determine which countable ordinals $\beta$ have the property that, if $\alpha=\omega^{^\beta}$, then in any red/blue colouring of the edges of $K_\alpha$ there is either a red $K_\alpha$ or a blue $K_3$."
593,open,58,0,open,no,$500,"['set theory', 'graph theory', 'hypergraphs', 'chromatic number']",https://www.erdosproblems.com/593,Characterize those finite 3-uniform hypergraphs which appear in every 3-uniform hypergraph of chromatic number $>\aleph_0$.
594,proved,21,0,,no,no,"['graph theory', 'set theory']",https://www.erdosproblems.com/594,Does every graph $G$ with chromatic number $\geq \aleph_1$ contain all sufficiently large odd cycles?
595,open,58,0,open,no,$250,"['graph theory', 'set theory']",https://www.erdosproblems.com/595,Is there an infinite graph $G$ which contains no $K_4$ and is not the union of countably many triangle-free graphs?
596,open,52,0,open,no,no,"['graph theory', 'ramsey theory', 'set theory']",https://www.erdosproblems.com/596,"For which graphs $G_1,G_2$ is it true that
for every $n\geq 1$ there is a graph $H$ without a $G_1$ but if the edges of $H$ are $n$-coloured then there is a monochromatic copy of $G_2$, and yet
for every graph $H$ without a $G_1$ there is an $\aleph_0$-colouring of the edges of $H$ without a monochromatic $G_2$."
597,open,52,0,open,no,no,"['graph theory', 'ramsey theory', 'set theory']",https://www.erdosproblems.com/597,"Let $G$ be a graph on at most $\aleph_1$ vertices which contains no $K_4$ and no $K_{\aleph_0,\aleph_0}$ (the complete bipartite graph with $\aleph_0$ vertices in each class). Is it true that\[\omega_1^2 \to (\omega_1\omega, G)^2?\]What about finite $G$?"
598,open,55,6,partial,yes,no,"['set theory', 'ramsey theory']",https://www.erdosproblems.com/598,Let $m$ be an infinite cardinal and $\kappa$ be the successor cardinal of $2^{\aleph_0}$. Can one colour the countable subsets of $m$ using $\kappa$ many colours so that every $X\subseteq m$ with $\lvert X\rvert=\kappa$ contains subsets of all possible colours?
599,proved,16,0,,no,no,"['graph theory', 'set theory']",https://www.erdosproblems.com/599,"Let $G$ be a (possibly infinite) graph and $A,B$ be disjoint independent sets of vertices. Must there exist a family $P$ of disjoint paths between $A$ and $B$ and a set $S$ which contains exactly one vertex from each path in $P$, and such that every path between $A$ and $B$ contains at least one vertex from $S$?"
600,open,56,0,open,no,no,['graph theory'],https://www.erdosproblems.com/600,"Let $e(n,r)$ be minimal such that every graph on $n$ vertices with at least $e(n,r)$ edges, each edge contained in at least one triangle, must have an edge contained in at least $r$ triangles. Let $r\geq 2$. Is it true that\[e(n,r+1)-e(n,r)\to \infty\]as $n\to \infty$? Is it true that\[\frac{e(n,r+1)}{e(n,r)}\to 1\]as $n\to \infty$?"
601,open,58,0,open,no,$500,"['graph theory', 'set theory']",https://www.erdosproblems.com/601,For which limit ordinals $\alpha$ is it true that if $G$ is a graph with vertex set $\alpha$ then $G$ must have either an infinite path or independent set on a set of vertices with order type $\alpha$?
602,open,60,1,open,yes,no,"['combinatorics', 'set theory']",https://www.erdosproblems.com/602,"Let $(A_i)$ be a family of sets with $\lvert A_i\rvert=\aleph_0$ for all $i$, such that for any $i\neq j$ we have $\lvert A_i\cap A_j\rvert$ finite and $\neq 1$. Is there a $2$-colouring of $\cup A_i$ such that no $A_i$ is monochromatic?"
603,open,50,7,claimed,no,no,"['combinatorics', 'set theory']",https://www.erdosproblems.com/603,Let $(A_i)$ be a family of countably infinite sets such that $\lvert A_i\cap A_j\rvert \neq 2$ for all $i\neq j$. Find the smallest cardinal $C$ such that $\cup A_i$ can always be coloured with at most $C$ colours so that no $A_i$ is monochromatic.
604,open,51,1,open,no,$500,"['geometry', 'distances']",https://www.erdosproblems.com/604,"Given $n$ distinct points $A\subset\mathbb{R}^2$ must there be a point $x\in A$ such that\[\#\{ d(x,y) : y \in A\} \gg n^{1-o(1)}?\]Or even $\gg n/\sqrt{\log n}$?"
605,proved,17,0,,no,no,"['geometry', 'distances']",https://www.erdosproblems.com/605,Is there some function $f(n)\to \infty$ as $n\to\infty$ such that there exist $n$ distinct points on the surface of a two-dimensional sphere with at least $f(n)n$ many pairs of points whose distances are the same?
606,solved,17,0,,no,no,['geometry'],https://www.erdosproblems.com/606,Given any $n$ distinct points in $\mathbb{R}^2$ let $f(n)$ count the number of distinct lines determined by these points. What are the possible values of $f(n)$?
607,proved,9,0,,no,$250,['geometry'],https://www.erdosproblems.com/607,"For a set of $n$ points $P\subset \mathbb{R}^2$ let $\ell_1,\ldots,\ell_m$ be the lines determined by $P$, and let $A=\{\lvert \ell_1\cap P\rvert,\ldots,\lvert \ell_m\cap P\rvert\}$.
Let $F(n)$ count the number of possible sets $A$ that can be constructed this way. Is it true that\[F(n) \leq \exp(O(\sqrt{n}))?\]"
608,disproved,18,1,,no,no,['graph theory'],https://www.erdosproblems.com/608,Let $G$ be a graph with $n$ vertices and $>n^2/4$ many edges. Are there at least $\frac{2}{9}n^2$ edges of $G$ which are contained in a $C_5$?
609,open,54,1,open,no,no,"['graph theory', 'ramsey theory']",https://www.erdosproblems.com/609,Let $f(n)$ be the minimal $m$ such that if the edges of $K_{2^n+1}$ are coloured with $n$ colours then there must be a monochromatic odd cycle of length at most $m$. Estimate $f(n)$.
610,open,53,2,claimed,no,no,['graph theory'],https://www.erdosproblems.com/610,"For a graph $G$ let $\tau(G)$ denote the minimal number of vertices that include at least one from each maximal clique of $G$ (sometimes called the clique transversal number).
Estimate $\tau(G)$. In particular, is it true that if $G$ has $n$ vertices then\[\tau(G) \leq n-\omega(n)\sqrt{n}\]for some $\omega(n)\to \infty$, or even\[\tau(G) \leq n-c\sqrt{n\log n}\]for some absolute constant $c>0$?"
611,open,56,0,open,no,no,['graph theory'],https://www.erdosproblems.com/611,"For a graph $G$ let $\tau(G)$ denote the minimal number of vertices that include at least one from each maximal clique of $G$ (sometimes called the clique transversal number).
Is it true that if all maximal cliques in $G$ have at least $cn$ vertices then $\tau(G)=o_c(n)$?
Similarly, estimate for $c>0$ the minimal $k_c(n)$ such that if every maximal clique in $G$ has at least $k_c(n)$ vertices then $\tau(G)<(1-c)n$."
612,open,53,1,open,no,no,['graph theory'],https://www.erdosproblems.com/612,"Let $G$ be a connected graph with $n$ vertices, minimum degree $d$, and diameter $D$. Show if that $G$ contains no $K_{2r}$ and $(r-1)(3r+2)\mid d$ then\[D\leq \frac{2(r-1)(3r+2)}{2r^2-1}\frac{n}{d}+O(1),\]and if $G$ contains no $K_{2r+1}$ and $3r-1 \mid d$ then\[D\leq \frac{3r-1}{r}\frac{n}{d}+O(1).\]"
613,disproved (Lean),14,4,,no,no,['graph theory'],https://www.erdosproblems.com/613,Let $n\geq 3$ and $G$ be a graph with $\binom{2n+1}{2}-\binom{n}{2}-1$ edges. Must $G$ be the union of a bipartite graph and a graph with maximum degree less than $n$?
614,open,58,1,open,no,no,['graph theory'],https://www.erdosproblems.com/614,"Let $f(n,k)$ be minimal such that there is a graph with $n$ vertices and $f(n,k)$ edges where every set of $k+2$ vertices induces a subgraph with maximum degree at least $k$. Determine $f(n,k)$."
615,disproved,17,0,,no,no,"['graph theory', 'ramsey theory']",https://www.erdosproblems.com/615,Does there exist some constant $c>0$ such that if $G$ is a graph with $n$ vertices and $\geq (1/8-c)n^2$ edges then $G$ must contain either a $K_4$ or an independent set on at least $n/\log n$ vertices?
616,open,49,5,open,no,no,['graph theory'],https://www.erdosproblems.com/616,"Let $r\geq 3$. For an $r$-uniform hypergraph $G$ let $\tau(G)$ denote the covering number (or transversal number), the minimum size of a set of vertices which includes at least one from each edge in $G$.
Determine the best possible $t$ such that, if $G$ is an $r$-uniform hypergraph $G$ where every subgraph $G'$ on at most $3r-3$ vertices has $\tau(G')\leq 1$, we have $\tau(G)\leq t$."
617,falsifiable,89,1,open,yes,no,['graph theory'],https://www.erdosproblems.com/617,Let $r\geq 3$. If the edges of $K_{r^2+1}$ are $r$-coloured then there exist $r+1$ vertices with at least one colour missing on the edges of the induced $K_{r+1}$.
618,proved (Lean),18,1,,no,no,['graph theory'],https://www.erdosproblems.com/618,For a triangle-free graph $G$ let $h_2(G)$ be the smallest number of edges that need to be added to $G$ so that it has diameter $2$ and is still triangle-free. Is it true that if $G$ has maximum degree $o(n^{1/2})$ then $h(G)=o(n^2)$?
619,open,56,0,open,no,no,['graph theory'],https://www.erdosproblems.com/619,"For a triangle-free graph $G$ let $h_r(G)$ be the smallest number of edges that need to be added to $G$ so that it has diameter $r$ (while preserving the property of being triangle-free).
Is it true that there exists a constant $c>0$ such that if $G$ is a connected graph on $n$ vertices then $h_4(G)<(1-c)n$?"
620,open,58,1,open,no,no,['graph theory'],https://www.erdosproblems.com/620,If $G$ is a graph on $n$ vertices without a $K_4$ then how large a triangle-free induced subgraph must $G$ contain?
621,proved (Lean),13,2,,no,no,['graph theory'],https://www.erdosproblems.com/621,"Let $G$ be a graph on $n$ vertices, $\alpha_1(G)$ be the maximum number of edges that contain at most one edge from every triangle, and $\tau_1(G)$ be the minimum number of edges that contain at least one edge from every triangle.
Is it true that\[\alpha_1(G)+\tau_1(G) \leq \frac{n^2}{4}?\]"
622,proved,18,1,,no,no,['graph theory'],https://www.erdosproblems.com/622,Let $G$ be a regular graph with $2n$ vertices and degree $n+1$. Must $G$ have $\gg 2^{2n}$ subsets that are spanned by a cycle?
623,open,55,1,open,yes,no,['set theory'],https://www.erdosproblems.com/623,"Let $X$ be a set of cardinality $\aleph_\omega$ and $f$ be a function from the finite subsets of $X$ to $X$ such that $f(A)\not\in A$ for all $A$. Must there exist an infinite $Y\subseteq X$ that is independent - that is, for all finite $B\subset Y$ we have $f(B)\not\in Y$?"
624,open,55,1,open,yes,no,['combinatorics'],https://www.erdosproblems.com/624,Let $X$ be a finite set of size $n$ and $H(n)$ be such that there is a function $f:\{A : A\subseteq X\}\to X$ so that for every $Y\subseteq X$ with $\lvert Y\rvert \geq H(n)$ we have\[\{ f(A) : A\subseteq Y\}=X.\]Prove that\[H(n)-\log_2 n \to \infty.\]
625,open,42,3,open,no,$1000,"['graph theory', 'chromatic number']",https://www.erdosproblems.com/625,"The cochromatic number of $G$, denoted by $\zeta(G)$, is the minimum number of colours needed to colour the vertices of $G$ such that each colour class induces either a complete graph or empty graph. Let $\chi(G)$ denote the chromatic number.
If $G$ is a random graph with $n$ vertices and each edge included independently with probability $1/2$ then is it true that almost surely\[\chi(G) - \zeta(G) \to \infty\]as $n\to \infty$?"
626,open,56,0,open,no,no,"['graph theory', 'chromatic number', 'cycles']",https://www.erdosproblems.com/626,"Let $k\geq 4$ and $g_k(n)$ denote the largest $m$ such that there is a graph on $n$ vertices with chromatic number $k$ and girth $>m$ (i.e. contains no cycle of length $\leq m$). Does\[\lim_{n\to \infty}\frac{g_k(n)}{\log n}\]exist?
Conversely, if $h^{(m)}(n)$ is the maximal chromatic number of a graph on $n$ vertices with girth $>m$ then does\[\lim_{n\to \infty}\frac{\log h^{(m)}(n)}{\log n}\]exist, and what is its value?"
627,open,58,1,open,no,no,"['graph theory', 'chromatic number']",https://www.erdosproblems.com/627,"Let $\omega(G)$ denote the clique number of $G$ and $\chi(G)$ the chromatic number. If $f(n)$ is the maximum value of $\chi(G)/\omega(G)$, as $G$ ranges over all graphs on $n$ vertices, then does\[\lim_{n\to\infty}\frac{f(n)}{n/(\log_2n)^2}\]exist?"
628,falsifiable,83,1,open,no,no,"['graph theory', 'chromatic number']",https://www.erdosproblems.com/628,"Let $G$ be a graph with chromatic number $k$ containing no $K_k$. If $a,b\geq 2$ and $a+b=k+1$ then must there exist two disjoint subgraphs of $G$ with chromatic numbers $\geq a$ and $\geq b$ respectively?"
629,open,49,3,open,no,no,"['graph theory', 'chromatic number']",https://www.erdosproblems.com/629,"The list chromatic number $\chi_L(G)$ is defined to be the minimal $k$ such that for any assignment of a list of $k$ colours to each vertex of $G$ (perhaps different lists for different vertices) a colouring of each vertex by a colour on its list can be chosen such that adjacent vertices receive distinct colours.
Determine the minimal number of vertices $n(k)$ of a bipartite graph $G$ such that $\chi_L(G)>k$."
630,proved,16,0,,no,no,"['graph theory', 'chromatic number']",https://www.erdosproblems.com/630,"The list chromatic number $\chi_L(G)$ is defined to be the minimal $k$ such that for any assignment of a list of $k$ colours to each vertex of $G$ (perhaps different lists for different vertices) a colouring of each vertex by a colour on its list can be chosen such that adjacent vertices receive distinct colours.
Does every planar bipartite graph $G$ have $\chi_L(G)\leq 3$?"
631,proved,13,2,,no,no,"['graph theory', 'chromatic number']",https://www.erdosproblems.com/631,"The list chromatic number $\chi_L(G)$ is defined to be the minimal $k$ such that for any assignment of a list of $k$ colours to each vertex of $G$ (perhaps different lists for different vertices) a colouring of each vertex by a colour on its list can be chosen such that adjacent vertices receive distinct colours.
Does every planar graph $G$ have $\chi_L(G)\leq 5$? Is this best possible?"
632,disproved,16,0,,no,no,"['graph theory', 'chromatic number']",https://www.erdosproblems.com/632,"A graph is $(a,b)$-choosable if for any assignment of a list of $a$ colours to each of its vertices there is a subset of $b$ colours from each list such that the subsets of adjacent vertices are disjoint.
If $G$ is $(a,b)$-choosable then $G$ is $(am,bm)$-choosable for every integer $m\geq 1$."
633,solved,13,7,,yes,$25,['geometry'],https://www.erdosproblems.com/633,Classify those triangles which can only be cut into a square number of congruent triangles.
634,open,54,0,open,no,$25,['geometry'],https://www.erdosproblems.com/634,Find all $n$ such that there is at least one triangle which can be cut into $n$ congruent triangles.
635,open,50,6,open,no,no,['number theory'],https://www.erdosproblems.com/635,"Let $t\geq 1$ and $A\subseteq \{1,\ldots,N\}$ be such that whenever $a,b\in A$ with $b-a\geq t$ we have $b-a\nmid b$. How large can $\lvert A\rvert$ be? Is it true that\[\lvert A\rvert \leq \left(\frac{1}{2}+o_t(1)\right)N?\]"
636,proved,17,0,,no,no,"['graph theory', 'ramsey theory']",https://www.erdosproblems.com/636,Suppose $G$ is a graph on $n$ vertices which contains no complete graph or independent set on $\gg \log n$ many vertices. Must $G$ contain $\gg n^{5/2}$ induced subgraphs which pairwise differ in either the number of vertices or the number of edges?
637,proved,17,0,,no,no,"['graph theory', 'ramsey theory']",https://www.erdosproblems.com/637,If $G$ is a graph on $n$ vertices which contains no complete graph or independent set on $\gg \log n$ vertices then $G$ contains an induced subgraph on $\gg n$ vertices which contains $\gg n^{1/2}$ distinct degrees.
638,open,45,5,claimed,no,no,"['graph theory', 'ramsey theory']",https://www.erdosproblems.com/638,"Let $S$ be a family of finite graphs such that for every $n$ there is some $G_n\in S$ such that if the edges of $G_n$ are coloured with $n$ colours then there is a monochromatic triangle.
Is it true that for every infinite cardinal $\aleph$ there is a graph $G$ of which every finite subgraph is in $S$ and if the edges of $G$ are coloured with $\aleph$ many colours then there is a monochromatic triangle."
639,proved,17,0,,no,no,"['graph theory', 'ramsey theory']",https://www.erdosproblems.com/639,Is it true that if the edges of $K_n$ are 2-coloured then there are at most $n^2/4$ many edges which do not occur in a monochromatic triangle?
640,open,54,3,open,no,no,"['graph theory', 'chromatic number']",https://www.erdosproblems.com/640,Let $k\geq 3$. Does there exist some $f(k)$ such that if a graph $G$ has chromatic number $\geq f(k)$ then $G$ must contain some odd cycle whose vertices span a graph of chromatic number $\geq k$?
641,disproved,21,0,,no,no,['graph theory'],https://www.erdosproblems.com/641,Is there some function $f$ such that for all $k\geq 1$ if a finite graph $G$ has chromatic number $\geq f(k)$ then $G$ has $k$ edge disjoint cycles on the same set of vertices?
642,open,58,2,open,no,no,"['graph theory', 'cycles']",https://www.erdosproblems.com/642,Let $f(n)$ be the maximal number of edges in a graph on $n$ vertices such that all cycles have more vertices than chords. Is it true that $f(n)\ll n$?
643,open,53,2,open,no,no,"['graph theory', 'hypergraphs']",https://www.erdosproblems.com/643,"Let $f(n;t)$ be minimal such that if a $t$-uniform hypergraph on $n$ vertices contains at least $f(n;t)$ edges then there must be four edges $A,B,C,D$ such that\[A\cup B= C\cup D\]and\[A\cap B=C\cap D=\emptyset.\]Estimate $f(n;t)$ - in particular, is it true that for $t\geq 3$\[f(n;t)=(1+o(1))\binom{n}{t-1}?\]"
644,open,49,1,open,no,no,['combinatorics'],https://www.erdosproblems.com/644,"Let $f(k,r)$ be minimal such that if $A_1,A_2,\ldots$ is a family of sets, all of size $k$, such that for every collection of $r$ of the $A_is$ there is some pair $\{x,y\}$ which intersects all of the $A_j$, then there is some set of size $f(k,r)$ which intersects all of the sets $A_i$. Is it true that\[f(k,7)=(1+o(1))\frac{3}{4}k?\]Is it true that for any $r\geq 3$ there exists some constant $c_r$ such that\[f(k,r)=(1+o(1))c_rk?\]"
645,proved (Lean),12,2,,yes,no,"['number theory', 'additive combinatorics', 'ramsey theory']",https://www.erdosproblems.com/645,"If $\mathbb{N}$ is 2-coloured then must there exist a monochromatic three-term arithmetic progression $x,x+d,x+2d$ such that $d>x$?"
646,proved (Lean),18,2,,no,no,"['number theory', 'factorials']",https://www.erdosproblems.com/646,"Let $p_1,\ldots,p_k$ be distinct primes. Are there infinitely many $n$ such that $n!$ is divisible by an even power of each of the $p_i$?"
647,verifiable,81,6,open,yes,£25,['number theory'],https://www.erdosproblems.com/647,Let $\tau(n)$ count the number of divisors of $n$. Is there some $n>24$ such that\[\max_{m<n}(m+\tau(m))\leq n+2?\]
648,solved (Lean),10,3,,no,no,['number theory'],https://www.erdosproblems.com/648,Let $g(n)$ denote the largest $t$ such that there exist integers $2\leq a_1P(a_2)>\cdots >P(a_t)\]where $P(m)$ is the greatest prime factor of $m$. Estimate $g(n)$.
649,disproved (Lean),14,2,,no,no,['number theory'],https://www.erdosproblems.com/649,"Let $P(m)$ denote the greatest prime factor of $m$. Is it true that, for any two primes $p,q$, there exists some integer $n$ such that $P(n)=p$ and $P(n+1)=q$?"
650,solved (Lean),1,28,,no,no,['number theory'],https://www.erdosproblems.com/650,"Let $f(m)$ be such that if $A\subseteq \{1,\ldots,N\}$ has $\lvert A\rvert=m$ then every interval in $[1,\infty)$ of length $2N$ contains $\geq f(m)$ many distinct integers $b_1,\ldots,b_r$ where each $b_i$ is divisible by some $a_i\in A$, where $a_1,\ldots,a_r$ are distinct.
Estimate $f(m)$. In particular is it true that $f(m)\leq \sqrt{m}$?"
651,disproved,10,3,,no,no,"['geometry', 'convex']",https://www.erdosproblems.com/651,Let $f_k(n)$ denote the smallest integer such that any $f_k(n)$ points in general position in $\mathbb{R}^k$ contain $n$ which determine a convex polyhedron. Is it true that\[f_k(n) > (1+c_k)^n\]for some constant $c_k>0$?
652,proved,5,6,,no,no,"['geometry', 'distances']",https://www.erdosproblems.com/652,"Let $x_1,\ldots,x_n\in \mathbb{R}^2$ and let $R(x_i)=\#\{ \lvert x_j-x_i\rvert : j\neq i\}$, where the points are ordered such that\[R(x_1)\leq \cdots \leq R(x_n).\]Let $\alpha_k$ be minimal such that, for all large enough $n$, there exists a set of $n$ points with $R(x_k)<\alpha_kn^{1/2}$. Is it true that $\alpha_k\to \infty$ as $k\to \infty$?"
653,open,58,0,open,yes,no,"['geometry', 'distances']",https://www.erdosproblems.com/653,"Let $x_1,\ldots,x_n\in \mathbb{R}^2$ and let $R(x_i)=\#\{ \lvert x_j-x_i\rvert : j\neq i\}$, where the points are ordered such that\[R(x_1)\leq \cdots \leq R(x_n).\]Let $g(n)$ be the maximum number of distinct values the $R(x_i)$ can take. Is it true that $g(n) \geq (1-o(1))n$?"
654,open,52,0,open,no,no,"['geometry', 'distances']",https://www.erdosproblems.com/654,"Let $f(n)$ be such that, given any $x_1,\ldots,x_n\in \mathbb{R}^2$ with no four points on a circle, there exists some $x_i$ with at least $f(n)$ many distinct distances to other $x_j$. Estimate $f(n)$ - in particular, is it true that\[f(n)>(1-o(1))n?\]Or at least\[f(n) > (1/3+c)n\]for some $c>0$, for all large $n$?"
655,open,59,5,partial,yes,no,"['geometry', 'distances']",https://www.erdosproblems.com/655,"Let $x_1,\ldots,x_n\in \mathbb{R}^2$ be such that no circle whose centre is one of the $x_i$ contains three other points. Are there at least\[(1+c)\frac{n}{2}\]distinct distances determined between the $x_i$, for some constant $c>0$ and all $n$ sufficiently large?"
656,proved,10,1,,no,no,"['number theory', 'additive combinatorics']",https://www.erdosproblems.com/656,Let $A\subset \mathbb{N}$ be a set with positive upper density. Must there exist an infinite set $B\subseteq A$ and integer $t$ such that\[\{b_1+b_2: b_1\neq b_2\in B\}+t\subseteq A?\]
657,open,45,6,open,no,no,"['geometry', 'distances']",https://www.erdosproblems.com/657,"Is it true that if $A\subset \mathbb{R}^2$ is a set of $n$ points such that every subset of $3$ points determines $3$ distinct distances (i.e. $A$ has no isosceles triangles) then $A$ must determine at least $f(n)n$ distinct distances, for some $f(n)\to \infty$?"
658,proved (Lean),10,2,,no,no,['additive combinatorics'],https://www.erdosproblems.com/658,"Let $\delta>0$ and $N$ be sufficiently large depending on $\delta$. Is it true that if $A\subseteq \{1,\ldots,N\}^2$ has $\lvert A\rvert \geq \delta N^2$ then $A$ must contain the vertices of a square?"
659,proved (Lean),12,21,,yes,no,"['geometry', 'distances']",https://www.erdosproblems.com/659,"Is there a set of $n$ points in $\mathbb{R}^2$ such that every subset of $4$ points determines at least $3$ distances, yet the total number of distinct distances is\[\ll \frac{n}{\sqrt{\log n}}?\]"
660,open,50,3,open,no,no,"['geometry', 'distances', 'convex']",https://www.erdosproblems.com/660,"Let $x_1,\ldots,x_n\in \mathbb{R}^3$ be the vertices of a convex polyhedron. Are there at least\[(1-o(1))\frac{n}{2}\]many distinct distances between the $x_i$?"
661,open,51,1,open,no,$50,"['geometry', 'distances']",https://www.erdosproblems.com/661,"Are there, for all large $n$, some points $x_1,\ldots,x_n,y_1,\ldots,y_n\in \mathbb{R}^2$ such that the number of distinct distances $d(x_i,y_j)$ is\[o\left(\frac{n}{\sqrt{\log n}}\right)?\]"
662,open,53,4,partial,no,no,"['geometry', 'distances']",https://www.erdosproblems.com/662,"Consider the triangular lattice with minimal distance between two points $1$. Denote by $f(t)$ the number of distances from any points $\leq t$. For example $f(1)=6$, $f(\sqrt{3})=12$, and $f(3)=18$.
Let $x_1,\ldots,x_n\in \mathbb{R}^2$ be such that $d(x_i,x_j)\geq 1$ for all $i\neq j$. Is it true that, provided $n$ is sufficiently large depending on $t$, the number of distances $d(x_i,x_j)\leq t$ is less than or equal to $f(t)$ with equality perhaps only for the triangular lattice?
In particular, is it true that the number of distances $\leq \sqrt{3}-\epsilon$ is less than $1$?"
663,open,54,1,open,no,no,['number theory'],https://www.erdosproblems.com/663,"Let $k\geq 2$ and $q(n,k)$ denote the least prime which does not divide $\prod_{1\leq i\leq k}(n+i)$. Is it true that, if $k$ is fixed and $n$ is sufficiently large, we have\[q(n,k)<(1+o(1))\log n?\]"
664,disproved,14,1,,no,no,['combinatorics'],https://www.erdosproblems.com/664,"Let $cc\sqrt{n}$ for all $i$ and $\lvert A_i\cap A_j\rvert\leq 1$ for all $i\neq j$.
Must there exist some set $B$ such that $B\cap A_i\neq \emptyset$ and $\lvert B\cap A_i\rvert \ll_c 1$ for all $i$?"
665,open,49,1,open,no,no,['combinatorics'],https://www.erdosproblems.com/665,"A pairwise balanced design for $\{1,\ldots,n\}$ is a collection of sets $A_1,\ldots,A_m\subseteq \{1,\ldots,n\}$ such that $2\leq \lvert A_i\rvert 0$ and, for all large $n$, a pairwise balanced design such that\[\lvert A_i\rvert > n^{1/2}-C\]for all $1\leq i\leq m$?"
666,disproved (Lean),13,1,,no,no,['graph theory'],https://www.erdosproblems.com/666,"Let $Q_n$ be the $n$-dimensional hypercube graph (so that $Q_n$ has $2^n$ vertices and $n2^{n-1}$ edges). Is it true that, for every $\epsilon>0$, if $n$ is sufficiently large, every subgraph of $Q_n$ with\[\geq \epsilon n2^{n-1}\]many edges contains a $C_6$?"
667,open,49,1,open,no,no,"['graph theory', 'ramsey theory']",https://www.erdosproblems.com/667,"Let $p,q\geq 1$ be fixed integers. We define $H(n)=H(N;p,q)$ to be the largest $m$ such that any graph on $n$ vertices where every set of $p$ vertices spans at least $q$ edges must contain a complete graph on $m$ vertices.
Is\[c(p,q)=\liminf \frac{\log H(n)}{\log n}\]a strictly increasing function of $q$ for $1\leq q\leq \binom{p-1}{2}+1$?"
668,open,50,3,open,no,no,"['geometry', 'distances']",https://www.erdosproblems.com/668,Is it true that the number of incongruent sets of $n$ points in $\mathbb{R}^2$ which maximise the number of unit distances tends to infinity as $n\to\infty$? Is it always $>1$ for $n>3$?
669,open,52,0,open,no,no,['geometry'],https://www.erdosproblems.com/669,"Let $F_k(n)$ be minimal such that for any $n$ points in $\mathbb{R}^2$ there exist at most $F_k(n)$ many distinct lines passing through at least $k$ of the points, and $f_k(n)$ similarly but with lines passing through exactly $k$ points.
Estimate $f_k(n)$ and $F_k(n)$ - in particular, determine $\lim F_k(n)/n^2$ and $\lim f_k(n)/n^2$."
670,open,50,4,open,no,no,"['geometry', 'distances']",https://www.erdosproblems.com/670,Let $A\subseteq \mathbb{R}^d$ be a set of $n$ points such that all pairwise distances differ by at least $1$. Is the diameter of $A$ at least $(1+o(1))n^2$?
671,open,49,0,open,no,$250,['analysis'],https://www.erdosproblems.com/671,"Given $a_{i}^n\in [-1,1]$ for all $1\leq i\leq n<\infty$ we define $p_{i}^n$ as the unique polynomial of degree $n-1$ such that $p_{i}^n(a_{i}^n)=1$ and $p_{i}^n(a_{i'}^n)=0$ if $1\leq i'\leq n$ with $i\neq i'$. We similarly define\[\mathcal{L}^nf(x) = \sum_{1\leq i\leq n}f(a_i^n)p_i^n(x),\]the unique polynomial of degree $n-1$ which agrees with $f$ on $a_i^n$ for $1\leq i\leq n$ (that is, the sequence of Lagrange interpolation polynomials).
Is there such a sequence of $a_i^n$ such that for every continuous $f:[-1,1]\to \mathbb{R}$ there exists some $x\in [-1,1]$ where\[\limsup_{n\to \infty} \sum_{1\leq i\leq n}\lvert p_{i}^n(x)\rvert=\infty\]and yet\[\mathcal{L}^nf(x) \to f(x)?\]Is there such a sequence such that\[\limsup_{n\to \infty} \sum_{1\leq i\leq n}\lvert p_{i}^n(x)\rvert=\infty\]for every $x\in [-1,1]$ and yet for every continuous $f:[-1,1]\to \mathbb{R}$ there exists $x\in [-1,1]$ with\[\mathcal{L}^nf(x) \to f(x)?\]"
672,verifiable,81,4,open,yes,no,['number theory'],https://www.erdosproblems.com/672,"Can the product of an arithmetic progression of positive integers $n,n+d,\ldots,n+(k-1)d$ of length $k\geq 4$ (with $(n,d)=1$) be a perfect power?"
673,proved,21,0,,no,no,"['number theory', 'divisors']",https://www.erdosproblems.com/673,Let $1=d_1<\cdots <d_{\tau(n)}=n$ be the divisors of $n$ and\[G(n) = \sum_{1\leq i<\tau(n)}\frac{d_i}{d_{i+1}}.\]Is it true that $G(n)\to \infty$ for almost all $n$? Can one prove an asymptotic formula for $\sum_{n\leq X}G(n)$?
674,proved (Lean),14,2,,no,no,['number theory'],https://www.erdosproblems.com/674,"Are there any integer solutions to $x^xy^y=z^z$ with $x,y,z>1$?"
675,open,45,3,open,no,no,['number theory'],https://www.erdosproblems.com/675,"We say that $A\subset \mathbb{N}$ has the translation property if, for every $n$, there exists some integer $t_n\geq 1$ such that, for all $1\leq a\leq n$,\[a\in A\quad\textrm{ if and only if }\quad a+t_n\in A.\]
Does the set of the sums of two squares have the translation property?
If we partition all primes into $P\sqcup Q$, such that each set contains $\gg x/\log x$ many primes $\leq x$ for all large $x$, then can the set of integers only divisible by primes from $P$ have the translation property?
If $A$ is the set of squarefree numbers then how fast does the minimal such $t_n$ grow? Is it true that $t_n>\exp(n^c)$ for some constant $c>0$?"
676,open,46,10,open,no,no,['number theory'],https://www.erdosproblems.com/676,Is every sufficiently large integer of the form\[ap^2+b\]for some prime $p$ and integer $a\geq 1$ and $0\leq b<p$?
677,open,52,8,open,yes,no,['number theory'],https://www.erdosproblems.com/677,"Let $M(n,k)=[n+1,\ldots,n+k]$ be the least common multiple of $\{n+1,\ldots,n+k\}$.
Is it true that for all $m\geq n+k$\[M(n,k) \neq M(m,k)?\]"
678,proved (Lean),16,3,,yes,no,['number theory'],https://www.erdosproblems.com/678,"Let $M(n,k)=[n+1,\ldots,n+k]$ be the least common multiple of $\{n+1,\ldots,n+k\}$.
Are there infinitely many $m,n$ and $k\geq 3$ with $m\geq n+k$ such that\[M(n,k)>M(m,k+1)?\]"
679,open,45,4,open,no,no,['number theory'],https://www.erdosproblems.com/679,"Let $\epsilon>0$ and $\omega(n)$ count the number of distinct prime factors of $n$. Are there infinitely many values of $n$ such that\[\omega(n-k) < (1+\epsilon)\frac{\log k}{\log\log k}\]for all $k<n$ which are sufficiently large depending on $\epsilon$ only?
Can one show the stronger version with\[\omega(n-k) < \frac{\log k}{\log\log k}+O(1)\]is false?"
680,open,54,0,open,yes,no,"['number theory', 'primes']",https://www.erdosproblems.com/680,"Is it true that, for all sufficiently large $n$, there exists some $k$ such that\[p(n+k)>k^2+1,\]where $p(m)$ denotes the least prime factor of $m$?
Can one prove this is false if we replace $k^2+1$ by $e^{(1+\epsilon)\sqrt{k}}+C_\epsilon$, for all $\epsilon>0$, where $C_\epsilon>0$ is some constant?"
681,open,52,5,open,yes,no,"['number theory', 'primes']",https://www.erdosproblems.com/681,"Is it true that for all large $n$ there exists $k$ such that $n+k$ is composite and\[p(n+k)>k^2,\]where $p(m)$ is the least prime factor of $m$?"
682,proved,13,0,,no,no,"['number theory', 'primes']",https://www.erdosproblems.com/682,"Is it true that for almost all $n$ there exists some $m\in (p_n,p_{n+1})$ such that\[p(m) \geq p_{n+1}-p_n,\]where $p(m)$ denotes the least prime factor of $m$?"
683,open,52,6,open,yes,no,"['number theory', 'primes', 'binomial coefficients']",https://www.erdosproblems.com/683,"Is it true that for every $1\leq k\leq n$ the largest prime divisor of $\binom{n}{k}$, say $P(\binom{n}{k})$, satisfies\[P\left(\binom{n}{k}\right)\geq \min(n-k+1, k^{1+c})\]for some constant $c>0$?"
684,open,42,25,open,no,no,"['number theory', 'primes', 'binomial coefficients']",https://www.erdosproblems.com/684,"For $0\leq k\leq n$ write\[\binom{n}{k} = uv\]where the only primes dividing $u$ are in $[2,k]$ and the only primes dividing $v$ are in $(k,n]$. 
Let $f(n)$ be the smallest $k$ such that $u>n^2$. Give bounds for $f(n)$."
685,open,41,4,open,no,no,"['number theory', 'primes', 'binomial coefficients']",https://www.erdosproblems.com/685,Let $\epsilon>0$ and $n$ be large depending on $\epsilon$. Is it true that for all $n^\epsilon<k\leq n^{1-\epsilon}$ the number of distinct prime divisors of $\binom{n}{k}$ is\[(1+o(1))k\sum_{k<p<n}\frac{1}{p}?\]Or perhaps even when $k \geq (\log n)^c$?
686,open,52,36,open,yes,no,['number theory'],https://www.erdosproblems.com/686,Can every integer $N\geq 2$ be written as\[N=\frac{\prod_{1\leq i\leq k}(m+i)}{\prod_{1\leq i\leq k}(n+i)}\]for some $k\geq 2$ and $m\geq n+k$?
687,open,42,1,open,no,$1000,['number theory'],https://www.erdosproblems.com/687,"Let $Y(x)$ be the maximal $y$ such that there exists a choice of congruence classes $a_p$ for all primes $p\leq x$ such that every integer in $[1,y]$ is congruent to at least one of the $a_p\pmod{p}$. 
Give good estimates for $Y(x)$. In particular, can one prove that $Y(x)=o(x^2)$ or even $Y(x)\ll x^{1+o(1)}$?"
688,open,52,0,open,no,no,['number theory'],https://www.erdosproblems.com/688,"Define $\epsilon_n$ to be maximal such that there exists some choice of congruence class $a_p$ for all primes $n^{\epsilon_n}<p\leq n$ such that every integer in $[1,n]$ satisfies at least one of the congruences $\equiv a_p\pmod{p}$.
Estimate $\epsilon_n$ - in particular is it true that $\epsilon_n=o(1)$?"
689,open,60,21,partial,yes,no,['number theory'],https://www.erdosproblems.com/689,"Let $n$ be sufficiently large. Is there some choice of congruence class $a_p$ for all primes $2\leq p\leq n$ such that every integer in $[1,n]$ satisfies at least two of the congruences $\equiv a_p\pmod{p}$?"
690,open,49,2,open,no,no,['number theory'],https://www.erdosproblems.com/690,"Let $d_k(p)$ be the density of those integers whose $k$th smallest prime factor is $p$ (i.e. if $p_1<p_2<\cdots$ are the primes dividing $n$ then $p_k=p$).
For fixed $k\geq 1$ is $d_k(p)$ unimodular in $p$? That is, it first increases in $p$ until its maximum then decreases."
691,open,50,4,open,no,no,['number theory'],https://www.erdosproblems.com/691,Given $A\subseteq \mathbb{N}$ let $M_A=\{ n \geq 1 : a\mid n\textrm{ for some }a\in A\}$ be the set of multiples of $A$. Find a necessary and sufficient condition on $A$ for $M_A$ to have density $1$.
692,disproved (Lean),13,1,,no,no,"['number theory', 'divisors']",https://www.erdosproblems.com/692,"Let $\delta_1(n,m)$ be the density of the set of integers with exactly one divisor in $(n,m)$. Is $\delta_1(n,m)$ unimodular for $m>n+1$ (i.e. increases until some $m$ then decreases thereafter)? For fixed $n$, where does $\delta_1(n,m)$ achieve its maximum?"
693,open,61,0,open,no,no,"['number theory', 'divisors']",https://www.erdosproblems.com/693,"Let $k\geq 2$ and $n$ be sufficiently large depending on $k$. Let $A=\{a_1<a_2<\cdots \}$ be the set of those integers in $[n,n^k]$ which have a divisor in $(n,2n)$. Estimate\[\max_{i} a_{i+1}-a_i.\]Is this $\leq (\log n)^{O(1)}$?"
694,open,60,2,open,yes,no,['number theory'],https://www.erdosproblems.com/694,"Let $f_{\max}(n)$ be the largest $m$ such that $\phi(m)=n$, and $f_{\min}(n)$ be the smallest such $m$, where $\phi$ is Euler's totient function. Investigate\[\max_{n\leq x}\frac{f_{\max}(n)}{f_{\min}(n)}.\]"
695,open,60,1,open,yes,no,['number theory'],https://www.erdosproblems.com/695,Let $p_1<p_2<\cdots$ be a sequence of primes such that $p_{i+1}\equiv 1\pmod{p_i}$. Is it true that\[\lim_k p_k^{1/k}=\infty?\]Does there exist such a sequence with\[p_k \leq \exp(k(\log k)^{1+o(1)})?\]
696,open,49,3,open,no,no,"['number theory', 'divisors']",https://www.erdosproblems.com/696,"Let $h(n)$ be the largest $\ell$ such that there is a sequence of primes $p_1<\cdots < p_\ell$ all dividing $n$ with $p_{i+1}\equiv 1\pmod{p_i}$. Let $H(n)$ be the largest $u$ such that there is a sequence of integers $d_1<\cdots < d_u$ all dividing $n$ with $d_{i+1}\equiv 1\pmod{d_i}$.
Estimate $h(n)$ and $H(n)$. Is it true that $H(n)/h(n)\to \infty$ for almost all $n$?"
697,proved,24,1,,yes,no,"['number theory', 'divisors']",https://www.erdosproblems.com/697,"Let $\delta(m,\alpha)$ denote the density of the set of integers which are divisible by some $d\equiv 1\pmod{m}$ with $1\beta$?"
698,proved (Lean),14,1,,no,no,"['number theory', 'binomial coefficients']",https://www.erdosproblems.com/698,"Is there some $h(n)\to \infty$ such that for all $2\leq i<j\leq n/2$\[\textrm{gcd}\left( \binom{n}{i},\binom{n}{j}\right) \geq h(n)?\]"
699,falsifiable,81,3,open,yes,no,"['number theory', 'binomial coefficients']",https://www.erdosproblems.com/699,"Is it true that for every $1\leq i<j\leq n/2$ there exists some prime $p\geq i$ such that\[p\mid \textrm{gcd}\left(\binom{n}{i}, \binom{n}{j}\right)?\]"
700,open,45,4,open,no,no,"['number theory', 'binomial coefficients']",https://www.erdosproblems.com/700,"Let\[f(n)=\min_{1
Characterise those composite $n$ such that $f(n)=n/P(n)$, where $P(n)$ is the largest prime dividing $n$.
Are there infinitely many composite $n$ such that $f(n)>n^{1/2}$?
Is it true that, for every composite $n$,\[f(n) \ll_A \frac{n}{(\log n)^A}\]for every $A>0$?"
701,open,58,0,open,yes,no,"['combinatorics', 'intersecting family']",https://www.erdosproblems.com/701,Let $\mathcal{F}$ be a family of sets closed under taking subsets (i.e. if $B\subseteq A\in\mathcal{F}$ then $B\in \mathcal{F}$). There exists some element $x$ such that whenever $\mathcal{F}'\subseteq \mathcal{F}$ is an intersecting subfamily we have\[\lvert \mathcal{F}'\rvert \leq \lvert \{ A\in \mathcal{F} : x\in A\}\rvert.\]
702,proved,14,1,,no,no,['combinatorics'],https://www.erdosproblems.com/702,"Let $k\geq 4$. If $\mathcal{F}$ is a family of subsets of $\{1,\ldots,n\}$ with $\lvert A\rvert=k$ for all $A\in \mathcal{F}$ and $\lvert \mathcal{F}\rvert >\binom{n-2}{k-2}$ then there are $A,B\in\mathcal{F}$ such that $\lvert A\cap B\rvert=1$."
703,proved,9,0,,no,$250,['combinatorics'],https://www.erdosproblems.com/703,"Let $r\geq 1$ and define $T(n,r)$ to be maximal such that there exists a family $\mathcal{F}$ of subsets of $\{1,\ldots,n\}$ of size $T(n,r)$ such that $\lvert A\cap B\rvert\neq r$ for all $A,B\in \mathcal{F}$.
Estimate $T(n,r)$ for $r\geq 2$. In particular, is it true that for every $\epsilon>0$ there exists $\delta>0$ such that for all $\epsilon n<r<(1/2-\epsilon) n$ we have\[T(n,r)<(2-\delta)^n?\]"
704,open,49,4,open,no,no,"['graph theory', 'geometry', 'chromatic number']",https://www.erdosproblems.com/704,"Let $G_n$ be the unit distance graph in $\mathbb{R}^n$, with two vertices joined by an edge if and only if the distance between them is $1$.
Estimate the chromatic number $\chi(G_n)$. Does it grow exponentially in $n$? Does\[\lim_{n\to \infty}\chi(G_n)^{1/n}\]exist?"
705,disproved,15,5,,yes,no,"['graph theory', 'chromatic number']",https://www.erdosproblems.com/705,"Let $G$ be a finite unit distance graph in $\mathbb{R}^2$ (i.e. the vertices are a finite collection of points in $\mathbb{R}^2$ and there is an edge between two points if and only if the distance between them is $1$).
Is there some $k$ such that if $G$ has girth $\geq k$ (i.e. $G$ contains no cycles of length $<k$) then $\chi(G)\leq 3$?"
706,open,56,0,open,no,no,"['graph theory', 'chromatic number']",https://www.erdosproblems.com/706,"Let $L(r)$ be such that if $G$ is a graph formed by taking a finite set of points $P$ in $\mathbb{R}^2$ and some set $A\subset (0,\infty)$ of size $r$, where the vertex set is $P$ and there is an edge between two points if and only if their distance is a member of $A$, then $\chi(G)\leq L(r)$.
Estimate $L(r)$. In particular, is it true that $L(r)\leq r^{O(1)}$?"
707,disproved (Lean),1,10,,yes,$1000,"['additive combinatorics', 'sidon sets']",https://www.erdosproblems.com/707,Let $A\subset \mathbb{N}$ be a finite Sidon set. Is there some set $B$ with $A\subseteq B$ which is perfect difference set modulo $p^2+p+1$ for some prime $p$?
708,open,49,0,open,no,$100,['number theory'],https://www.erdosproblems.com/708,"Let $g(n)$ be minimal such that for any $A\subseteq [2,\infty)\cap \mathbb{N}$ with $\lvert A\rvert =n$ and any set $I$ of $\max(A)$ consecutive integers there exists some $B\subseteq I$ with $\lvert B\rvert=g(n)$ such that\[\prod_{a\in A} a \mid \prod_{b\in B}b.\]Is it true that\[g(n) \leq (2+o(1))n?\]Or perhaps even $g(n)\leq 2n$?"
709,open,49,2,open,no,no,['number theory'],https://www.erdosproblems.com/709,"Let $f(n)$ be minimal such that, for any $A=\{a_1,\ldots,a_n\}\subseteq [2,\infty)\cap\mathbb{N}$ of size $n$, in any interval $I$ of $f(n)\max(A)$ consecutive integers there exist distinct $x_1,\ldots,x_n\in I$ such that $a_i\mid x_i$.
Obtain good bounds for $f(n)$, or even an asymptotic formula."
710,open,50,7,open,no,₹2000,['number theory'],https://www.erdosproblems.com/710,"Let $f(n)$ be minimal such that in $(n,n+f(n))$ there exist distinct integers $a_1,\ldots,a_n$ such that $k\mid a_k$ for all $1\leq k\leq n$. Obtain an asymptotic formula for $f(n)$."
711,open,50,5,open,no,₹1000,['number theory'],https://www.erdosproblems.com/711,"Let $f(n,m)$ be minimal such that in $(m,m+f(n,m))$ there exist distinct integers $a_1,\ldots,a_n$ such that $k\mid a_k$ for all $1\leq k\leq n$. Prove that\[\max_m f(n,m) \leq n^{1+o(1)}\]and that\[\max_m (f(n,m)-f(n,n))\to \infty.\]"
712,open,53,0,open,no,$500,"['graph theory', 'turan number', 'hypergraphs']",https://www.erdosproblems.com/712,"Determine, for any $k>r>2$, the value of\[\frac{\mathrm{ex}_r(n,K_k^r)}{\binom{n}{r}},\]where $\mathrm{ex}_r(n,K_k^r)$ is the largest number of $r$-edges which can placed on $n$ vertices so that there exists no set of $k$ vertices which is covered by all $\binom{k}{r}$ possible $r$-edges."
713,open,55,2,open,no,$500,"['graph theory', 'turan number']",https://www.erdosproblems.com/713,"Is it true that, for every bipartite graph $G$, there exists some $\alpha\in [1,2)$ and $c>0$ such that\[\mathrm{ex}(n;G)\sim cn^\alpha?\]Must $\alpha$ be rational?"
714,open,61,0,open,no,no,"['graph theory', 'turan number']",https://www.erdosproblems.com/714,"Is it true that\[\mathrm{ex}(n; K_{r,r}) \gg n^{2-1/r}?\]"
715,proved,21,0,,no,no,['graph theory'],https://www.erdosproblems.com/715,Does every regular graph of degree $4$ contain a regular subgraph of degree $3$? Is there any $r$ such that every regular graph of degree $r$ must contain a regular subgraph of degree $3$?
716,proved,21,0,,no,no,"['graph theory', 'hypergraphs']",https://www.erdosproblems.com/716,"Let $\mathcal{F}$ be the family of all $3$-uniform hypergraphs with $6$ vertices and $3$ $3$-edges. Is it true that\[\mathrm{ex}_3(n,\mathcal{F})=o(n^2)?\]"
717,proved,21,0,,no,no,['graph theory'],https://www.erdosproblems.com/717,Let $G$ be a graph on $n$ vertices with chromatic number $\chi(G)$ and let $\sigma(G)$ be the maximal $k$ such that $G$ contains a subdivision of $K_k$. Is it true that\[\chi(G) \ll \frac{n^{1/2}}{\log n}\sigma(G)?\]
718,proved,21,0,,no,no,['graph theory'],https://www.erdosproblems.com/718,Is there some constant $C>0$ such that any graph on $n$ vertices with $\geq Cr^2n$ edges contains a subdivision of $K_r$?
719,open,53,1,open,no,no,"['graph theory', 'hypergraphs']",https://www.erdosproblems.com/719,"Let $\mathrm{ex}_r(n;K_{r+1}^r)$ be the maximum number of $r$-edges that can be placed on $n$ vertices without forming a $K_{r+1}^r$ (the $r$-uniform complete graph on $r+1$ vertices).
Is every $r$-hypergraph $G$ on $n$ vertices the union of at most $\mathrm{ex}_{r}(n;K_{r+1}^r)$ many copies of $K_r^r$ and $K_{r+1}^r$, no two of which share a $K_r^r$?"
720,proved,9,0,,no,$100,"['graph theory', 'ramsey theory']",https://www.erdosproblems.com/720,"Let $\hat{R}(G)$ denote the size Ramsey number, the minimal number of edges $m$ such that there is a graph $H$ with $m$ edges such that in any $2$-colouring of the edges of $H$ there is a monochromatic copy of $G$. 
Is it true that, if $P_n$ is the path of length $n$, then\[\hat{R}(P_n)/n\to \infty\]and\[\hat{R}(P_n)/n^2 \to 0?\]Is it true that, if $C_n$ is the cycle with $n$ edges, then\[\hat{R}(C_n) =o(n^2)?\]"
721,solved,4,0,,no,no,"['number theory', 'additive combinatorics', 'ramsey theory']",https://www.erdosproblems.com/721,"Let $W(3,k)$ be the van der Waerden number defined as the minimum $n$ such that in any red/blue colouring of $\{1,\ldots,n\}$ there exists either a red $3$-term arithmetic progression or a blue $k$-term arithmetic progression.
Give reasonable bounds for $W(3,k)$. In particular, give any non-trivial lower bounds for $W(3,k)$ and prove that $W(3,k) < \exp(k^c)$ for some constant $c<1$."
722,proved,9,1,,no,no,['combinatorics'],https://www.erdosproblems.com/722,"Let $k>r$ and $n$ be sufficiently large in terms of $k$ and $r$. Does there always exist a block $r-(n,k,1)$ design (or Steiner system with parameters $(n,k,r)$), provided the trivial necessary divisibility conditions $\binom{k-i}{r-i}\mid \binom{n-i}{r-i}$ are satisfied for every $0\leq i<r$?
That is, can one find a family of $\binom{n}{k}\binom{k}{r}^{-1}$ many subsets of $\{1,\ldots,n\}$, all of size $k$, such that any $A\subseteq \{1,\ldots,n\}$ of size $r$ is contained in exactly one set in the family?"
723,falsifiable,83,0,open,yes,no,['combinatorics'],https://www.erdosproblems.com/723,"If there is a finite projective plane of order $n$ then must $n$ be a prime power?
A finite projective plane of order $n$ is a collection of subsets of $\{1,\ldots,n^2+n+1\}$ of size $n+1$ such that every pair of elements is contained in exactly one set."
724,open,57,0,open,no,no,['combinatorics'],https://www.erdosproblems.com/724,Let $f(n)$ be the maximum number of mutually orthogonal Latin squares of order $n$. Is it true that\[f(n) \gg n^{1/2}?\]
725,open,54,1,open,no,no,['combinatorics'],https://www.erdosproblems.com/725,Give an asymptotic formula for the number of $k\times n$ Latin rectangles.
726,open,50,5,open,no,no,['number theory'],https://www.erdosproblems.com/726,"As $n\to \infty$ ranges over integers\[\sum_{p\leq n}1_{n\in (p/2,p)\pmod{p}}\frac{1}{p}\sim \frac{\log\log n}{2}.\]"
727,open,60,6,open,yes,no,"['number theory', 'factorials']",https://www.erdosproblems.com/727,Let $k\geq 2$. Does\[(n+k)!^2 \mid (2n)!\]for infinitely many $n$?
728,proved (Lean),16,86,,yes,no,"['number theory', 'factorials']",https://www.erdosproblems.com/728,"Let $C>0$ and $\epsilon>0$ be sufficiently small. Are there infinitely many integers $a,b,n$ with $a\geq \epsilon n$ and $b\geq \epsilon n$ such that\[a! b! \mid n!(a+b-n)!\]and $a+b>n+C\log n$?"
729,proved (Lean),10,30,,no,no,"['number theory', 'factorials']",https://www.erdosproblems.com/729,"Let $C>0$ be a constant. Are there infinitely many integers $a,b,n$ with $a+b> n+C\log n$ such that the denominator of\[\frac{n!}{a!b!}\]contains only primes $\ll_C 1$?"
730,open,60,2,open,yes,no,"['number theory', 'binomial coefficients', 'base representations']",https://www.erdosproblems.com/730,Are there infinitely many pairs of integers $n\neq m$ such that $\binom{2n}{n}$ and $\binom{2m}{m}$ have the same set of prime divisors?
731,open,54,1,open,no,no,"['number theory', 'binomial coefficients']",https://www.erdosproblems.com/731,"Find some reasonable function $f(n)$ such that, for almost all integers $n$, the least integer $m$ such that $m\nmid \binom{2n}{n}$ satisfies\[m\sim f(n).\]"
732,proved,17,0,,no,no,['combinatorics'],https://www.erdosproblems.com/732,"Call a sequence $10$ such that for all large $n$ there are\[\geq \exp(c n^{1/2}\log n)\]many block-compatible sequences for $\{1,\ldots,n\}$?"
733,proved,12,0,,no,no,"['combinatorics', 'geometry']",https://www.erdosproblems.com/733,"Call a sequence $1<X_1\leq\cdots X_m\leq n$ line-compatible if there is a set of $n$ points in $\mathbb{R}^2$ such that there are $m$ lines $\ell_1,\ldots,\ell_m$ containing at least two points, and the number of points on $\ell_i$ is exactly $X_i$.
Prove that there are at most\[\exp(O(n^{1/2}))\]many line-compatible sequences."
734,open,54,2,open,no,no,['combinatorics'],https://www.erdosproblems.com/734,"Find, for all large $n$, a non-trivial pairwise balanced block design $A_1,\ldots,A_m\subseteq \{1,\ldots,n\}$ such that, for all $t$, there are $O(n^{1/2})$ many $i$ such that $\lvert A_i\rvert=t$."
735,solved,17,0,,no,no,['geometry'],https://www.erdosproblems.com/735,Given any $n$ points in $\mathbb{R}^2$ when can one give positive weights to the points such that the sum of the weights of the points along every line containing at least two points is the same?
736,not provable,21,0,open,no,no,"['graph theory', 'chromatic number']",https://www.erdosproblems.com/736,"Let $G$ be a graph with chromatic number $\aleph_1$. Is there, for every cardinal number $m$, some graph $G_m$ of chromatic number $m$ such that every finite subgraph of $G_m$ is a subgraph of $G$?"
737,proved,18,1,,no,no,"['graph theory', 'chromatic number']",https://www.erdosproblems.com/737,"Let $G$ be a graph with chromatic number $\aleph_1$. Must there exist an edge $e$ such that, for all large $n$, $G$ contains a cycle of length $n$ containing $e$?"
738,open,58,1,open,no,no,"['graph theory', 'chromatic number']",https://www.erdosproblems.com/738,If $G$ has infinite chromatic number and is triangle-free (contains no $K_3$) then must $G$ contain every tree as an induced subgraph?
739,not provable,14,4,open,no,no,"['graph theory', 'chromatic number']",https://www.erdosproblems.com/739,"Let $\mathfrak{m}$ be an infinite cardinal and $G$ be a graph with chromatic number $\mathfrak{m}$. Is it true that, for every infinite cardinal $\mathfrak{n}< \mathfrak{m}$, there exists a subgraph of $G$ with chromatic number $\mathfrak{n}$?"
740,open,61,0,open,no,no,"['graph theory', 'chromatic number']",https://www.erdosproblems.com/740,Let $\mathfrak{m}$ be an infinite cardinal and $G$ be a graph with chromatic number $\mathfrak{m}$. Let $r\geq 1$. Must $G$ contain a subgraph of chromatic number $\mathfrak{m}$ which does not contain any odd cycle of length $\leq r$?
741,open,47,6,claimed,yes,no,['additive combinatorics'],https://www.erdosproblems.com/741,"Let $A\subseteq \mathbb{N}$ be such that $A+A$ has positive (upper) density. Can one always decompose $A=A_1\sqcup A_2$ such that $A_1+A_1$ and $A_2+A_2$ both have positive (upper) density?
Is there a basis $A$ of order $2$ such that if $A=A_1\sqcup A_2$ then $A_1+A_1$ and $A_2+A_2$ cannot both have bounded gaps?"
742,decidable,83,1,,no,no,['graph theory'],https://www.erdosproblems.com/742,"Let $G$ be a graph on $n$ vertices with diameter $2$, such that deleting any edge increases the diameter of $G$. Is it true that $G$ has at most $n^2/4$ edges?"
743,falsifiable,79,3,open,no,no,['graph theory'],https://www.erdosproblems.com/743,"Let $T_2,\ldots,T_n$ be a collection of trees such that $T_k$ has $k$ vertices. Can we always write $K_n$ as the edge disjoint union of the $T_k$?"
744,disproved,13,1,,no,no,"['graph theory', 'chromatic number']",https://www.erdosproblems.com/744,"Let $k$ be a large fixed constant. Let $f_k(n)$ be the minimal $m$ such that there exists a graph $G$ on $n$ vertices with chromatic number $k$, such that every proper subgraph has chromatic number $<k$, and $G$ can be made bipartite by deleting $m$ edges. 
Is it true that $f_k(n)\to \infty$ as $n\to \infty$? In particular, is it true that $f_4(n) \gg \log n$?"
745,proved,21,0,,no,no,['graph theory'],https://www.erdosproblems.com/745,"Describe the size of the second largest component of the random graph on $n$ vertices, where each edge is included independently with probability $1/n$."
746,proved,18,1,,no,no,['graph theory'],https://www.erdosproblems.com/746,"Is it true that, almost surely, a random graph on $n$ vertices with $\geq (\tfrac{1}{2}+\epsilon)n\log n$ edges is Hamiltonian?"
747,solved,17,0,,no,no,"['combinatorics', 'hypergraphs']",https://www.erdosproblems.com/747,"How large should $\ell(n)$ be such that, almost surely, a random $3$-uniform hypergraph on $3n$ vertices with $\ell(n)$ edges must contain $n$ vertex-disjoint edges?"
748,proved,17,0,,no,no,['number theory'],https://www.erdosproblems.com/748,"Let $f(n)$ count the number of sum-free $A\subseteq \{1,\ldots,n\}$, i.e. $A$ contains no solutions to $a=b+c$ with $a,b,c\in A$. Is it true that\[f(n)=2^{(1+o(1))\frac{n}{2}}?\]"
749,open,48,12,open,yes,no,['additive combinatorics'],https://www.erdosproblems.com/749,Let $\epsilon>0$. Does there exist $A\subseteq \mathbb{N}$ such that the lower density of $A+A$ is at least $1-\epsilon$ and yet $1_A\ast 1_A(n) \ll_\epsilon 1$ for all $n$?
750,open,64,1,open,yes,no,"['graph theory', 'chromatic number']",https://www.erdosproblems.com/750,Let $f(m)$ be some function such that $f(m)\to \infty$ as $m\to \infty$. Does there exist a graph $G$ of infinite chromatic number such that every subgraph on $m$ vertices contains an independent set of size at least $\frac{m}{2}-f(m)$?
751,disproved (Lean),14,3,,no,no,"['graph theory', 'chromatic number']",https://www.erdosproblems.com/751,Let $G$ be a graph with chromatic number $\chi(G)=4$. If $m_1<m_2<\cdots$ are the lengths of the cycles in $G$ then can $\min(m_{i+1}-m_i)$ be arbitrarily large? Can this happen if the girth of $G$ is large?
752,proved,21,0,,no,no,"['graph theory', 'cycles']",https://www.erdosproblems.com/752,Let $G$ be a graph with minimum degree $k$ and girth $>2s$ (i.e. $G$ contains no cycles of length $\leq 2s$). Must there be $\gg k^s$ many distinct cycle lengths in $G$?
753,disproved (Lean),13,1,,no,no,"['graph theory', 'chromatic number']",https://www.erdosproblems.com/753,"The list chromatic number $\chi_L(G)$ is defined to be the minimal $k$ such that for any assignment of a list of $k$ colours to each vertex of $G$ (perhaps different lists for different vertices) a colouring of each vertex by a colour on its list can be chosen such that adjacent vertices receive distinct colours.
Does there exist some constant $c>0$ such that\[\chi_L(G)+\chi_L(G^c)> n^{1/2+c}\]for every graph $G$ on $n$ vertices (where $G^c$ is the complement of $G$)?"
754,proved,17,0,,no,no,"['geometry', 'distances']",https://www.erdosproblems.com/754,"Let $f(n)$ be maximal such that there exists a set $A$ of $n$ points in $\mathbb{R}^4$ in which every $x\in A$ has at least $f(n)$ points in $A$ equidistant from $x$.
Is it true that $f(n)\leq \frac{n}{2}+O(1)$?"
755,proved,17,0,,no,no,['geometry'],https://www.erdosproblems.com/755,The number of equilateral triangles of size $1$ formed by any set of $n$ points in $\mathbb{R}^6$ is at most $(\frac{1}{27}+o(1))n^3$.
756,proved (Lean),14,1,,no,no,"['geometry', 'distances']",https://www.erdosproblems.com/756,Let $A\subset \mathbb{R}^2$ be a set of $n$ points. Can there be $\gg n$ many distinct distances each of which occurs for more than $n$ many pairs from $A$?
757,open,56,7,open,yes,no,"['geometry', 'distances', 'sidon sets']",https://www.erdosproblems.com/757,Let $A\subset \mathbb{R}$ be a set of size $n$ such that every subset $B\subseteq A$ with $\lvert B\rvert =4$ has $\lvert B-B\rvert\geq 11$. Find the best constant $c>0$ such that $A$ must always contain a Sidon set of size $\geq cn$.
758,solved,16,0,,no,no,"['graph theory', 'chromatic number']",https://www.erdosproblems.com/758,"The cochromatic number of $G$, denoted by $\zeta(G)$, is the minimum number of colours needed to colour the vertices of $G$ such that each colour class induces either a complete graph or empty graph. Let $z(n)$ be the maximum value of $\zeta(G)$ over all graphs $G$ with $n$ vertices.
Determine $z(n)$ for small values of $z(n)$. In particular is it true that $z(12)=4$?"
759,solved,16,0,,no,no,"['graph theory', 'chromatic number']",https://www.erdosproblems.com/759,"The cochromatic number of $G$, denoted by $\zeta(G)$, is the minimum number of colours needed to colour the vertices of $G$ such that each colour class induces either a complete graph or empty graph. 
Let $z(S_n)$ be the maximum value of $\zeta(G)$ over all graphs $G$ which can be embedded on $S_n$, the orientable surface of genus $n$. Determine the growth rate of $z(S_n)$."
760,proved (Lean),13,2,,no,no,"['graph theory', 'chromatic number']",https://www.erdosproblems.com/760,"The cochromatic number of $G$, denoted by $\zeta(G)$, is the minimum number of colours needed to colour the vertices of $G$ such that each colour class induces either a complete graph or independent set. 
If $G$ is a graph with chromatic number $\chi(G)=m$ then must $G$ contain a subgraph $H$ with\[\zeta(H) \gg \frac{m}{\log m}?\]"
761,open,53,1,open,no,no,"['graph theory', 'chromatic number']",https://www.erdosproblems.com/761,"The cochromatic number of $G$, denoted by $\zeta(G)$, is the minimum number of colours needed to colour the vertices of $G$ such that each colour class induces either a complete graph or empty graph. The dichromatic number of $G$, denoted by $\delta(G)$, is the minimum number $k$ of colours required such that, in any orientation of the edges of $G$, there is a $k$-colouring of the vertices of $G$ such that there are no monochromatic oriented cycles. 
Must a graph with large chromatic number have large dichromatic number? Must a graph with large cochromatic number contain a graph with large dichromatic number?"
762,disproved (Lean),13,1,,no,no,"['graph theory', 'chromatic number']",https://www.erdosproblems.com/762,"The cochromatic number of $G$, denoted by $\zeta(G)$, is the minimum number of colours needed to colour the vertices of $G$ such that each colour class induces either a complete graph or empty graph. 
Is it true that if $G$ has no $K_5$ and $\zeta(G)\geq 4$ then $\chi(G) \leq \zeta(G)+2$?"
763,disproved,13,0,,no,no,"['number theory', 'additive combinatorics']",https://www.erdosproblems.com/763,Let $A\subseteq \mathbb{N}$. Can there exist some constant $c>0$ such that\[\sum_{n\leq N} 1_A\ast 1_A(n) = cN+O(1)?\]
764,disproved,13,0,,no,no,"['number theory', 'additive combinatorics']",https://www.erdosproblems.com/764,Let $A\subseteq \mathbb{N}$. Can there exist some constant $c>0$ such that\[\sum_{n\leq N} 1_A\ast 1_A\ast 1_A(n) = cN+O(1)?\]
765,solved,14,3,,no,no,"['graph theory', 'turan number']",https://www.erdosproblems.com/765,Give an asymptotic formula for $\mathrm{ex}(n;C_4)$.
766,open,61,0,open,no,no,"['graph theory', 'turan number']",https://www.erdosproblems.com/766,"Let $f(n;k,l)=\min \mathrm{ex}(n;G)$, where $G$ ranges over all graphs with $k$ vertices and $l$ edges.
Give good estimates for $f(n;k,l)$ in the range $k<l\leq k^2/4$. For fixed $k$ and large $n$ is $f(n;k,l)$ a strictly monotone function of $l$?"
767,proved,21,0,,no,no,"['graph theory', 'turan number']",https://www.erdosproblems.com/767,Let $g_k(n)$ be the maximal number of edges possible on a graph with $n$ vertices which does not contain a cycle with $k$ chords incident to a vertex on the cycle. Is it true that\[g_k(n)=(k+1)n-(k+1)^2\]for $n$ sufficiently large?
768,open,52,0,open,no,no,['number theory'],https://www.erdosproblems.com/768,"Let $A\subset\mathbb{N}$ be the set of $n$ such that for every prime $p\mid n$ there exists some $d\mid n$ with $d>1$ such that $d\equiv 1\pmod{p}$. Is it true that there exists some constant $c>0$ such that for all large $N$\[\frac{\lvert A\cap [1,N]\rvert}{N}=\exp(-(c+o(1))\sqrt{\log N}\log\log N).\]"
769,open,54,1,open,no,no,"['number theory', 'geometry']",https://www.erdosproblems.com/769,"Let $c(n)$ be minimal such that if $k\geq c(n)$ then the $n$-dimensional unit cube can be decomposed into $k$ homothetic $n$-dimensional cubes. Give good bounds for $c(n)$ - in particular, is it true that $c(n) \gg n^n$?"
770,open,51,6,open,yes,no,['number theory'],https://www.erdosproblems.com/770,"Let $h(n)$ be minimal such that $2^n-1,3^n-1,\ldots,h(n)^n-1$ are mutually coprime. 
Does, for every prime $p$, the density $\delta_p$ of integers with $h(n)=p$ exist? Does $\liminf h(n)=\infty$? Is it true that if $p$ is the greatest prime such that $p-1\mid n$ and $p>n^\epsilon$ then $h(n)=p$?"
771,proved,12,0,,no,no,['number theory'],https://www.erdosproblems.com/771,"Let $f(n)$ be maximal such that, for every $m\geq 1$, there exists some $S\subseteq \{1,\ldots,n\}$ with $\lvert S\rvert=f(n)$ such that $m\neq \sum_{a\in A}a$ for all $A\subseteq S$. 
Is it true that\[f(n) = \left(\frac{1}{2}+o(1)\right)\frac{n}{\log n}?\]"
772,proved,8,0,,no,no,"['number theory', 'sidon sets', 'additive combinatorics']",https://www.erdosproblems.com/772,"Let $k\geq 1$ and $H_k(n)$ be the maximal $r$ such that if $A\subset\mathbb{N}$ has $\lvert A\rvert=n$ and $\| 1_A\ast 1_A\|_\infty \leq k$ then $A$ contains a Sidon set of size at least $r$.
Is it true that $H_k(n)/n^{1/2}\to \infty$? Or even $H_k(n) > n^{1/2+c}$ for some constant $c>0$?"
773,open,46,10,open,no,no,"['number theory', 'sidon sets', 'squares']",https://www.erdosproblems.com/773,"What is the size of the largest Sidon subset $A\subseteq\{1,2^2,\ldots,N^2\}$? Is it $N^{1-o(1)}$?"
774,open,55,2,open,yes,no,['number theory'],https://www.erdosproblems.com/774,"We call $A\subset \mathbb{N}$ dissociated if $\sum_{n\in X}n\neq \sum_{m\in Y}m$ for all finite $X,Y\subset A$ with $X\neq Y$. 
Let $A\subset \mathbb{N}$ be an infinite set. We call $A$ proportionately dissociated if every finite $B\subset A$ contains a dissociated set of size $\gg \lvert B\rvert$.
Is every proportionately dissociated set the union of a finite number of dissociated sets?"
775,disproved (Lean),18,2,,no,no,"['graph theory', 'hypergraphs']",https://www.erdosproblems.com/775,Is there a $3$-uniform hypergraph on $n$ vertices which contains at least $n-O(1)$ different sizes of cliques (maximal complete subgraphs)
776,open,45,6,open,no,no,['combinatorics'],https://www.erdosproblems.com/776,"Let $r\geq 2$ and $A_1,\ldots,A_m\subseteq \{1,\ldots,n\}$ be such that $A_i\not\subseteq A_j$ for all $i\neq j$ and for any $t$ if there exists some $i$ with $\lvert A_i\rvert=t$ then there must exist at least $r$ sets of that size.
How large must $n$ be (as a function of $r$) to ensure that there is such a family which achieves $n-3$ distinct sizes of sets?"
777,solved,16,0,,no,no,"['graph theory', 'combinatorics']",https://www.erdosproblems.com/777,"If $\mathcal{F}$ is a family of subsets of $\{1,\ldots,n\}$ then we write $G_{\mathcal{F}}$ for the graph on $\mathcal{F}$ where $A\sim B$ if $A$ and $B$ are comparable - that is, $A\subseteq B$ or vice versa.
Is it true that, if $\epsilon>0$ and $n$ is sufficiently large, whenever $m\leq (2-\epsilon)2^{n/2}$ the graph $G_\mathcal{F}$ has $0$, there exists some $\delta>0$ such that if there are $>m^{2-\delta}$ edges then $m<(2+\epsilon)^{n/2}$?"
778,open,53,1,open,no,no,['graph theory'],https://www.erdosproblems.com/778,"Alice and Bob play a game on the edges of $K_n$, alternating colouring edges by red (Alice) and blue (Bob). Alice goes first, and wins if at the end the largest red clique is larger than any of the blue cliques.
Does Bob have a winning strategy for $n\geq 3$? (Erdős believed the answer is yes.)
If we change the game so that Bob colours two edges after each edge that Alice colours, but now require Bob's largest clique to be strictly larger than Alice's, then does Bob have a winning strategy for $n>3$?
Finally, consider the game when Alice wins if the maximum degree of the red subgraph is larger than the maximum degree of the blue subgraph. Who wins?"
779,falsifiable,77,4,open,yes,no,"['number theory', 'primes']",https://www.erdosproblems.com/779,Let $n> 1$ and $p_1<\cdots<p_n$ denote the first $n$ primes. Let $P=\prod_{1\leq i\leq n}p_i$. Does there always exist some prime $p$ with $p_n<p<P$ such that $P+p$ is prime?
780,proved,17,0,,no,no,"['combinatorics', 'hypergraphs', 'chromatic number']",https://www.erdosproblems.com/780,Suppose $n\geq kr+(t-1)(k-1)$ and the edges of the complete $r$-uniform hypergraph on $n$ vertices are $t$-coloured. Prove that some colour class must contain $k$ pairwise disjoint edges.
781,disproved,8,0,,no,no,['additive combinatorics'],https://www.erdosproblems.com/781,"Let $f(k)$ be the minimal $n$ such that any $2$-colouring of $\{1,\ldots,n\}$ contains a monochromatic $k$-term descending wave: a sequence $x_1<\cdots <x_k$ such that, for $1<j<k$,\[x_j \geq \frac{x_{j+1}+x_{j-1}}{2}.\]Estimate $f(k)$. In particular is it true that $f(k)=k^2-k+1$ for all $k$?"
782,open,49,1,open,no,no,['number theory'],https://www.erdosproblems.com/782,"Do the squares contain arbitrarily long quasi-progressions? That is, does there exist some constant $C>0$ such that, for any $k$, the squares contain a sequence $x_1,\ldots,x_k$ where, for some $d$ and all $1\leq i<k$,\[x_i+d\leq x_{i+1}\leq x_i+d+C.\]Do the squares contain arbitrarily large cubes\[a+\left\{ \sum_i \epsilon_ib_i : \epsilon_i\in \{0,1\}\right\}?\]"
783,solved,1,28,,no,no,['number theory'],https://www.erdosproblems.com/783,"Fix some constant $C>0$ and let $N$ be large. Let $A\subseteq \{2,\ldots,N\}$ be such that $(a,b)=1$ for all $a\neq b\in A$ and $\sum_{n\in A}\frac{1}{n}\leq C$.
What choice of such an $A$ minimises the number of integers $m\leq N$ not divisible by any $a\in A$?"
784,solved,14,2,,no,no,['number theory'],https://www.erdosproblems.com/784,"Let $C>0$. Does there exist a $c>0$ (depending on $C$) such that, for all sufficiently large $x$, if $A\subseteq [1,x]$ has $\sum_{n\in A}\frac{1}{n}\leq C$ then\[\#\{ m\leq x : a\nmid m\textrm{ for all }a\in A\}\gg\frac{x}{(\log x)^c}?\]"
785,proved (Lean),6,5,,no,no,['additive combinatorics'],https://www.erdosproblems.com/785,"Let $A,B\subseteq \mathbb{N}$ be infinite sets such that $A+B$ contains all large integers. Let $A(x)=\lvert A\cap [1,x]\rvert$ and similarly for $B(x)$. Is it true that if $A(x)B(x)\sim x$ then\[A(x)B(x)-x\to \infty\]as $x\to \infty$?"
786,open,47,10,open,yes,no,['number theory'],https://www.erdosproblems.com/786,"Let $\epsilon>0$. Is there some set $A\subset \mathbb{N}$ of density $>1-\epsilon$ such that $a_1\cdots a_r=b_1\cdots b_s$ with $a_i,b_j\in A$ can only hold when $r=s$?
Similarly, can one always find a set $A\subset\{1,\ldots,N\}$ with this property of size $\geq (1-o(1))N$?"
787,open,46,5,open,no,no,['additive combinatorics'],https://www.erdosproblems.com/787,"Let $g(n)$ be maximal such that given any set $A\subset \mathbb{R}$ with $\lvert A\rvert=n$ there exists some $B\subseteq A$ of size $\lvert B\rvert\geq g(n)$ such that $b_1+b_2\not\in A$ for all $b_1\neq b_2\in B$.
Estimate $g(n)$."
788,open,37,14,open,no,no,['additive combinatorics'],https://www.erdosproblems.com/788,"Let $f(n)$ be maximal such that if $B\subset (2n,4n)\cap \mathbb{N}$ there exists some $C\subset (n,2n)\cap \mathbb{N}$ such that $c_1+c_2\not\in B$ for all $c_1\neq c_2\in C$ and $\lvert C\rvert+\lvert B\rvert \geq f(n)$. 
Estimate $f(n)$. In particular is it true that $f(n)\leq n^{1/2+o(1)}$?"
789,open,59,0,open,yes,no,['additive combinatorics'],https://www.erdosproblems.com/789,"Let $h(n)$ be maximal such that if $A\subseteq \mathbb{Z}$ with $\lvert A\rvert=n$ then there is $B\subseteq A$ with $\lvert B\rvert \geq h(n)$ such that if $a_1+\cdots+a_r=b_1+\cdots+b_s$ with $a_i,b_i\in B$ then $r=s$.
Estimate $h(n)$."
790,open,45,1,open,no,no,['additive combinatorics'],https://www.erdosproblems.com/790,"Let $l(n)$ be maximal such that if $A\subset\mathbb{Z}$ with $\lvert A\rvert=n$ then there exists a sum-free $B\subseteq A$ with $\lvert B\rvert \geq l(n)$ - that is, $B$ is such that there are no solutions to\[a_1=a_2+\cdots+a_r\]with $a_i\in B$ all distinct.
Estimate $l(n)$. In particular, is it true that $l(n)n^{-1/2}\to \infty$? Is it true that $l(n)0$?"
791,open,50,2,open,no,no,['additive combinatorics'],https://www.erdosproblems.com/791,"Let $g(n)$ be minimal such that there exists $A\subseteq \{0,\ldots,n\}$ of size $g(n)$ with $\{0,\ldots,n\}\subseteq A+A$. Estimate $g(n)$. In particular is it true that $g(n)\sim 2n^{1/2}$?"
792,open,53,0,open,no,no,['additive combinatorics'],https://www.erdosproblems.com/792,"Let $f(n)$ be maximal such that in any $A\subset \mathbb{Z}$ with $\lvert A\rvert=n$ there exists some sum-free subset $B\subseteq A$ with $\lvert B\rvert \geq f(n)$, so that there are no solutions to\[a+b=c\]with $a,b,c\in B$. Estimate $f(n)$."
793,open,54,2,open,no,no,['number theory'],https://www.erdosproblems.com/793,"Let $F(n)$ be the maximum possible size of a subset $A\subseteq\{1,\ldots,n\}$ such that $a\nmid bc$ whenever $a,b,c\in A$ with $a\neq b$ and $a\neq c$. Is there a constant $C$ such that\[F(n)=\pi(n)+(C+o(1))n^{2/3}(\log n)^{-2}?\]"
794,disproved (Lean),14,3,,no,no,"['graph theory', 'hypergraphs', 'turan number']",https://www.erdosproblems.com/794,Is it true that every $3$-uniform hypergraph on $3n$ vertices with at least $n^3+1$ edges must contain either a subgraph on $4$ vertices with $3$ edges or a subgraph on $5$ vertices with $7$ edges?
795,proved,17,0,,no,no,['number theory'],https://www.erdosproblems.com/795,"Let $g(n)$ be the maximal size of $A\subseteq \{1,\ldots,n\}$ such that the products $\prod_{n\in S}n$ are distinct for all $S\subseteq A$. Is it true that\[g(n) \leq \pi(n)+\pi(n^{1/2})+o\left(\frac{x^{1/2}}{\log n}\right)?\]"
796,open,45,4,open,no,no,['number theory'],https://www.erdosproblems.com/796,"Let $k\geq 2$ and let $g_k(n)$ be the largest possible size of $A\subseteq \{1,\ldots,n\}$ such that every $m$ has $<k$ solutions to $m=a_1a_2$ with $a_1<a_2\in A$.
Is it true that\[g_3(n)=\frac{\log\log n}{\log n}n+(c+o(1))\frac{n}{\log n}\]for some constant $c$?"
797,proved,16,0,,no,no,"['graph theory', 'chromatic number']",https://www.erdosproblems.com/797,"Let $f(d)$ be the maximal acyclic chromatic number of any graph with maximum degree $d$ - that is, the vertices of any graph with maximum degree $d$ can be coloured with $f(d)$ colours such that there is no edge between vertices of the same colour and no cycle containing only two colours.
Estimate $f(d)$. In particular is it true that $f(d)=o(d^2)$?"
798,proved,17,0,,no,no,['geometry'],https://www.erdosproblems.com/798,"Let $t(n)$ be the minimum number of points in $\{1,\ldots,n\}^2$ such that the $\binom{t}{2}$ lines determined by these points cover all points in $\{1,\ldots,n\}^2$.
Estimate $t(n)$. In particular, is it true that $t(n)=o(n)$?"
799,proved,16,0,,no,no,"['graph theory', 'chromatic number']",https://www.erdosproblems.com/799,"The list chromatic number $\chi_L(G)$ is defined to be the minimal $k$ such that for any assignment of a list of $k$ colours to each vertex of $G$ (perhaps different lists for different vertices) a colouring of each vertex by a colour on its list can be chosen such that adjacent vertices receive distinct colours.
Is it true that $\chi_L(G)=o(n)$ for almost all graphs on $n$ vertices?"
800,proved,17,0,,no,no,"['graph theory', 'ramsey theory']",https://www.erdosproblems.com/800,"If $G$ is a graph on $n$ vertices which has no two adjacent vertices of degree $\geq 3$ then\[R(G)\ll n,\]where the implied constant is absolute."
801,proved,17,0,,no,no,"['graph theory', 'ramsey theory']",https://www.erdosproblems.com/801,If $G$ is a graph on $n$ vertices containing no independent set on $>n^{1/2}$ vertices then there is a set of $\leq n^{1/2}$ vertices containing $\gg n^{1/2}\log n$ edges.
802,open,58,1,open,no,no,['graph theory'],https://www.erdosproblems.com/802,Is it true that any $K_r$-free graph on $n$ vertices with average degree $t$ contains an independent set on\[\gg_r \frac{\log t}{t}n\]many vertices?
803,disproved,16,0,,no,no,['graph theory'],https://www.erdosproblems.com/803,"We call a graph $H$ $D$-balanced (or $D$-almost-regular) if the maximum degree of $H$ is at most $D$ times the minimum degree of $H$.
Is it true that for every $m\geq 1$, if $n$ is sufficiently large, any graph on $n$ vertices with $\geq n\log n$ edges contains a $O(1)$-balanced subgraph with $m$ vertices and $\gg m\log m$ edges (where the implied constants are absolute)?"
804,disproved,16,0,,no,no,['graph theory'],https://www.erdosproblems.com/804,"Let $f(m,n)$ be maximal such that any graph on $n$ vertices in which every induced subgraph on $m$ vertices has an independent set of size at least $\log n$ must contain an independent set of size at least $f(n)$.
Estimate $f(n)$. In particular, is it true that $f((\log n)^2,n) \geq n^{1/2-o(1)}$? Is it true that $f((\log n)^3,n)\gg (\log n)^3$?"
805,open,56,0,open,no,no,['graph theory'],https://www.erdosproblems.com/805,"For which functions $g(n)$ with $n>g(n)\geq (\log n)^2$ is there a graph on $n$ vertices in which every induced subgraph on $g(n)$ vertices contains a clique of size $\geq \log n$ and an independent set of size $\geq \log n$?
In particular, is there such a graph for $g(n)=(\log n)^3$?"
806,proved,13,0,,no,no,['additive combinatorics'],https://www.erdosproblems.com/806,"Let $A\subseteq \{1,\ldots,n\}$ with $\lvert A\rvert \leq n^{1/2}$. Must there exist some $B\subset\mathbb{Z}$ with $\lvert B\rvert=o(n^{1/2})$ such that $A\subseteq B+B$?"
807,disproved,16,0,,no,no,['graph theory'],https://www.erdosproblems.com/807,"The bipartition number $\tau(G)$ of a graph $G$ is the smallest number of pairwise edge disjoint complete bipartite graphs whose union is $G$. The independence number $\alpha(G)$ is the size of the largest independent subset of $G$.
Is it true that, if $G$ is a random graph on $n$ vertices with edge probability $1/2$, then\[\tau(G)=n-\alpha(G)\]almost surely?"
808,disproved,12,0,,no,no,"['additive combinatorics', 'graph theory']",https://www.erdosproblems.com/808,"Let $c,\epsilon>0$ and $n$ be sufficiently large. If $A\subset \mathbb{N}$ has $\lvert A\rvert=n$ and $G$ is any graph on $A$ with at least $n^{1+c}$ edges then\[\max(\lvert A+_GA\rvert,\lvert A\cdot_G A\rvert) \geq \lvert A\rvert^{1+c-\epsilon},\]where\[A+_GA = \{ a+b : (a,b)\in G\}\]and similarly for $A\cdot_GA$."
809,open,49,1,open,no,no,"['graph theory', 'ramsey theory']",https://www.erdosproblems.com/809,"Define the anti-Ramsey number $\chi_S(n,e,G)$ as the smallest $r$ such that there is a graph with $n$ vertices and $e$ edges with an $r$-colouring of its edges in which every copy of $G$ has entirely distinct edge colours.
Is it true that, for all $k\geq 3$,\[\chi_S(n, \lfloor n^2/4\rfloor+1,C_{2k+1})\sim n^2/8?\]"
810,open,41,9,open,no,no,"['graph theory', 'ramsey theory']",https://www.erdosproblems.com/810,"Does there exist some $\epsilon>0$ such that, for all sufficiently large $n$, there exists a graph $G$ on $n$ vertices with at least $\epsilon n^2$ many edges such that the edges can be coloured with $n$ colours so that every $C_4$ receives $4$ distinct colours?"
811,open,49,1,open,no,no,"['graph theory', 'ramsey theory']",https://www.erdosproblems.com/811,"Suppose $n\equiv 1\pmod{m}$. We say that an edge-colouring of $K_n$ using $m$ colours is balanced if every vertex sees exactly $\lfloor n/m\rfloor$ many edges of each colours. 
For which graphs $G$ is it true that, if $m=e(G)$, for all large $n\equiv 1\pmod{m}$, every balanced edge-colouring of $K_n$ with $m$ colours contains a rainbow copy of $G$? (That is, a subgraph isomorphic to $G$ where each edge receives a different colour.)"
812,open,63,0,open,yes,no,"['graph theory', 'ramsey theory']",https://www.erdosproblems.com/812,"Is it true that\[\frac{R(n+1)}{R(n)}\geq 1+c\]for some constant $c>0$, for all large $n$? Is it true that\[R(n+1)-R(n) \gg n^2?\]"
813,open,56,0,open,no,no,['graph theory'],https://www.erdosproblems.com/813,"Let $h(n)$ be minimal such that every graph on $n$ vertices where every set of $7$ vertices contains a triangle (a copy of $K_3$) must contain a clique on at least $h(n)$ vertices. Estimate $h(n)$ - in particular, do there exist constants $c_1,c_2>0$ such that\[n^{1/3+c_1}\ll h(n) \ll n^{1/2-c_2}?\]"
814,proved,21,0,,no,no,['graph theory'],https://www.erdosproblems.com/814,Let $k\geq 2$ and $G$ be a graph with $n\geq k-1$ vertices and\[(k-1)(n-k+2)+\binom{k-2}{2}+1\]edges. Does there exist some $c_k>0$ such that $G$ must contain an induced subgraph on at most $(1-c_k)n$ vertices with minimum degree at least $k$?
815,disproved,21,0,,no,no,['graph theory'],https://www.erdosproblems.com/815,Let $k\geq 3$ and $n$ be sufficiently large. Is it true that if $G$ is a graph with $n$ vertices and $2n-2$ edges such that every proper induced subgraph has minimum degree $\leq 2$ then $G$ must contain a copy of $C_k$?
816,proved,21,0,,no,no,['graph theory'],https://www.erdosproblems.com/816,Let $G$ be a graph with $2n+1$ vertices and $n^2+n+1$ edges. Must $G$ contain two vertices of the same degree which are joined by a path of length $3$?
817,open,54,0,open,yes,no,['additive combinatorics'],https://www.erdosproblems.com/817,"Let $k\geq 3$ and define $g_k(n)$ to be the minimal $N$ such that $\{1,\ldots,N\}$ contains some $A$ of size $\lvert A\rvert=n$ such that\[\langle A\rangle = \left\{\sum_{a\in A}\epsilon_aa: \epsilon_a\in \{0,1\}\right\}\]contains no non-trivial $k$-term arithmetic progression. Estimate $g_k(n)$. In particular, is it true that\[g_3(n) \gg 3^n?\]"
818,proved (Lean),10,1,,no,no,['additive combinatorics'],https://www.erdosproblems.com/818,Let $A$ be a finite set of integers such that $\lvert A+A\rvert \ll \lvert A\rvert$. Is it true that\[\lvert AA\rvert \gg \frac{\lvert A\rvert^2}{(\log \lvert A\rvert)^C}\]for some constant $C>0$?
819,open,53,0,open,no,no,['additive combinatorics'],https://www.erdosproblems.com/819,"Let $f(N)$ be maximal such that there exists $A\subseteq \{1,\ldots,N\}$ with $\lvert A\rvert=\lfloor N^{1/2}\rfloor$ such that $\lvert (A+A)\cap [1,N]\rvert=f(N)$. Estimate $f(N)$."
820,open,49,2,open,no,no,['number theory'],https://www.erdosproblems.com/820,"Let $H(n)$ be the smallest integer $l$ such that there exist $k0$ such that, for all $\epsilon>0$,\[H(n) > \exp(n^{(c-\epsilon)/\log\log n})\]for infinitely many $n$ and\[H(n) < \exp(n^{(c+\epsilon)/\log\log n})\]for all large enough $n$?
Does a similar upper bound hold for the smallest $k$ such that $(k^n-1,2^n-1)=1$?"
821,open,54,2,open,no,no,['number theory'],https://www.erdosproblems.com/821,"Let $g(n)$ count the number of $m$ such that $\phi(m)=n$. Is it true that, for every $\epsilon>0$, there exist infinitely many $n$ such that\[g(n) > n^{1-\epsilon}?\]"
822,proved,20,1,,yes,no,['number theory'],https://www.erdosproblems.com/822,Does the set of integers of the form $n+\phi(n)$ have positive (lower) density?
823,proved,17,0,,no,no,['number theory'],https://www.erdosproblems.com/823,"Let $\alpha\geq 1$. Is there a sequence of integers $n_k,m_k$ such that $n_k/m_k\to \alpha$ and $\sigma(n_k)=\sigma(m_k)$ for all $k\geq 1$, where $\sigma$ is the sum of divisors function?"
824,open,54,2,open,no,no,['number theory'],https://www.erdosproblems.com/824,Let $h(x)$ count the number of integers $1\leq ax^{2-o(1)}$?
825,proved,9,16,,yes,$25,['number theory'],https://www.erdosproblems.com/825,Is there an absolute constant $C>0$ such that every integer $n$ with $\sigma(n)>Cn$ is the distinct sum of proper divisors of $n$?
826,open,60,2,open,yes,no,['number theory'],https://www.erdosproblems.com/826,"Are there infinitely many $n$ such that, for all $k\geq 1$,\[\tau(n+k)\ll k?\]"
827,open,54,1,open,no,no,['geometry'],https://www.erdosproblems.com/827,"Let $n_k$ be minimal such that if $n_k$ points in $\mathbb{R}^2$ are in general position then there exists a subset of $k$ points such that all $\binom{k}{3}$ triples determine circles of different radii.
Determine $n_k$."
828,open,63,0,open,yes,no,['number theory'],https://www.erdosproblems.com/828,"Is it true that, for any $a\in\mathbb{Z}$, there are infinitely many $n$ such that\[\phi(n) \mid n+a?\]"
829,open,54,1,open,no,no,['number theory'],https://www.erdosproblems.com/829,Let $A\subset\mathbb{N}$ be the set of cubes. Is it true that\[1_A\ast 1_A(n) \ll (\log n)^{O(1)}?\]
830,open,63,0,open,yes,no,['number theory'],https://www.erdosproblems.com/830,"We say that $a,b\in \mathbb{N}$ are an amicable pair if $\sigma(a)=\sigma(b)=a+b$. Are there infinitely many amicable pairs? If $A(x)$ counts the number of amicable $1\leq a\leq b\leq x$ then is it true that\[A(x)>x^{1-o(1)}?\]"
831,open,57,0,open,no,no,['geometry'],https://www.erdosproblems.com/831,Let $h(n)$ be maximal such that in any $n$ points in $\mathbb{R}^2$ (with no three on a line and no four on a circle) there are at least $h(n)$ many circles of different radii passing through three points. Estimate $h(n)$.
832,disproved,21,0,,no,no,"['graph theory', 'hypergraphs', 'chromatic number']",https://www.erdosproblems.com/832,"Let $r\geq 3$ and $k$ be sufficiently large in terms of $r$. Is it true that every $r$-uniform hypergraph with chromatic number $k$ has at least\[\binom{(r-1)(k-1)+1}{r}\]edges, with equality only for the complete graph on $(r-1)(k-1)+1$ vertices?"
833,proved,21,0,,no,no,"['graph theory', 'hypergraphs', 'chromatic number']",https://www.erdosproblems.com/833,"Does there exist an absolute constant $c>0$ such that, for all $r\geq 2$, in any $r$-uniform hypergraph with chromatic number $3$ there is a vertex contained in at least $(1+c)^r$ many edges?"
834,solved,18,2,,no,no,"['graph theory', 'hypergraphs']",https://www.erdosproblems.com/834,Does there exist a $3$-critical $3$-uniform hypergraph in which every vertex has degree $\geq 7$?
835,verifiable,85,5,open,yes,no,"['graph theory', 'hypergraphs']",https://www.erdosproblems.com/835,"Does there exist a $k>2$ such that the $k$-sized subsets of $\{1,\ldots,2k\}$ can be coloured with $k+1$ colours such that for every $A\subset \{1,\ldots,2k\}$ with $\lvert A\rvert=k+1$ all $k+1$ colours appear among the $k$-sized subsets of $A$?"
836,open,56,0,open,no,no,"['graph theory', 'hypergraphs', 'chromatic number']",https://www.erdosproblems.com/836,"Let $r\geq 2$ and $G$ be a $r$-uniform hypergraph with chromatic number $3$ (that is, there is a $3$-colouring of the vertices of $G$ such that no edge is monochromatic).
Suppose any two edges of $G$ have a non-empty intersection. Must $G$ contain $O(r^2)$ many vertices? Must there be two edges which meet in $\gg r$ many vertices?"
837,open,56,0,open,no,no,"['graph theory', 'hypergraphs']",https://www.erdosproblems.com/837,"Let $k\geq 2$ and $A_k\subseteq [0,1]$ be the set of $\alpha$ such that there exists some $\beta(\alpha)>\alpha$ with the property that, if $G_1,G_2,\ldots$ is a sequence of $k$-uniform hypergraphs with\[\liminf \frac{e(G_n)}{\binom{\lvert G_n\rvert}{k}} >\alpha\]then there exist subgraphs $H_n\subseteq G_n$ such that $\lvert H_n\rvert \to \infty$ and\[\liminf \frac{e(H_n)}{\binom{\lvert H_n\rvert}{k}} >\beta,\]and further that this property does not necessarily hold if $>\alpha$ is replaced by $\geq \alpha$.
What is $A_3$?"
838,open,52,0,open,no,no,"['geometry', 'convex']",https://www.erdosproblems.com/838,"Let $f(n)$ be maximal such that any $n$ points in $\mathbb{R}^2$, with no three on a line, determine at least $f(n)$ different convex subsets. Estimate $f(n)$ - in particular, does there exist a constant $c$ such that\[\lim \frac{\log f(n)}{(\log n)^2}=c?\]"
839,open,54,1,open,no,no,['number theory'],https://www.erdosproblems.com/839,Let $1\leq a_1<a_2<\cdots$ be a sequence of integers such that no $a_i$ is the sum of consecutive $a_j$ for $j<i$. Is it true that\[\limsup \frac{a_n}{n}=\infty?\]Or even\[\lim \frac{1}{\log x}\sum_{a_n<x}\frac{1}{a_n}=0?\]
840,open,53,0,open,no,no,"['additive combinatorics', 'sidon sets']",https://www.erdosproblems.com/840,"Let $f(N)$ be the size of the largest quasi-Sidon subset $A\subset\{1,\ldots,N\}$, where we say that $A$ is quasi-Sidon if\[\lvert A+A\rvert=(1+o(1))\binom{\lvert A\rvert}{2}.\]How does $f(N)$ grow?"
841,solved,14,1,,no,no,['number theory'],https://www.erdosproblems.com/841,"Let $t_n$ be minimal such that $\{n+1,\ldots,n+t_n\}$ contains a subset whose product with $n$ is a square number (and let $t_n=0$ if $n$ is itself square). Estimate $t_n$."
842,proved,21,0,,no,no,"['graph theory', 'chromatic number']",https://www.erdosproblems.com/842,Let $G$ be a graph on $3n$ vertices formed by taking $n$ vertex disjoint triangles and adding a Hamiltonian cycle (with all new edges) between these vertices. Does $G$ have chromatic number at most $3$?
843,proved,17,0,,no,no,['number theory'],https://www.erdosproblems.com/843,"Are the squares Ramsey $2$-complete?
That is, is it true that, in any 2-colouring of the square numbers, every sufficiently large $n\in \mathbb{N}$ can be written as a monochromatic sum of distinct squares?"
844,proved,17,0,,no,no,"['number theory', 'intersecting family']",https://www.erdosproblems.com/844,"Let $A\subseteq \{1,\ldots,N\}$ be such that, for all $a,b\in A$, the product $ab$ is not squarefree. 
Is the maximum size of such an $A$ achieved by taking $A$ to be the set of even numbers and odd non-squarefree numbers?"
845,disproved (Lean),12,13,,yes,no,['number theory'],https://www.erdosproblems.com/845,Let $C>0$. Is it true that the set of integers of the form\[n=b_1+\cdots+b_t\textrm{ with }b_1<\cdots<b_t\]where $b_i=2^{k_i}3^{l_i}$ for $1\leq i\leq t$ and $b_t\leq Cb_1$ has density $0$?
846,disproved (Lean),7,8,,yes,no,['geometry'],https://www.erdosproblems.com/846,"Let $A\subset \mathbb{R}^2$ be an infinite set for which there exists some $\epsilon>0$ such that in any subset of $A$ of size $n$ there are always at least $\epsilon n$ with no three on a line.
Is it true that $A$ is the union of a finite number of sets where no three are on a line?"
847,disproved,7,4,,yes,no,['additive combinatorics'],https://www.erdosproblems.com/847,"Let $A\subset \mathbb{N}$ be an infinite set for which there exists some $\epsilon>0$ such that in any subset of $A$ of size $n$ there is a subset of size at least $\epsilon n$ which contains no three-term arithmetic progression.
Is it true that $A$ is the union of a finite number of sets which contain no three-term arithmetic progression?"
848,decidable,77,48,,yes,no,['number theory'],https://www.erdosproblems.com/848,"Is the maximum size of a set $A\subseteq \{1,\ldots,N\}$ such that $ab+1$ is never squarefree (for all $a,b\in A$) achieved by taking those $n\equiv 7\pmod{25}$?"
849,open,63,0,open,yes,no,"['number theory', 'binomial coefficients']",https://www.erdosproblems.com/849,"Is it true that, for every integer $t\geq 1$, there is some integer $a$ such that\[\binom{n}{k}=a\](with $1\leq k\leq n/2$) has exactly $t$ solutions?"
850,open,52,4,open,yes,no,"['number theory', 'primes']",https://www.erdosproblems.com/850,"Can there exist two distinct integers $x$ and $y$ such that $x,y$ have the same prime factors, $x+1,y+1$ have the same prime factors, and $x+2,y+2$ also have the same prime factors?"
851,proved,16,5,,yes,no,['number theory'],https://www.erdosproblems.com/851,"Let $\epsilon>0$. Is there some $r\ll_\epsilon 1$ such that the density of integers of the form $2^k+n$, where $k\geq 0$ and $n$ has at most $r$ prime divisors, is at least $1-\epsilon$?"
852,open,54,6,partial,no,no,"['number theory', 'primes']",https://www.erdosproblems.com/852,"Let $d_n=p_{n+1}-p_n$, where $p_n$ is the $n$th prime. Let $h(x)$ be maximal such that for some $n(\log x)^c\]for some constant $c>0$, and\[h(x)=o(\log x)?\]"
853,open,52,3,open,yes,no,"['number theory', 'primes']",https://www.erdosproblems.com/853,"Let $d_n=p_{n+1}-p_n$, where $p_n$ is the $n$th prime. Let $r(x)$ be the smallest even integer $t$ such that $d_n=t$ has no solutions for $n\leq x$.
Is it true that $r(x)\to \infty$? Or even $r(x)/\log x \to \infty$?"
854,open,45,7,open,no,no,['number theory'],https://www.erdosproblems.com/854,"Let $n_k$ denote the $k$th primorial, i.e. the product of the first $k$ primes.
If $1=a_1<a_2<\cdots a_{\phi(n_k)}=n_k-1$ is the sequence of integers coprime to $n_k$, then estimate the smallest even integer not of the form $a_{i+1}-a_i$. Are there\[\gg \max_i (a_{i+1}-a_i)\]many even integers of the form $a_{j+1}-a_j$?"
855,open,52,5,open,yes,no,"['number theory', 'primes']",https://www.erdosproblems.com/855,"If $\pi(x)$ counts the number of primes in $[1,x]$ then is it true that (for large $x$ and $y$)\[\pi(x+y) \leq \pi(x)+\pi(y)?\]"
856,open,46,17,open,no,no,['number theory'],https://www.erdosproblems.com/856,"Let $k\geq 3$ and $f_k(N)$ be the maximum value of $\sum_{n\in A}\frac{1}{n}$, where $A$ ranges over all subsets of $\{1,\ldots,N\}$ which contain no subset of size $k$ with the same pairwise least common multiple.
Estimate $f_k(N)$."
857,open,49,1,open,no,no,['combinatorics'],https://www.erdosproblems.com/857,"Let $m=m(n,k)$ be minimal such that in any collection of sets $A_1,\ldots,A_m\subseteq \{1,\ldots,n\}$ there must exist a sunflower of size $k$ - that is, some collection of $k$ of the $A_i$ which pairwise have the same intersection.
Estimate $m(n,k)$, or even better, give an asymptotic formula."
858,solved,6,13,,no,no,"['number theory', 'primitive sets']",https://www.erdosproblems.com/858,"Let $A\subseteq \{1,\ldots,N\}$ be such that there is no solution to $at=b$ with $a,b\in A$ and the smallest prime factor of $t$ is $>a$. Estimate the maximum of\[\frac{1}{\log N}\sum_{n\in A}\frac{1}{n}.\]"
859,open,62,0,open,yes,no,"['number theory', 'divisors']",https://www.erdosproblems.com/859,"Let $t\geq 1$ and let $d_t$ be the density of the set of integers $n\in\mathbb{N}$ for which $t$ can be represented as the sum of distinct divisors of $n$.
Do there exist constants $c_1,c_2>0$ such that\[d_t \sim \frac{c_1}{(\log t)^{c_2}}\]as $t\to \infty$?"
860,open,46,3,open,no,no,"['number theory', 'primes']",https://www.erdosproblems.com/860,"Let $h(n)$ be such that, for any $m\geq 1$, in the interval $(m,m+h(n))$ there exist distinct integers $a_i$ for $1\leq i\leq \pi(n)$ such that $p_i\mid a_i$, where $p_i$ denotes the $i$th prime. 
Estimate $h(n)$."
861,solved,17,0,,no,no,"['number theory', 'sidon sets']",https://www.erdosproblems.com/861,"Let $f(N)$ be the size of the largest Sidon subset of $\{1,\ldots,N\}$ and $A(N)$ be the number of Sidon subsets of $\{1,\ldots,N\}$. Is it true that\[A(N)/2^{f(N)}\to \infty?\]Is it true that\[A(N) = 2^{(1+o(1))f(N)}?\]"
862,solved (Lean),10,3,,no,no,"['number theory', 'sidon sets']",https://www.erdosproblems.com/862,"Let $A_1(N)$ be the number of maximal Sidon subsets of $\{1,\ldots,N\}$. Is it true that\[A_1(N) 2^{N^c}\]for some constant $c>0$?"
863,proved,5,2,,no,no,"['number theory', 'sidon sets', 'additive combinatorics']",https://www.erdosproblems.com/863,"Let $r\geq 2$ and let $A\subseteq \{1,\ldots,N\}$ be a set of maximal size such that there are at most $r$ solutions to $n=a+b$ with $a\leq b$ for any $n$. (That is, $A$ is a $B_2[r]$ set.)
Similarly, let $B\subseteq \{1,\ldots,N\}$ be a set of maximal size such that there are at most $r$ solutions to $n=a-b$ for any $n\geq 1$. 
If $\lvert A\rvert\sim c_rN^{1/2}$ as $N\to \infty$ and $\lvert B\rvert \sim c_r'N^{1/2}$ as $N\to \infty$ then is it true that $c_r\neq c_r'$ for $r\geq 2$? Is it true that $c_r'<c_r$?"
864,open,45,2,open,no,no,"['number theory', 'sidon sets', 'additive combinatorics']",https://www.erdosproblems.com/864,"Let $A\subseteq \{1,\ldots N\}$ be a set such that there exists at most one $n$ with more than one solution to $n=a+b$ (with $a\leq b\in A$). Estimate the maximal possible size of $\lvert A\rvert$ - in particular, is it true that\[\lvert A\rvert \leq (1+o(1))\frac{2}{\sqrt{3}}N^{1/2}?\]"
865,open,56,1,open,yes,no,"['number theory', 'additive combinatorics']",https://www.erdosproblems.com/865,"There exists a constant $C>0$ such that, for all large $N$, if $A\subseteq \{1,\ldots,N\}$ has size at least $\frac{5}{8}N+C$ then there are distinct $a,b,c\in A$ such that $a+b,a+c,b+c\in A$."
866,open,45,2,open,no,no,"['number theory', 'additive combinatorics']",https://www.erdosproblems.com/866,"Let $k\geq 3$ and $g_k(N)$ be minimal such that if $A\subseteq \{1,\ldots,2N\}$ has $\lvert A\rvert \geq N+g_k(N)$ then there exist integers $b_1,\ldots,b_k$ such that all $\binom{k}{2}$ pairwise sums are in $A$ (but the $b_i$ themselves need not be in $A$).
Estimate $g_k(N)$."
867,disproved (Lean),6,3,,no,no,['additive combinatorics'],https://www.erdosproblems.com/867,"Is it true that if $A=\{a_1<\cdots <a_t\}\subseteq \{1,\ldots,N\}$ has no solutions to\[a_i+a_{i+1}+\cdots+a_j\in A\]then\[\lvert A\rvert \leq \frac{N}{2}+O(1)?\]"
868,solved,7,8,,yes,no,"['number theory', 'additive basis']",https://www.erdosproblems.com/868,"If $A$ is an additive basis of order $2$, and $1_A\ast 1_A(n)\to \infty$ as $n\to \infty$, then must $A$ contain a minimal additive basis of order $2$? (i.e. such that deleting any element creates infinitely many $n\not\in A+A$)
What if $1_A\ast 1_A(n) >\epsilon \log n$ (for all large $n$, for arbitrary fixed $\epsilon>0$)?"
869,open,54,2,claimed,no,no,"['number theory', 'additive basis']",https://www.erdosproblems.com/869,"If $A_1,A_2$ are disjoint additive bases of order $2$ (i.e. $A_i+A_i$ contains all large integers) then must $A=A_1\cup A_2$ contain a minimal additive basis of order $2$ (one such that deleting any element creates infinitely many $n\not\in A+A$)?"
870,open,45,7,claimed,no,no,"['number theory', 'additive basis']",https://www.erdosproblems.com/870,Let $k\geq 3$ and $A$ be an additive basis of order $k$. Does there exist a constant $c=c(k)>0$ such that if $r(n)\geq c\log n$ for all large $n$ then $A$ must contain a minimal basis of order $k$? (Here $r(n)$ counts the number of representations of $n$ as the sum of at most $k$ elements from $A$.)
871,disproved (Lean),6,13,,no,no,"['number theory', 'additive basis']",https://www.erdosproblems.com/871,"Let $A$ be an additive basis of order $2$, and suppose $1_A\ast 1_A(n)\to \infty$ as $n\to \infty$. Can $A$ be partitioned into two disjoint additive bases of order $2$?"
872,open,49,17,partial,no,no,"['number theory', 'primitive sets']",https://www.erdosproblems.com/872,"Consider the two-player game in which players alternately choose integers from $\{2,3,\ldots,n\}$ to be included in some set $A$ (the same set for both players) such that no $a\mid b$ for $a\neq b\in A$. 
The game ends when no legal move is possible. One player wants the game to last as long as possible, the other wants the game to end quickly. How long can the game be guaranteed to last for? 
At least $\epsilon n$ moves? (For $\epsilon>0$ and $n$ sufficiently large.) At least $(1-\epsilon)\frac{n}{2}$ moves?"
873,open,60,1,open,yes,no,['number theory'],https://www.erdosproblems.com/873,"Let $A=\{a_10$, there exists some $k$ such that\[F(A,X,k)<X^\epsilon?\]"
874,proved,8,0,,no,no,"['number theory', 'additive combinatorics']",https://www.erdosproblems.com/874,"Let $k(N)$ denote the size of the largest set $A\subseteq \{1,\ldots,N\}$ such that the sets\[S_r = \{ a_1+\cdots +a_r : a_1<\cdots<a_r\in A\}\]are disjoint for distinct $r\geq 1$. Estimate $k(N)$ - in particular, is it true that $k(N)\sim 2N^{1/2}$?"
875,open,45,1,open,no,no,['additive combinatorics'],https://www.erdosproblems.com/875,"Let $A=\{a_1<a_2<\cdots\}\subset \mathbb{N}$ be an infinite set such that the sets\[S_r = \{ a_1+\cdots +a_r : a_1<\cdots<a_r\in A\}\]are disjoint for distinct $r\geq 1$. How fast can such a sequence grow? How small can $a_{n+1}-a_n$ be? In particular, for which $c$ is it possible that $a_{n+1}-a_n\leq n^{c}$?"
876,open,53,0,open,no,no,['additive combinatorics'],https://www.erdosproblems.com/876,"Let $A=\{a_1<a_2<\cdots\}\subset \mathbb{N}$ be an infinite sum-free set - that is, there are no solutions to\[a=b_1+\cdots+b_r\]with $b_1<\cdots<b_r<a\in A$. How small can $a_{n+1}-a_n$ be? Is it possible that $a_{n+1}-a_n<n$?"
877,proved,10,1,,no,no,['additive combinatorics'],https://www.erdosproblems.com/877,"Let $f_m(n)$ count the number of maximal sum-free subsets $A\subseteq\{1,\ldots,n\}$ - that is, there are no solutions to $a=b+c$ in $A$ and $A$ is maximal with this property. Estimate $f(n)$ - is it true that $f_m(n)=o(2^{n/2})$?"
878,open,49,1,open,no,no,['number theory'],https://www.erdosproblems.com/878,"If $n=\prod_{1\leq i\leq t} p_i^{k_i}$ is the factorisation of $n$ into distinct primes then let\[f(n)=\sum p_i^{\ell_i},\]where $\ell_i$ is chosen such that $n\in [p_i^{\ell_i},p_i^{\ell_i+1})$. Furthermore, let\[F(n)=\max \sum_{i=1}^t a_i\]where the maximum is taken over all $a_1,\ldots,a_t\leq n$ such that $(a_i,a_j)=1$ for $i\neq j$ and all prime factors of each $a_i$ are prime factors of $n$.
Is it true that, for almost all $n$,\[f(n)=o(n\log\log n)\]and\[F(n) \gg n\log\log n?\]Is it true that\[\max_{n\leq x}f(n)\sim \frac{x\log x}{\log\log x}?\]Is it true that (for all $x$, or perhaps just for all large $x$)\[\max_{n\leq x}f(n)=\max_{n\leq x}F(n)?\]Find an asymptotic formula for the number of $n<x$ such that $f(n)=F(n)$. Find an asymptotic formula for\[H(x)=\sum_{n<x}\frac{f(n)}{n}.\]Is it true that\[H(x) \ll x\log\log\log\log x?\]"
879,open,52,0,open,no,no,['number theory'],https://www.erdosproblems.com/879,"Call a set $S\subseteq \{1,\ldots,n\}$ admissible if $(a,b)=1$ for all $a\neq b\in S$. Let\[G(n) = \max_{S\subseteq \{1,\ldots,n\}} \sum_{a\in S}a\]and\[H(n)=\sum_{pH(n)-n^{1+o(1)}?\]Is it true that, for every $k\geq 2$, if $n$ is sufficiently large then the admissible set which maximises $G(n)$ contains at least one integer with at least $k$ prime factors?"
880,proved,12,0,,no,no,"['number theory', 'additive basis']",https://www.erdosproblems.com/880,Let $A\subset\mathbb{N}$ be an additive basis of order $k$. Let $B=\{b_1<b_2<\cdots\}$ be the set of integers which are the sum of $k$ or fewer distinct $a\in A$. Is it true that $b_{n+1}-b_n=O(1)$? (Where the implied constant may depend on both $A$ and $k$.)
881,open,58,0,open,yes,no,"['number theory', 'additive basis']",https://www.erdosproblems.com/881,"Let $A\subset\mathbb{N}$ be an additive basis of order $k$ which is minimal, in the sense that if $B\subset A$ is any infinite set then $A\backslash B$ is not a basis of order $k$. 
Must there exist an infinite $B\subset A$ such that $A\backslash B$ is a basis of order $k+1$?"
882,solved,17,0,,no,no,"['number theory', 'primitive sets']",https://www.erdosproblems.com/882,"What is the size of the largest $A\subseteq \{1,\ldots,n\}$ such that in the set\[\left\{ \sum_{a\in S} a : \emptyset\neq S\subseteq A\right\}\]no two distinct elements divide each other?"
883,open,49,3,open,no,no,"['number theory', 'graph theory']",https://www.erdosproblems.com/883,"For $A\subseteq \{1,\ldots,n\}$ let $G(A)$ be the graph with vertex set $A$, where two integers are joined by an edge if they are coprime.
Is it true that if\[\lvert A\rvert >\lfloor\tfrac{n}{2}\rfloor+\lfloor\tfrac{n}{3}\rfloor-\lfloor\tfrac{n}{6}\rfloor\]then $G(A)$ contains all odd cycles of length $\leq \frac{n}{3}+1$?
Is it true that, for every $\ell\geq 1$, if $n$ is sufficiently large and\[\lvert A\rvert >\lfloor\tfrac{n}{2}\rfloor+\lfloor\tfrac{n}{3}\rfloor-\lfloor\tfrac{n}{6}\rfloor\]then $G(A)$ must contain a complete $(1,\ell,\ell)$ triparite graph on $2\ell+1$ vertices?"
884,disproved,10,10,,no,no,"['number theory', 'divisors']",https://www.erdosproblems.com/884,"Is it true that, for any $n$, if $d_1<\cdots <d_t$ are the divisors of $n$, then\[\sum_{1\leq i<j\leq t}\frac{1}{d_j-d_i} \ll 1+\sum_{1\leq i<t}\frac{1}{d_{i+1}-d_i},\]where the implied constant is absolute?"
885,open,64,2,open,yes,no,"['number theory', 'divisors']",https://www.erdosproblems.com/885,"For integer $n\geq 1$ we define the factor difference set of $n$ by\[D(n) = \{\lvert a-b\rvert : n=ab\}.\]Is it true that, for every $k\geq 1$, there exist integers $N_1<\cdots<N_k$ such that\[\lvert \cap_i D(N_i)\rvert \geq k?\]"
886,open,60,4,open,yes,no,"['number theory', 'divisors']",https://www.erdosproblems.com/886,"Let $\epsilon>0$. Is it true that, for all large $n$, the number of divisors of $n$ in $(n^{1/2},n^{1/2}+n^{1/2-\epsilon})$ is $O_\epsilon(1)$?"
887,open,64,1,open,yes,no,"['number theory', 'divisors']",https://www.erdosproblems.com/887,"Is there an absolute constant $K$ such that, for every $C>0$, if $n$ is sufficiently large then $n$ has at most $K$ divisors in $(n^{1/2},n^{1/2}+C n^{1/4})$."
888,open,52,22,claimed,yes,no,"['number theory', 'squares']",https://www.erdosproblems.com/888,"What is the size of the largest $A\subseteq \{1,\ldots,n\}$ such that if $a\leq b\leq c\leq d\in A$ are such that $abcd$ is a square then $ad=bc$?"
889,open,60,1,open,yes,no,['number theory'],https://www.erdosproblems.com/889,"For $k\geq 0$ and $n\geq 1$ let $v(n,k)$ count the prime factors of $n+k$ which do not divide $n+i$ for $0\leq ik$.
Is it true that\[v_0(n)=\max_{k\geq 0}v(n,k)\to \infty\]as $n\to \infty$?"
890,open,47,6,open,yes,no,"['number theory', 'primes']",https://www.erdosproblems.com/890,"If $\omega_k(n)$ counts the number of distinct prime factors of $n$ which are $>k$, then is it true that, for every $k\geq 1$,\[\liminf_{n\to \infty}\sum_{0\leq i<k}\omega_k(n+i)\leq k?\]Is it true that\[\limsup_{n\to \infty}\left(\sum_{0\leq i<k}\omega(n+i)\right) \frac{\log\log n}{\log n}=1,\]where $\omega$ counts the number of distinct prime factors without restriction?"
891,open,60,2,open,yes,no,['number theory'],https://www.erdosproblems.com/891,Let $2=p_1k$ many prime factors?
892,open,49,2,open,no,no,"['number theory', 'primitive sets']",https://www.erdosproblems.com/892,"Is there a necessary and sufficient condition for a sequence of integers $b_1<b_2<\cdots$ that ensures there exists a primitive sequence $a_1<a_2<\cdots$ (i.e. no element divides another) with $a_n \ll b_n$ for all $n$?
In particular, is this always possible if there are no non-trivial solutions to $(b_i,b_j)=b_k$?
Similarly, find necessary and sufficient conditions on a sequence $n_1<n_2<\cdots$ that ensure there exists a primitive set $A$ such that\[\lvert A\cap [1,2^{n_i}]\rvert \gg 2^{n_i}\]for every $i$."
893,open,67,0,open,yes,no,"['number theory', 'divisors']",https://www.erdosproblems.com/893,If $\tau(n)$ counts the divisors of $n$ then let\[f(n)=\sum_{1\leq k\leq n}\tau(2^k-1).\]Does $f(2n)/f(n)$ tend to a limit?
894,proved,13,0,,no,no,"['number theory', 'ramsey theory']",https://www.erdosproblems.com/894,"Let $A=\{n_10$ with $n_{k+1}\geq (1+\epsilon)n_k$ for all $k$). 
Is it true that there must exist a finite colouring of $\mathbb{N}$ with no monochromatic solutions to $a-b\in A$?"
895,proved,17,0,,no,no,"['additive combinatorics', 'graph theory']",https://www.erdosproblems.com/895,"Is it true that, for all sufficiently large $n$, if $G$ is a triangle-free graph on $\{1,\ldots,n\}$ then there must exist three independent points $a,b,a+b$?"
896,open,50,3,claimed,no,no,['number theory'],https://www.erdosproblems.com/896,"Estimate the maximum of $F(A,B)$ as $A,B$ range over all subsets of $\{1,\ldots,N\}$, where $F(A,B)$ counts the number of $m$ such that $m=ab$ has exactly one solution (with $a\in A$ and $b\in B$)."
897,disproved (Lean),7,28,,yes,no,['number theory'],https://www.erdosproblems.com/897,"Let $f(n)$ be an additive function (so that $f(ab)=f(a)+f(b)$ if $(a,b)=1$) such that\[\limsup_{p,k}\frac{f(p^k)}{\log p^k}=\infty.\]Is it true that\[\limsup_n \frac{f(n+1)-f(n)}{\log n}=\infty?\]Or perhaps even\[\limsup_n \frac{f(n+1)}{f(n)}=\infty?\]"
898,proved (Lean),9,1,,no,no,['geometry'],https://www.erdosproblems.com/898,"If $A,B,C\in \mathbb{R}^2$ form a triangle and $P$ is a point in the interior then, if $N$ is where the perpendicular from $P$ to $AB$ meets the triangle, and similarly for $M$ and $L$,\[\overline{PA}+\overline{PB}+\overline{PC}\geq 2(\overline{PM}+\overline{PN}+\overline{PL}).\]"
899,proved,19,0,,yes,no,['additive combinatorics'],https://www.erdosproblems.com/899,"Let $A\subseteq \mathbb{N}$ be an infinite set such that $\lvert A\cap \{1,\ldots,N\}\rvert=o(N)$. Is it true that\[\limsup_{N\to \infty}\frac{\lvert (A-A)\cap \{1,\ldots,N\}\rvert}{\lvert A\cap \{1,\ldots,N\}\rvert}=\infty?\]"
900,proved,21,0,,no,no,['graph theory'],https://www.erdosproblems.com/900,"There is a function $f:(1/2,\infty)\to \mathbb{R}$ such that $f(c)\to 0$ as $c\to 1/2$ and $f(c)\to 1$ as $c\to \infty$ and every random graph with $n$ vertices and $cn$ edges has (with high probability) a path of length at least $f(c)n$."
901,open,54,1,open,no,no,"['combinatorics', 'hypergraphs']",https://www.erdosproblems.com/901,Let $m(n)$ be minimal such that there is an $n$-uniform hypergraph with $m(n)$ edges which is $3$-chromatic. Estimate $m(n)$.
902,open,54,3,open,no,no,['graph theory'],https://www.erdosproblems.com/902,Let $f(n)$ be minimal such that there is a tournament (a complete directed graph) on $f(n)$ vertices such that every set of $n$ vertices is dominated by at least one other vertex. Estimate $f(n)$.
903,proved,14,1,,no,no,['combinatorics'],https://www.erdosproblems.com/903,"Let $n=p^2+p+1$ for some prime power $p$, and let $A_1,\ldots,A_t\subseteq \{1,\ldots,n\}$ be a block design (so that every pair $x,y\in \{1,\ldots,n\}$ is contained in exactly one $A_i$).
Is it true that if $t>n$ then $t\geq n+p$?"
904,proved (Lean),9,5,,no,no,['graph theory'],https://www.erdosproblems.com/904,"Let $r\geq 2$ and let $t_r(n)$ be the Turán number (the maximal number of edges in a graph on $n$ vertices with no $K_{r+1}$). 
If $G$ is a graph with $n$ vertices and $m\geq t_r(n)$ edges there exists a clique on $r$ vertices, say $x_1,\ldots,x_r$, such that\[d(x_1)+\cdots+d(x_r)\geq \frac{2rm}{n}.\]"
905,proved (Lean),14,3,,no,no,['graph theory'],https://www.erdosproblems.com/905,Every graph with $n$ vertices and $>n^2/4$ edges contains an edge which is in at least $n/6$ triangles.
906,open,52,12,claimed,yes,no,"['analysis', 'iterated functions']",https://www.erdosproblems.com/906,"Is there an entire non-zero function $f:\mathbb{C}\to \mathbb{C}$ such that, for any infinite sequence $n_1<n_2<\cdots$, the set\[\{ z: f^{(n_k)}(z)=0 \textrm{ for some }k\geq 1\}\]is everywhere dense?"
907,proved (Lean),14,1,,no,no,['analysis'],https://www.erdosproblems.com/907,Let $f:\mathbb{R}\to \mathbb{R}$ be such that $f(x+h)-f(x)$ is continuous for every $h>0$. Is it true that\[f=g+h\]for some continuous $g$ and additive $h$ (i.e. $h(x+y)=h(x)+h(y)$)?
908,proved,12,0,,no,no,['analysis'],https://www.erdosproblems.com/908,"Let $f:\mathbb{R}\to \mathbb{R}$ be such that $f(x+h)-f(x)$ is measurable for every $h>0$. Is it true that\[f=g+h+r\]where $g$ is continuous, $h$ is additive (so $h(x+y)=h(x)+h(y)$), and $r(x+h)-r(x)=0$ for every $h$ and almost all (depending on $h$) $x$?"
909,proved,17,0,,no,no,"['analysis', 'topology']",https://www.erdosproblems.com/909,Let $n\geq 2$. Is there a space $S$ of dimension $n$ such that $S^2$ also has dimension $n$?
910,disproved,17,0,,no,no,['topology'],https://www.erdosproblems.com/910,"Does every connected set in $\mathbb{R}^n$ contain a connected subset which is not a point and not homeomorphic to the original set?
If $n\geq 2$ does every connected set in $\mathbb{R}^n$ contain more than $2^{\aleph_0}$ many connected subsets?"
911,open,45,3,open,no,no,"['graph theory', 'ramsey theory']",https://www.erdosproblems.com/911,"Let $\hat{R}(G)$ denote the size Ramsey number, the minimal number of edges $m$ such that there is a graph $H$ with $m$ edges that is Ramsey for $G$.
Is there a function $f$ such that $f(x)/x\to \infty$ as $x\to \infty$ such that, for all large $C$, if $G$ is a graph with $n$ vertices and $e\geq Cn$ edges then\[\hat{R}(G) > f(C) e?\]"
912,open,64,1,open,yes,no,"['number theory', 'factorials']",https://www.erdosproblems.com/912,"If\[n! = \prod_i p_i^{k_i}\]is the factorisation into distinct primes then let $h(n)$ count the number of distinct exponents $k_i$. 
Prove that there exists some $c>0$ such that\[h(n) \sim c \left(\frac{n}{\log n}\right)^{1/2}\]as $n\to \infty$."
913,open,56,3,open,yes,no,['number theory'],https://www.erdosproblems.com/913,Are there infinitely many $n$ such that if\[n(n+1) = \prod_i p_i^{k_i}\]is the factorisation into distinct primes then all exponents $k_i$ are distinct?
914,proved (Lean),18,2,,no,no,['graph theory'],https://www.erdosproblems.com/914,Let $r\geq 2$ and $m\geq 1$. Every graph with $rm$ vertices and minimum degree at least $m(r-1)$ contains $m$ vertex disjoint copies of $K_r$.
915,solved,10,16,,no,no,['graph theory'],https://www.erdosproblems.com/915,Let $G$ be a graph with $1+n(m-1)$ vertices and $1+n\binom{m}{2}$ edges. Must $G$ contain two points which are connected by $m$ disjoint paths?
916,proved,21,0,,no,no,"['graph theory', 'cycles']",https://www.erdosproblems.com/916,Does every graph with $n$ vertices and $2n-2$ edges contain a cycle and another vertex adjacent to three vertices on the cycle?
917,open,56,0,open,no,no,"['graph theory', 'chromatic number']",https://www.erdosproblems.com/917,"Let $k\geq 4$ and $f_k(n)$ be the largest number of edges in a graph on $n$ vertices which has chromatic number $k$ and is critical (i.e. deleting any edge reduces the chromatic number).
Is it true that\[f_k(n) \gg_k n^2?\]Is it true that\[f_6(n)\sim n^2/4?\]More generally, is it true that, for $k\geq 6$,\[f_k(n) \sim \frac{1}{2}\left(1-\frac{1}{\lfloor k/3\rfloor}\right)n^2?\]"
918,open,55,5,open,yes,no,"['graph theory', 'chromatic number']",https://www.erdosproblems.com/918,"Is there a graph with $\aleph_2$ vertices and chromatic number $\aleph_2$ such that every subgraph on $\aleph_1$ vertices has chromatic number $\leq\aleph_0$?
Is there a graph with $\aleph_{\omega+1}$ vertices and chromatic number $\aleph_1$ such that every subgraph on $\aleph_\omega$ vertices has chromatic number $\leq\aleph_0$?"
919,open,61,0,open,no,no,"['graph theory', 'chromatic number']",https://www.erdosproblems.com/919,"Is there a graph $G$ with vertex set $\omega_2^2$ and chromatic number $\aleph_2$ such that every subgraph whose vertices have a lesser type has chromatic number $\leq \aleph_0$?
What if instead we ask for $G$ to have chromatic number $\aleph_1$?"
920,open,64,1,open,yes,no,"['graph theory', 'chromatic number']",https://www.erdosproblems.com/920,"Let $f_k(n)$ be the maximum possible chromatic number of a graph with $n$ vertices which contains no $K_k$.
Is it true that, for $k\geq 4$,\[f_k(n) \gg \frac{n^{1-\frac{1}{k-1}}}{(\log n)^{c_k}}\]for some constant $c_k>0$?"
921,proved,21,0,,no,no,"['graph theory', 'chromatic number', 'cycles']",https://www.erdosproblems.com/921,Let $k\geq 4$ and let $f_k(n)$ be the largest $m$ such that there is a graph on $n$ vertices with chromatic number $k$ in which every odd cycle has length $> m$. Is it true that\[f_k(n) \asymp n^{\frac{1}{k-2}}?\]
922,proved,21,0,,no,no,"['graph theory', 'chromatic number']",https://www.erdosproblems.com/922,"Let $k\geq 0$. Let $G$ be a graph such that every subgraph $H$ contains an independent set of size $\geq (n-k)/2$, where $n$ is the number of vertices of $H$. Must $G$ have chromatic number at most $k+2$?"
923,proved (Lean),18,2,,no,no,"['graph theory', 'chromatic number']",https://www.erdosproblems.com/923,"Is it true that, for every $k$, there is some $f(k)$ such that if $G$ has chromatic number $\geq f(k)$ then $G$ contains a triangle-free subgraph with chromatic number $\geq k$?"
924,proved,17,0,,no,no,"['graph theory', 'ramsey theory']",https://www.erdosproblems.com/924,Let $k\geq 2$ and $l\geq 3$. Is there a graph $G$ which contains no $K_{l+1}$ such that every $k$-colouring of the edges of $G$ contains a monochromatic copy of $K_l$?
925,disproved,12,0,,no,no,"['graph theory', 'ramsey theory']",https://www.erdosproblems.com/925,"Is there a constant $\delta>0$ such that, for all large $n$, if $G$ is a graph on $n$ vertices which is not Ramsey for $K_3$ (i.e. there exists a 2-colouring of the edges of $G$ with no monochromatic triangle) then $G$ contains an independent set of size $\gg n^{1/3+\delta}$?"
926,proved,21,0,,no,no,['graph theory'],https://www.erdosproblems.com/926,"Let $k\geq 4$. Is it true that\[\mathrm{ex}(n;H_k) \ll_k n^{3/2},\]where $H_k$ is the graph on vertices $x,y_1,\ldots,y_k,z_1,\ldots,z_{\binom{k}{2}}$, where $x$ is adjacent to all $y_i$ and each pair of $y_i,y_j$ is adjacent to a unique $z_i$."
927,disproved,16,0,,no,no,['graph theory'],https://www.erdosproblems.com/927,"Let $g(n)$ be the maximum number of different sizes of cliques that can occur in a graph on $n$ vertices. Estimate $g(n)$ - in particular, is it true that\[g(n)=n-\log_2n-\log_*(n)+O(1),\]where $\log_*(n)$ is the number of iterated logarithms such that $\log\cdots \log n <1$."
928,open,54,2,open,no,no,['number theory'],https://www.erdosproblems.com/928,"Let $\alpha,\beta\in (0,1)$ and let $P(n)$ denote the largest prime divisor of $n$. Does the density of integers $n$ such that $P(n)<n^{\alpha}$ and $P(n+1)<(n+1)^\beta$ exist?"
929,open,54,1,open,no,no,['number theory'],https://www.erdosproblems.com/929,"Let $k\geq 2$ be large and let $S(k)$ be the minimal $x$ such that there is a positive density set of $n$ where\[n+1,n+2,\ldots,n+k\]are all divisible by primes $\leq x$.
Estimate $S(k)$ - in particular, is it true that $S(k)\geq k^{1-o(1)}$?"
930,open,60,1,open,yes,no,['number theory'],https://www.erdosproblems.com/930,"Is it true that, for every $r$, there is a $k$ such that if $I_1,\ldots,I_r$ are disjoint intervals of consecutive integers, all of length at least $k$, then\[\prod_{1\leq i\leq r}\prod_{m\in I_i}m\]is not a perfect power?"
931,open,56,4,open,yes,no,['number theory'],https://www.erdosproblems.com/931,Let $k_1\geq k_2\geq 3$. Are there only finitely many $n_2\geq n_1+k_1$ such that\[\prod_{1\leq i\leq k_1}(n_1+i)\textrm{ and }\prod_{1\leq j\leq k_2}(n_2+j)\]have the same prime factors?
932,open,52,9,open,yes,no,['number theory'],https://www.erdosproblems.com/932,Let $p_k$ denote the $k$th prime. For infinitely many $r$ there are at least two integers $p_r<n<p_{r+1}$ all of whose prime factors are $<p_{r+1}-p_r$.
933,open,50,5,open,no,no,['number theory'],https://www.erdosproblems.com/933,"If $n(n+1)=2^k3^lm$, where $(m,6)=1$, then is it true that\[\limsup_{n\to \infty} \frac{2^k3^l}{n\log n}=\infty?\]"
934,open,54,3,open,no,no,['graph theory'],https://www.erdosproblems.com/934,"Let $h_t(d)$ be minimal such that every graph $G$ with $h_t(d)$ edges and maximal degree $\leq d$ contains two edges whose shortest path between them has length $\geq t$.
Estimate $h_t(d)$."
935,open,41,12,open,no,no,['number theory'],https://www.erdosproblems.com/935,"For any integer $n=\prod p^{k_p}$ let $Q_2(n)$ be the powerful part of $n$, so that\[Q_2(n) = \prod_{\substack{p\\ k_p\geq 2}}p^{k_p}.\]Is it true that, for every $\epsilon>0$ and $\ell\geq 1$, if $n$ is sufficiently large then\[Q_2(n(n+1)\cdots(n+\ell))<n^{2+\epsilon}?\]If $\ell\geq 2$ then is\[\limsup_{n\to \infty}\frac{Q_2(n(n+1)\cdots(n+\ell))}{n^2}\]infinite? 
If $\ell\geq 2$ then is\[\lim_{n\to \infty}\frac{Q_2(n(n+1)\cdots(n+\ell))}{n^{\ell+1}}=0?\]"
936,open,56,5,open,yes,no,['number theory'],https://www.erdosproblems.com/936,Are\[2^n\pm 1\]and\[n!\pm 1\]powerful (i.e. if $p\mid m$ then $p^2\mid m$) for only finitely many $n$?
937,proved,17,0,,no,no,['number theory'],https://www.erdosproblems.com/937,Are there infinitely many four-term arithmetic progressions of coprime powerful numbers (i.e. if $p\mid n$ then $p^2\mid n$)?
938,open,63,0,open,yes,no,['number theory'],https://www.erdosproblems.com/938,"Let $A=\{n_1<n_2<\cdots\}$ be the sequence of powerful numbers (if $p\mid n$ then $p^2\mid n$).
Are there only finitely many three-term progressions of consecutive terms $n_k,n_{k+1},n_{k+2}$?"
939,open,51,4,open,yes,no,['number theory'],https://www.erdosproblems.com/939,"Let $r\geq 2$. An $r$-powerful number $n$ is one such that if $p\mid n$ then $p^r\mid n$.
If $r\geq 4$ then can the sum of $r-2$ coprime $r$-powerful numbers ever be itself $r$-powerful? Are there at most finitely many such solutions?
Are there infinitely many triples of coprime $3$-powerful numbers $a,b,c$ such that $a+b=c$?"
940,open,47,8,open,yes,no,['number theory'],https://www.erdosproblems.com/940,"Let $r\geq 3$. A number $n$ is $r$-powerful if for every prime $p$ which divides $n$ we have $p^r\mid n$.
Are there infinitely many integers which are not the sum of at most $r$ many $r$-powerful numbers? Does the set of integers which are the sum of at most $r$ $r$-powerful numbers have density $0$?"
941,proved,17,0,,no,no,['number theory'],https://www.erdosproblems.com/941,Are all large integers the sum of at most three powerful numbers (i.e. if $p\mid n$ then $p^2\mid n$)?
942,open,60,2,open,yes,no,['number theory'],https://www.erdosproblems.com/942,"Let $h(n)$ count the number of powerful (if $p\mid m$ then $p^2\mid m$) integers in $[n^2,(n+1)^2)$. Estimate $h(n)$. In particular is there some constant $c>0$ such that\[h(n) (\log n)^{c-o(1)}?\]"
943,open,56,5,open,yes,no,['number theory'],https://www.erdosproblems.com/943,Let $A$ be the set of powerful numbers (if $p\mid n$ then $p^2\mid n$). Is it true that\[1_A\ast 1_A(n)=n^{o(1)}\]for every $n$?
944,open,59,1,open,yes,no,"['graph theory', 'chromatic number']",https://www.erdosproblems.com/944,"A critical vertex, edge, or set of edges, is one whose deletion lowers the chromatic number.
Let $k\geq 4$ and $r\geq 1$. Must there exist a graph $G$ with chromatic number $k$ such that every vertex is critical, yet every critical set of edges has size $>r$?"
945,open,55,3,open,yes,no,"['number theory', 'divisors']",https://www.erdosproblems.com/945,"Let $F(x)$ be the maximal $k$ such that there exist $n+1,\ldots,n+k\leq x$ with $\tau(n+1),\ldots,\tau(n+k)$ all distinct (where $\tau(m)$ counts the divisors of $m$). Estimate $F(x)$. In particular, is it true that\[F(x) \leq (\log x)^{O(1)}?\]In other words, is there a constant $C>0$ such that, for all large $x$, every interval $[x,x+(\log x)^C]$ contains two integers with the same number of divisors?"
946,proved,20,3,,yes,no,"['number theory', 'divisors']",https://www.erdosproblems.com/946,"Are there infinitely many $n$ such that $\tau(n)=\tau(n+1)$, where $\tau$ is the divisor function?"
947,proved (Lean),18,1,,no,no,"['number theory', 'covering systems']",https://www.erdosproblems.com/947,"There is no exact covering system - that is, a finite collection of congruence classes $a_i\pmod{n_i}$ with distinct $n_i$ such that every integer satisfies exactly one of these congruence classes."
948,open,37,12,open,no,no,"['number theory', 'ramsey theory']",https://www.erdosproblems.com/948,Is there a function $f(n)$ and a $k$ such that in any $k$-colouring of the integers there exists a sequence $a_1<\cdots$ such that $a_n<f(n)$ for infinitely many $n$ and the set\[\left\{ \sum_{i\in S}a_i : \textrm{finite }S\right\}\]does not contain all colours?
949,open,48,8,open,yes,no,['ramsey theory'],https://www.erdosproblems.com/949,Let $S\subset \mathbb{R}$ be a set containing no solutions to $a+b=c$. Must there be a set $A\subseteq \mathbb{R}\backslash S$ of cardinality continuum such that $A+A\subseteq \mathbb{R}\backslash S$?
950,open,46,3,open,no,no,"['number theory', 'primes']",https://www.erdosproblems.com/950,Let\[f(n) = \sum_{p<n}\frac{1}{n-p}.\]Is it true that\[\liminf f(n)=1\]and\[\limsup f(n)=\infty?\]Is it true that $f(n)=o(\log\log n)$ for all $n$?
951,open,47,22,open,yes,no,['number theory'],https://www.erdosproblems.com/951,"Let $1<a_1<\cdots$ be a sequence of real numbers such that\[\left\lvert \prod_i a_i^{k_i}-\prod_j a_j^{\ell_j}\right\rvert \geq 1\]for every distinct pair of non-negative finitely supported integer tuples $k_i,\ell_j\geq 0$. Is it true that\[\#\{ a_i \leq x\} \leq \pi(x)?\]"
952,open,56,5,open,yes,no,['number theory'],https://www.erdosproblems.com/952,"Is there an infinite sequence of distinct Gaussian primes $x_1,x_2,\ldots$ such that\[\lvert x_{n+1}-x_n\rvert \ll 1?\]"
953,open,50,3,open,no,no,"['geometry', 'distances']",https://www.erdosproblems.com/953,"Let $A\subset \{ x\in \mathbb{R}^2 : \lvert x\rvert <r\}$ be a measurable set with no integer distances, that is, such that $\lvert a-b\rvert \not\in \mathbb{Z}$ for any distinct $a,b\in A$. How large can the measure of $A$ be?"
954,open,45,3,open,no,no,['number theory'],https://www.erdosproblems.com/954,"Let $0=a_0<a_1<a_2<\cdots$ be the sequence of integers defined by $a_0=0$ and $a_1=1$, and $a_{k+1}$ is the smallest integer $n$ for which the number of solutions to $a_i+a_j \leq n$ (with $0\leq i\leq j\leq k$ and $j\geq 1$) is $<n$.
Is the number of solutions to $a_i+a_j \leq x$ equal to $x+O(x^{1/4+o(1)})$?"
955,open,54,2,open,no,no,['number theory'],https://www.erdosproblems.com/955,"Let\[s(n)=\sigma(n)-n=\sum_{\substack{d\mid n\\ d<n}}d\]be the sum of proper divisors function.
If $A\subset \mathbb{N}$ has density $0$ then $s^{-1}(A)$ must also have density $0$."
956,open,52,0,open,no,no,"['geometry', 'distances', 'convex']",https://www.erdosproblems.com/956,"If $C,D\subseteq \mathbb{R}^2$ then the distance between $C$ and $D$ is defined by\[\delta(C,D)=\inf_{\substack{c\in C\\ d\in D}}\| c-d\|.\]Let $h(n)$ be the maximal number of unit distances between disjoint convex translates. That is, the maximal $m$ such that there is a compact convex set $C\subset \mathbb{R}^2$ and a set $X$ of size $n$ such that all $(C+x)_{x\in X}$ are disjoint and there are $m$ pairs $x_1,x_2\in X$ such that\[\delta(C+x_1,C+x_2)=1.\]Determine $h(n)$ - in particular, prove that there exists a constant $c>0$ such that $h(n)>n^{1+c}$ for all large $n$."
957,proved,12,0,,no,no,"['geometry', 'distances']",https://www.erdosproblems.com/957,Let $A\subset \mathbb{R}^2$ be a set of size $n$ and let $\{d_1<\ldots<d_k\}$ be the set of distinct distances determined by $A$. Let $f(d)$ be the number of times the distance $d$ is determined. Is it true that\[f(d_1)f(d_k) \leq (\tfrac{9}{8}+o(1))n^2?\]
958,disproved (Lean),9,2,,no,no,"['distances', 'geometry']",https://www.erdosproblems.com/958,"Let $A\subset \mathbb{R}^2$ be a finite set of size $n$, and let $\{d_1,\ldots,d_k\}$ be the set of distances determined by $A$. Let $f(d)$ be the multiplicity of $d$, that is, the number of ordered pairs from $A$ of distance $d$ apart. 
Is it true that $k=n-1$ and $\{f(d_i)\}=\{n-1,\ldots,1\}$ if and only if $A$ is a set of equidistant points on a line or a circle?"
959,open,52,0,open,no,no,"['geometry', 'distances']",https://www.erdosproblems.com/959,"Let $A\subset \mathbb{R}^2$ be a set of size $n$ and let $\{d_1,\ldots,d_k\}$ be the set of distinct distances determined by $A$. Let $f(d)$ be the number of times the distance $d$ is determined, and suppose the $d_i$ are ordered such that\[f(d_1)\geq f(d_2)\geq \cdots \geq f(d_k).\]Estimate\[\max (f(d_1)-f(d_2)),\]where the maximum is taken over all $A$ of size $n$."
960,disproved,9,1,,no,no,['geometry'],https://www.erdosproblems.com/960,"Let $r,k\geq 2$ be fixed. Let $A\subset \mathbb{R}^2$ be a set of $n$ points with no $k$ points on a line. Determine the threshold $f_{r,k}(n)$ such that if there are at least $f_{r,k}(n)$ many ordinary lines (lines containing exactly two points) then there is a set $A'\subseteq A$ of $r$ points such that all $\binom{r}{2}$ many lines determined by $A'$ are ordinary.
Is it true that $f_{r,k}(n)=o(n^2)$, or perhaps even $\ll n$?"
961,open,60,1,open,yes,no,['number theory'],https://www.erdosproblems.com/961,Let $f(k)$ be the minimal $n$ such that every set of $n$ consecutive integers $>k$ contains an integer divisible by a prime $>k$. Estimate $f(k)$.
962,open,50,4,open,no,no,['number theory'],https://www.erdosproblems.com/962,"Let $k(n)$ be the maximal $k$ such that there exists $m\leq n$ such that each of the integers\[m+1,\ldots,m+k\]are divisible by at least one prime $>k$. Estimate $k(n)$ - in particular, is it true that\[\log k(n) \leq (\log n)^{1/2+o(1)}?\]"
963,open,41,17,open,no,no,['number theory'],https://www.erdosproblems.com/963,"Let $f(n)$ be the maximal $k$ such that in any set $A\subset \mathbb{R}$ of size $n$ there is a subset $B\subseteq A$ of size $\lvert B\rvert\geq k$ which is dissociated that is, the sums $\sum_{b\in S}b$ are distinct for all $S\subseteq B$. Estimate $f(n)$ - in particular, is it true that\[f(n)\geq \lfloor \log_2 n\rfloor?\]"
964,proved (Lean),18,2,,no,no,"['number theory', 'divisors']",https://www.erdosproblems.com/964,"Let $\tau(n)$ count the number of divisors of $n$. Is the sequence\[\frac{\tau(n+1)}{\tau(n)}\]everywhere dense in $(0,\infty)$?"
965,disproved,16,1,,yes,no,['ramsey theory'],https://www.erdosproblems.com/965,"Is it true that, for any $2$-colouring of $\mathbb{R}$, there is a set $A\subseteq \mathbb{R}$ of cardinality $\aleph_1$ such that all sums $a+b$ with $a\neq b$ and $a,b\in A$ are the same colour?"
966,proved (Lean),2,3,,no,no,"['number theory', 'additive combinatorics', 'ramsey theory']",https://www.erdosproblems.com/966,"Let $k,r\geq 2$. Does there exist a set $A\subseteq \mathbb{N}$ that contains no non-trivial arithmetic progression of length $k+1$, yet in any $r$-colouring of $A$ there must exist a monochromatic non-trivial arithmetic progression of length $k$?"
967,disproved (Lean),6,10,,no,no,"['number theory', 'analysis']",https://www.erdosproblems.com/967,"Let $1<a_1<\cdots $ be a sequence of integers such that $\sum\frac{1}{a_i}<\infty$. Is it true that, for every $t\in \mathbb{R}$,\[1+\sum_{k}\frac{1}{a_k^{1+it}}\neq 0?\]"
968,open,60,2,open,yes,no,['number theory'],https://www.erdosproblems.com/968,"Let $u_n=p_n/n$, where $p_n$ is the $n$th prime. Does the set of $n$ such that $u_n<u_{n+1}$ have positive density?"
969,open,57,0,open,no,no,['number theory'],https://www.erdosproblems.com/969,"Let $Q(x)$ count the number of squarefree integers in $[1,x]$. Determine the order of magnitude in the error term in the asymptotic\[Q(x)=\frac{6}{\pi^2}x+E(x).\]"
970,open,52,0,open,no,no,['number theory'],https://www.erdosproblems.com/970,"Let $h(k)$ be Jacobsthal's function, defined to as the minimal $m$ such that, if $n$ has at most $k$ prime factors, then in any set of $m$ consecutive integers there exists an integer coprime to $n$. Determine the order of magnitude of $h(k)$. In particular, is it true that\[h(k) \ll k^2?\]"
971,open,56,3,open,yes,no,['number theory'],https://www.erdosproblems.com/971,"Let $p(a,d)$ be the least prime congruent to $a\pmod{d}$. Does there exist a constant $c>0$ such that, for all large $d$,\[p(a,d) > (1+c)\phi(d)\log d\]for $\gg \phi(d)$ many values of $a$?"
972,open,60,2,open,yes,no,['number theory'],https://www.erdosproblems.com/972,Let $\alpha>1$ be irrational. Are there infinitely many primes $p$ such that $\lfloor p\alpha\rfloor$ is also prime?
973,open,45,6,open,no,no,['analysis'],https://www.erdosproblems.com/973,"Does there exist a constant $C>1$ such that, for every $n\geq 2$, there exists a sequence $z_i\in \mathbb{C}$ with $z_1=1$ and $\lvert z_i\rvert \geq 1$ for all $1\leq i\leq n$ with\[\max_{2\leq k\leq n+1}\left\lvert \sum_{1\leq i\leq n}z_i^k\right\rvert < C^{-n}?\]"
974,proved,1,13,,no,no,['analysis'],https://www.erdosproblems.com/974,"Let $z_1,\ldots,z_n\in \mathbb{C}$ be a sequence such that $z_1=1$. Suppose that the sequence of\[s_k=\sum_{1\leq i\leq n}z_i^k\]contains infinitely many $(n-1)$-tuples of consecutive values of $s_k$ which are all $0$. Then (essentially)\[z_j=e(j/n),\]where $e(x)=e^{2\pi ix}$."
975,open,55,3,open,yes,no,"['number theory', 'divisors']",https://www.erdosproblems.com/975,"Let $f\in \mathbb{Z}[x]$ be an irreducible non-constant polynomial such that $f(n)\geq 1$ for all large $n\in\mathbb{N}$. Does there exist a constant $c=c(f)>0$ such that\[\sum_{n\leq X} \tau(f(n))\sim cX\log X,\]where $\tau$ is the divisor function?"
976,open,45,3,open,no,no,['number theory'],https://www.erdosproblems.com/976,"Let $f\in \mathbb{Z}[x]$ be an irreducible polynomial of degree $d\geq 2$. Let $F_f(n)$ be maximal such that there exists $1\leq m\leq n$ with $f(m)$ is divisible by a prime $\geq F_f(n)$. Equivalently, $F_f(n)$ is the greatest prime divisor of\[\prod_{1\leq m\leq n}f(m).\]Estimate $F_f(n)$. In particular, is it true that $F_f(n)\gg n^{1+c}$ for some constant $c>0$? Or even $\gg n^d$?"
977,proved,14,2,,no,no,['number theory'],https://www.erdosproblems.com/977,"If $P(m)$ is the greatest prime divisor of $m$, then is it true that\[\frac{P(2^n-1)}{n}\to \infty\]as $n\to \infty$?"
978,open,47,16,open,yes,no,['number theory'],https://www.erdosproblems.com/978,"Let $f\in \mathbb{Z}[x]$ be an irreducible polynomial of degree $k>2$ (and suppose that $k\neq 2^l$ for any $l\geq 1$) such that the leading coefficient of $f$ is positive.
Does the set of integers $n\geq 1$ for which $f(n)$ is $(k-1)$-power-free have positive density?
If $k>3$, and for all primes $p$ there exists $n$ such that $p^{k-2}\nmid f(n)$, then are there infinitely many $n$ for which $f(n)$ is $(k-2)$-power-free?
In particular, does\[n^4+2\]represent infinitely many squarefree numbers?"
979,open,52,12,open,yes,no,['number theory'],https://www.erdosproblems.com/979,"Let $k\geq 2$, and let $f_k(n)$ count the number of solutions to\[n=p_1^k+\cdots+p_k^k,\]where the $p_i$ are prime numbers. Is it true that $\limsup f_k(n)=\infty$?"
980,proved,17,0,,no,no,['number theory'],https://www.erdosproblems.com/980,Let $k\geq 2$ and $n_k(p)$ denote the least $k$th power nonresidue of $p$. Is it true that\[\sum_{p0$?
981,proved,10,4,,no,no,['number theory'],https://www.erdosproblems.com/981,"Let $\epsilon>0$ and $f_\epsilon(p)$ be the smallest integer $m$ such that $\sum_{n\leq N}
\left(\frac{n}{p}\right)0$."
982,falsifiable,85,1,open,yes,no,"['geometry', 'convex', 'distances']",https://www.erdosproblems.com/982,If $n$ distinct points in $\mathbb{R}^2$ form a convex polygon then some vertex has at least $\lfloor \frac{n}{2}\rfloor$ different distances to other vertices.
983,open,50,4,open,no,no,['number theory'],https://www.erdosproblems.com/983,"Let $n\geq 2$ and $\pi(n)r$ many $a\in A$ are only divisible by primes from $\{p_1,\ldots,p_r\}$. 
Is it true that\[2\pi(n^{1/2})-f(\pi(n)+1,n)\to \infty\]as $n\to \infty$?
In general, estimate $f(k,n)$, particularly when $\pi(n)+1<k=o(n)$."
984,proved,2,3,,no,no,"['arithmetic progressions', 'additive combinatorics']",https://www.erdosproblems.com/984,"Can $\mathbb{N}$ be $2$-coloured such that if\[\{a,a+d,\ldots,a+(k-1)d\}\]is a $k$-term monochromatic arithmetic progression then $k\ll_\epsilon a^\epsilon$ for all $\epsilon>0$?"
985,open,60,2,open,yes,no,['number theory'],https://www.erdosproblems.com/985,"Is it true that, for every prime $p$, there is a prime $q<p$ which is a primitive root modulo $p$?"
986,open,57,0,open,no,no,"['graph theory', 'ramsey theory']",https://www.erdosproblems.com/986,"For any fixed $k\geq 3$,\[R(k,n) \gg \frac{n^{k-1}}{(\log n)^c}\]for some constant $c=c(k)>0$."
987,proved,6,9,,no,no,"['analysis', 'discrepancy']",https://www.erdosproblems.com/987,"Let $x_1,x_2,\ldots \in (0,1)$ be an infinite sequence and let\[A_k=\limsup_{n\to \infty}\left\lvert \sum_{j\leq n} e(kx_j)\right\rvert,\]where $e(x)=e^{2\pi ix}$.
Is it true that\[\limsup_{k\to \infty} A_k=\infty?\]Is it possible for $A_k=o(k)$?"
988,solved,12,0,,no,no,['discrepancy'],https://www.erdosproblems.com/988,"If $P\subseteq S^2$ is a subset of the unit sphere then define the discrepancy\[D(P) = \max_C \lvert \lvert C\cap P\rvert - \alpha_C \lvert P\rvert \rvert,\]where the maximum is taken over all spherical caps $C$, and $\alpha_C$ is the appropriately normalised measure of $C$.
Is it true that\[\min_{\lvert P\rvert=n}D(P)\to \infty\]as $n\to \infty$?"
989,solved,12,0,,no,no,['discrepancy'],https://www.erdosproblems.com/989,"If $A=\{z_1,z_2,\ldots \}\in \mathbb{R}^2$ is an infinite sequence then let\[f(r)=\max_C \left\lvert \lvert A\cap C\rvert-\pi r^2\right\rvert,\]where the maximum is taken over all circles $C$ of radius $r$.
Is $f(r)$ unbounded for every $A$? How fast does $f(r)$ grow?"
990,disproved (Lean),5,3,,no,no,['analysis'],https://www.erdosproblems.com/990,"Let $f=a_0+\cdots+a_dx^d\in \mathbb{C}[x]$ be a polynomial. Is it true that, if $f$ has roots $z_1,\ldots,z_d$ with corresponding arguments $\theta_1,\ldots,\theta_d\in [0,2\pi]$, then for all intervals $I\subseteq [0,2\pi]$\[\left\lvert (\# \theta_i \in I) - \frac{\lvert I\rvert}{2\pi}d\right\rvert \ll \left(n\log M\right)^{1/2},\]where $n$ is the number of non-zero coefficients of $f$ and\[M=\frac{\lvert a_0\rvert+\cdots +\lvert a_d\rvert}{(\lvert a_0\rvert\lvert a_d\rvert)^{1/2}}.\]"
991,proved,9,1,,no,no,['discrepancy'],https://www.erdosproblems.com/991,"Suppose $A=\{w_1,\ldots,w_n\}\subset S^2$ maximises\[\prod_{i<j}\lvert w_i-w_j\rvert\]over all possible sets of size $n$. 
Is it true that\[\max_C\lvert \lvert A\cap C\rvert - \alpha_C n\rvert =o(n),\]where the maximum is taken over all spherical caps $C$ and $\alpha_C$ is the area of $C$ (normalised so that the entire sphere has area $1$)?"
992,disproved,12,0,,no,no,['discrepancy'],https://www.erdosproblems.com/992,"Let $x_1<x_2<\cdots$ be an infinite sequence of integers. Is it true that, for almost all $\alpha \in [0,1]$, the discrepancy\[D(N)=\max_{I\subseteq [0,1]} \lvert \#\{ n\leq N : \{ \alpha x_n\}\in I\} - \lvert I\rvert N\rvert\]satisfies\[D(N) \ll N^{1/2}(\log N)^{o(1)}?\]Or even\[D(N)\ll N^{1/2}(\log\log N)^{O(1)}?\]"
993,falsifiable,74,3,open,no,no,['graph theory'],https://www.erdosproblems.com/993,"The independent set sequence of any tree or forest is unimodal.
In other words, if $i_k(G)$ counts the number of independent sets of vertices of size $k$ in a graph $G$, and $T$ is any tree or forest, then for some $m\geq 0$
$$i_{0}(T)\leq i_{1}(T)\leq\cdots\leq i_{m}(T)\geq i_{m+1}(T)\geq i_{m+2}(T)\geq\cdots.$$"
994,disproved,17,0,,no,no,"['analysis', 'discrepancy']",https://www.erdosproblems.com/994,"Let $E\subseteq (0,1)$ be a meaurable subset with Lebesgue measure $\lambda(E)$. Is it true that, for almost all $\alpha$,\[\lim_{n\to \infty}\frac{1}{n}\sum_{1\leq k\leq n}1_{\{k\alpha \}\in E}=\lambda(E)\]for all $E$?"
995,open,45,7,claimed,no,no,"['analysis', 'discrepancy']",https://www.erdosproblems.com/995,"Let $n_1<n_2<\cdots$ be a lacunary sequence of integers and $f\in L^2([0,1])$. Estimate the growth of, for almost all $\alpha$,\[\sum_{1\leq k\leq N}f(\{ \alpha n_k\}).\]For example, is it true that, for almost all $\alpha$,\[\sum_{1\leq k\leq N}f(\{ \alpha n_k\})=o(N\sqrt{\log\log N})?\]"
996,open,63,0,open,yes,no,['analysis'],https://www.erdosproblems.com/996,"Let $n_10$ such that, if\[\| f-f_n\|_2 \ll \frac{1}{(\log\log\log n)^{C}}\]then\[\lim_{N\to\infty}\frac{1}{N}\sum_{k\leq N}f(\{\alpha n_k\})=\int_0^1 f(x)\mathrm{d}x\]for almost every $\alpha$?"
997,proved (Lean),7,4,,yes,no,"['analysis', 'discrepancy', 'primes']",https://www.erdosproblems.com/997,"Call $x_1,x_2,\ldots \in (0,1)$ well-distributed if, for every $\epsilon>0$, if $k$ is sufficiently large then, for all $n>0$ and intervals $I\subseteq [0,1]$,\[\lvert \# \{ n<m\leq n+k : x_m\in I\} - \lvert I\rvert k\rvert < \epsilon k.\]Is it true that, for every $\alpha$, the sequence $\{ \alpha p_n\}$ is not well-distributed, if $p_n$ is the sequence of primes?"
998,proved,17,0,,no,no,"['analysis', 'diophantine approximation']",https://www.erdosproblems.com/998,"Let $\alpha$ be an irrational number. Is it true that if, for all large $n$,\[\#\{ 1\leq m\leq n : \{ \alpha m\} \in [u,v)\} = n(v-u)+O(1)\]then $u=\{\alpha k\}$ and $v=\{\alpha \ell\}$ for some integers $k$ and $\ell$?"
999,proved,12,0,,no,no,"['number theory', 'diophantine approximation']",https://www.erdosproblems.com/999,"For any function $f:\mathbb{N}\to \mathbb{N}$ the property that, for almost all $\alpha$\[\left\lvert \alpha-\frac{p}{q}\right\rvert < \frac{f(q)}{q}\]has infinitely many solutions with $(p,q)=1$, is equivalent to\[\sum_{q\geq 1}\phi(q)\frac{f(q)}{q}=\infty.\]"
1000,proved (Lean),5,3,,no,no,"['number theory', 'diophantine approximation']",https://www.erdosproblems.com/1000,"Let $A=\{n_1<n_2<\cdots\}$ be an infinite sequence of integers, and let $\phi_A(k)$ count the number of $1\leq m\leq n_k$ such that the fraction $\frac{m}{n_k}$ does not have denominator $n_j$ for $j<k$ when written in lowest form; equivalently,\[\frac{n_k}{(m,n_k)}\neq n_j\]for all $1\leq j<k$.
Is there a sequence $A$ such that\[\lim_{N\to \infty}\frac{1}{N}\sum_{k\leq N}\frac{\phi_A(k)}{n_k}=0?\]"
1001,solved,12,0,,no,no,"['number theory', 'diophantine approximation']",https://www.erdosproblems.com/1001,"Let $S(N,A,c)$ be the measure of the set of those $\alpha\in (0,1)$ such that\[\left\lvert \alpha-\frac{x}{y}\right\rvert< \frac{A}{y^2}\]for some $N\leq y\leq cN$ and $(x,y)=1$. Does\[\lim_{N\to \infty}S(N,A,c)=f(A,c)\]exist? What is its explicit form?"
1002,open,49,2,open,no,no,"['analysis', 'diophantine approximation']",https://www.erdosproblems.com/1002,"For any $0<\alpha<1$, let\[f(\alpha,n)=\frac{1}{\log n}\sum_{1\leq k\leq n}(\tfrac{1}{2}-\{ \alpha k\}).\]Does $f(\alpha,n)$ have an asymptotic distribution function?
In other words, is there a non-decreasing function $g$ such that $g(-\infty)=0$, $g(\infty)=1$,
and\[\lim_{n\to \infty}\lvert \{ \alpha\in (0,1): f(\alpha,n)\leq c\}\rvert=g(c)?\]"
1003,open,56,5,open,yes,no,['number theory'],https://www.erdosproblems.com/1003,"Are there infinitely many solutions to $\phi(n)=\phi(n+1)$, where $\phi$ is the Euler totient function?"
1004,open,60,1,open,yes,no,['number theory'],https://www.erdosproblems.com/1004,"Let $c>0$. If $x$ is sufficiently large then does there exist $n\leq x$ such that the values of $\phi(n+k)$ are all distinct for $1\leq k\leq (\log x)^c$, where $\phi$ is the Euler totient function?"
1005,open,57,0,open,no,no,['number theory'],https://www.erdosproblems.com/1005,"Let $\frac{a_1}{b_1},\frac{a_2}{b_2},\ldots$ be the Farey fractions of order $n\geq 4$. Let $f(n)$ be the largest integer such that if $1\leq k0$ such that $f(n)=(c+o(1))n$ for all large $n$?"
1006,disproved,18,2,,no,no,"['graph theory', 'cycles']",https://www.erdosproblems.com/1006,"Let $G$ be a graph with girth $>4$ (that is, it contains no cycles of length $3$ or $4$). Can the edges of $G$ always be directed such that there is no directed cycle, and reversing the direction of any edge also creates no directed cycle?"
1007,solved (Lean),18,1,,no,no,['graph theory'],https://www.erdosproblems.com/1007,"The dimension of a graph $G$ is the minimal $n$ such that $G$ can be embedded in $\mathbb{R}^n$ such that every edge of $G$ is a unit line segment.
What is the smallest number of edges in a graph with dimension $4$?"
1008,proved (Lean),14,7,,no,no,['graph theory'],https://www.erdosproblems.com/1008,Does every graph with $m$ edges contain a subgraph with $\gg m^{2/3}$ edges which contains no $C_4$?
1009,proved,18,2,,no,no,['graph theory'],https://www.erdosproblems.com/1009,"Is it true that, for every $c>0$, there exists $f(c)$ such that every graph on $n$ vertices with at least $\lfloor n^2/4\rfloor+k$ edges, where $k<c n$, contains at least $k-f(c)$ many edge disjoint triangles?"
1010,proved,18,1,,no,no,['graph theory'],https://www.erdosproblems.com/1010,Let $t<\lfloor n/2\rfloor$. Does every graph on $n$ vertices with $\lfloor n^2/4\rfloor+t$ edges contain at least $t\lfloor n/2\rfloor$ triangles?
1011,open,50,9,open,no,no,['graph theory'],https://www.erdosproblems.com/1011,Let $f_r(n)$ be minimal such that every graph on $n$ vertices with $\geq f_r(n)$ edges and chromatic number $\geq r$ contains a triangle. Determine $f_r(n)$.
1012,solved,14,5,,no,no,['graph theory'],https://www.erdosproblems.com/1012,Let $k\geq 0$. Let $f(k)$ be such that every graph on $n\geq f(k)$ vertices with at least $\binom{n-k-1}{2}+\binom{k+2}{2}+1$ edges contains a cycle on $n-k$ vertices. Determine or estimate $f(k)$.
1013,open,50,15,open,no,no,['graph theory'],https://www.erdosproblems.com/1013,"Let $h_3(k)$ be the minimal $n$ such that there exists a triangle-free graph on $n$ vertices with chromatic number $k$. Find an asymptotic for $h_3(k)$, and also prove\[\lim_{k\to \infty}\frac{h_3(k+1)}{h_3(k)}=1.\]"
1014,proved (Lean),14,6,,no,no,['graph theory'],https://www.erdosproblems.com/1014,"Let $R(k,l)$ be the Ramsey number, so the minimal $n$ such that every graph on at least $n$ vertices contains either a $K_k$ or an independent set on $l$ vertices.
Prove, for fixed $k\geq 3$, that\[\lim_{l\to \infty}\frac{R(k,l+1)}{R(k,l)}=1.\]"
1015,solved,12,0,,no,no,"['graph theory', 'ramsey theory']",https://www.erdosproblems.com/1015,"Let $f(t)$ be minimal such that, in any two-colouring of the edges of $K_n$, the edges can be partitioned into vertex disjoint monochromatic copies of $K_t$ (not necessarily the same colour) with at most $f(t)$ vertices remaining.
Estimate $f(t)$. In particular, is it true that $f(t)^{1/t}\to 1$? Is it true that $f(t)\ll t$?"
1016,open,53,1,open,no,no,"['graph theory', 'cycles']",https://www.erdosproblems.com/1016,"Let $h(n)$ be minimal such that there is a graph on $n$ vertices with $n+h(n)$ edges which contains a cycle on $k$ vertices, for all $3\leq k\leq n$. Estimate $h(n)$. In particular, is it true that\[h(n) \geq \log_2n+\log_*n-O(1),\]where $\log_*n$ is the iterated logarithmic function?"
1017,open,54,3,open,no,no,['graph theory'],https://www.erdosproblems.com/1017,"Let $f(n,k)$ be such that every graph on $n$ vertices and $k$ edges can be partitioned into at most $f(n,k)$ edge-disjoint complete graphs. Estimate $f(n,k)$ for $k>n^2/4$."
1018,solved,18,2,,no,no,"['graph theory', 'planar graphs']",https://www.erdosproblems.com/1018,"Let $\epsilon>0$. Is there a constant $C_\epsilon$ such that, for all large $n$, every graph on $n$ vertices with at least $n^{1+\epsilon}$ edges must contain a subgraph on at most $C_\epsilon$ vertices which is non-planar?"
1019,proved,10,8,,no,no,"['graph theory', 'planar graphs']",https://www.erdosproblems.com/1019,A planar graph on $n$ vertices with $3n-6$ edges (the maximum possible) is called saturated. Does every graph on $n$ vertices with $\lfloor n^2/4\rfloor+\lfloor \frac{n+1}{2}\rfloor$ edges contain a saturated planar graph with $>3$ vertices?
1020,falsifiable,79,5,open,no,no,"['graph theory', 'hypergraphs']",https://www.erdosproblems.com/1020,"Let $f(n;r,k)$ be the maximal number of edges in an $r$-uniform hypergraph which contains no set of $k$ many independent edges. 
For all $r\geq 3$,\[f(n;r,k)=\max\left(\binom{rk-1}{r}, \binom{n}{r}-\binom{n-k+1}{r}\right).\]"
1021,proved,5,8,,no,no,['graph theory'],https://www.erdosproblems.com/1021,"Is it true that, for every $k\geq 3$, there is a constant $c_k>0$ such that\[\mathrm{ex}(n,G_k) \ll n^{3/2-c_k},\]where $G_k$ is the bipartite graph between $\{y_1,\ldots,y_k\}$ and $\{z_1,\ldots,z_{\binom{k}{2}}\}$, with each $z_j$ joined to a unique pair of $y_i$?"
1022,proved (Lean),1,11,,no,no,"['combinatorics', 'hypergraphs']",https://www.erdosproblems.com/1022,"Is there a constant $c_t$, where $c_t\to \infty$ as $t\to \infty$, such that if $\mathcal{F}$ is a finite family of finite sets, all of size at least $t$, and for every set $X$ there are $<c_t\lvert X\rvert$ many $A\in \mathcal{F}$ with $A\subseteq X$, then $\mathcal{F}$ has chromatic number $2$ (in other words, has property B)?"
1023,solved (Lean),10,5,,no,no,['combinatorics'],https://www.erdosproblems.com/1023,"Let $F(n)$ be the maximal size of a family of subsets of $\{1,\ldots,n\}$ such that no set in this family is the union of other members of the family. Is it true that there is a constant $c>0$ such that\[F(n)\sim c \frac{2^n}{n^{1/2}}?\]"
1024,solved,21,0,,no,no,"['graph theory', 'hypergraphs']",https://www.erdosproblems.com/1024,Let $f(n)$ be such that every $3$-uniform linear hypergraph on $n$ vertices contains an independent set on $f(n)$ vertices. Estimate $f(n)$.
1025,solved,12,0,,no,no,['combinatorics'],https://www.erdosproblems.com/1025,"Let $f$ be a function from all pairs of elements in $\{1,\ldots,n\}$ to $\{1,\ldots,n\}$ such that $f(x,y)\neq x$ and $\neq y$ for all $x,y$. We call $X\subseteq \{1,\ldots,n\}$ independent if whenever $x,y\in X$ we have $f(x,y)\not\in X$.
Let $g(n)$ be such that, in every function $f$, there is an independent set of size at least $g(n)$. Estimate $g(n)$."
1026,solved (Lean),6,25,,no,no,['combinatorics'],https://www.erdosproblems.com/1026,"Let $x_1,\ldots,x_n$ be a sequence of distinct real numbers. Determine\[\max\left(\sum x_{i_r}\right),\]where the maximum is taken over all monotonic subsequences."
1027,proved,5,3,,no,no,['combinatorics'],https://www.erdosproblems.com/1027,"Let $c>0$, and let $n$ be sufficiently large depending on $c$. Suppose that $\mathcal{F}$ is a family of at most $c2^n$ many finite sets of size $n$. Let $X=\cup_{A\in \mathcal{F}}A$.
Must there exist $\gg_c 2^{\lvert X\rvert}$ many sets $B\subset X$ which intersect every set in $\mathcal{F}$, yet contain none of them?"
1028,solved (Lean),18,1,,no,no,"['graph theory', 'discrepancy']",https://www.erdosproblems.com/1028,"Let\[H(n)=\min_f \max_{X\subseteq \{1,\ldots,n\}} \left\lvert \sum_{x\neq y\in X} f(x,y)\right\rvert,\]where $f$ ranges over all functions $f:X^2\to \{-1,1\}$. Estimate $H(n)$."
1029,open,51,1,open,no,$100,"['graph theory', 'ramsey theory']",https://www.erdosproblems.com/1029,"If $R(k)$ is the Ramsey number for $K_k$, the minimal $n$ such that every $2$-colouring of the edges of $K_n$ contains a monochromatic copy of $K_k$, then\[\frac{R(k)}{k2^{k/2}}\to \infty.\]"
1030,open,49,2,open,no,no,"['graph theory', 'ramsey theory']",https://www.erdosproblems.com/1030,"Let $R(k,l)$ be the usual Ramsey number: the smallest $n$ such that if the edges of $K_n$ are coloured red and blue then there exists either a red $K_k$ or a blue $K_l$.
Prove the existence of some $c>0$ such that\[\lim_{k\to \infty}\frac{R(k+1,k)}{R(k,k)}> 1+c.\]"
1031,proved,18,2,,no,no,['graph theory'],https://www.erdosproblems.com/1031,"If $G$ is a graph on $n$ vertices which contains no trivial (empty or complete) subgraph on $\geq 10\log n$ many vertices, then must $G$ contain an induced non-trivial regular subgraph on $\gg \log n$ many vertices?"
1032,open,53,1,open,no,no,"['graph theory', 'chromatic number']",https://www.erdosproblems.com/1032,"We say that a graph is $4$-chromatic critical if it has chromatic number $4$, and removing any edge decreases the chromatic number to $3$.
Is there, for arbitrarily large $n$, a $4$-chromatic critical graph on $n$ vertices with minimum degree $\gg n$?"
1033,open,61,0,open,no,no,['graph theory'],https://www.erdosproblems.com/1033,"Let $h(n)$ be such that every graph on $n$ vertices with $>n^2/4$ many edges contains a triangle whose vertices have degrees summing to at least $h(n)$. Estimate $h(n)$. In particular, is it true that\[h(n)\geq (2(\sqrt{3}-1)-o(1))n?\]"
1034,disproved (Lean),14,6,,no,no,['graph theory'],https://www.erdosproblems.com/1034,"Let $G$ be a graph on $n$ vertices with $>n^2/4$ many edges. Must there be a triangle $T$ in $G$ and vertices $y_1,\ldots,y_t$, where $t>(\frac{1}{2}-o(1))n$, such that every vertex is joined to at least two vertices of $T$?"
1035,open,54,6,open,no,no,['graph theory'],https://www.erdosproblems.com/1035,Is there a constant $c>0$ such that every graph on $2^n$ vertices with minimum degree $>(1-c)2^n$ contains the $n$-dimensional hypercube $Q_n$?
1036,proved (Lean),14,3,,no,no,['graph theory'],https://www.erdosproblems.com/1036,Let $G$ be a graph on $n$ vertices which does not contain a trivial (empty or complete) graph on more than $c\log n$ vertices. Must $G$ contain at least $2^{\Omega_c(n)}$ many induced subgraphs which are not pairwise isomorphic?
1037,disproved (Lean),10,10,,no,no,['graph theory'],https://www.erdosproblems.com/1037,"Let $G$ be a graph on $n$ vertices in which every degree occurs at most twice, and the number of distinct degree is $>(\frac{1}{2}+\epsilon)n$. Must $G$ contain a trivial (empty or complete) subgraph of size 'much larger' than $\log n$?"
1038,open,52,134,open,yes,no,['analysis'],https://www.erdosproblems.com/1038,"Determine the infimum and supremum of\[\lvert \{ x\in \mathbb{R} : \lvert f(x)\rvert < 1\}\rvert\]as $f\in \mathbb{R}[x]$ ranges over all non-constant monic polynomials, all of whose roots are real and in the interval $[-1,1]$."
1039,open,41,9,open,no,no,['analysis'],https://www.erdosproblems.com/1039,"Let $f(z)=\prod_{i=1}^n(z-z_i)\in \mathbb{C}[z]$ with $\lvert z_i\rvert \leq 1$ for all $i$. Let $\rho(f)$ be the radius of the largest disc which is contained in $\{z: \lvert f(z)\rvert< 1\}$. 
Determine the behaviour of $\rho(f)$. In particular, is it always true that $\rho(f)\gg 1/n$?"
1040,open,49,1,open,no,no,['analysis'],https://www.erdosproblems.com/1040,"Let $F\subseteq \mathbb{C}$ be a closed infinite set, and let $\mu(F)$ be the infimum of\[\lvert \{ z: \lvert f(z)\rvert < 1\}\rvert,\]as $f$ ranges over all polynomials of the shape $\prod (z-z_i)$ with $z_i\in F$.
Is $\mu(F)$ determined by the transfinite diameter of $F$? In particular, is $\mu(F)=0$ whenever the transfinite diameter of $F$ is $\geq 1$?"
1041,falsifiable,77,45,claimed,yes,no,['analysis'],https://www.erdosproblems.com/1041,"Let $f(z)=\prod_{i=1}^n(z-z_i)\in \mathbb{C}[z]$ with $\lvert z_i\rvert < 1$ for all $i$. 
Must there always exist a path of length less than $2$ in\[\{z: \lvert f(z)\rvert < 1\}\]which connects two of the roots of $f$?"
1042,proved,9,1,,no,no,['analysis'],https://www.erdosproblems.com/1042,"Let $F\subset\mathbb{C}$ be a closed set of transfinite diameter $1$ which is not contained in any closed disc of radius $1$. 
If $f(z)=\prod_{i=1}^n(z-z_i)\in\mathbb{C}[x]$ with all $z_i\in F$ then can\[\{ z: \lvert f(z)\rvert 0$ depends only on $F$ (or just the transfinite diameter of $F$)?"
1043,disproved (Lean),16,5,,yes,no,['analysis'],https://www.erdosproblems.com/1043,Let $f\in \mathbb{C}[x]$ be a monic non-constant polynomial. Must there exist a straight line $\ell$ such that the projection of\[\{ z: \lvert f(z)\rvert\leq 1\}\]onto $\ell$ has measure at most $2$?
1044,solved,5,7,,no,no,['analysis'],https://www.erdosproblems.com/1044,Let $f(z)=\prod_{i=1}^n(z-z_i)\in\mathbb{C}[x]$ where $\lvert z_i\rvert\leq 1$ for all $i$. If $\Lambda(f)$ is the maximum of the lengths of the boundaries of the connected components of\[\{ z: \lvert f(z)\rvert<1\}\]then determine the infimum of $\Lambda(f)$.
1045,open,41,47,open,no,no,['analysis'],https://www.erdosproblems.com/1045,"Let $z_1,\ldots,z_n\in \mathbb{C}$ with $\lvert z_i-z_j\rvert\leq 2$ for all $i,j$, and\[\Delta(z_1,\ldots,z_n)=\prod_{i\neq j}\lvert z_i-z_j\rvert.\]What is the maximum possible value of $\Delta$? Is it maximised by taking the $z_i$ to be the vertices of a regular polygon?"
1046,disproved,17,0,,no,no,['analysis'],https://www.erdosproblems.com/1046,Let $f\in \mathbb{C}[x]$ be a monic polynomial and\[E=\{ z: \lvert f(z)\rvert <1\}.\]If $E$ is connected then is $E$ contained in a disc of radius $2$?
1047,disproved (Lean),10,5,,no,no,['analysis'],https://www.erdosproblems.com/1047,"Let $f\in \mathbb{C}[x]$ be a monic polynomial with $m$ distinct roots, and let $c>0$ be a constant small enough such that $\{ z: \lvert f(z)\rvert\leq c\}$ has $m$ distinct connected components.
Must all these components be convex?"
1048,disproved (Lean),14,2,,no,no,['analysis'],https://www.erdosproblems.com/1048,If $f\in \mathbb{C}[x]$ is a monic polynomial with all roots satisfying $\lvert z\rvert \leq r$ for some $r2-r$?
1049,open,56,3,open,yes,no,['irrationality'],https://www.erdosproblems.com/1049,"Let $t>1$ be a rational number. Is\[\sum_{n=1}^\infty\frac{1}{t^n-1}=\sum_{n=1}^\infty \frac{\tau(n)}{t^n}\]irrational, where $\tau(n)$ counts the divisors of $n$?"
1050,proved,17,0,,no,no,['irrationality'],https://www.erdosproblems.com/1050,Is\[\sum_{n=1}^\infty \frac{1}{2^n-3}\]irrational?
1051,proved (Lean),16,6,,yes,no,['irrationality'],https://www.erdosproblems.com/1051,Is it true that if $1\leq a_11\]then\[\sum_{n=1}^\infty \frac{1}{a_na_{n+1}}\]is irrational?
1052,open,60,0,open,yes,$10,['number theory'],https://www.erdosproblems.com/1052,"A unitary divisor of $n$ is $d\mid n$ such that $(d,n/d)=1$. A number $n\geq 1$ is a unitary perfect number if it is the sum of its unitary divisors (aside from $n$ itself).
Are there only finite many unitary perfect numbers?"
1053,open,57,0,open,no,no,['number theory'],https://www.erdosproblems.com/1053,"Call a number $k$-perfect if $\sigma(n)=kn$, where $\sigma(n)$ is the sum of the divisors of $n$. Must $k=o(\log\log n)$?"
1054,open,60,6,open,yes,no,"['number theory', 'divisors']",https://www.erdosproblems.com/1054,"Let $f(n)$ be the minimal integer $m$ such that $n$ is the sum of the $k$ smallest divisors of $m$ for some $k\geq 1$.
Is it true that $f(n)=o(n)$? Or is this true only for almost all $n$, and $\limsup f(n)/n=\infty$?"
1055,open,54,0,open,yes,no,"['number theory', 'primes']",https://www.erdosproblems.com/1055,"A prime $p$ is in class $1$ if the only prime divisors of $p+1$ are $2$ or $3$. In general, a prime $p$ is in class $r$ if every prime factor of $p+1$ is in some class $\leq r-1$, with equality for at least one prime factor.
Are there infinitely many primes in each class? If $p_r$ is the least prime in class $r$, then how does $p_r^{1/r}$ behave?"
1056,open,56,3,open,yes,no,['number theory'],https://www.erdosproblems.com/1056,"Let $k\geq 2$. Does there exist a prime $p$ and consecutive intervals $I_1,\ldots,I_k$ such that\[\prod_{n\in I_i}n \equiv 1\pmod{p}\]for all $1\leq i\leq k$?"
1057,open,54,2,open,no,no,['number theory'],https://www.erdosproblems.com/1057,"Let $C(x)$ count the number of Carmichael numbers in the interval $[1,x]$. Is it true that $C(x)=x^{1-o(1)}$?"
1058,proved,10,3,,no,no,['number theory'],https://www.erdosproblems.com/1058,"Let $2=p_1<p_2<\cdots$ be the sequence of prime numbers. Are there only finitely many $n$ such that $n\in [p_{k-1},p_k)$ and the only primes dividing $n!+1$ are $p_{k}$ and $p_{k+1}$?"
1059,open,59,0,open,yes,no,"['number theory', 'primes']",https://www.erdosproblems.com/1059,Are there infinitely many primes $p$ such that $p-k!$ is composite for each $k$ such that $1\leq k!<p$?
1060,open,60,1,open,yes,no,['number theory'],https://www.erdosproblems.com/1060,"Let $f(n)$ count the number of solutions to $k\sigma(k)=n$, where $\sigma(k)$ is the sum of divisors of $k$. Is it true that $f(n)\leq n^{o(\frac{1}{\log\log n})}$? Perhaps even $\leq (\log n)^{O(1)}$?"
1061,open,60,1,open,yes,no,['number theory'],https://www.erdosproblems.com/1061,"How many solutions are there to\[\sigma(a)+\sigma(b)=\sigma(a+b)\]with $a+b\leq x$, where $\sigma$ is the sum of divisors function? Is it $\sim cx$ for some constant $c>0$?"
1062,open,56,7,open,yes,no,['number theory'],https://www.erdosproblems.com/1062,"Let $f(n)$ be the size of the largest subset $A\subseteq \{1,\ldots,n\}$ such that there are no three distinct elements $a,b,c\in A$ such that $a\mid b$ and $a\mid c$. How large can $f(n)$ be? Is $\lim f(n)/n$ irrational?"
1063,open,56,4,open,yes,no,['number theory'],https://www.erdosproblems.com/1063,Let $k\geq 2$ and define $n_k\geq 2k$ to be the least value of $n$ such that $n-i$ divides $\binom{n}{k}$ for all but one $0\leq i<k$. Estimate $n_k$.
1064,proved,16,6,,yes,no,['number theory'],https://www.erdosproblems.com/1064,"Prove that $\phi(n)>\phi(n-\phi(n))$ for almost all $n$, but that $\phi(n)<\phi(n-\phi(n))$ for infinitely many $n$, where $\phi$ is Euler's totient function."
1065,open,60,1,open,yes,no,['number theory'],https://www.erdosproblems.com/1065,Are there infinitely many primes $p$ such that $p=2^kq+1$ for some prime $q$ and $k\geq 0$? Or $p=2^k3^lq+1$?
1066,open,53,1,open,no,no,"['graph theory', 'planar graphs']",https://www.erdosproblems.com/1066,"Let $G$ be a graph given by $n$ points in $\mathbb{R}^2$, where any two distinct points are at least distance $1$ apart, and we draw an edge between two points if they are distance $1$ apart.
Let $g(n)$ be maximal such that any such graph always has an independent set on at least $g(n)$ vertices. Estimate $g(n)$, or perhaps $\lim \frac{g(n)}{n}$."
1067,disproved (Lean),20,4,,yes,no,"['graph theory', 'set theory']",https://www.erdosproblems.com/1067,Does every graph with chromatic number $\aleph_1$ contain an infinitely connected subgraph with chromatic number $\aleph_1$?
1068,open,64,2,open,yes,no,"['graph theory', 'set theory', 'chromatic number']",https://www.erdosproblems.com/1068,Does every graph with chromatic number $\aleph_1$ contain a countable subgraph which is infinitely vertex-connected?
1069,solved,17,0,,no,no,['geometry'],https://www.erdosproblems.com/1069,"Given any $n$ points in $\mathbb{R}^2$, the number of $k$-rich lines (lines which contain $\geq k$ of the points) is, provided $k\leq n^{1/2}$,\[\ll \frac{n^2}{k^3}.\]"
1070,open,50,4,open,no,no,['geometry'],https://www.erdosproblems.com/1070,"Let $f(n)$ be maximal such that, given any $n$ points in $\mathbb{R}^2$, there exist $f(n)$ points such that no two are distance $1$ apart. Estimate $f(n)$. In particular, is it true that $f(n)\geq n/4$?"
1071,proved (Lean),7,17,,yes,no,['geometry'],https://www.erdosproblems.com/1071,"Is there a finite set of unit line segments (rotated and translated copies of $(0,1)$) in the unit square, no two of which intersect, which are maximal with respect to this property?
Is there a region $R$ with a maximal set of disjoint unit line segments that is countably infinite?"
1072,open,60,1,open,yes,no,['number theory'],https://www.erdosproblems.com/1072,"For any prime $p$, let $f(p)$ be the least integer such that $f(p)!+1\equiv 0\pmod{p}$.
Is it true that there are infinitely many $p$ for which $f(p)=p-1$?
Is it true that $f(p)/p\to 0$ for almost all $p$?"
1073,open,63,0,open,yes,no,['number theory'],https://www.erdosproblems.com/1073,Let $A(x)$ count the number of composite $u<x$ such that $n!+1\equiv 0\pmod{u}$ for some $n$. Is it true that $A(x)\leq x^{o(1)}$?
1074,open,51,5,open,yes,no,['number theory'],https://www.erdosproblems.com/1074,"Let $S$ be the set of all $m\geq 1$ such that there exists a prime $p\not\equiv 1\pmod{m}$ such that $m!+1\equiv 0\pmod{p}$. Does\[\lim \frac{\lvert S\cap [1,x]\rvert}{x}\]exist? What is it?
Similarly, if $P$ is the set of all primes $p$ such that there exists an $m$ with $p\not\equiv 1\pmod{m}$ such that $m!+1\equiv 0\pmod{p}$, then does\[\lim \frac{\lvert P\cap [1,x]\rvert}{\pi(x)}\]exist? What is it?"
1075,open,49,2,open,no,no,['hypergraphs'],https://www.erdosproblems.com/1075,"Let $r\geq 3$. There exists $c_r>r^{-r}$ such that, for any $\epsilon>0$, if $n$ is sufficiently large, the following holds.
Any $r$-uniform hypergraph on $n$ vertices with at least $(1+\epsilon)(n/r)^r$ many edges contains a subgraph on $m$ vertices with at least $c_rm^r$ edges, where $m=m(n)\to \infty$ as $n\to \infty$."
1076,proved,14,1,,no,no,['hypergraphs'],https://www.erdosproblems.com/1076,"Let $k\geq 5$ and let $\mathcal{F}_k$ be the family of all $3$-uniform hypergraphs with $k$ vertices and $k-2$ edges. Is it true that\[\mathrm{ex}_3(n,\mathcal{F}_k)\sim \frac{n^2}{6}?\]"
1077,disproved,11,9,,yes,no,['graph theory'],https://www.erdosproblems.com/1077,"We call a graph $D$-balanced (or $D$-almost-regular) if the maximum degree is at most $D$ times the minimum degree.
Let $\epsilon,\alpha>0$ and $D$ and $n$ be sufficiently large. If $G$ is a graph on $n$ vertices with at least $n^{1+\alpha}$ edges, then must $G$ contain a $D$-balanced subgraph on $m>n^{1-\alpha}$ vertices with at least $\epsilon m^{1+\alpha}$ edges?"
1078,proved,21,0,,no,no,['graph theory'],https://www.erdosproblems.com/1078,Let $G$ be an $r$-partite graph with $n$ vertices in each part. If $G$ has minimum degree $\geq (r-\frac{3}{2}-o(1))n$ then $G$ must contain a $K_r$.
1079,solved,14,3,,no,no,"['graph theory', 'turan number']",https://www.erdosproblems.com/1079,Let $r\geq 4$. If $G$ is a graph on $n$ vertices with at least $\mathrm{ex}(n;K_r)$ edges then must $G$ contain a vertex with degree $d\gg_r n$ whose neighbourhood contains at least $\mathrm{ex}(d;K_{r-1})$ edges?
1080,disproved (Lean),24,1,,yes,no,['graph theory'],https://www.erdosproblems.com/1080,Let $G$ be a bipartite graph on $n$ vertices such that one part has $\lfloor n^{2/3}\rfloor$ vertices. Is there a constant $c>0$ such that if $G$ has at least $cn$ edges then $G$ must contain a $C_6$?
1081,disproved,17,0,,no,no,"['number theory', 'powerful']",https://www.erdosproblems.com/1081,Let $A(x)$ count the number of $n\leq x$ which are the sum of two squarefull numbers (a number $m$ is squarefull if $p\mid m$ implies $p^2\mid m$). Is it true that\[A(x) \sim c \frac{x}{\sqrt{\log x}}\]for some $c>0$?
1082,falsifiable,72,21,open,yes,no,"['geometry', 'distances']",https://www.erdosproblems.com/1082,"Let $A\subset \mathbb{R}^2$ be a set of $n$ points with no three on a line. Does $A$ determine at least $\lfloor n/2\rfloor$ distinct distances? In fact, must there exist a single point from which there are at least $\lfloor n/2\rfloor$ distinct distances?"
1083,open,57,0,open,no,no,"['geometry', 'distances']",https://www.erdosproblems.com/1083,"Let $d\geq 3$, and let $f_d(n)$ be the minimal $m$ such that every set of $n$ points in $\mathbb{R}^d$ determines at least $m$ distinct distances. Estimate $f_d(n)$ - in particular, is it true that\[f_d(n)=n^{\frac{2}{d}-o(1)}?\]"
1084,open,56,5,open,yes,no,"['geometry', 'distances']",https://www.erdosproblems.com/1084,"Let $f_d(n)$ be minimal such that in any collection of $n$ points in $\mathbb{R}^d$, all of distance at least $1$ apart, there are at most $f_d(n)$ many pairs of points which are distance $1$ apart. Estimate $f_d(n)$."
1085,open,63,0,open,yes,no,"['geometry', 'distances']",https://www.erdosproblems.com/1085,"Let $f_d(n)$ be minimal such that, in any set of $n$ points in $\mathbb{R}^d$, there exist at most $f_d(n)$ pairs of points which distance $1$ apart. Estimate $f_d(n)$."
1086,open,57,0,open,no,no,"['geometry', 'distances']",https://www.erdosproblems.com/1086,Let $g(n)$ be minimal such that any set of $n$ points in $\mathbb{R}^2$ contains the vertices of at most $g(n)$ many triangles with the same area. Estimate $g(n)$.
1087,open,49,1,open,no,no,"['geometry', 'distances']",https://www.erdosproblems.com/1087,"Let $f(n)$ be minimal such that every set of $n$ points in $\mathbb{R}^2$ contains at most $f(n)$ many sets of four points which are 'degenerate' in the sense that some pair are the same distance apart. Estimate $f(n)$ - in particular, is it true that $f(n)\leq n^{3+o(1)}$?"
1088,open,52,0,open,no,no,['geometry'],https://www.erdosproblems.com/1088,"Let $f_d(n)$ be the minimal $m$ such that any set of $m$ points in $\mathbb{R}^d$ contains a set of $n$ points such that any two determined distances are distinct. Estimate $f_d(n)$. In particular, is it true that, for fixed $n\geq 3$,\[f_d(n)=2^{o(d)}?\]"
1089,solved,17,0,,no,no,"['geometry', 'distances']",https://www.erdosproblems.com/1089,"Let $g_d(n)$ be minimal such that every collection of $g_d(n)$ points in $\mathbb{R}^d$ determines at least $n$ many distinct distances. Estimate $g_d(n)$. In particular, does\[\lim_{d\to \infty}\frac{g_d(n)}{d^{n-1}}\]exist?"
1090,proved (Lean),10,2,,no,no,"['geometry', 'ramsey theory']",https://www.erdosproblems.com/1090,"Let $k\geq 3$. Does there exist a finite set $A\subset \mathbb{R}^2$ such that, in any $2$-colouring of $A$, there exists a line which contains at least $k$ points from $A$, and all the points of $A$ on the line have the same colour?"
1091,solved,9,2,,no,no,"['geometry', 'chromatic number']",https://www.erdosproblems.com/1091,"Let $G$ be a $K_4$-free graph with chromatic number $4$. Must $G$ contain an odd cycle with at least two diagonals?
More generally, is there some $f(r)\to \infty$ such that every graph with chromatic number $4$, in which every subgraph on $\leq r$ vertices has chromatic number $\leq 3$, contains an odd cycle with at least $f(r)$ diagonals?"
1092,open,55,2,open,yes,no,"['geometry', 'chromatic number']",https://www.erdosproblems.com/1092,"Let $f_r(n)$ be maximal such that, if a graph $G$ has the property that every subgraph $H$ on $m$ vertices is the union of a graph with chromatic number $r$ and a graph with $\leq f_r(m)$ edges, then $G$ has chromatic number $\leq r+1$.
Is it true that $f_2(n) \gg n$? More generally, is $f_r(n)\gg_r n$?"
1093,open,60,2,open,yes,no,"['number theory', 'binomial coefficients']",https://www.erdosproblems.com/1093,"For $n\geq 2k$ we define the deficiency of $\binom{n}{k}$ as follows. If $\binom{n}{k}$ is divisible by a prime $p\leq k$ then the deficiency is undefined. Otherwise, the deficiency is the number of $0\leq i1$?"
1094,open,60,1,open,yes,no,"['number theory', 'binomial coefficients']",https://www.erdosproblems.com/1094,"For all $n\geq 2k$ the least prime factor of $\binom{n}{k}$ is $\leq \max(n/k,k)$, with only finitely many exceptions."
1095,open,52,8,open,yes,no,"['number theory', 'binomial coefficients']",https://www.erdosproblems.com/1095,Let $g(k)>k+1$ be the smallest $n$ such that all prime factors of $\binom{n}{k}$ are $>k$. Estimate $g(k)$.
1096,proved,10,3,,no,no,['number theory'],https://www.erdosproblems.com/1096,"Let $10$ is sufficiently small, $x_{k+1}-x_k \to 0$?"
1097,open,48,17,open,yes,no,"['number theory', 'additive combinatorics']",https://www.erdosproblems.com/1097,"Let $A$ be a set of $n$ integers. How many distinct $d$ can occur as the common difference of a three-term arithmetic progression in $A$?
In particular, are there always $O(n^{3/2})$ many such $d$?"
1098,proved,9,1,,no,no,['group theory'],https://www.erdosproblems.com/1098,"Let $G$ be a group and $\Gamma=\Gamma(G)$ be the non-commuting graph, with vertices the elements of $G$ and an edge between $g$ and $h$ if and only if $g$ and $h$ do not commute, $gh\neq hg$.
If $\Gamma$ contains no infinite complete subgraph, then is there a finite bound on the size of complete subgraphs of $\Gamma$?"
1099,proved,10,8,,no,no,"['number theory', 'divisors']",https://www.erdosproblems.com/1099,Let $1=d_11$ let\[h_\alpha(n) = \sum_i \left( \frac{d_{i+1}}{d_i}-1\right)^\alpha.\]Is it true that\[\liminf_{n\to \infty}h_\alpha(n) \ll_\alpha 1?\]
1100,open,57,5,partial,no,no,"['number theory', 'divisors']",https://www.erdosproblems.com/1100,"If $1=d_1<\cdots<d_{\tau(n)}=n$ are the divisors of $n$, then let $\tau_\perp(n)$ count the number of $i$ for which $(d_i,d_{i+1})=1$.
Is it true that $\tau_\perp(n)/\omega(n)\to \infty$ for almost all $n$? Is it true that\[\tau_\perp(n)< \exp((\log n)^{o(1)})\]for all $n$?
Let\[g(k) = \max_{\omega(n)=k}\tau_\perp(n),\]where $\omega(n)$ counts the number of distinct prime divisors of $n$, and $n$ is restricted to squarefree integers. Determine the growth of $g(k)$."
1101,open,60,1,open,yes,no,['number theory'],https://www.erdosproblems.com/1101,"If $u=\{u_10$, if $x$ is sufficiently large then\[\max_{a_k<x} (a_{k+1}-a_k) < (1+\epsilon)t_x \prod_{i}\left(1-\frac{1}{u_i}\right)^{-1}.\]Is there a good sequence such that $u_n< n^{O(1)}$? Is there a good sequence such that $u_n\leq e^{o(n)}$?"
1102,solved (Lean),7,17,,yes,no,['number theory'],https://www.erdosproblems.com/1102,"We say that $A\subseteq \mathbb{N}$ has property $P$ if, for all $n\geq 1$, there are only finitely many $a\in A$ such that $n+a$ is squarefree.
We say that $A$ has property $Q$ if there are infinitely many $n$ such that $n+a$ is squarefree for all $a<n$. 
How fast must sequences $A=\{a_1<a_2<\cdots\}$ with properties $P$ or $Q$ increase?"
1103,open,50,5,open,no,no,['number theory'],https://www.erdosproblems.com/1103,Let $A$ be an infinite sequence of integers such that every $n\in A+A$ is squarefree. How fast must $A$ grow?
1104,open,64,2,open,yes,no,"['graph theory', 'chromatic number']",https://www.erdosproblems.com/1104,Let $f(n)$ be the maximum possible chromatic number of a triangle-free graph on $n$ vertices. Estimate $f(n)$.
1105,proved,15,2,,yes,no,"['graph theory', 'ramsey theory']",https://www.erdosproblems.com/1105,"The anti-Ramsey number $\mathrm{AR}(n,G)$ is the maximum possible number of colours in which the edges of $K_n$ can be coloured without creating a rainbow copy of $G$ (i.e. one in which all edges have different colours).
Let $C_k$ be the cycle on $k$ vertices. Is it true that\[\mathrm{AR}(n,C_k)=\left(\frac{k-2}{2}+\frac{1}{k-1}\right)n+O(1)?\]Let $P_k$ be the path on $k$ vertices and $\ell=\lfloor\frac{k-1}{2}\rfloor$. If $n\geq k\geq 5$ then is $\mathrm{AR}(n,P_k)$ equal to\[\max\left(\binom{k-2}{2}+1, \binom{\ell-1}{2}+(\ell-1)(n-\ell+1)+\epsilon\right)\]where $\epsilon=1$ if $k$ is odd and $\epsilon=2$ otherwise?"
1106,open,63,0,open,yes,no,['number theory'],https://www.erdosproblems.com/1106,Let $p(n)$ denote the partition function of $n$ and let $F(n)$ count the number of distinct prime factors of\[\prod_{1\leq k\leq n}p(k).\]Does $F(n)\to \infty$ with $n$? Is $F(n)>n$ for all sufficiently large $n$?
1107,open,60,1,open,yes,no,"['number theory', 'powerful']",https://www.erdosproblems.com/1107,Let $r\geq 2$. A number $n$ is $r$-powerful if for every prime $p$ which divides $n$ we have $p^r\mid n$. Is every large integer the sum of at most $r+1$ many $r$-powerful numbers?
1108,open,64,2,open,yes,no,"['number theory', 'factorials']",https://www.erdosproblems.com/1108,"Let\[A = \left\{ \sum_{n\in S}n! : S\subset \mathbb{N}\textrm{ finite}\right\}.\]If $k\geq 2$, then does $A$ contain only finitely many $k$th powers? Does it contain only finitely many powerful numbers?"
1109,open,54,2,open,no,no,['number theory'],https://www.erdosproblems.com/1109,"Let $f(N)$ be the size of the largest subset $A\subseteq \{1,\ldots,N\}$ such that every $n\in A+A$ is squarefree. Estimate $f(N)$. In particular, is it true that $f(N)\leq N^{o(1)}$, or even $f(N) \leq (\log N)^{O(1)}$?"
1110,open,45,4,open,no,no,['number theory'],https://www.erdosproblems.com/1110,"Let $p>q\geq 2$ be two coprime integers. We call $n$ representable if it is the sum of integers of the form $p^kq^l$, none of which divide each other. 
If $\{p,q\}\neq \{2,3\}$ then what can be said about the density of non-representable numbers? Are there infinitely many coprime non-representable numbers?"
1111,open,53,2,open,no,no,['graph theory'],https://www.erdosproblems.com/1111,"If $G$ is a finite graph and $A,B$ are disjoint sets of vertices then we call $A,B$ anticomplete if there are no edges between $A$ and $B$.
If $t,c\geq 1$ then there exists $d\geq 1$ such that if $\chi(G)\geq d$ and $\omega(G)<t$ then there are anticomplete sets $A,B$ with $\chi(A)\geq \chi(B)\geq c$."
1112,open,41,7,open,no,no,['additive combinatorics'],https://www.erdosproblems.com/1112,"Let $1\leq d_1<d_2$ and $k\geq 3$. Does there exist an integer $r$ such that if $B=\{b_1<\cdots\}$ is a lacunary sequence of positive integers with $b_{i+1}\geq rb_i$ then there exists a sequence of positive integers $A=\{a_1<\cdots\}$ such that\[d_1\leq a_{i+1}-a_i\leq d_2\]for all $i\geq 1$ and $(kA)\cap B=\emptyset$, where $kA$ is the $k$-fold sumset?"
1113,open,59,1,open,yes,no,"['number theory', 'covering systems']",https://www.erdosproblems.com/1113,"A positive odd integer $m$ such that none of $2^km+1$ are prime for $k\geq 0$ is called a Sierpinski number. We say that a set of primes $P$ is a covering set for $m$ if every $2^km+1$ is divisible by some $p\in P$.
Are there Sierpinski numbers with no finite covering set of primes?"
1114,proved,12,0,,no,no,"['analysis', 'polynomials']",https://www.erdosproblems.com/1114,"Let $f(x)\in \mathbb{R}[x]$ be a polynomial of degree $n$ whose roots $\{a_0<\cdots<a_n\}$ are all real and form an arithmetic progression. 
The differences between consecutive zeros of $f'(x)$, beginning from the midpoint of $(a_0,a_m)$ towards the endpoints, are monotonically increasing."
1115,solved,12,0,,no,no,['analysis'],https://www.erdosproblems.com/1115,"Let $f(z)$ be an entire function of finite order, and let $\Gamma$ be a rectifiable path on which $f(z)\to \infty$. Let $\ell(r)$ be the length of $\Gamma$ in the disc $\lvert z\rvert<r$. 
Find a path for which $\ell(r)$ grows as slowly as possible, and estimate $\ell(r)$ in terms of $M(r)=\max_{\lvert z\rvert=r}\lvert f(z)\rvert$.
In particular, can such a path $\Gamma$ be found for which $\ell(r)\ll r$?"
1116,solved,17,0,,no,no,['analysis'],https://www.erdosproblems.com/1116,"For a meromorphic function $f$ let $n(r,a)$ count the number of roots of $f(z)=a$ in the disc $\lvert z\rvert <r$. Does there exist a meromorphic (or entire) $f$ such that for every $a\neq b$\[\limsup_{r\to \infty}\frac{n(r,a)}{n(r,b)}=\infty?\]"
1117,open,49,1,open,no,no,['analysis'],https://www.erdosproblems.com/1117,"Let $f(z)$ be an entire function which is not a monomial. Let $\nu(r)$ count the number of $z$ with $\lvert z\rvert=r$ such that $\lvert f(z)\rvert=\max_{\lvert z\rvert=r}\lvert f(z)\rvert$. (This is a finite quantity if $f$ is not a monomial.)
Is it possible for\[\limsup \nu(r)=\infty?\]Is it possible for\[\liminf \nu(r)=\infty?\]"
1118,solved,12,0,,no,no,['analysis'],https://www.erdosproblems.com/1118,"Let $f(z)$ be a non-constant entire function such that, for some $c$, the set $E(c)=\{ z: \lvert f(z)\rvert >c\}$ has finite measure. 
What is the minimum growth rate of $f(z)$?
If $E(c)$ has finite measure then must there exist $c'<c$ such that $E(c')$ has finite measure?"
1119,independent,9,1,,no,no,"['analysis', 'set theory']",https://www.erdosproblems.com/1119,"Let $\mathfrak{m}$ be an infinite cardinal with $\aleph_0<\mathfrak{m}<\mathfrak{c}=2^{\aleph_0}$. Let $\{f_\alpha\}$ be a family of entire functions such that, for every $z_0\in \mathbb{C}$, there are at most $\mathfrak{m}$ distinct values of $f_\alpha(z_0)$. Must $\{f_\alpha\}$ have cardinality at most $\mathfrak{m}$?"
1120,open,57,0,open,no,no,['analysis'],https://www.erdosproblems.com/1120,"Let $f\in \mathbb{C}[z]$ be a monic polynomial of degree $n$, all of whose roots satisfy $\lvert z\rvert\leq 1$. Let\[E= \{ z : \lvert f(z)\rvert \leq 1\}.\]What is the shortest length of a path in $E$ joining $z=0$ to $\lvert z\rvert =1$?"
1121,proved (Lean),10,5,,no,no,['geometry'],https://www.erdosproblems.com/1121,"If $C_1,\ldots,C_n$ are circles in $\mathbb{R}^2$ with radii $r_1,\ldots,r_n$ such that no line disjoint from all the circles divides them into two non-empty sets then the circles can be covered by a circle of radius $r=\sum r_i$."
1122,open,54,1,open,no,no,['number theory'],https://www.erdosproblems.com/1122,"Let $f:\mathbb{N}\to \mathbb{R}$ be an additive function (i.e. $f(ab)=f(a)+f(b)$ whenever $(a,b)=1$). Let\[A=\{ n \geq 1: f(n+1)< f(n)\}.\]If $\lvert A\cap [1,X]\rvert =o(X)$ then must $f(n)=c\log n$ for some $c\in \mathbb{R}$?"
1123,independent,6,2,,no,$100,['algebra'],https://www.erdosproblems.com/1123,"Let $B_1$ be the Boolean algebra of sets of integers modulo sets of density $0$ (that is, in which two sets are equivalent if and only if they differ by a set of density $0$) and let $B_2$ be the Boolean algebra of sets modulo sets of logarithmic density $0$.
Prove that $B_1$ and $B_2$ are not isomorphic."
1124,proved,14,2,,no,no,['geometry'],https://www.erdosproblems.com/1124,Can a square and a circle of the same area be decomposed into a finite number of congruent parts?
1125,proved (Lean),14,1,,no,no,['analysis'],https://www.erdosproblems.com/1125,Let $f:\mathbb{R}\to \mathbb{R}$ be such that\[2f(x) \leq f(x+h)+f(x+2h)\]for every $x\in \mathbb{R}$ and $h>0$. Must $f$ be monotonic?
1126,proved (Lean),14,2,,no,no,['analysis'],https://www.erdosproblems.com/1126,"If\[f(x+y)=f(x)+f(y)\]for almost all $x,y\in \mathbb{R}$ then there exists a function $g$ such that\[g(x+y)=g(x)+g(y)\]for all $x,y\in\mathbb{R}$ such that $f(x)=g(x)$ for almost all $x$."
1127,independent,17,0,,no,no,"['geometry', 'distances', 'set theory']",https://www.erdosproblems.com/1127,"Can $\mathbb{R}^n$ be decomposed into countably many sets, such that within each set all the pairwise distances are distinct?"
1128,disproved,5,0,,no,$50,"['set theory', 'ramsey theory', 'hypergraphs']",https://www.erdosproblems.com/1128,"Let $A,B,C$ be three sets of cardinality $\aleph_1$. Is it true that, in any $2$-colouring of $A\times B\times C$, there must exist $A_1\subset A$, $B_1\subset B$, $C_1\subset C$, all of cardinality $\aleph_0$, such that $A_1\times B_1\times C_1$ is monochromatic?"
1129,proved,12,0,,no,no,"['analysis', 'polynomials']",https://www.erdosproblems.com/1129,"For $x_1,\ldots,x_n\in [-1,1]$ let\[l_k(x)=\frac{\prod_{i\neq k}(x-x_i)}{\prod_{i\neq k}(x_k-x_i)},\]which are such that $l_k(x_k)=1$ and $l_k(x_i)=0$ for $i\neq k$.
Describe which choice of $x_i$ minimise\[\Lambda(x_1,\ldots,x_n)=\max_{x\in [-1,1]} \sum_k \lvert l_k(x)\rvert.\]"
1130,proved,5,4,,no,no,"['analysis', 'polynomials']",https://www.erdosproblems.com/1130,"For $x_1,\ldots,x_n\in [-1,1]$ let\[l_k(x)=\frac{\prod_{i\neq k}(x-x_i)}{\prod_{i\neq k}(x_k-x_i)},\]which are such that $l_k(x_k)=1$ and $l_k(x_i)=0$ for $i\neq k$.
Let $x_0=-1$ and $x_{n+1}=1$ and\[\Upsilon(x_1,\ldots,x_n)=\min_{0\leq i\leq n}\max_{x\in[x_i,x_{i+1}]} \sum_k \lvert l_k(x)\rvert.\]Is it true that\[\Upsilon(x_1,\ldots,x_n)\ll \log n?\]Describe which choice of $x_i$ maximise $\Upsilon(x_1,\ldots,x_n)$."
1131,open,45,3,open,no,no,"['analysis', 'polynomials']",https://www.erdosproblems.com/1131,"For $x_1,\ldots,x_n\in [-1,1]$ let\[l_k(x)=\frac{\prod_{i\neq k}(x-x_i)}{\prod_{i\neq k}(x_k-x_i)},\]which are such that $l_k(x_k)=1$ and $l_k(x_i)=0$ for $i\neq k$.
What is the minimal value of\[I(x_1,\ldots,x_n)=\int_{-1}^1 \sum_k \lvert l_k(x)\rvert^2\mathrm{d}x?\]In particular, is it true that\[\min I =2-(1+o(1))\frac{1}{n}?\]"
1132,open,49,2,open,no,no,"['analysis', 'polynomials']",https://www.erdosproblems.com/1132,"For $x_1,\ldots,x_n\in [-1,1]$ let\[l_k(x)=\frac{\prod_{i\neq k}(x-x_i)}{\prod_{i\neq k}(x_k-x_i)},\]which are such that $l_k(x_k)=1$ and $l_k(x_i)=0$ for $i\neq k$.
Let $x_1,x_2,\ldots\in [-1,1]$ be an infinite sequence, and let\[L_n(x) = \sum_{1\leq k\leq n}\lvert l_k(x)\rvert,\]where each $l_k(x)$ is defined above with respect to $x_1,\ldots,x_n$.
Must there exist $x\in (-1,1)$ such that\[L_n(x) >\frac{2}{\pi}\log n-O(1)\]for infinitely many $n$?
Is it true that\[\limsup_{n\to \infty}\frac{L_n(x)}{\log n}\geq \frac{2}{\pi}\]for almost all $x\in (-1,1)$?"
1133,open,57,0,open,no,no,"['analysis', 'polynomials']",https://www.erdosproblems.com/1133,"Let $C>0$. There exists $\epsilon>0$ such that if $n$ is sufficiently large the following holds.
For any $x_1,\ldots,x_n\in [-1,1]$ there exist $y_1,\ldots,y_n\in [-1,1]$ such that, if $P$ is a polynomial of degree $mC.\]"
1134,disproved,17,0,,no,£10,['number theory'],https://www.erdosproblems.com/1134,"Let $A\subseteq \mathbb{N}$ be the smallest set which contains $1$ and is closed under the operations\[x\mapsto 2x+1,\]\[x\mapsto 3x+1,\]and\[x\mapsto 6x+1.\]Does $A$ have positive lower density?"
1135,open,53,3,open,yes,$500,['number theory'],https://www.erdosproblems.com/1135,"Define $f:\mathbb{N}\to \mathbb{N}$ by $f(n)=n/2$ if $n$ is even and $f(n)=\frac{3n+1}{2}$ if $n$ is odd.
Given any integer $m\geq 1$ does there exist $k\geq 1$ such that $f^{(k)}(m)=1$?"
1136,proved (Lean),10,3,,no,no,['number theory'],https://www.erdosproblems.com/1136,"Does there exist $A\subset \mathbb{N}$ with lower density $>1/3$ such that $a+b\neq 2^k$ for any $a,b\in A$ and $k\geq 0$?"
1137,open,52,3,open,yes,no,"['number theory', 'primes']",https://www.erdosproblems.com/1137,"Let $d_n=p_{n+1}-p_n$, where $p_n$ denotes the $n$th prime. Is it true that\[\frac{\max_{n<x}d_{n}d_{n-1}}{(\max_{n<x}d_n)^2}\to 0\]as $x\to \infty$?"
1138,disproved,6,7,claimed,no,no,"['number theory', 'primes']",https://www.erdosproblems.com/1138,"Let $x/21$. If $d=\max_{p_n<x} (p_{n+1}-p_n)$, where $p_n$ denotes the $n$th prime, then is it true that\[\pi(y+Cd)-\pi(y)\sim\frac{Cd}{\log y}?\]"
1139,open,52,7,open,yes,no,"['number theory', 'primes']",https://www.erdosproblems.com/1139,Let $1\leq u_1<u_2<\cdots$ be the sequence of integers with at most $2$ prime factors. Is it true that\[\limsup \frac{u_{k+1}-u_k}{\log k}=\infty?\]
1140,disproved,10,4,,no,no,['number theory'],https://www.erdosproblems.com/1140,Do there exist infinitely many $n$ such that $n-2x^2$ is prime for all $x$ with $2x^2<n$?
1141,disproved (Lean),8,11,,yes,no,"['number theory', 'primes']",https://www.erdosproblems.com/1141,"Are there infinitely many $n$ such that $n-k^2$ is prime for all $k$ with $(n,k)=1$ and $k^2<n$?"
1142,open,52,4,open,yes,no,"['number theory', 'primes']",https://www.erdosproblems.com/1142,Are there infinitely many $n$ (or any $n>105$) such that $n-2^k$ is prime for all $1<2^k<n$?
1143,open,50,2,open,no,no,"['number theory', 'primes']",https://www.erdosproblems.com/1143,Let $p_12$.
1144,open,61,0,open,no,no,"['number theory', 'probability']",https://www.erdosproblems.com/1144,"Let $f$ be a random completely multiplicative function, where for each prime $p$ we independently choose $f(p)\in \{-1,1\}$ uniformly at random. Is it true that\[\limsup_{N\to \infty}\frac{\sum_{m\leq N}f(m)}{\sqrt{N}}=\infty\]with probability $1$?"
1145,open,52,4,open,yes,no,"['additive combinatorics', 'additive basis']",https://www.erdosproblems.com/1145,"Let $A=\{1\leq a_1<a_2<\cdots\}$ and $B=\{1\leq b_1<b_2<\cdots\}$ be sets of integers with $a_n/b_n\to 1$. 
If $A+B$ contains all sufficiently large positive integers then is it true that $\limsup 1_A\ast 1_B(n)=\infty$?"
1146,open,57,0,open,no,no,['number theory'],https://www.erdosproblems.com/1146,"We say that $A\subset \mathbb{N}$ is an essential component if $d_s(A+B)>d_s(B)$ for every $B\subset \mathbb{N}$ with $0Schnirelmann density.
Is $B=\{2^m3^n : m,n\geq 0\}$ an essential component?"
1147,disproved,14,2,,no,no,"['irrational', 'additive basis']",https://www.erdosproblems.com/1147,"Let $\alpha>0$ be an irrational number. Is the set\[A=\left\{ n\geq 1: \| \alpha n^2\| < \frac{1}{\log n}\right\},\]where $\|\cdot\|$ denotes the distance to the nearest integer, an additive basis of order $2$?"
1148,proved (Lean),12,26,,yes,no,['number theory'],https://www.erdosproblems.com/1148,"Can every large integer $n$ be written as $n=x^2+y^2-z^2$ with $\max(x^2,y^2,z^2)\leq n$?"
1149,proved,17,0,,no,no,['number theory'],https://www.erdosproblems.com/1149,"Let $\alpha>0$ be a real number, not an integer. The density of integers $n\geq 1$ for which $(n,\lfloor n^\alpha\rfloor)=1$ is $6/\pi^2$."
1150,open,56,4,open,yes,no,"['analysis', 'polynomials']",https://www.erdosproblems.com/1150,"Does there exist a constant $c>0$ such that, for all large $n$ and all polynomials $P$ of degree $n$ with coefficients $\pm 1$,\[\max_{\lvert z\rvert=1}\lvert P(z)\rvert > (1+c)\sqrt{n}?\]"
1151,open,52,0,open,no,no,"['analysis', 'polynomials']",https://www.erdosproblems.com/1151,"Given $a_1,\ldots,a_n\in [-1,1]$ let\[\mathcal{L}^nf(x) = \sum_{1\leq i\leq n}f(a_i)\ell_i(x)\]be the unique polynomial of degree $n-1$ which agrees with $f$ on $a_i$ for $1\leq i\leq n$ (that is, the Lagrange interpolation polynomial).
Let $a_i$ be the set of Chebyshev nodes. Prove that, for any closed $A\subseteq [-1,1]$, there exists a continuous function $f$ such that $A$ is the set of limit points of $\mathcal{L}^nf(x)$."
1152,open,52,0,open,no,no,"['analysis', 'polynomials']",https://www.erdosproblems.com/1152,"For $n\geq 1$ fix some sequence of $n$ distinct numbers $x_{1n},\ldots,x_{nn}\in [-1,1]$. Let $\epsilon=\epsilon(n)\to 0$. 
Does there always exist a continuous function $f:[-1,1]\to \mathbb{R}$ such that if $p_n$ is a sequence of polynomials, with degrees $\deg p_n<(1+\epsilon(n))n$, such that $p_n(x_{kn})=f(x_{kn})$ for all $1\leq k\leq n$, then $p_n(x)\not\to f(x)$ for almost all $x\in [-1,1]$?"
1153,proved,1,10,,no,no,"['analysis', 'polynomials']",https://www.erdosproblems.com/1153,"For $x_1,\ldots,x_n\in [-1,1]$ let\[l_k(x)=\frac{\prod_{i\neq k}(x-x_i)}{\prod_{i\neq k}(x_k-x_i)},\]which are such that $l_k(x_k)=1$ and $l_k(x_i)=0$ for $i\neq k$.
Let\[\lambda(x)=\sum_k \lvert l_k(x)\rvert.\]Is it true that, for any fixed $-1\leq a \left(\frac{2}{\pi}-o(1)\right)\log n?\]"
1154,not disprovable,14,1,open,no,no,['analysis'],https://www.erdosproblems.com/1154,"Does there exist, for every $\alpha \in [0,1]$, a ring or field in $\mathbb{R}$ with Hausdorff dimension $\alpha$?"
1155,open,53,1,open,no,no,['graph theory'],https://www.erdosproblems.com/1155,"Construct a random graph on $n$ vertices in the following way: begin with the complete graph $K_n$. At each stage, choose uniformly a random triangle in the graph and delete all the edges of this triangle. Repeat until the graph is triangle-free.
Describe the typical parameters and structure of such a graph. In particular, if $f(n)$ is the number of edges remaining, then is it true that\[\mathbb{E}f(n)\asymp n^{3/2}\]and that $f(n) \ll n^{3/2}$ almost surely?"
1156,open,53,1,open,no,no,"['graph theory', 'chromatic number']",https://www.erdosproblems.com/1156,"Let $G$ be a random graph on $n$ vertices, in which every edge is included independently with probability $1/2$. 
Is there some constant $C$ such that that chromatic number $\chi(G)$ is, almost surely, concentrated on at most $C$ values? 
Is it true that, if $\omega(n)\to \infty$ sufficiently slowly, then for every function $f(n)$\[\mathbb{P}(\lvert\chi(G)-f(n)\rvert<\omega(n))<1/2\]if $n$ is sufficiently large?"
1157,open,57,0,open,no,no,"['hypergraphs', 'turan number']",https://www.erdosproblems.com/1157,"Let $t,k,r\geq 2$. Let $\mathcal{F}$ be the family of all $r$-uniform hypergraphs with $k$ vertices and $s$ edges. Determine\[\mathrm{ex}_r(n,\mathcal{F}).\]"
1158,open,57,0,open,no,no,"['hypergraphs', 'turan number']",https://www.erdosproblems.com/1158,"Let $K_{t}(r)$ be the complete $t$-partite $t$-uniform hypergraph with $r$ vertices in each class. 
Is it true that\[\mathrm{ex}_t(n,K_t(r)) \geq n^{t-r^{1-t}-o(1)}\]for all $t,r$?"
1159,open,54,1,open,no,no,['combinatorics'],https://www.erdosproblems.com/1159,"Determine whether there exists a constant $C>1$ such that the following holds.
Let $P$ be a finite projective plane. Must there exist a set of points $S$ such that $1\leq \lvert S\cap \ell\rvert \leq C$ for all lines $\ell$?"
1160,open,50,3,open,no,no,['group theory'],https://www.erdosproblems.com/1160,Let $g(n)$ denote the number of groups of order $n$. If $n\leq 2^m$ then $g(n)\leq g(2^m)$.
1161,solved,14,1,,no,no,['group theory'],https://www.erdosproblems.com/1161,Let $f_k(n)$ count the number of elements of $S_n$ of order $k$. For which values of $k$ will $f_k(n)$ be maximal?
1162,open,57,0,open,no,no,['group theory'],https://www.erdosproblems.com/1162,Give an asymptotic formula for the number of subgroups of $S_n$. Is there a statistical theorem on their order?
1163,open,54,1,open,no,no,['group theory'],https://www.erdosproblems.com/1163,Describe (by statistical means) the arithmetic structure of the orders of subgroups of $S_n$.
1164,proved,18,1,,no,no,['probability'],https://www.erdosproblems.com/1164,"Let $R_n$ be the maximal integer such that almost every random walk from the origin in $\mathbb{Z}^2$ visits every $x\in\mathbb{Z}^2$ with $\| x\|\leq R_n$ in at most $n$ steps.
Is it true that\[\log R_n \asymp \sqrt{\log n}?\]"
1165,solved,13,1,,no,no,['probability'],https://www.erdosproblems.com/1165,"Given a random walk $s_0,s_1,\ldots$ in $\mathbb{Z}^2$, starting at the origin, let $f_n(x)$ count the number of $0\leq k\leq n$ such that $s_k=x$.
Let\[F(n)=\{ x: f_n(x) = \max_y f_n(y)\}\]be the set of 'favourite values'. Find\[\mathbb{P}(\lvert F(n)\rvert=r\textrm{ infinitely often})\]for $r\geq 3$."
1166,proved,16,0,,no,no,['probability'],https://www.erdosproblems.com/1166,"Given a random walk $s_0,s_1,\ldots$ in $\mathbb{Z}^2$, starting at the origin, let $f_k(x)$ count the number of $0\leq l\leq k$ such that $s_l=x$.
Let\[F(k)=\{ x: f_k(x) = \max_y f_k(y)\}\]be the set of 'favourite values'. Is it true that\[\left\lvert \bigcup_{k\leq n}F(k)\right\rvert \leq (\log n)^{O(1)}\]almost surely, for all but finitely many $n$?"
1167,open,49,3,open,no,no,"['set theory', 'probability']",https://www.erdosproblems.com/1167,"Let $r\geq 2$ be finite and $\lambda$ be an infinite cardinal. Let $\kappa_\alpha$ be cardinals for all $\alpha<\gamma$. 
Is it true that\[2^\lambda \to (\kappa_\alpha+1)_{\alpha<\gamma}^{r+1}\]implies\[\lambda \to (\kappa_\alpha)_{\alpha<\gamma}^{r}?\]Here $+$ means cardinal addition, so that $\kappa_\alpha+1=\kappa_\alpha$ if $\kappa_\alpha$ is infinite."
1168,open,53,0,open,no,no,"['set theory', 'ramsey theory']",https://www.erdosproblems.com/1168,"Prove that\[\aleph_{\omega+1}\not\to (\aleph_{\omega+1}, 3,\ldots,3)_{\aleph_0}^2\]without assuming the generalised continuum hypothesis."
1169,not disprovable,10,1,open,no,no,"['set theory', 'ramsey theory']",https://www.erdosproblems.com/1169,"Is it true that, for all finite $k<\omega$,\[\omega_1^2 \not\to (\omega_1^2, 3)^2?\]"
1170,open,53,0,open,no,no,"['set theory', 'ramsey theory']",https://www.erdosproblems.com/1170,Is it consistent that\[\omega_2\to (\alpha)_2^2\]for every $\alpha <\omega_2$?
1171,open,53,0,open,no,no,"['set theory', 'ramsey theory']",https://www.erdosproblems.com/1171,"Is it true that, for all finite $k<\omega$,\[\omega_1^2\to (\omega_1\omega, 3,\ldots,3)_{k+1}^2?\]"
1172,open,45,2,open,no,no,"['set theory', 'ramsey theory']",https://www.erdosproblems.com/1172,"Establish whether the following are true assuming the generalised continuum hypothesis:\[\omega_3 \to (\omega_2,\omega_1+2)^2,\]\[\omega_3\to (\omega_2+\omega_1,\omega_2+\omega)^2,\]\[\omega_2\to (\omega_1^{\omega+2}+2, \omega_1+2)^2.\]Establish whether the following is consistent with the generalised continuum hypothesis:\[\omega_2\to (\omega_1+\omega)_2^2,\]or even $\omega_2 \to (\xi)_2^2$ for all $\xi<\omega_2$."
1173,open,49,1,open,no,no,"['set theory', 'combinatorics']",https://www.erdosproblems.com/1173,Assume the generalised continuum hypothesis. Let\[f: \omega_{\omega+1}\to [\omega_{\omega+1}]^{\leq \aleph_\omega}\]be a set mapping such that\[\lvert f(\alpha)\cap f(\beta)\rvert <\aleph_\omega\]for all $\alpha\neq \beta$. Does there exist a free set of cardinality $\aleph_{\omega+1}$?
1174,not disprovable,5,2,open,no,no,"['set theory', 'ramsey theory']",https://www.erdosproblems.com/1174,"Does there exist a graph $G$ with no $K_4$ such that every edge colouring of $G$ with countably many colours contains a monochromatic $K_3$?
Does there exist a graph $G$ with no $K_{\aleph_1}$ such that every edge colouring of $G$ with countably many colours contains a monochromatic $K_{\aleph_0}$?"
1175,open,54,1,open,no,no,"['set theory', 'chromatic number']",https://www.erdosproblems.com/1175,Let $\kappa$ be an uncountable cardinal. Must there exist a cardinal $\lambda$ such that every graph with chromatic number $\lambda$ contains a triangle-free subgraph with chromatic number $\kappa$?
1176,not disprovable,20,1,open,yes,no,"['set theory', 'chromatic number']",https://www.erdosproblems.com/1176,"Let $G$ be a graph with chromatic number $\aleph_1$. Is it true that there is a colouring of the edges with $\aleph_1$ many colours such that, in any countable colouring of the vertices, there exists a vertex colour containing all edge colours?"
1177,open,52,0,open,no,no,"['set theory', 'chromatic number', 'hypergraphs']",https://www.erdosproblems.com/1177,"Let $G$ be a finite $3$-uniform hypergraph, and let $F_G(\kappa)$ denote the collection of $3$-uniform hypergraphs with chromatic number $\kappa$ not containing $G$.
If $F_G(\aleph_1)$ is not empty then there exists $X\in F_G(\aleph_1)$ of cardinality at most $2^{2^{\aleph_0}}$.
If both $F_G(\aleph_1)$ and $F_H(\aleph_1)$ are non-empty then $F_G(\aleph_1)\cap F_H(\aleph_1)$ is non-empty.
If $\kappa,\lambda$ are uncountable cardinals and $F_G(\kappa)$ is non-empty then $F_G(\lambda)$ is non-empty."
1178,open,58,1,open,no,no,"['graph theory', 'hypergraphs']",https://www.erdosproblems.com/1178,"For $r\geq 3$ let $d_r(e)$ be the minimal $d$ such that\[\mathrm{ex}_r(n,\mathcal{F})=o(n^2),\]where $\mathcal{F}$ is the family of $r$-uniform hypergraphs on $d$ vertices with $e$ edges.
Prove that\[d_r(e)=(r-2)e+3\]for all $r,e\geq 3$."
1179,proved,17,0,,no,no,"['additive combinatorics', 'probability']",https://www.erdosproblems.com/1179,Let $00$\[g_\epsilon(N)=(1+o_\epsilon(1))\log_2N?\]
1180,proved,12,0,,no,no,['number theory'],https://www.erdosproblems.com/1180,"Let $\epsilon>0$. Does there exist a constant $C_\epsilon$ such that, for all primes $p$, every residue modulo $p$ is the sum of at most $C_\epsilon$ many elements of\[\{ n^{-1} : 1\leq n\leq p^\epsilon\}\]where $n^{-1}$ denotes the inverse of $n$ modulo $p$?"
1181,open,57,0,open,no,no,['number theory'],https://www.erdosproblems.com/1181,"Let $q(n,k)$ denote the least prime which does not divide $\prod_{1\leq i\leq k}(n+i)$. Is it true that there exists some $c>0$ such that, for all large $n$,\[q(n,\log n)<(1-c)(\log n)^2?\]"
1182,open,45,3,open,no,no,"['graph theory', 'ramsey theory']",https://www.erdosproblems.com/1182,"Let $f(n)$ be maximal such that there is a connected graph $G$ with $n$ vertices and $f(n)$ edges such that\[R(K_3,G)= 2n-1.\]Let $F(n)$ be maximal such that every connected graph $G$ with $n$ vertices and $\leq F(n)$ edges has\[R(K_3,G)= 2n-1.\]Estimate $f(n)$ and $F(n)$. In particular, is it true that $F(n)/n\to \infty$?"
1183,open,37,10,open,no,no,"['combinatorics', 'ramsey theory']",https://www.erdosproblems.com/1183,"Let $f(n)$ be maximal such that in any $2$-colouring of the subsets of $\{1,\ldots,n\}$ there is always a monochromatic family of at least $f(n)$ sets which is closed under taking unions and intersections. Estimate $f(n)$.
Let $F(n)$ be defined similarly, except that we only require the family be closed under taking unions. Estimate $F(n)$. In particular, is it true that $F(n)\geq n^{\omega(n)}$ for some $\omega(n)\to \infty$ as $n\to \infty$, and $F(n)<(1+o(1))^n$?"
1184,open,45,1,open,no,no,"['number theory', 'primes']",https://www.erdosproblems.com/1184,"Let $f(n,k)$ count the number of $1\leq i\leq k$ such that $P(n+i)>k$ (where $P(m)$ is the largest prime divisor of $m$). Is it true that, if $\alpha>1$ is such that $n=k^{\alpha+o(1)}$, then\[f(n,k)=(1-\rho(\alpha)+o(1))k,\]where $\rho$ is the Dickman function?"
1185,solved,4,0,,no,no,"['additive combinatorics', 'arithmetic progressions']",https://www.erdosproblems.com/1185,"Let $\delta>0$ and $k\geq 3$. Is it true that there exists $m\geq 1$ (depending only on $\delta$ and $k$) such that, for all large $N$, if $A,B\subseteq \{1,\ldots,N\}$ with $\lvert A\rvert \geq \delta N$ and $\lvert B\rvert \geq m$ then there is a non-trivial $k$-term arithmetic progression in $A$ whose common difference is in $B-B$?"
1186,open,49,0,open,no,no,"['additive combinatorics', 'arithmetic progressions']",https://www.erdosproblems.com/1186,"Let $\delta_k$ be such that in any $2$-colouring of $\{1,\ldots,n\}$ there exist at least $(\delta_k+o(1))n^2$ many monochromatic $k$-term arithmetic progressions. Give reasonable bounds (or even an asymptotic formula) for $\delta_k$."
1187,solved,5,0,,no,no,"['number theory', 'primes', 'additive combinatorics', 'arithmetic progressions']",https://www.erdosproblems.com/1187,"Let $k\geq 3$. Is it true that, in any finite colouring of the integers, there are monochromatic arithmetic progressions of primes of length $k$? 
Are there monochromatic arithmetic progressions of length $k$ whose common difference is a prime?"
1188,open,49,5,open,no,no,"['number theory', 'covering systems']",https://www.erdosproblems.com/1188,"Call a set of distinct integers $1<n_1<\cdots<n_k$ with associated congruence classes $a_i\pmod{n_i}$ a distinct covering system if every integer satisfies at least one of these congruences. A minimal distinct covering system is one such that no proper subset forms a covering system.
Let $F(x)$ count the number of minimal distinct covering systems with all moduli in $[1,x]$. Estimate $F(x)$."
1189,open,54,6,open,no,no,"['number theory', 'covering systems']",https://www.erdosproblems.com/1189,Call a set of distinct integers $11$) form an irreducible covering set?
1190,open,61,0,open,no,no,"['number theory', 'covering systems']",https://www.erdosproblems.com/1190,"Let\[\epsilon_m=\max \sum \frac{1}{n_i}\]where the maximum is taken over all finite sequences $m<n_1<\cdots<n_k$ for which there exist congruences $a_i\pmod{n_i}$ such that no integer satisfies two such congruences. 
Estimate $\epsilon_m$."
1191,open,41,0,open,no,$1000,"['additive combinatorics', 'sidon sets']",https://www.erdosproblems.com/1191,"Let $A\subset\mathbb{N}$ be an infinite Sidon set. Is it true that\[\liminf_{x\to \infty} \frac{\lvert A\cap [1,x]\rvert}{x^{1/2}}(\log x)^{1/2}=0?\]Does there exist an infinite Sidon set $A$ such that\[\liminf_{x\to \infty} \frac{\lvert A\cap [1,x]\rvert}{x^{1/2}}(\log x)^c>0\]for some $c>0$?"
1192,open,48,0,open,no,no,"['additive combinatorics', 'additive basis']",https://www.erdosproblems.com/1192,"For $A\subset \mathbb{N}$ let $f_r(n)$ count the number of solutions to $n=a_1+\cdots+a_r$ with $a_i\in A$.
Does there exist, for all $r\geq 2$, a basis $A$ of order $r$ (so that $f_r(n)>0$ for all large $n$) such that\[\sum_{n\leq x}f_r(n)^2 \ll x\]for all $x$?"
1193,solved (Lean),10,1,,no,no,['additive combinatorics'],https://www.erdosproblems.com/1193,"Let $A\subset \mathbb{N}$ and let $g(n)$ be a non-decreasing function of $n$ which is always $>0$. 
Is the lower density of\[\{ n : 1_A\ast 1_A(n)=g(n)\}\]always $0$? Is the upper density always $<c$ for some constant $c<1$?"
1194,open,46,6,open,no,no,"['additive combinatorics', 'additive basis', 'sidon sets']",https://www.erdosproblems.com/1194,"Let $A\subset\mathbb{N}$ be such that every integer $n\geq 1$ can be written uniquely as $a_n-b_n$ for some $a_n,b_n\in A$. How fast must $a_n/n$ increase?"
1195,open,54,2,open,no,no,['number theory'],https://www.erdosproblems.com/1195,"Let $S\subset \mathbb{R}$ be a set of infinite measure such that $x/y$ is never an integer for all distinct $x,y\in S$.
How fast can $\lvert S\cap (0,x)\rvert$ tend to infinity?"
1196,proved (Lean),12,79,,yes,no,"['number theory', 'primitive sets']",https://www.erdosproblems.com/1196,"Is it true that, for any $x$, if $A\subset [x,\infty)$ is a primitive set of integers (so that no distinct elements of $A$ divide each other) then\[\sum_{a\in A}\frac{1}{a\log a}< 1+o(1),\]where the $o(1)$ term $\to 0$ as $x\to \infty$?"
1197,disproved (Lean),10,4,,no,no,['analysis'],https://www.erdosproblems.com/1197,"Let $E\subset (0,\infty)$ be a set of positive measure. Is it true that, for almost all $x>0$, for all sufficiently large (depending on $x$) integers $n$ there exists an integer $r\geq 1$ such that $nx\in r\cdot E$?"
1198,disproved,0,4,,no,no,"['additive combinatorics', 'ramsey theory']",https://www.erdosproblems.com/1198,"If $\mathbb{N}$ is $2$-coloured then must there exist an infinite set $A=\{a_1<\cdots\}$ such that all expressions of the shape\[\prod_{i\in S_1}a_i+\cdots+\prod_{i\in S_k}a_i,\]for disjoint $S_1,\ldots,S_k$ (excluding the trivial expressions $a_i$) are the same colour?"
1199,open,42,3,open,no,no,"['additive combinatorics', 'ramsey theory']",https://www.erdosproblems.com/1199,Is it true that in any $2$-colouring of $\mathbb{N}$ there exists an infinite set $A$ such that all elements of $A+A$ are the same colour?
1200,open,48,0,open,no,no,"['number theory', 'primes']",https://www.erdosproblems.com/1200,There exists a constant $C$ such that for all large $x$ there is a collection of primes $p_1<\ldots<p_k<x$ with $\sum\frac{1}{p_i}<C$ together with a system of congruences $a_i\pmod{p_i}$ such that every integer $n<x$ satisfies at least one of these congruences.
1201,open,53,0,open,no,no,"['number theory', 'primes']",https://www.erdosproblems.com/1201,"Is it true that for every $\epsilon,\eta>0$ there exists a $k$ such that the density of $n$ for which\[P(n(n+1)\cdots(n+k))>n^{1-\epsilon}\]is at least $1-\eta$ (where $P(m)$ is the greatest prime divisor of $m$)?"
1202,solved,0,9,,no,no,"['number theory', 'primes']",https://www.erdosproblems.com/1202,"Let $\epsilon,\eta>0$. Does there exist a $k$ such that, given any set of $k$ primes $p_1<\cdots<p_k<n^{1-\epsilon}$, each with a set $A_i$ of $\frac{p_i-1}{2}$ many congruence classes modulo $p_i$, the number of $m\leq n$ such that $m\not\in A_i\pmod{p_i}$ for all $i$ is at most $\epsilon n$?"
1203,open,57,0,open,no,no,['number theory'],https://www.erdosproblems.com/1203,If $\omega(n)$ counts the number of distinct prime divisors of $n$ then let\[F(n)=\max_k \omega(n+k)\frac{\log\log k}{\log k}.\]Prove that $F(n)\to \infty$ as $n\to \infty$.
1204,open,52,0,open,no,no,['number theory'],https://www.erdosproblems.com/1204,"We call a sequence of integers $0\leq a_1<\cdots <a_k$ admissible if it is missing at least one congruence class modulo every prime $p$. Let $A(k)=\min a_k$. Estimate $A(k)$ - in particular, is it true that\[A(k)\sim k\log k?\]Estimate\[B(k)=\min \frac{a_1+\cdots+a_k}{k}.\]"
1205,solved,17,0,,no,no,['number theory'],https://www.erdosproblems.com/1205,"Let $F(x)$ be maximal such that there exists, for all $n\leq x$, a congruence class $a_n\pmod{n}$ such that every $m\leq x$ satisfies at least $F(x)$ of these congruences.
Estimate $F(x)$."
1206,open,54,1,open,no,no,"['number theory', 'sidon sets']",https://www.erdosproblems.com/1206,"Does $\{1,2^3,\ldots,N^3\}$ contain a Sidon set of size $\gg N$?
Is there an infinite set $A\subset \mathbb{N}$ of positive density such that $\{a^3 : a\in A\}$ is a Sidon set?"
1207,open,57,0,open,no,no,"['geometry', 'distances']",https://www.erdosproblems.com/1207,"Let $P_d(n)$ be such that in any set of $n$ points in $\mathbb{R}^d$ there exist at least $P_d(n)$ many points which do not contain an isosceles triangle. Estimate $P_d(n)$ - in particular, is it true that\[P_2(n)0$?"
1208,open,57,0,open,no,no,"['geometry', 'distances']",https://www.erdosproblems.com/1208,For $d\geq 2$ let $F_d(n)$ be minimal such that every set of $n$ points in $\mathbb{R}^d$ contains a set of $F_d(n)$ points with distinct distances. Estimate $F_d(n)$ for fixed $d$ as $n\to \infty$.
1209,open,45,7,open,no,no,['number theory'],https://www.erdosproblems.com/1209,"Let $A=\{a_1<a_2<\cdots\}$ be a sequence of integers which tends to infinity sufficiently fast. If there is an $n$ such that all $n+a_k$ are primes then must there exist infinitely many such $n$?
What if we ask for $n+a_k$ to be squarefree instead of prime?
Are there $n$ such that $n+2^{2^k}$ is always a prime (or always squarefree, or infinitely often a prime, or infinitely often squarefree)?"
1210,open,54,2,open,no,no,['number theory'],https://www.erdosproblems.com/1210,"Let $A\subseteq [1,n)$ be a set of integers such that $(a,b)=1$ for all distinct $a,b\in A$. Is it true that\[\sum_{a\in A}\frac{1}{n-a}\leq \sum_{p<n}\frac{1}{p}+O(1)?\]"
1211,solved,8,0,,no,no,"['number theory', 'ramsey theory']",https://www.erdosproblems.com/1211,"Let $\mathbb{N}=A\cup B$ where $A$ and $B$ are disjoint. Let $S(A)$ be those integers which are the sum of finitely many distinct elements of $A$, and similarly for $S(B)$. 
If\[\overline{\delta}(X)=\limsup_{x\to \infty}\frac{1}{\log x}\sum_{\substack{n\in X\\ n<x}}\frac{1}{n}\]is the upper logarithmic density of $X$ then how large must\[\max(\overline{\delta}(S(A)),\overline{\delta}(S(B)))\]be?"
1212,open,48,0,open,no,no,"['number theory', 'primes']",https://www.erdosproblems.com/1212,"Let $G$ be the graph with vertex set those pairs $(x,y)\in \mathbb{N}^2$ with $\mathrm{gcd}(x,y)=1$, in which we join two vertices if the differ in only one coordinate, and there by $\pm 1$.
Is there a path going to infinity on $G$, say $P$, such that for all $(x,y)\in P$ both $\min(x,y)>1$ and at least one of $x$ or $y$ is composite?"
1213,proved,13,0,,no,no,['additive combinatorics'],https://www.erdosproblems.com/1213,"Let $a,K\geq 1$. Does there exist $f(a,K)$ such that if\[a=a_1 f(a,K)$ and with bounded gaps $a_{i+1}-a_i\leq K$ then there are two distinct intervals $I$ and $J$ such that\[\sum_{i\in I}a_i=\sum_{j\in J}a_j?\]"
1214,proved,17,0,,no,no,['number theory'],https://www.erdosproblems.com/1214,"Let $x,y\geq 1$ be integers such that, for all $n\geq 1$, the set of primes dividing $x^{n}-1$ is equal to set of primes dividing $y^n-1$. Must $x=y$?"
1215,disproved,10,3,,no,no,['analysis'],https://www.erdosproblems.com/1215,"Does there exist a constant $C$ such that for every polynomial $P$ with $P(0)=1$, all of whose roots are on the unit circle, there exists a path in\[\{ z: \lvert P(z)\rvert < 1\}\]which connects $0$ to the unit circle of length at most $C$?"
1216,disproved,5,3,,no,no,"['graph theory', 'ramsey theory']",https://www.erdosproblems.com/1216,"A tournament is a complete directed graph. Let $f(n)$ be such that every tournament on $n$ vertices contains a transitive tournament on $f(n)$ vertices (i.e. one such that if $i\to j\to k$ then $i\to k$).
Is it true that $f(n)=\lfloor \log_2 n\rfloor +1$?"
1217,proved,5,8,claimed,no,no,"['number theory', 'divisors', 'primitive sets']",https://www.erdosproblems.com/1217,"Let $A=\{a_1<a_2<\cdots\}$ be an infinite sequence of positive integers with positive lower logarithmic density.
Must there exist a sequence $n_1<\cdots$ such that\[a_{n_i}\mid a_{n_{i+1}}\]for all $i\geq 1$ and\[\limsup_{x\to \infty}\frac{1}{\log\log x}\sum_{a_{n_i}<x}1 \geq \limsup_{x\to \infty} \frac{1}{\log\log x}\sum_{a_n<x}\frac{1}{a_n\log a_n}?\]"
