id	n	tau	factorization
0	1	1	1
1	4	3	2^2
2	9	3	3^2
3	16	5	2^4
4	25	3	5^2
5	36	9	2^2*3^2
6	49	3	7^2
7	64	7	2^6
8	81	5	3^4
9	100	9	2^2*5^2
10	121	3	11^2
11	144	15	2^4*3^2
12	169	3	13^2
13	196	9	2^2*7^2
14	225	9	3^2*5^2
15	256	9	2^8
16	289	3	17^2
17	324	15	2^2*3^4
18	361	3	19^2
19	400	15	2^4*5^2
20	441	9	3^2*7^2
21	484	9	2^2*11^2
22	576	21	2^6*3^2
23	625	5	5^4
24	676	9	2^2*13^2
25	729	7	3^6
26	784	15	2^4*7^2
27	900	27	2^2*3^2*5^2
28	1024	11	2^10
29	1089	9	3^2*11^2
30	1156	9	2^2*17^2
31	1225	9	5^2*7^2
32	1296	25	2^4*3^4
33	1444	9	2^2*19^2
34	1521	9	3^2*13^2
35	1600	21	2^6*5^2
36	1764	27	2^2*3^2*7^2
37	1936	15	2^4*11^2
38	2025	15	3^4*5^2
39	2304	27	2^8*3^2
40	2401	5	7^4
41	2500	15	2^2*5^4
42	2601	9	3^2*17^2
43	2704	15	2^4*13^2
44	2916	21	2^2*3^6
45	3025	9	5^2*11^2
46	3136	21	2^6*7^2
47	3249	9	3^2*19^2
48	3600	45	2^4*3^2*5^2
49	3969	15	3^4*7^2
50	4096	13	2^12
51	4225	9	5^2*13^2
52	4356	27	2^2*3^2*11^2
53	4624	15	2^4*17^2
54	4900	27	2^2*5^2*7^2
55	5184	35	2^6*3^4
56	5625	15	3^2*5^4
57	5776	15	2^4*19^2
58	5929	9	7^2*11^2
59	6084	27	2^2*3^2*13^2
60	6400	27	2^8*5^2
61	6561	9	3^8
62	7056	45	2^4*3^2*7^2
63	7225	9	5^2*17^2
64	7744	21	2^6*11^2
65	8100	45	2^2*3^4*5^2
66	8281	9	7^2*13^2
67	9025	9	5^2*19^2
68	9216	33	2^10*3^2
69	9604	15	2^2*7^4
70	9801	15	3^4*11^2
71	10000	25	2^4*5^4
72	10404	27	2^2*3^2*17^2
73	10816	21	2^6*13^2
74	11025	27	3^2*5^2*7^2
75	11664	35	2^4*3^6
76	12100	27	2^2*5^2*11^2
77	12544	27	2^8*7^2
78	12996	27	2^2*3^2*19^2
79	13689	15	3^4*13^2
80	14161	9	7^2*17^2
81	14400	63	2^6*3^2*5^2
82	14641	5	11^4
83	15625	7	5^6
84	15876	45	2^2*3^4*7^2
85	16384	15	2^14
86	16900	27	2^2*5^2*13^2
87	17424	45	2^4*3^2*11^2
88	17689	9	7^2*19^2
89	18225	21	3^6*5^2
90	18496	21	2^6*17^2
91	19600	45	2^4*5^2*7^2
92	20449	9	11^2*13^2
93	20736	45	2^8*3^4
94	21609	15	3^2*7^4
95	22500	45	2^2*3^2*5^4
96	23104	21	2^6*19^2
97	23409	15	3^4*17^2
98	23716	27	2^2*7^2*11^2
99	24336	45	2^4*3^2*13^2
100	25600	33	2^10*5^2
101	26244	27	2^2*3^8
102	27225	27	3^2*5^2*11^2
103	28224	63	2^6*3^2*7^2
104	28561	5	13^4
105	28900	27	2^2*5^2*17^2
106	29241	15	3^4*19^2
107	30625	15	5^4*7^2
108	30976	27	2^8*11^2
109	32400	75	2^4*3^4*5^2
110	33124	27	2^2*7^2*13^2
111	34969	9	11^2*17^2
112	35721	21	3^6*7^2
113	36100	27	2^2*5^2*19^2
114	36864	39	2^12*3^2
115	38025	27	3^2*5^2*13^2
116	38416	25	2^4*7^4
117	39204	45	2^2*3^4*11^2
118	40000	35	2^6*5^4
119	41616	45	2^4*3^2*17^2
120	43264	27	2^8*13^2
121	43681	9	11^2*19^2
122	44100	81	2^2*3^2*5^2*7^2
123	46656	49	2^6*3^6
124	48400	45	2^4*5^2*11^2
125	48841	9	13^2*17^2
126	50176	33	2^10*7^2
127	50625	25	3^4*5^4
128	51984	45	2^4*3^2*19^2
129	53361	27	3^2*7^2*11^2
130	54756	45	2^2*3^4*13^2
131	56644	27	2^2*7^2*17^2
132	57600	81	2^8*3^2*5^2
133	58564	15	2^2*11^4
134	59049	11	3^10
135	60025	15	5^2*7^4
136	61009	9	13^2*19^2
137	62500	21	2^2*5^6
138	63504	75	2^4*3^4*7^2
139	65025	27	3^2*5^2*17^2
140	65536	17	2^16
141	67600	45	2^4*5^2*13^2
142	69696	63	2^6*3^2*11^2
143	70756	27	2^2*7^2*19^2
144	72900	63	2^2*3^6*5^2
145	73984	27	2^8*17^2
146	74529	27	3^2*7^2*13^2
147	75625	15	5^4*11^2
148	78400	63	2^6*5^2*7^2
149	81225	27	3^2*5^2*19^2
150	81796	27	2^2*11^2*13^2
151	82944	55	2^10*3^4
152	83521	5	17^4
153	86436	45	2^2*3^2*7^4
154	88209	21	3^6*11^2
155	90000	75	2^4*3^2*5^4
156	92416	27	2^8*19^2
157	93636	45	2^2*3^4*17^2
158	94864	45	2^4*7^2*11^2
159	97344	63	2^6*3^2*13^2
160	99225	45	3^4*5^2*7^2
161	102400	39	2^12*5^2
162	104329	9	17^2*19^2
163	104976	45	2^4*3^8
164	105625	15	5^4*13^2
165	108900	81	2^2*3^2*5^2*11^2
166	112896	81	2^8*3^2*7^2
167	114244	15	2^2*13^4
168	115600	45	2^4*5^2*17^2
169	116964	45	2^2*3^4*19^2
170	117649	7	7^6
171	122500	45	2^2*5^4*7^2
172	123201	21	3^6*13^2
173	123904	33	2^10*11^2
174	127449	27	3^2*7^2*17^2
175	129600	105	2^6*3^4*5^2
176	130321	5	19^4
177	131769	15	3^2*11^4
178	132496	45	2^4*7^2*13^2
179	139876	27	2^2*11^2*17^2
180	140625	21	3^2*5^6
181	142884	63	2^2*3^6*7^2
182	144400	45	2^4*5^2*19^2
183	147456	45	2^14*3^2
184	148225	27	5^2*7^2*11^2
185	152100	81	2^2*3^2*5^2*13^2
186	153664	35	2^6*7^4
187	156816	75	2^4*3^4*11^2
188	159201	27	3^2*7^2*19^2
189	160000	45	2^8*5^4
190	164025	27	3^8*5^2
191	166464	63	2^6*3^2*17^2
192	173056	33	2^10*13^2
193	174724	27	2^2*11^2*19^2
194	176400	135	2^4*3^2*5^2*7^2
195	180625	15	5^4*17^2
196	184041	27	3^2*11^2*13^2
197	186624	63	2^8*3^6
198	193600	63	2^6*5^2*11^2
199	194481	25	3^4*7^4
200	195364	27	2^2*13^2*17^2
201	200704	39	2^12*7^2
202	202500	75	2^2*3^4*5^4
203	207025	27	5^2*7^2*13^2
204	207936	63	2^6*3^2*19^2
205	210681	21	3^6*17^2
206	213444	81	2^2*3^2*7^2*11^2
207	219024	75	2^4*3^4*13^2
208	225625	15	5^4*19^2
209	226576	45	2^4*7^2*17^2
210	230400	99	2^10*3^2*5^2
211	234256	25	2^4*11^4
212	236196	33	2^2*3^10
213	240100	45	2^2*5^2*7^4
214	244036	27	2^2*13^2*19^2
215	245025	45	3^4*5^2*11^2
216	250000	35	2^4*5^6
217	254016	105	2^6*3^4*7^2
218	257049	15	3^2*13^4
219	260100	81	2^2*3^2*5^2*17^2
220	262144	19	2^18
221	263169	21	3^6*19^2
222	270400	63	2^6*5^2*13^2
223	275625	45	3^2*5^4*7^2
224	278784	81	2^8*3^2*11^2
225	283024	45	2^4*7^2*19^2
226	290521	15	7^4*11^2
227	291600	105	2^4*3^6*5^2
228	295936	33	2^10*17^2
229	298116	81	2^2*3^2*7^2*13^2
230	302500	45	2^2*5^4*11^2
231	313600	81	2^8*5^2*7^2
232	314721	27	3^2*11^2*17^2
233	321489	27	3^8*7^2
234	324900	81	2^2*3^2*5^2*19^2
235	327184	45	2^4*11^2*13^2
236	331776	65	2^12*3^4
237	334084	15	2^2*17^4
238	342225	45	3^4*5^2*13^2
239	345744	75	2^4*3^2*7^4
240	352836	63	2^2*3^6*11^2
241	354025	27	5^2*7^2*17^2
242	360000	105	2^6*3^2*5^4
243	366025	15	5^2*11^4
244	369664	33	2^10*19^2
245	374544	75	2^4*3^4*17^2
246	379456	63	2^6*7^2*11^2
247	389376	81	2^8*3^2*13^2
248	390625	9	5^8
249	393129	27	3^2*11^2*19^2
250	396900	135	2^2*3^4*5^2*7^2
251	405769	15	7^4*13^2
252	409600	45	2^14*5^2
253	417316	27	2^2*17^2*19^2
254	419904	63	2^6*3^8
255	422500	45	2^2*5^4*13^2
256	435600	135	2^4*3^2*5^2*11^2
257	439569	27	3^2*13^2*17^2
258	442225	27	5^2*7^2*19^2
259	451584	99	2^10*3^2*7^2
260	455625	35	3^6*5^4
261	456976	25	2^4*13^4
262	462400	63	2^6*5^2*17^2
263	467856	75	2^4*3^4*19^2
264	470596	21	2^2*7^6
265	480249	45	3^4*7^2*11^2
266	490000	75	2^4*5^4*7^2
267	492804	63	2^2*3^6*13^2
268	495616	39	2^12*11^2
269	509796	81	2^2*3^2*7^2*17^2
270	511225	27	5^2*11^2*13^2
271	518400	135	2^8*3^4*5^2
272	521284	15	2^2*19^4
273	527076	45	2^2*3^2*11^4
274	529984	63	2^6*7^2*13^2
275	531441	13	3^12
276	540225	45	3^2*5^2*7^4
277	549081	27	3^2*13^2*19^2
278	559504	45	2^4*11^2*17^2
279	562500	63	2^2*3^2*5^6
280	571536	105	2^4*3^6*7^2
281	577600	63	2^6*5^2*19^2
282	585225	45	3^4*5^2*17^2
283	589824	51	2^16*3^2
284	592900	81	2^2*5^2*7^2*11^2
285	608400	135	2^4*3^2*5^2*13^2
286	614656	45	2^8*7^4
287	627264	105	2^6*3^4*11^2
288	636804	81	2^2*3^2*7^2*19^2
289	640000	55	2^10*5^4
290	656100	81	2^2*3^8*5^2
291	665856	81	2^8*3^2*17^2
292	670761	45	3^4*7^2*13^2
293	680625	45	3^2*5^4*11^2
294	692224	39	2^12*13^2
295	693889	15	7^4*17^2
296	698896	45	2^4*11^2*19^2
297	705600	189	2^6*3^2*5^2*7^2
298	714025	15	5^2*13^4
299	717409	15	7^2*11^4
300	722500	45	2^2*5^4*17^2
301	731025	45	3^4*5^2*19^2
302	736164	81	2^2*3^2*11^2*13^2
303	746496	77	2^10*3^6
304	751689	15	3^2*17^4
305	765625	21	5^6*7^2
306	774400	81	2^8*5^2*11^2
307	777924	75	2^2*3^4*7^4
308	781456	45	2^4*13^2*17^2
309	793881	27	3^8*11^2
310	802816	45	2^14*7^2
311	810000	125	2^4*3^4*5^4
312	828100	81	2^2*5^2*7^2*13^2
313	831744	81	2^8*3^2*19^2
314	842724	63	2^2*3^6*17^2
315	853776	135	2^4*3^2*7^2*11^2
316	866761	15	7^4*19^2
317	874225	27	5^2*11^2*17^2
318	876096	105	2^6*3^4*13^2
319	893025	63	3^6*5^2*7^2
320	902500	45	2^2*5^4*19^2
321	906304	63	2^6*7^2*17^2
322	921600	117	2^12*3^2*5^2
323	937024	35	2^6*11^4
324	938961	27	3^2*17^2*19^2
325	944784	55	2^4*3^10
326	950625	45	3^2*5^4*13^2
327	960400	75	2^4*5^2*7^4
328	976144	45	2^4*13^2*19^2
329	980100	135	2^2*3^4*5^2*11^2
330	1000000	49	2^6*5^6
331	1002001	27	7^2*11^2*13^2
332	1016064	135	2^8*3^4*7^2
333	1028196	45	2^2*3^2*13^4
334	1040400	135	2^4*3^2*5^2*17^2
335	1048576	21	2^20
336	1052676	63	2^2*3^6*19^2
337	1058841	21	3^2*7^6
338	1081600	81	2^8*5^2*13^2
339	1092025	27	5^2*11^2*19^2
340	1102500	135	2^2*3^2*5^4*7^2
341	1108809	27	3^8*13^2
342	1115136	99	2^10*3^2*11^2
343	1132096	63	2^6*7^2*19^2
344	1147041	45	3^4*7^2*17^2
345	1162084	45	2^2*7^4*11^2
346	1166400	147	2^6*3^6*5^2
347	1172889	15	3^2*19^4
348	1183744	39	2^12*17^2
349	1185921	25	3^4*11^4
350	1192464	135	2^4*3^2*7^2*13^2
351	1210000	75	2^4*5^4*11^2
352	1221025	27	5^2*13^2*17^2
353	1254400	99	2^10*5^2*7^2
354	1258884	81	2^2*3^2*11^2*17^2
355	1265625	35	3^4*5^6
356	1285956	81	2^2*3^8*7^2
357	1299600	135	2^4*3^2*5^2*19^2
358	1308736	63	2^6*11^2*13^2
359	1327104	75	2^14*3^4
360	1334025	81	3^2*5^2*7^2*11^2
361	1336336	25	2^4*17^4
362	1368900	135	2^2*3^4*5^2*13^2
363	1382976	105	2^6*3^2*7^4
364	1399489	15	7^2*13^4
365	1411344	105	2^4*3^6*11^2
366	1416100	81	2^2*5^2*7^2*17^2
367	1432809	45	3^4*7^2*19^2
368	1440000	135	2^8*3^2*5^4
369	1464100	45	2^2*5^2*11^4
370	1476225	33	3^10*5^2
371	1478656	39	2^12*19^2
372	1498176	105	2^6*3^4*17^2
373	1500625	25	5^4*7^4
374	1517824	81	2^8*7^2*11^2
375	1525225	27	5^2*13^2*19^2
376	1557504	99	2^10*3^2*13^2
377	1562500	27	2^2*5^8
378	1572516	81	2^2*3^2*11^2*19^2
379	1587600	225	2^4*3^4*5^2*7^2
380	1623076	45	2^2*7^4*13^2
381	1625625	45	3^2*5^4*17^2
382	1638400	51	2^16*5^2
383	1656369	45	3^4*11^2*13^2
384	1669264	45	2^4*17^2*19^2
385	1679616	81	2^8*3^8
386	1690000	75	2^4*5^4*13^2
387	1713481	27	7^2*11^2*17^2
388	1742400	189	2^6*3^2*5^2*11^2
389	1750329	35	3^6*7^4
390	1758276	81	2^2*3^2*13^2*17^2
391	1768900	81	2^2*5^2*7^2*19^2
392	1771561	7	11^6
393	1806336	117	2^12*3^2*7^2
394	1822500	105	2^2*3^6*5^4
395	1827904	35	2^6*13^4
396	1849600	81	2^8*5^2*17^2
397	1863225	81	3^2*5^2*7^2*13^2
398	1871424	105	2^6*3^4*19^2
399	1882384	35	2^4*7^6
400	1890625	21	5^6*11^2
401	1896129	27	3^8*17^2
402	1920996	135	2^2*3^4*7^2*11^2
403	1960000	105	2^6*5^4*7^2
404	1971216	105	2^4*3^6*13^2
405	1982464	45	2^14*11^2
406	2030625	45	3^2*5^4*19^2
407	2039184	135	2^4*3^2*7^2*17^2
408	2044900	81	2^2*5^2*11^2*13^2
409	2073600	165	2^10*3^4*5^2
410	2085136	25	2^4*19^4
411	2088025	15	5^2*17^4
412	2108304	75	2^4*3^2*11^4
413	2119936	81	2^8*7^2*13^2
414	2125764	39	2^2*3^12
415	2140369	27	7^2*11^2*19^2
416	2160900	135	2^2*3^2*5^2*7^4
417	2196324	81	2^2*3^2*13^2*19^2
418	2205225	63	3^6*5^2*11^2
419	2238016	63	2^6*11^2*17^2
420	2250000	105	2^4*3^2*5^6
421	2286144	147	2^6*3^6*7^2
422	2310400	81	2^8*5^2*19^2
423	2313441	25	3^4*13^4
424	2340900	135	2^2*3^4*5^2*17^2
425	2359296	57	2^18*3^2
426	2368521	27	3^8*19^2
427	2371600	135	2^4*5^2*7^2*11^2
428	2393209	27	7^2*13^2*17^2
429	2433600	189	2^6*3^2*5^2*13^2
430	2458624	55	2^10*7^4
431	2474329	15	11^4*13^2
432	2480625	75	3^4*5^4*7^2
433	2509056	135	2^8*3^4*11^2
434	2547216	135	2^4*3^2*7^2*19^2
435	2560000	65	2^12*5^4
436	2608225	27	5^2*17^2*19^2
437	2614689	45	3^2*7^4*11^2
438	2624400	135	2^4*3^8*5^2
439	2640625	21	5^6*13^2
440	2663424	99	2^10*3^2*17^2
441	2683044	135	2^2*3^4*7^2*13^2
442	2722500	135	2^2*3^2*5^4*11^2
443	2768896	45	2^14*13^2
444	2775556	45	2^2*7^4*17^2
445	2795584	63	2^6*11^2*19^2
446	2822400	243	2^8*3^2*5^2*7^2
447	2832489	45	3^4*11^2*17^2
448	2856100	45	2^2*5^2*13^4
449	2869636	45	2^2*7^2*11^4
450	2890000	75	2^4*5^4*17^2
451	2893401	33	3^10*7^2
452	2924100	135	2^2*3^4*5^2*19^2
453	2941225	21	5^2*7^6
454	2944656	135	2^4*3^2*11^2*13^2
455	2985984	91	2^12*3^6
456	2989441	27	7^2*13^2*19^2
457	3006756	45	2^2*3^2*17^4
458	3062500	63	2^2*5^6*7^2
459	3080025	63	3^6*5^2*13^2
460	3097600	99	2^10*5^2*11^2
461	3111696	125	2^4*3^4*7^4
462	3125824	63	2^6*13^2*17^2
463	3175524	81	2^2*3^8*11^2
464	3186225	81	3^2*5^2*7^2*17^2
465	3211264	51	2^16*7^2
466	3240000	175	2^6*3^4*5^4
467	3258025	15	5^2*19^4
468	3294225	45	3^2*5^2*11^4
469	3312400	135	2^4*5^2*7^2*13^2
470	3326976	99	2^10*3^2*19^2
471	3370896	105	2^4*3^6*17^2
472	3415104	189	2^6*3^2*7^2*11^2
473	3455881	15	11^2*13^4
474	3467044	45	2^2*7^4*19^2
475	3496900	81	2^2*5^2*11^2*17^2
476	3504384	135	2^8*3^4*13^2
477	3515625	27	3^2*5^8
478	3538161	45	3^4*11^2*19^2
479	3572100	189	2^2*3^6*5^2*7^2
480	3610000	75	2^4*5^4*19^2
481	3625216	81	2^8*7^2*17^2
482	3651921	45	3^2*7^4*13^2
483	3686400	135	2^14*3^2*5^2
484	3705625	45	5^4*7^2*11^2
485	3748096	45	2^8*11^4
486	3755844	81	2^2*3^2*17^2*19^2
487	3779136	77	2^6*3^10
488	3802500	135	2^2*3^2*5^4*13^2
489	3841600	105	2^6*5^2*7^4
490	3904576	63	2^6*13^2*19^2
491	3920400	225	2^4*3^4*5^2*11^2
492	3956121	45	3^4*13^2*17^2
493	3980025	81	3^2*5^2*7^2*19^2
494	4000000	63	2^8*5^6
495	4008004	81	2^2*7^2*11^2*13^2
496	4064256	165	2^10*3^4*7^2
497	4092529	15	7^2*17^4
498	4100625	45	3^8*5^4
499	4112784	75	2^4*3^2*13^4
500	4161600	189	2^6*3^2*5^2*17^2
501	4194304	23	2^22
502	4210704	105	2^4*3^6*19^2
503	4231249	15	11^4*17^2
504	4235364	63	2^2*3^2*7^6
505	4322241	63	3^6*7^2*11^2
506	4326400	99	2^10*5^2*13^2
507	4368100	81	2^2*5^2*11^2*19^2
508	4410000	225	2^4*3^2*5^4*7^2
509	4435236	81	2^2*3^8*13^2
510	4460544	117	2^12*3^2*11^2
511	4515625	21	5^6*17^2
512	4528384	81	2^8*7^2*19^2
513	4588164	135	2^2*3^4*7^2*17^2
514	4601025	81	3^2*5^2*11^2*13^2
515	4648336	75	2^4*7^4*11^2
516	4665600	189	2^8*3^6*5^2
517	4691556	45	2^2*3^2*19^4
518	4734976	45	2^14*17^2
519	4743684	75	2^2*3^4*11^4
520	4769856	189	2^6*3^2*7^2*13^2
521	4782969	15	3^14
522	4826809	7	13^6
523	4840000	105	2^6*5^4*11^2
524	4862025	75	3^4*5^2*7^4
525	4884100	81	2^2*5^2*13^2*17^2
526	4941729	45	3^4*13^2*19^2
527	5017600	117	2^12*5^2*7^2
528	5035536	135	2^4*3^2*11^2*17^2
529	5062500	105	2^2*3^4*5^6
530	5112121	27	7^2*17^2*19^2
531	5143824	135	2^4*3^8*7^2
532	5175625	45	5^4*7^2*13^2
533	5198400	189	2^6*3^2*5^2*19^2
534	5234944	81	2^8*11^2*13^2
535	5267025	63	3^6*5^2*17^2
536	5285401	15	11^4*19^2
537	5308416	85	2^16*3^4
538	5336100	243	2^2*3^2*5^2*7^2*11^2
539	5345344	35	2^6*17^4
540	5475600	225	2^4*3^4*5^2*13^2
541	5531904	135	2^8*3^2*7^4
542	5597956	45	2^2*7^2*13^4
543	5640625	21	5^6*19^2
544	5645376	147	2^6*3^6*11^2
545	5664400	135	2^4*5^2*7^2*17^2
546	5731236	135	2^2*3^4*7^2*19^2
547	5760000	165	2^10*3^2*5^4
548	5764801	9	7^8
549	5856400	75	2^4*5^2*11^4
550	5904900	99	2^2*3^10*5^2
551	5909761	27	11^2*13^2*17^2
552	5914624	45	2^14*19^2
553	5992704	135	2^8*3^4*17^2
554	6002500	75	2^2*5^4*7^4
555	6036849	63	3^6*7^2*13^2
556	6071296	99	2^10*7^2*11^2
557	6100900	81	2^2*5^2*13^2*19^2
558	6125625	75	3^4*5^4*11^2
559	6230016	117	2^12*3^2*13^2
560	6245001	45	3^2*7^4*17^2
561	6250000	45	2^4*5^8
562	6290064	135	2^4*3^2*11^2*19^2
563	6350400	315	2^6*3^4*5^2*7^2
564	6385729	15	7^2*19^4
565	6426225	45	3^2*5^2*13^4
566	6456681	45	3^2*7^2*11^4
567	6492304	75	2^4*7^4*13^2
568	6502500	135	2^2*3^2*5^4*17^2
569	6553600	57	2^18*5^2
570	6579225	63	3^6*5^2*19^2
571	6625476	135	2^2*3^4*11^2*13^2
572	6677056	63	2^6*17^2*19^2
573	6718464	99	2^10*3^8
574	6760000	105	2^6*5^4*13^2
575	6765201	25	3^4*17^4
576	6853924	81	2^2*7^2*11^2*17^2
577	6890625	63	3^2*5^6*7^2
578	6969600	243	2^8*3^2*5^2*11^2
579	7001316	105	2^2*3^6*7^4
580	7033104	135	2^4*3^2*13^2*17^2
581	7075600	135	2^4*5^2*7^2*19^2
582	7086244	21	2^2*11^6
583	7144929	33	3^10*11^2
584	7225344	135	2^14*3^2*7^2
585	7263025	45	5^2*7^4*11^2
586	7290000	175	2^4*3^6*5^4
587	7311616	45	2^8*13^4
588	7382089	27	11^2*13^2*19^2
589	7398400	99	2^10*5^2*17^2
590	7452900	243	2^2*3^2*5^2*7^2*13^2
591	7485696	135	2^8*3^4*19^2
592	7529536	49	2^6*7^6
593	7562500	63	2^2*5^6*11^2
594	7584516	81	2^2*3^8*17^2
595	7683984	225	2^4*3^4*7^2*11^2
596	7800849	45	3^2*7^4*19^2
597	7840000	135	2^8*5^4*7^2
598	7868025	81	3^2*5^2*11^2*17^2
599	7884864	147	2^6*3^6*13^2
600	7929856	51	2^16*11^2
601	8037225	81	3^8*5^2*7^2
602	8122500	135	2^2*3^2*5^4*19^2
603	8156736	189	2^6*3^2*7^2*17^2
604	8179600	135	2^4*5^2*11^2*13^2
605	8254129	15	13^4*17^2
606	8294400	195	2^12*3^4*5^2
607	8340544	35	2^6*19^4
608	8352100	45	2^2*5^2*17^4
609	8433216	105	2^6*3^2*11^4
610	8450649	45	3^4*17^2*19^2
611	8479744	99	2^10*7^2*13^2
612	8503056	65	2^4*3^12
613	8555625	75	3^4*5^4*13^2
614	8561476	81	2^2*7^2*11^2*19^2
615	8643600	225	2^4*3^2*5^2*7^4
616	8785296	135	2^4*3^2*13^2*19^2
617	8820900	189	2^2*3^6*5^2*11^2
618	8850625	45	5^4*7^2*17^2
619	8952064	81	2^8*11^2*17^2
620	9000000	147	2^6*3^2*5^6
621	9018009	81	3^2*7^2*11^2*13^2
622	9144576	189	2^8*3^6*7^2
623	9150625	25	5^4*11^4
624	9241600	99	2^10*5^2*19^2
625	9253764	75	2^2*3^4*13^4
626	9363600	225	2^4*3^4*5^2*17^2
627	9437184	63	2^20*3^2
628	9474084	81	2^2*3^8*19^2
629	9486400	189	2^6*5^2*7^2*11^2
630	9529569	35	3^4*7^6
631	9572836	81	2^2*7^2*13^2*17^2
632	9734400	243	2^8*3^2*5^2*13^2
633	9765625	11	5^10
634	9828225	81	3^2*5^2*11^2*19^2
635	9834496	65	2^12*7^4
636	9897316	45	2^2*11^4*13^2
637	9922500	225	2^2*3^4*5^4*7^2
638	9979281	33	3^10*13^2
639	10036224	165	2^10*3^4*11^2
640	10106041	15	11^2*17^4
641	10144225	45	5^2*7^4*13^2
642	10188864	189	2^6*3^2*7^2*19^2
643	10240000	75	2^14*5^4
644	10310521	15	13^4*19^2
645	10323369	63	3^6*7^2*17^2
646	10432900	81	2^2*5^2*17^2*19^2
647	10458756	135	2^2*3^2*7^4*11^2
648	10497600	189	2^6*3^8*5^2
649	10556001	25	3^4*19^4
650	10562500	63	2^2*5^6*13^2
651	10653696	117	2^12*3^2*17^2
652	10673289	35	3^6*11^4
653	10732176	225	2^4*3^4*7^2*13^2
654	10890000	225	2^4*3^2*5^4*11^2
655	10989225	81	3^2*5^2*13^2*17^2
656	11055625	45	5^4*7^2*19^2
657	11075584	51	2^16*13^2
658	11102224	75	2^4*7^4*17^2
659	11182336	81	2^8*11^2*19^2
660	11289600	297	2^10*3^2*5^2*7^2
661	11329956	135	2^2*3^4*11^2*17^2
662	11390625	49	3^6*5^6
663	11424400	75	2^4*5^2*13^4
664	11478544	75	2^4*7^2*11^4
665	11560000	105	2^6*5^4*17^2
666	11573604	99	2^2*3^10*7^2
667	11696400	225	2^4*3^4*5^2*19^2
668	11764900	63	2^2*5^2*7^6
669	11778624	189	2^6*3^2*11^2*13^2
670	11943936	105	2^14*3^6
671	11957764	81	2^2*7^2*13^2*19^2
672	12006225	135	3^4*5^2*7^2*11^2
673	12027024	75	2^4*3^2*17^4
674	12250000	105	2^4*5^6*7^2
675	12320100	189	2^2*3^6*5^2*13^2
676	12390400	117	2^12*5^2*11^2
677	12446784	175	2^6*3^4*7^4
678	12503296	81	2^8*13^2*17^2
679	12595401	45	3^2*7^2*13^4
680	12623809	27	11^2*17^2*19^2
681	12702096	135	2^4*3^8*11^2
682	12744900	243	2^2*3^2*5^2*7^2*17^2
683	12780625	45	5^4*11^2*13^2
684	12845056	57	2^18*7^2
685	12895281	63	3^6*7^2*19^2
686	12960000	225	2^8*3^4*5^4
687	13032100	45	2^2*5^2*19^4
688	13176900	135	2^2*3^2*5^2*11^4
689	13249600	189	2^6*5^2*7^2*13^2
690	13286025	39	3^12*5^2
691	13307904	117	2^12*3^2*19^2
692	13483584	147	2^6*3^6*17^2
693	13505625	75	3^2*5^4*7^4
694	13660416	243	2^8*3^2*7^2*11^2
695	13727025	81	3^2*5^2*13^2*19^2
696	13823524	45	2^2*11^2*13^4
697	13868176	75	2^4*7^4*19^2
698	13987600	135	2^4*5^2*11^2*17^2
699	14017536	165	2^10*3^4*13^2
700	14062500	81	2^2*3^2*5^8
701	14115049	15	13^2*17^4
702	14152644	135	2^2*3^4*11^2*19^2
703	14235529	21	7^6*11^2
704	14288400	315	2^4*3^6*5^2*7^2
705	14440000	105	2^6*5^4*19^2
706	14500864	99	2^10*7^2*17^2
707	14607684	135	2^2*3^2*7^4*13^2
708	14630625	75	3^4*5^4*17^2
709	14745600	153	2^16*3^2*5^2
710	14822500	135	2^2*5^4*7^2*11^2
711	14907321	63	3^6*11^2*13^2
712	14992384	55	2^10*11^4
713	15023376	135	2^4*3^2*17^2*19^2
714	15116544	99	2^8*3^10
715	15210000	225	2^4*3^2*5^4*13^2
716	15366400	135	2^8*5^2*7^4
717	15421329	81	3^2*7^2*11^2*17^2
718	15618304	81	2^8*13^2*19^2
719	15681600	315	2^6*3^4*5^2*11^2
720	15752961	45	3^8*7^4
721	15768841	15	11^2*19^4
722	15824484	135	2^2*3^4*13^2*17^2
723	15920100	243	2^2*3^2*5^2*7^2*19^2
724	15944049	21	3^2*11^6
725	16000000	77	2^10*5^6
726	16032016	135	2^4*7^2*11^2*13^2
727	16257024	195	2^12*3^4*7^2
728	16370116	45	2^2*7^2*17^4
729	16402500	135	2^2*3^8*5^4
730	16451136	105	2^6*3^2*13^4
731	16646400	243	2^8*3^2*5^2*17^2
732	16769025	135	3^4*5^2*7^2*13^2
733	16777216	25	2^24
734	16842816	147	2^6*3^6*19^2
735	16924996	45	2^2*11^4*17^2
736	16941456	105	2^4*3^2*7^6
737	17015625	63	3^2*5^6*11^2
738	17065161	33	3^10*17^2
739	17288964	189	2^2*3^6*7^2*11^2
740	17305600	117	2^12*5^2*13^2
741	17347225	45	5^2*7^4*17^2
742	17472400	135	2^4*5^2*11^2*19^2
743	17631601	27	13^2*17^2*19^2
744	17640000	315	2^6*3^2*5^4*7^2
745	17740944	135	2^4*3^8*13^2
746	17842176	135	2^14*3^2*11^2
747	17850625	25	5^4*13^4
748	17935225	45	5^2*7^2*11^4
749	18062500	63	2^2*5^6*17^2
750	18113536	99	2^10*7^2*19^2
751	18275625	75	3^4*5^4*19^2
752	18352656	225	2^4*3^4*7^2*17^2
753	18404100	243	2^2*3^2*5^2*11^2*13^2
754	18593344	105	2^6*7^4*11^2
755	18662400	231	2^10*3^6*5^2
756	18766224	75	2^4*3^2*19^4
757	18792225	45	3^2*5^2*17^4
758	18939904	51	2^16*17^2
759	18974736	125	2^4*3^4*11^4
760	19079424	243	2^8*3^2*7^2*13^2
761	19131876	45	2^2*3^14
762	19140625	27	5^8*7^2
763	19263321	81	3^2*7^2*11^2*19^2
764	19307236	21	2^2*13^6
765	19360000	135	2^8*5^4*11^2
766	19448100	225	2^2*3^4*5^2*7^4
767	19536400	135	2^4*5^2*13^2*17^2
768	19766916	135	2^2*3^4*13^2*19^2
769	19847025	81	3^8*5^2*11^2
770	19882681	21	7^6*13^2
771	20070400	135	2^14*5^2*7^2
772	20142144	189	2^6*3^2*11^2*17^2
773	20250000	175	2^4*3^4*5^6
774	20448484	81	2^2*7^2*17^2*19^2
775	20575296	189	2^6*3^8*7^2
776	20702500	135	2^2*5^4*7^2*13^2
777	20793600	243	2^8*3^2*5^2*19^2
778	20820969	35	3^6*13^4
779	20939776	99	2^10*11^2*13^2
780	21068100	189	2^2*3^6*5^2*17^2
781	21141604	45	2^2*11^4*19^2
782	21233664	95	2^18*3^4
783	21316689	33	3^10*19^2
784	21344400	405	2^4*3^2*5^2*7^2*11^2
785	21381376	45	2^8*17^4
786	21538881	81	3^2*7^2*13^2*17^2
787	21669025	45	5^2*7^4*19^2
788	21855625	45	5^4*11^2*17^2
789	21902400	315	2^6*3^4*5^2*13^2
790	22024249	15	13^2*19^4
791	22127616	165	2^10*3^2*7^4
792	22268961	45	3^2*11^4*13^2
793	22325625	105	3^6*5^4*7^2
794	22391824	75	2^4*7^2*13^4
795	22562500	63	2^2*5^6*19^2
796	22581504	189	2^8*3^6*11^2
797	22657600	189	2^6*5^2*7^2*17^2
798	22924944	225	2^4*3^4*7^2*19^2
799	23040000	195	2^12*3^2*5^4
800	23059204	27	2^2*7^8
801	23425600	105	2^6*5^2*11^4
802	23474025	81	3^2*5^2*17^2*19^2
803	23532201	75	3^4*7^4*11^2
804	23619600	165	2^4*3^10*5^2
805	23639044	81	2^2*11^2*13^2*17^2
806	23658496	51	2^16*19^2
807	23765625	63	3^2*5^6*13^2
808	23970816	165	2^10*3^4*17^2
809	24010000	125	2^4*5^4*7^4
810	24137569	7	17^6
811	24147396	189	2^2*3^6*7^2*13^2
812	24285184	117	2^12*7^2*11^2
813	24403600	135	2^4*5^2*13^2*19^2
814	24502500	225	2^2*3^4*5^4*11^2
815	24920064	135	2^14*3^2*13^2
816	24980004	135	2^2*3^2*7^4*17^2
817	25000000	63	2^6*5^8
818	25050025	81	5^2*7^2*11^2*13^2
819	25160256	189	2^6*3^2*11^2*19^2
820	25401600	405	2^8*3^4*5^2*7^2
821	25492401	63	3^6*11^2*17^2
822	25542916	45	2^2*7^2*19^4
823	25704900	135	2^2*3^2*5^2*13^4
824	25826724	135	2^2*3^2*7^2*11^4
825	25969216	105	2^6*7^4*13^2
826	26010000	225	2^4*3^2*5^4*17^2
827	26040609	39	3^12*7^2
828	26214400	63	2^20*5^2
829	26316900	189	2^2*3^6*5^2*19^2
830	26471025	63	3^2*5^2*7^6
831	26501904	225	2^4*3^4*11^2*13^2
832	26708224	81	2^8*17^2*19^2
833	26873856	117	2^12*3^8
834	26904969	81	3^2*7^2*13^2*19^2
835	27040000	135	2^8*5^4*13^2
836	27060804	75	2^2*3^4*17^4
837	27300625	45	5^4*11^2*19^2
838	27415696	135	2^4*7^2*11^2*17^2
839	27562500	189	2^2*3^2*5^6*7^2
840	27720225	81	3^8*5^2*13^2
841	27878400	297	2^10*3^2*5^2*11^2
842	28005264	175	2^4*3^6*7^4
843	28132416	189	2^6*3^2*13^2*17^2
844	28302400	189	2^6*5^2*7^2*19^2
845	28344976	35	2^4*11^6
846	28579716	99	2^2*3^10*11^2
847	28676025	135	3^4*5^2*7^2*17^2
848	28901376	153	2^16*3^2*7^2
849	29052100	135	2^2*5^2*7^4*11^2
850	29160000	245	2^6*3^6*5^4
851	29246464	55	2^10*13^4
852	29322225	45	3^2*5^2*19^4
853	29528356	81	2^2*11^2*13^2*19^2
854	29593600	117	2^12*5^2*17^2
855	29648025	75	3^4*5^2*11^4
856	29811600	405	2^4*3^2*5^2*7^2*13^2
857	29942784	165	2^10*3^4*19^2
858	30118144	63	2^8*7^6
859	30151081	15	17^4*19^2
860	30250000	105	2^4*5^6*11^2
861	30338064	135	2^4*3^8*17^2
862	30525625	45	5^4*13^2*17^2
863	30735936	315	2^6*3^4*7^2*11^2
864	31102929	45	3^2*11^2*13^4
865	31203396	135	2^2*3^2*7^4*19^2
866	31360000	165	2^10*5^4*7^2
867	31472100	243	2^2*3^2*5^2*11^2*17^2
868	31539456	189	2^8*3^6*13^2
869	31640625	45	3^4*5^8
870	31719424	57	2^18*11^2
871	31843449	63	3^6*11^2*19^2
872	32148900	243	2^2*3^8*5^2*7^2
873	32490000	225	2^4*3^2*5^4*19^2
874	32626944	243	2^8*3^2*7^2*17^2
875	32718400	189	2^6*5^2*11^2*13^2
876	32867289	75	3^4*7^4*13^2
877	33016516	45	2^2*13^4*17^2
878	33177600	225	2^14*3^4*5^2
879	33350625	135	3^2*5^4*7^2*11^2
880	33362176	45	2^8*19^4
881	33408400	75	2^4*5^2*17^4
882	33732864	135	2^8*3^2*11^4
883	33802596	135	2^2*3^4*17^2*19^2
884	33918976	117	2^12*7^2*13^2
885	34000561	21	7^6*17^2
886	34012224	91	2^6*3^12
887	34222500	225	2^2*3^4*5^4*13^2
888	34245904	135	2^4*7^2*11^2*19^2
889	34574400	315	2^6*3^2*5^2*7^4
890	34987225	45	5^2*7^2*13^4
891	35141184	189	2^6*3^2*13^2*19^2
892	35153041	25	7^4*11^4
893	35283600	315	2^4*3^6*5^2*11^2
894	35402500	135	2^2*5^4*7^2*17^2
895	35605089	63	3^6*13^2*17^2
896	35808256	99	2^10*11^2*17^2
897	35820225	135	3^4*5^2*7^2*19^2
898	36000000	189	2^8*3^2*5^6
899	36072036	243	2^2*3^2*7^2*11^2*13^2
900	36578304	231	2^10*3^6*7^2
901	36602500	75	2^2*5^4*11^4
902	36832761	45	3^2*7^2*17^4
903	36905625	55	3^10*5^4
904	36966400	117	2^12*5^2*19^2
905	37015056	125	2^4*3^4*13^4
906	37454400	315	2^6*3^4*5^2*17^2
907	37515625	35	5^6*7^4
908	37662769	15	17^2*19^4
909	37748736	69	2^22*3^2
910	37896336	135	2^4*3^8*19^2
911	37945600	243	2^8*5^2*7^2*11^2
912	38081241	45	3^2*11^4*17^2
913	38118276	105	2^2*3^4*7^6
914	38130625	45	5^4*13^2*19^2
915	38291344	135	2^4*7^2*13^2*17^2
916	38900169	81	3^8*7^2*11^2
917	38937600	297	2^10*3^2*5^2*13^2
918	39062500	33	2^2*5^10
919	39312900	243	2^2*3^2*5^2*11^2*19^2
920	39337984	75	2^14*7^4
921	39589264	75	2^4*11^4*13^2
922	39690000	375	2^4*3^4*5^4*7^2
923	39917124	99	2^2*3^10*13^2
924	40144896	195	2^12*3^4*11^2
925	40424164	45	2^2*11^2*17^4
926	40576900	135	2^2*5^2*7^4*13^2
927	40640625	63	3^2*5^6*17^2
928	40755456	243	2^8*3^2*7^2*19^2
929	40960000	85	2^16*5^4
930	41242084	45	2^2*13^4*19^2
931	41293476	189	2^2*3^6*7^2*17^2
932	41409225	135	3^4*5^2*11^2*13^2
933	41731600	135	2^4*5^2*17^2*19^2
934	41835024	225	2^4*3^2*7^4*11^2
935	41990400	243	2^8*3^8*5^2
936	42224004	75	2^2*3^4*19^4
937	42250000	105	2^4*5^6*13^2
938	42471289	21	7^6*19^2
939	42614784	135	2^14*3^2*17^2
940	42693156	105	2^2*3^6*11^4
941	42837025	81	5^2*7^2*11^2*17^2
942	42928704	315	2^6*3^4*7^2*13^2
943	43046721	17	3^16
944	43441281	21	3^2*13^6
945	43560000	315	2^6*3^2*5^4*11^2
946	43758225	105	3^6*5^2*7^4
947	43956900	243	2^2*3^2*5^2*13^2*17^2
948	44222500	135	2^2*5^4*7^2*19^2
949	44289025	21	5^2*11^6
950	44302336	57	2^18*13^2
951	44408896	105	2^6*7^4*17^2
952	44475561	63	3^6*13^2*19^2
953	44729344	99	2^10*11^2*19^2
954	45158400	351	2^12*3^2*5^2*7^2
955	45319824	225	2^4*3^4*11^2*17^2
956	45562500	147	2^2*3^6*5^6
957	45697600	105	2^6*5^2*13^4
958	45914176	105	2^6*7^2*11^4
959	46009089	81	3^2*7^2*17^2*19^2
960	46240000	135	2^8*5^4*17^2
961	46294416	165	2^4*3^10*7^2
962	46580625	135	3^2*5^4*7^2*13^2
963	46785600	315	2^6*3^4*5^2*19^2
964	47045881	7	19^6
965	47059600	105	2^4*5^2*7^6
966	47114496	243	2^8*3^2*11^2*13^2
967	47265625	27	5^8*11^2
968	47403225	81	3^8*5^2*17^2
969	47568609	45	3^2*11^4*19^2
970	47775744	119	2^16*3^6
971	47831056	135	2^4*7^2*13^2*19^2
972	48024900	405	2^2*3^4*5^2*7^2*11^2
973	48108096	105	2^6*3^2*17^4
974	49000000	147	2^6*5^6*7^2
975	49098049	45	7^4*11^2*13^2
976	49280400	315	2^4*3^6*5^2*13^2
977	49561600	135	2^14*5^2*11^2
978	49787136	225	2^8*3^4*7^4
979	50013184	99	2^10*13^2*17^2
980	50381604	135	2^2*3^2*7^2*13^4
981	50495236	81	2^2*11^2*17^2*19^2
982	50765625	63	3^2*5^6*19^2
983	50808384	189	2^6*3^8*11^2
984	50979600	405	2^4*3^2*5^2*7^2*17^2
985	51122500	135	2^2*5^4*11^2*13^2
986	51380224	63	2^20*7^2
987	51581124	189	2^2*3^6*7^2*19^2
988	51840000	275	2^10*3^4*5^4
989	51883209	27	3^2*7^8
990	52128400	75	2^4*5^2*19^4
991	52200625	25	5^4*17^4
992	52707600	225	2^4*3^2*5^2*11^4
993	52998400	243	2^8*5^2*7^2*13^2
994	53144100	117	2^2*3^12*5^2
995	53187849	81	3^2*11^2*13^2*17^2
996	53231616	135	2^14*3^2*19^2
997	53509225	81	5^2*7^2*11^2*19^2
998	53934336	189	2^8*3^6*17^2
999	54022500	225	2^2*3^2*5^4*7^4
1000	54331641	81	3^8*7^2*13^2
1001	54641664	297	2^10*3^2*7^2*11^2
1002	54908100	243	2^2*3^2*5^2*13^2*19^2
1003	55130625	105	3^6*5^4*11^2
1004	55294096	75	2^4*11^2*13^4
1005	55472704	105	2^6*7^4*19^2
1006	55950400	189	2^6*5^2*11^2*17^2
1007	56070144	195	2^12*3^4*13^2
1008	56205009	75	3^4*7^4*17^2
1009	56250000	135	2^4*3^2*5^8
1010	56460196	45	2^2*13^2*17^4
1011	56610576	225	2^4*3^4*11^2*19^2
1012	56942116	63	2^2*7^6*11^2
1013	57153600	441	2^6*3^6*5^2*7^2
1014	57471561	45	3^2*7^2*19^4
1015	57760000	135	2^8*5^4*19^2
1016	57836025	75	3^4*5^2*13^4
1017	58003456	117	2^12*7^2*17^2
1018	58110129	75	3^4*7^2*11^4
1019	58430736	225	2^4*3^2*7^4*13^2
1020	58522500	225	2^2*3^4*5^4*17^2
1021	58982400	171	2^18*3^2*5^2
1022	59213025	81	3^8*5^2*19^2
1023	59290000	225	2^4*5^4*7^2*11^2
1024	59629284	189	2^2*3^6*11^2*13^2
1025	59830225	81	5^2*7^2*13^2*17^2
1026	59969536	65	2^12*11^4
1027	60093504	189	2^6*3^2*17^2*19^2
1028	60466176	121	2^10*3^10
1029	60840000	315	2^6*3^2*5^4*13^2
1030	60886809	35	3^6*17^4
1031	61465600	165	2^10*5^2*7^4
1032	61685316	243	2^2*3^2*7^2*11^2*17^2
1033	61858225	45	5^2*11^4*13^2
1034	62015625	105	3^4*5^6*7^2
1035	62473216	99	2^10*13^2*19^2
1036	62726400	405	2^8*3^4*5^2*11^2
1037	63011844	135	2^2*3^8*7^4
1038	63075364	45	2^2*11^2*19^4
1039	63297936	225	2^4*3^4*13^2*17^2
1040	63680400	405	2^4*3^2*5^2*7^2*19^2
1041	63776196	63	2^2*3^2*11^6
1042	64000000	91	2^12*5^6
1043	64128064	189	2^6*7^2*11^2*13^2
1044	64304361	39	3^12*11^2
1045	65028096	225	2^14*3^4*7^2
1046	65205625	45	5^4*17^2*19^2
1047	65367225	135	3^2*5^2*7^4*11^2
1048	65480464	75	2^4*7^2*17^4
1049	65610000	225	2^4*3^8*5^4
1050	65804544	135	2^8*3^2*13^4
1051	66015625	27	5^8*13^2
1052	66438801	81	3^2*11^2*13^2*19^2
1053	66585600	297	2^10*3^2*5^2*17^2
1054	67076100	405	2^2*3^4*5^2*7^2*13^2
1055	67108864	27	2^26
1056	67371264	189	2^8*3^6*19^2
1057	67699984	75	2^4*11^4*17^2
1058	67765824	147	2^6*3^2*7^6
1059	68062500	189	2^2*3^2*5^6*11^2
1060	68260644	99	2^2*3^10*17^2
1061	68574961	25	7^4*13^4
1062	69155856	315	2^4*3^6*7^2*11^2
1063	69222400	135	2^14*5^2*13^2
1064	69388900	135	2^2*5^2*7^4*17^2
1065	69889600	189	2^6*5^2*11^2*19^2
1066	70207641	75	3^4*7^4*19^2
1067	70526404	81	2^2*13^2*17^2*19^2
1068	70560000	405	2^8*3^2*5^4*7^2
1069	70812225	135	3^4*5^2*11^2*17^2
1070	70963776	189	2^6*3^8*13^2
1071	71368704	153	2^16*3^2*11^2
1072	71402500	75	2^2*5^4*13^4
1073	71740900	135	2^2*5^2*7^2*11^4
1074	72250000	105	2^4*5^6*17^2
1075	72335025	99	3^10*5^2*7^2
1076	72454144	117	2^12*7^2*19^2
1077	73102500	225	2^2*3^4*5^4*19^2
1078	73410624	315	2^6*3^4*7^2*17^2
1079	73530625	35	5^4*7^6
1080	73616400	405	2^4*3^2*5^2*11^2*13^2
1081	74287161	45	3^2*13^4*17^2
1082	74373376	135	2^8*7^4*11^2
1083	74649600	273	2^12*3^6*5^2
1084	74736025	81	5^2*7^2*13^2*19^2
1085	75064896	105	2^6*3^2*19^4
1086	75168900	135	2^2*3^2*5^2*17^4
1087	75759616	57	2^18*17^2
1088	75898944	175	2^6*3^4*11^4
1089	76055841	63	3^6*17^2*19^2
1090	76317696	297	2^10*3^2*7^2*13^2
1091	76527504	75	2^4*3^14
1092	76562500	81	2^2*5^8*7^2
1093	77000625	105	3^6*5^4*13^2
1094	77053284	243	2^2*3^2*7^2*11^2*19^2
1095	77228944	35	2^4*13^6
1096	77440000	165	2^10*5^4*11^2
1097	77792400	375	2^4*3^4*5^2*7^4
1098	78145600	189	2^6*5^2*13^2*17^2
1099	79067664	225	2^4*3^4*13^2*19^2
1100	79388100	243	2^2*3^8*5^2*11^2
1101	79530724	63	2^2*7^6*13^2
1102	79655625	135	3^2*5^4*7^2*17^2
1103	80281600	153	2^16*5^2*7^2
1104	80568576	243	2^8*3^2*11^2*17^2
1105	81000000	245	2^6*3^4*5^6
1106	81162081	135	3^4*7^2*11^2*13^2
1107	81450625	25	5^4*19^4
1108	81793936	135	2^4*7^2*17^2*19^2
1109	82301184	243	2^8*3^8*7^2
1110	82355625	75	3^2*5^4*11^4
1111	82810000	225	2^4*5^4*7^2*13^2
1112	83174400	297	2^10*3^2*5^2*19^2
1113	83283876	105	2^2*3^6*13^4
1114	83759104	117	2^12*11^2*13^2
1115	83960569	45	7^4*11^2*17^2
1116	84272400	315	2^4*3^6*5^2*17^2
1117	84566416	75	2^4*11^4*19^2
1118	84934656	105	2^20*3^4
1119	85266756	99	2^2*3^10*19^2
1120	85377600	567	2^6*3^2*5^2*7^2*11^2
1121	85525504	55	2^10*17^4
1122	85766121	49	3^6*7^6
1123	86155524	243	2^2*3^2*7^2*13^2*17^2
1124	86397025	45	5^2*11^2*13^4
1125	86676100	135	2^2*5^2*7^4*19^2
1126	86806489	21	7^2*11^6
1127	87422500	135	2^2*5^4*11^2*17^2
1128	87609600	405	2^8*3^4*5^2*13^2
1129	87890625	33	3^2*5^10
1130	88096996	45	2^2*13^2*19^4
1131	88454025	135	3^4*5^2*11^2*19^2
1132	88510464	195	2^12*3^2*7^4
1133	89075844	135	2^2*3^2*11^4*13^2
1134	89302500	315	2^2*3^6*5^4*7^2
1135	89567296	105	2^6*7^2*13^4
1136	89813529	39	3^12*13^2
1137	90250000	105	2^4*5^6*19^2
1138	90326016	231	2^10*3^6*11^2
1139	90630400	243	2^8*5^2*7^2*17^2
1140	90954369	45	3^2*11^2*17^4
1141	91298025	135	3^2*5^2*7^4*13^2
1142	91699776	315	2^6*3^4*7^2*19^2
1143	92160000	225	2^14*3^2*5^4
1144	92236816	45	2^4*7^8
1145	92640625	63	5^6*7^2*11^2
1146	92794689	45	3^2*13^4*19^2
1147	92910321	81	3^8*7^2*17^2
1148	93702400	135	2^8*5^2*11^4
1149	93896100	243	2^2*3^2*5^2*17^2*19^2
1150	94128804	225	2^2*3^4*7^4*11^2
1151	94478400	231	2^6*3^10*5^2
1152	94556176	135	2^4*11^2*13^2*17^2
1153	94633984	57	2^18*19^2
1154	95004009	35	3^6*19^4
1155	95062500	189	2^2*3^2*5^6*13^2
1156	95883264	195	2^12*3^4*17^2
1157	96040000	175	2^6*5^4*7^4
1158	96059601	45	3^8*11^4
1159	96550276	21	2^2*17^6
1160	96589584	315	2^4*3^6*7^2*13^2
1161	97140736	135	2^14*7^2*11^2
1162	97614400	189	2^6*5^2*13^2*19^2
1163	98010000	375	2^4*3^4*5^4*11^2
1164	98903025	135	3^4*5^2*13^2*17^2
1165	99500625	135	3^2*5^4*7^2*19^2
1166	99680256	153	2^16*3^2*13^2
1167	99920016	225	2^4*3^2*7^4*17^2
1168	100000000	81	2^8*5^8
1169	100200100	243	2^2*5^2*7^2*11^2*13^2
1170	100641024	243	2^8*3^2*11^2*19^2
1171	101606400	495	2^10*3^4*5^2*7^2
1172	101969604	189	2^2*3^6*11^2*17^2
1173	102171664	75	2^4*7^2*19^4
1174	102313225	45	5^2*7^2*17^4
1175	102515625	63	3^8*5^6
1176	102819600	225	2^4*3^2*5^2*13^4
1177	103306896	225	2^4*3^2*7^2*11^4
1178	103876864	135	2^8*7^4*13^2
1179	104040000	315	2^6*3^2*5^4*17^2
1180	104162436	117	2^2*3^12*7^2
1181	104857600	69	2^22*5^2
1182	104878081	45	7^4*11^2*19^2
1183	105267600	315	2^4*3^6*5^2*19^2
1184	105781225	45	5^2*11^4*17^2
1185	105884100	189	2^2*3^2*5^2*7^6
1186	106007616	315	2^6*3^4*11^2*13^2
1187	106832896	99	2^10*17^2*19^2
1188	107495424	135	2^14*3^8
1189	107619876	243	2^2*3^2*7^2*13^2*19^2
1190	108056025	189	3^6*5^2*7^2*11^2
1191	108160000	165	2^10*5^4*13^2
1192	108243216	125	2^4*3^4*17^4
1193	109202500	135	2^2*5^4*11^2*19^2
1194	109662784	189	2^6*7^2*11^2*17^2
1195	110250000	315	2^4*3^2*5^6*7^2
1196	110880900	243	2^2*3^8*5^2*13^2
1197	111513600	351	2^12*3^2*5^2*11^2
1198	112021056	245	2^6*3^6*7^4
1199	112529664	243	2^8*3^2*13^2*17^2
1200	112890625	27	5^8*17^2
1201	113209600	243	2^8*5^2*7^2*19^2
1202	113358609	75	3^4*7^2*13^4
1203	113379904	49	2^6*11^6
1204	113614281	81	3^2*11^2*17^2*19^2
1205	114318864	165	2^4*3^10*11^2
1206	114704100	405	2^2*3^4*5^2*7^2*17^2
1207	115025625	135	3^2*5^4*11^2*13^2
1208	115605504	171	2^18*3^2*7^2
1209	116057529	81	3^8*7^2*19^2
1210	116208400	225	2^4*5^2*7^4*11^2
1211	116640000	315	2^8*3^6*5^4
1212	116985856	65	2^12*13^4
1213	117267241	45	7^4*13^2*17^2
1214	117288900	135	2^2*3^2*5^2*19^4
1215	118113424	135	2^4*11^2*13^2*19^2
1216	118374400	135	2^14*5^2*17^2
1217	118592100	225	2^2*3^4*5^2*11^4
1218	119246400	567	2^6*3^2*5^2*7^2*13^2
1219	119574225	45	3^14*5^2
1220	119771136	195	2^12*3^4*19^2
1221	120472576	77	2^10*7^6
1222	120604324	45	2^2*17^4*19^2
1223	120670225	21	5^2*13^6
1224	121000000	147	2^6*5^6*11^2
1225	121242121	45	7^2*11^4*13^2
1226	121352256	189	2^6*3^8*17^2
1227	121550625	125	3^4*5^4*7^4
1228	122102500	135	2^2*5^4*13^2*17^2
1229	122943744	405	2^8*3^4*7^2*11^2
1230	123543225	135	3^4*5^2*13^2*19^2
1231	124411716	135	2^2*3^2*11^2*13^4
1232	124813584	225	2^4*3^2*7^4*19^2
1233	125440000	195	2^12*5^4*7^2
1234	125888400	405	2^4*3^2*5^2*11^2*17^2
1235	126157824	231	2^10*3^6*13^2
1236	126562500	135	2^2*3^4*5^8
1237	126877696	63	2^20*11^2
1238	127035441	45	3^2*13^2*17^4
1239	127373796	189	2^2*3^6*11^2*19^2
1240	127803025	81	5^2*7^2*17^2*19^2
1241	128119761	63	3^2*7^6*11^2
1242	128595600	405	2^4*3^8*5^2*7^2
1243	129390625	63	5^6*7^2*13^2
1244	129960000	315	2^6*3^2*5^4*19^2
1245	130507776	297	2^10*3^2*7^2*17^2
1246	130873600	243	2^8*5^2*11^2*13^2
1247	131469156	225	2^2*3^4*7^4*13^2
1248	131675625	105	3^6*5^4*17^2
1249	132066064	75	2^4*13^4*17^2
1250	132135025	45	5^2*11^4*19^2
1251	132710400	255	2^16*3^4*5^2
1252	133402500	405	2^2*3^2*5^4*7^2*11^2
1253	133448704	55	2^10*19^4
1254	133633600	105	2^6*5^2*17^4
1255	134165889	81	3^8*11^2*13^2
1256	134931456	165	2^10*3^2*11^4
1257	135210384	225	2^4*3^4*17^2*19^2
1258	135675904	135	2^14*7^2*13^2
1259	136002244	63	2^2*7^6*17^2
1260	136048896	117	2^8*3^12
1261	136890000	375	2^4*3^4*5^4*13^2
1262	136983616	189	2^6*7^2*11^2*19^2
1263	138297600	405	2^8*3^2*5^2*7^4
1264	138791961	135	3^4*7^2*11^2*17^2
1265	139948900	135	2^2*5^2*7^2*13^4
1266	140564736	243	2^8*3^2*13^2*19^2
1267	140612164	75	2^2*7^4*11^4
1268	141015625	27	5^8*19^2
1269	141134400	441	2^6*3^6*5^2*11^2
1270	141610000	225	2^4*5^4*7^2*17^2
1271	141776649	55	3^10*7^4
1272	141919569	45	3^2*11^2*19^4
1273	142420356	189	2^2*3^6*13^2*17^2
1274	143233024	117	2^12*11^2*17^2
1275	143280900	405	2^2*3^4*5^2*7^2*19^2
1276	143496441	35	3^4*11^6
1277	144000000	231	2^10*3^2*5^6
1278	144120025	27	5^2*7^8
1279	144288144	405	2^4*3^2*7^2*11^2*13^2
1280	146313216	273	2^12*3^6*7^2
1281	146410000	125	2^4*5^4*11^4
1282	146482609	45	7^4*13^2*19^2
1283	147331044	135	2^2*3^2*7^2*17^4
1284	147622500	165	2^2*3^10*5^4
1285	147744025	81	5^2*11^2*13^2*17^2
1286	147865600	135	2^14*5^2*19^2
1287	148060224	175	2^6*3^4*13^4
1288	149817600	405	2^8*3^4*5^2*17^2
1289	150062500	105	2^2*5^6*7^4
1290	150651076	45	2^2*17^2*19^4
1291	150921225	189	3^6*5^2*7^2*13^2
1292	150994944	75	2^24*3^2
1293	151585344	189	2^6*3^8*19^2
1294	151782400	297	2^10*5^2*7^2*11^2
1295	152324964	135	2^2*3^2*11^4*17^2
1296	152473104	175	2^4*3^4*7^6
1297	152522500	135	2^2*5^4*13^2*19^2
1298	153140625	105	3^4*5^6*11^2
1299	153165376	189	2^6*7^2*13^2*17^2
1300	153586449	39	3^12*17^2
1301	155600676	243	2^2*3^8*7^2*11^2
1302	155750400	351	2^12*3^2*5^2*13^2
1303	156125025	135	3^2*5^2*7^4*17^2
1304	156250000	55	2^4*5^10
1305	157251600	405	2^4*3^2*5^2*11^2*19^2
1306	157351936	85	2^16*7^4
1307	158357056	105	2^6*11^4*13^2
1308	158684409	81	3^2*13^2*17^2*19^2
1309	158760000	525	2^6*3^4*5^4*7^2
1310	159643225	45	5^2*7^2*19^4
1311	159668496	165	2^4*3^10*13^2
1312	160579584	225	2^14*3^4*11^2
1313	160655625	75	3^2*5^4*13^4
1314	161417025	135	3^2*5^2*7^2*11^4
1315	161696656	75	2^4*11^2*17^4
1316	162307600	225	2^4*5^2*7^4*13^2
1317	162562500	189	2^2*3^2*5^6*17^2
1318	163021824	297	2^10*3^2*7^2*19^2
1319	163840000	95	2^18*5^4
1320	164480625	105	3^6*5^4*19^2
1321	164968336	75	2^4*13^4*19^2
1322	165173904	315	2^4*3^6*7^2*17^2
1323	165636900	405	2^2*3^4*5^2*11^2*13^2
1324	166926400	189	2^6*5^2*17^2*19^2
1325	167340096	315	2^6*3^2*7^4*11^2
1326	167961600	297	2^10*3^8*5^2
1327	168896016	125	2^4*3^4*19^4
1328	169000000	147	2^6*5^6*13^2
1329	169130025	75	3^4*5^2*17^4
1330	169338169	45	7^2*11^2*13^4
1331	169885156	63	2^2*7^6*19^2
1332	170459136	153	2^16*3^2*17^2
1333	170772624	175	2^4*3^6*11^4
1334	171348100	243	2^2*5^2*7^2*11^2*17^2
1335	171714816	405	2^8*3^4*7^2*13^2
1336	172186884	51	2^2*3^16
1337	172265625	81	3^2*5^8*7^2
1338	173369889	135	3^4*7^2*11^2*19^2
1339	173765124	63	2^2*3^2*13^6
1340	174240000	405	2^8*3^2*5^4*11^2
1341	175032900	315	2^2*3^6*5^2*7^4
1342	175827600	405	2^4*3^2*5^2*13^2*17^2
1343	176890000	225	2^4*5^4*7^2*19^2
1344	177156100	63	2^2*5^2*11^6
1345	177209344	63	2^20*13^2
1346	177635584	135	2^8*7^4*17^2
1347	177902244	189	2^2*3^6*13^2*19^2
1348	178623225	99	3^10*5^2*11^2
1349	178917376	117	2^12*11^2*19^2
1350	178944129	63	3^2*7^6*13^2
1351	180633600	405	2^14*3^2*5^2*7^2
1352	181279296	315	2^6*3^4*11^2*17^2
1353	181575625	75	5^4*7^4*11^2
1354	182250000	245	2^4*3^6*5^6
1355	182790400	135	2^8*5^2*13^4
1356	183656704	135	2^8*7^2*11^4
1357	184036356	243	2^2*3^2*7^2*17^2*19^2
1358	184552225	81	5^2*11^2*13^2*19^2
1359	184960000	165	2^10*5^4*17^2
1360	185177664	231	2^6*3^10*7^2
1361	186322500	405	2^2*3^2*5^4*7^2*13^2
1362	187142400	405	2^8*3^4*5^2*19^2
1363	187388721	45	3^8*13^4
1364	188183524	21	2^2*19^6
1365	188238400	147	2^6*5^2*7^6
1366	188457984	297	2^10*3^2*11^2*13^2
1367	189062500	81	2^2*5^8*11^2
1368	189612900	243	2^2*3^8*5^2*17^2
1369	190274436	135	2^2*3^2*11^4*19^2
1370	191102976	133	2^18*3^6
1371	191324224	189	2^6*7^2*13^2*19^2
1372	191850201	39	3^12*19^2
1373	192099600	675	2^4*3^4*5^2*7^2*11^2
1374	192432384	135	2^8*3^2*17^4
1375	193849929	135	3^4*7^2*13^2*17^2
1376	195021225	135	3^2*5^2*7^4*19^2
1377	196000000	189	2^8*5^6*7^2
1378	196392196	135	2^2*7^4*11^2*13^2
1379	196700625	135	3^2*5^4*11^2*17^2
1380	197121600	441	2^6*3^6*5^2*13^2
1381	198218241	45	3^2*13^2*19^4
1382	198246400	153	2^16*5^2*11^2
1383	199148544	275	2^10*3^4*7^4
1384	200052736	117	2^12*13^2*17^2
1385	200420649	75	3^4*11^4*13^2
1386	200533921	25	7^4*17^4
1387	200930625	135	3^8*5^4*7^2
1388	201526416	225	2^4*3^2*7^2*13^4
1389	201980944	135	2^4*11^2*17^2*19^2
1390	203062500	189	2^2*3^2*5^6*19^2
1391	203233536	243	2^8*3^8*11^2
1392	203918400	567	2^6*3^2*5^2*7^2*17^2
1393	204490000	225	2^4*5^4*11^2*13^2
1394	205520896	69	2^22*7^2
1395	206324496	315	2^4*3^6*7^2*19^2
1396	206353225	45	5^2*13^4*17^2
1397	207331201	45	7^2*11^4*17^2
1398	207360000	325	2^12*3^4*5^4
1399	207532836	81	2^2*3^2*7^8
1400	208513600	105	2^6*5^2*19^4
1401	208802500	75	2^2*5^4*17^4
1402	210830400	315	2^6*3^2*5^2*11^4
1403	211266225	135	3^4*5^2*17^2*19^2
1404	211789809	105	3^6*7^4*11^2
1405	211993600	297	2^10*5^2*7^2*13^2
1406	212576400	195	2^4*3^12*5^2
1407	212751396	243	2^2*3^2*11^2*13^2*17^2
1408	212926464	153	2^16*3^2*19^2
1409	213890625	105	3^4*5^6*13^2
1410	214036900	243	2^2*5^2*7^2*11^2*19^2
1411	214358881	9	11^8
1412	215737344	231	2^10*3^6*17^2
1413	216090000	375	2^4*3^2*5^4*7^4
1414	217238121	21	3^2*17^6
1415	217326564	243	2^2*3^8*7^2*13^2
1416	218566656	351	2^12*3^2*7^2*11^2
1417	219632400	405	2^4*3^2*5^2*13^2*19^2
1418	220522500	315	2^2*3^6*5^4*11^2
1419	221176384	105	2^6*11^2*13^4
1420	221265625	63	5^6*7^2*17^2
1421	221890816	135	2^8*7^4*19^2
1422	223801600	243	2^8*5^2*11^2*17^2
1423	224280576	225	2^14*3^4*13^2
1424	224820036	225	2^2*3^4*7^4*17^2
1425	225000000	189	2^6*3^2*5^8
1426	225450225	243	3^2*5^2*7^2*11^2*13^2
1427	225840784	75	2^4*13^2*17^4
1428	226442304	315	2^6*3^4*11^2*19^2
1429	227768464	105	2^4*7^6*11^2
1430	228614400	567	2^8*3^6*5^2*7^2
1431	228765625	35	5^6*11^4
1432	229431609	81	3^8*11^2*17^2
1433	229886244	135	2^2*3^2*7^2*19^4
1434	231040000	165	2^10*5^4*19^2
1435	231344100	225	2^2*3^4*5^2*13^4
1436	232013824	135	2^14*7^2*17^2
1437	232440516	225	2^2*3^4*7^2*11^4
1438	233722944	315	2^6*3^2*7^4*13^2
1439	234090000	375	2^4*3^4*5^4*17^2
1440	234365481	45	3^14*7^2
1441	235929600	189	2^20*3^2*5^2
1442	236513641	21	7^2*13^6
1443	236852100	243	2^2*3^8*5^2*19^2
1444	237160000	315	2^6*5^4*7^2*11^2
1445	238239225	105	3^4*5^2*7^6
1446	238517136	315	2^4*3^6*11^2*13^2
1447	239320900	243	2^2*5^2*7^2*13^2*17^2
1448	239878144	75	2^14*11^4
1449	240374016	243	2^8*3^2*17^2*19^2
1450	241864704	143	2^12*3^10
1451	242144721	135	3^4*7^2*13^2*19^2
1452	243360000	405	2^8*3^2*5^4*13^2
1453	243547236	105	2^2*3^6*17^4
1454	244140625	13	5^12
1455	245705625	135	3^2*5^4*11^2*19^2
1456	245862400	195	2^12*5^2*7^4
1457	246741264	405	2^4*3^2*7^2*11^2*17^2
1458	247432900	135	2^2*5^2*11^4*13^2
1459	248062500	315	2^2*3^4*5^6*7^2
1460	249482025	99	3^10*5^2*13^2
1461	249892864	117	2^12*13^2*19^2
1462	250493929	45	7^4*17^2*19^2
1463	250905600	495	2^10*3^4*5^2*11^2
1464	252047376	225	2^4*3^8*7^4
1465	252301456	75	2^4*11^2*19^4
1466	252651025	45	5^2*11^2*17^4
1467	253191744	315	2^6*3^4*13^2*17^2
1468	253605625	75	5^4*7^4*13^2
1469	254721600	567	2^6*3^2*5^2*7^2*19^2
1470	255104784	105	2^4*3^2*11^6
1471	256000000	105	2^14*5^6
1472	256512256	243	2^8*7^2*11^2*13^2
1473	257217444	117	2^2*3^12*11^2
1474	257763025	45	5^2*13^4*19^2
1475	258084225	189	3^6*5^2*7^2*17^2
1476	258984649	45	7^2*11^4*19^2
1477	260112384	255	2^16*3^4*7^2
1478	260822500	135	2^2*5^4*17^2*19^2
1479	261468900	405	2^2*3^2*5^2*7^4*11^2
1480	261921856	105	2^6*7^2*17^4
1481	262440000	315	2^6*3^8*5^4
1482	263218176	165	2^10*3^2*13^4
1483	263900025	75	3^4*5^2*19^4
1484	264062500	81	2^2*5^8*13^2
1485	265755204	243	2^2*3^2*11^2*13^2*19^2
1486	266342400	351	2^12*3^2*5^2*17^2
1487	266832225	105	3^6*5^2*11^4
1488	268304400	675	2^4*3^4*5^2*7^2*13^2
1489	268435456	29	2^28
1490	269485056	231	2^10*3^6*19^2
1491	270799936	105	2^6*11^4*17^2
1492	271063296	189	2^8*3^2*7^6
1493	271359729	45	3^2*17^4*19^2
1494	272250000	315	2^4*3^2*5^6*11^2
1495	273042576	165	2^4*3^10*17^2
1496	274299844	75	2^2*7^4*13^4
1497	274730625	135	3^2*5^4*13^2*17^2
1498	276390625	63	5^6*7^2*19^2
1499	276623424	441	2^6*3^6*7^2*11^2
1500	276889600	153	2^16*5^2*13^2
1501	277555600	225	2^4*5^2*7^4*17^2
1502	279558400	243	2^8*5^2*11^2*19^2
1503	279926361	75	3^4*11^2*13^4
1504	280830564	225	2^2*3^4*7^4*19^2
1505	282105616	135	2^4*13^2*17^2*19^2
1506	282240000	495	2^10*3^2*5^4*7^2
1507	282475249	11	7^10
1508	283248900	405	2^2*3^4*5^2*11^2*17^2
1509	283855104	243	2^8*3^8*13^2
1510	284765625	63	3^6*5^8
1511	285474816	171	2^18*3^2*11^2
1512	285610000	125	2^4*5^4*13^4
1513	286591041	81	3^8*11^2*19^2
1514	286963600	225	2^4*5^2*7^2*11^4
1515	289000000	147	2^6*5^6*17^2
1516	289340100	297	2^2*3^10*5^2*7^2
1517	289578289	81	7^2*11^2*13^2*17^2
1518	289816576	135	2^14*7^2*19^2
1519	292410000	375	2^4*3^4*5^4*19^2
1520	293642496	405	2^8*3^4*7^2*17^2
1521	294122500	105	2^2*5^4*7^6
1522	294465600	567	2^6*3^2*5^2*11^2*13^2
1523	295805601	105	3^6*7^4*13^2
1524	297148644	135	2^2*3^2*13^4*17^2
1525	297493504	165	2^10*7^4*11^2
1526	298598400	315	2^14*3^6*5^2
1527	298944100	243	2^2*5^2*7^2*13^2*19^2
1528	299393809	21	11^6*13^2
1529	300155625	225	3^4*5^4*7^2*11^2
1530	300259584	135	2^8*3^2*19^4
1531	300675600	225	2^4*3^2*5^2*17^4
1532	303038464	63	2^20*17^2
1533	303595776	225	2^8*3^4*11^4
1534	304223364	189	2^2*3^6*17^2*19^2
1535	305270784	351	2^12*3^2*7^2*13^2
1536	306005049	63	3^2*7^6*17^2
1537	306110016	105	2^6*3^14
1538	306250000	135	2^4*5^8*7^2
1539	308002500	315	2^2*3^6*5^4*13^2
1540	308213136	405	2^4*3^2*7^2*11^2*19^2
1541	308915776	49	2^6*13^6
1542	309760000	195	2^12*5^4*11^2
1543	311169600	525	2^6*3^4*5^2*7^4
1544	312582400	243	2^8*5^2*13^2*17^2
1545	312900721	25	7^4*19^4
1546	314885025	135	3^2*5^2*7^2*13^4
1547	315595225	81	5^2*11^2*17^2*19^2
1548	316270656	315	2^6*3^4*13^2*19^2
1549	316377369	75	3^2*7^4*11^4
1550	317552400	405	2^4*3^8*5^2*11^2
1551	318122896	105	2^4*7^6*13^2
1552	318622500	405	2^2*3^2*5^4*7^2*17^2
1553	319515625	63	5^6*11^2*13^2
1554	320445801	81	3^8*13^2*17^2
1555	321126400	171	2^18*5^2*7^2
1556	322274304	297	2^10*3^2*11^2*17^2
1557	322382025	189	3^6*5^2*7^2*19^2
1558	324000000	315	2^8*3^4*5^6
1559	324648324	405	2^2*3^4*7^2*11^2*13^2
1560	325802500	75	2^2*5^4*19^4
1561	327175744	189	2^6*7^2*17^2*19^2
1562	329204736	297	2^10*3^8*7^2
1563	329422500	225	2^2*3^2*5^4*11^4
1564	331240000	315	2^6*5^4*7^2*13^2
1565	331494849	75	3^4*7^2*17^4
1566	332150625	65	3^12*5^4
1567	332697600	351	2^12*3^2*5^2*19^2
1568	333135504	175	2^4*3^6*13^4
1569	335036416	135	2^14*11^2*13^2
1570	335842276	135	2^2*7^4*11^2*17^2
1571	337089600	441	2^6*3^6*5^2*17^2
1572	337640625	105	3^2*5^6*7^4
1573	338265664	105	2^6*11^4*19^2
1574	338964921	45	3^2*17^2*19^4
1575	339738624	115	2^22*3^4
1576	341067024	165	2^4*3^10*19^2
1577	341510400	729	2^8*3^2*5^2*7^2*11^2
1578	342102016	65	2^12*17^4
1579	342731169	75	3^4*11^4*17^2
1580	343064484	147	2^2*3^6*7^6
1581	343175625	135	3^2*5^4*13^2*19^2
1582	344622096	405	2^4*3^2*7^2*13^2*17^2
1583	345588100	135	2^2*5^2*11^2*13^4
1584	346704400	225	2^4*5^2*7^4*19^2
1585	347225956	63	2^2*7^2*11^6
1586	349690000	225	2^4*5^4*11^2*17^2
1587	350101521	99	3^10*7^2*11^2
1588	350438400	495	2^10*3^4*5^2*13^2
1589	351562500	99	2^2*3^2*5^10
1590	352387984	75	2^4*13^2*19^4
1591	352876225	45	5^2*13^2*17^4
1592	353816100	405	2^2*3^4*5^2*11^2*19^2
1593	354041856	225	2^14*3^2*7^4
1594	355888225	63	5^2*7^6*11^2
1595	356303376	225	2^4*3^2*11^4*13^2
1596	357210000	525	2^4*3^6*5^4*7^2
1597	358269184	135	2^8*7^2*13^4
1598	359254116	117	2^2*3^12*13^2
1599	361000000	147	2^6*5^6*19^2
1600	361304064	273	2^12*3^6*11^2
1601	361722361	81	7^2*11^2*13^2*19^2
1602	362521600	297	2^10*5^2*7^2*17^2
1603	363817476	135	2^2*3^2*11^2*17^4
1604	365192100	405	2^2*3^2*5^2*7^4*13^2
1605	365765625	105	3^4*5^6*17^2
1606	366799104	405	2^8*3^4*7^2*19^2
1607	368640000	255	2^16*3^2*5^4
1608	368947264	63	2^6*7^8
1609	370562500	189	2^2*5^6*7^2*11^2
1610	371178756	135	2^2*3^2*13^4*19^2
1611	371641284	243	2^2*3^8*7^2*17^2
1612	372683025	189	3^6*5^2*11^2*13^2
1613	374809600	165	2^10*5^2*11^4
1614	375584400	405	2^4*3^2*5^2*17^2*19^2
1615	376515216	375	2^4*3^4*7^4*11^2
1616	377913600	297	2^8*3^10*5^2
1617	378224704	189	2^6*11^2*13^2*17^2
1618	378535936	63	2^20*19^2
1619	380016036	105	2^2*3^6*19^4
1620	380250000	315	2^4*3^2*5^6*13^2
1621	382241601	63	3^2*7^6*19^2
1622	383533056	225	2^14*3^4*17^2
1623	384160000	225	2^8*5^4*7^4
1624	384238404	135	2^2*3^8*11^4
1625	385533225	243	3^2*5^2*7^2*11^2*17^2
1626	386201104	35	2^4*17^6
1627	386358336	441	2^6*3^6*7^2*13^2
1628	387420489	19	3^18
1629	388562944	153	2^16*7^2*11^2
1630	390457600	243	2^8*5^2*13^2*19^2
1631	390971529	35	3^4*13^6
1632	392040000	525	2^6*3^4*5^4*11^2
1633	393824025	135	3^8*5^2*7^4
1634	394221025	45	5^2*11^2*19^4
1635	395612100	405	2^2*3^4*5^2*13^2*17^2
1636	398002500	405	2^2*3^2*5^4*7^2*19^2
1637	398601225	63	3^2*5^2*11^6
1638	398721024	171	2^18*3^2*13^2
1639	399680064	315	2^6*3^2*7^4*17^2
1640	400000000	99	2^10*5^8
1641	400280049	81	3^8*13^2*19^2
1642	400800400	405	2^4*5^2*7^2*11^2*13^2
1643	402564096	297	2^10*3^2*11^2*19^2
1644	404452321	45	7^2*13^4*17^2
1645	406425600	585	2^12*3^4*5^2*7^2
1646	407878416	315	2^4*3^6*11^2*17^2
1647	408686656	105	2^6*7^2*19^4
1648	409252900	135	2^2*5^2*7^2*17^4
1649	410062500	189	2^2*3^8*5^6
1650	411278400	315	2^6*3^2*5^2*13^4
1651	413227584	315	2^6*3^2*7^2*11^4
1652	414081801	135	3^4*7^2*17^2*19^2
1653	415507456	165	2^10*7^4*13^2
1654	416160000	405	2^8*3^2*5^4*17^2
1655	416649744	195	2^4*3^12*7^2
1656	418161601	25	11^4*13^4
1657	419225625	225	3^4*5^4*7^2*13^2
1658	419430400	75	2^24*5^2
1659	419512324	135	2^2*7^4*11^2*19^2
1660	421070400	441	2^6*3^6*5^2*19^2
1661	423124900	135	2^2*5^2*11^4*17^2
1662	423412929	21	3^2*19^6
1663	423536400	315	2^4*3^2*5^2*7^6
1664	424030464	405	2^8*3^4*11^2*13^2
1665	425390625	81	3^2*5^8*11^2
1666	426629025	99	3^10*5^2*17^2
1667	427331584	117	2^12*17^2*19^2
1668	428117481	75	3^4*11^4*19^2
1669	429981696	153	2^16*3^8
1670	430479504	405	2^4*3^2*7^2*13^2*19^2
1671	432224100	567	2^2*3^6*5^2*7^2*11^2
1672	432640000	195	2^12*5^4*13^2
1673	432972864	175	2^6*3^4*17^4
1674	433680625	75	5^4*7^4*17^2
1675	436810000	225	2^4*5^4*11^2*19^2
1676	438651136	243	2^8*7^2*11^2*17^2
1677	440790025	81	5^2*13^2*17^2*19^2
1678	441000000	441	2^6*3^2*5^6*7^2
1679	441882441	135	3^2*7^4*11^2*13^2
1680	443523600	405	2^4*3^8*5^2*13^2
1681	446054400	405	2^14*3^2*5^2*11^2
1682	446265625	35	5^6*13^4
1683	448084224	315	2^8*3^6*7^4
1684	448380625	75	5^4*7^2*11^4
1685	450118656	297	2^10*3^2*13^2*17^2
1686	451562500	81	2^2*5^8*17^2
1687	452838400	297	2^10*5^2*7^2*19^2
1688	453434436	225	2^2*3^4*7^2*13^4
1689	453519616	63	2^8*11^6
1690	454457124	243	2^2*3^2*11^2*17^2*19^2
1691	456890625	105	3^4*5^6*19^2
1692	457275456	231	2^6*3^10*11^2
1693	458816400	675	2^4*3^4*5^2*7^2*17^2
1694	460102500	405	2^2*3^2*5^4*11^2*13^2
1695	462422016	189	2^20*3^2*7^2
1696	464230116	243	2^2*3^8*7^2*19^2
1697	464833600	315	2^6*5^2*7^4*11^2
1698	466560000	385	2^10*3^6*5^4
1699	466948881	45	3^4*7^8
1700	467943424	75	2^14*13^4
1701	469068964	135	2^2*7^4*13^2*17^2
1702	469155600	225	2^4*3^2*5^2*19^4
1703	469805625	75	3^2*5^4*17^4
1704	472453696	189	2^6*11^2*13^2*19^2
1705	473497600	153	2^16*5^2*17^2
1706	474368400	375	2^4*3^4*5^2*11^4
1707	476985600	729	2^8*3^2*5^2*7^2*13^2
1708	478296900	135	2^2*3^14*5^2
1709	478515625	33	5^10*7^2
1710	478690641	135	3^4*11^2*13^2*17^2
1711	479084544	225	2^14*3^4*19^2
1712	481583025	243	3^2*5^2*7^2*11^2*19^2
1713	481890304	91	2^12*7^6
1714	482417296	75	2^4*17^4*19^2
1715	482680900	63	2^2*5^2*13^6
1716	484000000	189	2^8*5^6*11^2
1717	484968484	135	2^2*7^2*11^4*13^2
1718	485409024	243	2^8*3^8*17^2
1719	486202500	375	2^2*3^4*5^4*7^4
1720	488410000	225	2^4*5^4*13^2*17^2
1721	488984769	99	3^10*7^2*13^2
1722	491774976	495	2^10*3^4*7^2*11^2
1723	494172900	405	2^2*3^4*5^2*13^2*19^2
1724	495196009	45	7^2*11^2*17^4
1725	496175625	135	3^8*5^4*11^2
1726	497067025	63	5^2*7^6*13^2
1727	497646864	225	2^4*3^2*11^2*13^4
1728	499254336	315	2^6*3^2*7^4*19^2
1729	501760000	225	2^14*5^4*7^2
1730	503553600	567	2^6*3^2*5^2*11^2*17^2
1731	504631296	273	2^12*3^6*13^2
1732	505215529	45	7^2*13^4*19^2
1733	505845081	105	3^6*7^4*17^2
1734	506250000	225	2^4*3^4*5^8
1735	507510784	69	2^22*11^2
1736	508141764	135	2^2*3^2*13^2*17^4
1737	509495184	315	2^4*3^6*11^2*19^2
1738	511212100	243	2^2*5^2*7^2*17^2*19^2
1739	511981129	21	11^6*17^2
1740	512479044	189	2^2*3^2*7^6*11^2
1741	514382400	567	2^6*3^8*5^2*7^2
1742	517244049	75	3^4*7^2*19^4
1743	517562500	189	2^2*5^6*7^2*13^2
1744	519840000	405	2^8*3^2*5^4*19^2
1745	520524225	105	3^6*5^2*13^4
1746	522031104	351	2^12*3^2*7^2*17^2
1747	522991161	105	3^6*7^2*11^4
1748	523494400	297	2^10*5^2*11^2*13^2
1749	525876624	375	2^4*3^4*7^4*13^2
1750	526702500	315	2^2*3^6*5^4*17^2
1751	528264256	105	2^6*13^4*17^2
1752	528540100	135	2^2*5^2*11^4*19^2
1753	530841600	285	2^18*3^4*5^2
1754	532917225	99	3^10*5^2*19^2
1755	533610000	675	2^4*3^2*5^4*7^2*11^2
1756	533794816	65	2^12*19^4
1757	534534400	135	2^8*5^2*17^4
1758	536663556	243	2^2*3^8*11^2*13^2
1759	538472025	243	3^2*5^2*7^2*13^2*17^2
1760	539725824	195	2^12*3^2*11^4
1761	540841536	315	2^6*3^4*17^2*19^2
1762	541725625	75	5^4*7^4*19^2
1763	542703616	153	2^16*7^2*13^2
1764	544008976	105	2^4*7^6*17^2
1765	544195584	143	2^10*3^12
1766	546390625	63	5^6*11^2*17^2
1767	547560000	525	2^6*3^4*5^4*13^2
1768	547934464	243	2^8*7^2*11^2*19^2
1769	547981281	45	3^8*17^4
1770	550606225	45	5^2*13^2*19^4
1771	553190400	495	2^10*3^2*5^2*7^4
1772	555167844	405	2^2*3^4*7^2*11^2*17^2
1773	556724025	135	3^2*5^2*11^4*13^2
1774	558140625	147	3^6*5^6*7^2
1775	559795600	225	2^4*5^2*7^2*13^4
1776	562258944	297	2^10*3^2*13^2*19^2
1777	562448656	125	2^4*7^4*11^4
1778	564062500	81	2^2*5^8*19^2
1779	564537600	567	2^8*3^6*5^2*11^2
1780	566440000	315	2^6*5^4*7^2*17^2
1781	567106596	165	2^2*3^10*7^4
1782	567678276	135	2^2*3^2*11^2*19^4
1783	569681424	315	2^4*3^6*13^2*17^2
1784	572932096	135	2^14*11^2*17^2
1785	573123600	675	2^4*3^4*5^2*7^2*19^2
1786	573985764	105	2^2*3^4*11^6
1787	576000000	273	2^12*3^2*5^6
1788	576480100	81	2^2*5^2*7^8
1789	577152576	567	2^6*3^2*7^2*11^2*13^2
1790	578739249	45	3^14*11^2
1791	584043889	21	11^2*13^6
1792	585252864	315	2^14*3^6*7^2
1793	585640000	175	2^6*5^4*11^4
1794	585930436	135	2^2*7^4*13^2*19^2
1795	586850625	135	3^2*5^4*17^2*19^2
1796	588305025	225	3^4*5^2*7^4*11^2
1797	589324176	225	2^4*3^2*7^2*17^4
1798	590490000	275	2^4*3^10*5^4
1799	590976100	243	2^2*5^2*11^2*13^2*17^2
1800	591462400	153	2^16*5^2*19^2
1801	592240896	225	2^8*3^4*13^4
1802	594140625	81	3^2*5^8*13^2
1803	597949209	135	3^4*11^2*13^2*19^2
1804	599270400	495	2^10*3^4*5^2*17^2
1805	600250000	175	2^4*5^6*7^4
1806	602604304	75	2^4*17^2*19^4
1807	603439225	21	5^2*17^6
1808	603684900	567	2^2*3^6*5^2*7^2*13^2
1809	603979776	81	2^26*3^2
1810	606341376	243	2^8*3^8*19^2
1811	607129600	351	2^12*5^2*7^2*11^2
1812	609299856	225	2^4*3^2*11^4*17^2
1813	609892416	245	2^6*3^4*7^6
1814	610090000	225	2^4*5^4*13^2*19^2
1815	612562500	315	2^2*3^4*5^6*11^2
1816	612661504	243	2^8*7^2*13^2*17^2
1817	614345796	117	2^2*3^12*17^2
1818	617174649	75	3^2*7^4*13^4
1819	618566641	81	7^2*11^2*17^2*19^2
1820	622402704	405	2^4*3^8*7^2*11^2
1821	623001600	405	2^14*3^2*5^2*13^2
1822	624500100	405	2^2*3^2*5^2*7^4*17^2
1823	625000000	77	2^6*5^10
1824	626250625	135	5^4*7^2*11^2*13^2
1825	629006400	567	2^6*3^2*5^2*11^2*19^2
1826	629407744	95	2^18*7^4
1827	631868769	105	3^6*7^4*19^2
1828	633428224	135	2^8*11^4*13^2
1829	634737636	243	2^2*3^2*13^2*17^2*19^2
1830	635040000	675	2^8*3^4*5^4*7^2
1831	637310025	189	3^6*5^2*11^2*17^2
1832	638572900	135	2^2*5^2*7^2*19^4
1833	638673984	231	2^6*3^10*13^2
1834	639533521	21	11^6*19^2
1835	642318336	255	2^16*3^4*11^2
1836	642622500	225	2^2*3^2*5^4*13^4
1837	645668100	405	2^2*3^2*5^2*7^2*11^4
1838	646786624	105	2^6*11^2*17^4
1839	649230400	315	2^6*5^2*7^4*13^2
1840	650250000	315	2^4*3^2*5^6*17^2
1841	651015225	117	3^12*5^2*7^2
1842	652087296	351	2^12*3^2*7^2*19^2
1843	655360000	105	2^20*5^4
1844	657922500	315	2^2*3^6*5^4*19^2
1845	659873344	105	2^6*13^4*19^2
1846	660695616	441	2^6*3^6*7^2*17^2
1847	661775625	105	3^2*5^4*7^6
1848	662547600	675	2^4*3^4*5^2*11^2*13^2
1849	667705600	243	2^8*5^2*17^2*19^2
1850	668584449	75	3^4*13^4*17^2
1851	669360384	405	2^8*3^2*7^4*11^2
1852	671846400	351	2^12*3^8*5^2
1853	672624225	243	3^2*5^2*7^2*13^2*19^2
1854	675584064	175	2^6*3^4*19^4
1855	676000000	189	2^8*5^6*13^2
1856	676520100	225	2^2*3^4*5^2*17^4
1857	677352676	135	2^2*7^2*11^2*13^4
1858	679540624	105	2^4*7^6*19^2
1859	681836544	171	2^18*3^2*17^2
1860	682515625	63	5^6*11^2*19^2
1861	683090496	245	2^6*3^6*11^4
1862	684502569	81	3^8*17^2*19^2
1863	685392400	405	2^4*5^2*7^2*11^2*17^2
1864	686859264	495	2^10*3^4*7^2*13^2
1865	688747536	85	2^4*3^16
1866	689062500	243	2^2*3^2*5^8*7^2
1867	691637401	45	7^2*13^2*17^4
1868	693005625	135	3^8*5^4*13^2
1869	693479556	405	2^2*3^4*7^2*11^2*19^2
1870	695060496	105	2^4*3^2*13^6
1871	696960000	495	2^10*3^2*5^4*11^2
1872	697540921	27	7^8*11^2
1873	700131600	525	2^4*3^6*5^2*7^4
1874	703310400	567	2^6*3^2*5^2*13^2*17^2
1875	707560000	315	2^6*5^4*7^2*19^2
1876	708624400	105	2^4*5^2*11^6
1877	708837376	69	2^22*13^2
1878	710542336	165	2^10*7^4*17^2
1879	711608976	315	2^4*3^6*13^2*19^2
1880	714492900	297	2^2*3^10*5^2*11^2
1881	715081081	45	11^4*13^2*17^2
1882	715669504	135	2^14*11^2*19^2
1883	715776516	189	2^2*3^2*7^6*13^2
1884	716900625	225	3^4*5^4*7^2*17^2
1885	722534400	459	2^16*3^2*5^2*7^2
1886	725117184	405	2^8*3^4*11^2*17^2
1887	726302500	225	2^2*5^4*7^4*11^2
1888	729000000	343	2^6*3^6*5^6
1889	730458729	189	3^6*7^2*11^2*13^2
1890	731161600	165	2^10*5^2*13^4
1891	733055625	75	3^2*5^4*19^4
1892	734626816	165	2^10*7^2*11^4
1893	736145424	405	2^4*3^2*7^2*17^2*19^2
1894	738208900	243	2^2*5^2*11^2*13^2*19^2
1895	739840000	195	2^12*5^4*17^2
1896	740710656	297	2^8*3^10*7^2
1897	741200625	125	3^4*5^4*11^4
1898	745290000	675	2^4*3^2*5^4*7^2*13^2
1899	748569600	495	2^10*3^4*5^2*19^2
1900	749554884	135	2^2*3^8*13^4
1901	752734096	35	2^4*19^6
1902	752953600	189	2^8*5^2*7^6
1903	753777025	45	5^2*17^4*19^2
1904	753831936	351	2^12*3^2*11^2*13^2
1905	755645121	135	3^2*7^4*11^2*17^2
1906	756250000	135	2^4*5^8*11^2
1907	758451600	405	2^4*3^8*5^2*17^2
1908	761097744	225	2^4*3^2*11^4*19^2
1909	763140625	63	5^6*13^2*17^2
1910	764411904	147	2^20*3^6
1911	765296896	243	2^8*7^2*13^2*19^2
1912	767400804	117	2^2*3^12*19^2
1913	768398400	945	2^6*3^4*5^2*7^2*11^2
1914	769729536	165	2^10*3^2*17^4
1915	771895089	63	3^8*7^6
1916	772673209	45	7^2*11^2*19^4
1917	775399716	405	2^2*3^4*7^2*13^2*17^2
1918	777573225	135	3^2*5^2*11^2*13^4
1919	780084900	405	2^2*3^2*5^2*7^4*19^2
1920	781258401	63	3^2*7^2*11^6
1921	784000000	231	2^10*5^6*7^2
1922	785568784	225	2^4*7^4*11^2*13^2
1923	786802500	405	2^2*3^2*5^4*11^2*17^2
1924	788486400	567	2^8*3^6*5^2*13^2
1925	791015625	55	3^4*5^10
1926	792872964	135	2^2*3^2*13^2*19^4
1927	792985600	171	2^18*5^2*11^2
1928	796086225	189	3^6*5^2*11^2*19^2
1929	796594176	325	2^12*3^4*7^4
1930	800210944	135	2^14*13^2*17^2
1931	801682596	225	2^2*3^4*11^4*13^2
1932	802135684	75	2^2*7^4*17^4
1933	803722500	405	2^2*3^8*5^4*7^2
1934	806105664	315	2^6*3^2*7^2*13^4
1935	807923776	189	2^6*11^2*17^2*19^2
1936	808321761	45	3^14*13^2
1937	812250000	315	2^4*3^2*5^6*19^2
1938	812934144	297	2^10*3^8*11^2
1939	815673600	729	2^8*3^2*5^2*7^2*17^2
1940	815730721	9	13^8
1941	817960000	315	2^6*5^4*11^2*13^2
1942	818589321	75	3^4*11^2*17^4
1943	821682225	225	3^4*5^2*7^4*13^2
1944	822083584	75	2^24*7^2
1945	825297984	441	2^6*3^6*7^2*19^2
1946	825412900	135	2^2*5^2*13^4*17^2
1947	829324804	135	2^2*7^2*11^4*17^2
1948	829440000	375	2^14*3^4*5^4
1949	830131344	135	2^4*3^2*7^8
1950	833765625	189	3^2*5^6*7^2*11^2
1951	834054400	135	2^8*5^2*19^4
1952	835152201	75	3^4*13^4*19^2
1953	835210000	125	2^4*5^4*17^4
1954	836192889	99	3^10*7^2*17^2
1955	843321600	405	2^8*3^2*5^2*11^4
1956	845064900	405	2^2*3^4*5^2*17^2*19^2
1957	847159236	315	2^2*3^6*7^4*11^2
1958	847974400	351	2^12*5^2*7^2*13^2
1959	850014025	63	5^2*7^6*17^2
1960	850305600	273	2^6*3^12*5^2
1961	851005584	405	2^4*3^2*11^2*13^2*17^2
1962	851705856	171	2^18*3^2*19^2
1963	855036081	45	3^8*19^4
1964	855562500	315	2^2*3^4*5^6*13^2
1965	856147600	405	2^4*5^2*7^2*11^2*19^2
1966	857435524	27	2^2*11^8
1967	862949376	273	2^12*3^6*17^2
1968	863948449	81	7^2*13^2*17^2*19^2
1969	864360000	525	2^6*3^2*5^4*7^4
1970	864536409	55	3^10*11^4
1971	868952484	63	2^2*3^2*17^6
1972	869306256	405	2^4*3^8*7^2*13^2
1973	874266624	405	2^14*3^2*7^2*11^2
1974	874680625	75	5^4*7^2*13^4
1975	878529600	567	2^6*3^2*5^2*13^2*19^2
1976	878826025	75	5^2*7^4*11^4
1977	882090000	525	2^4*3^6*5^4*11^2
1978	884705536	135	2^8*11^2*13^4
1979	885062500	189	2^2*5^6*7^2*17^2
1980	887563264	165	2^10*7^4*19^2
1981	890127225	189	3^6*5^2*13^2*17^2
1982	893232769	45	11^4*13^2*19^2
1983	895206400	297	2^10*5^2*11^2*17^2
1984	895505625	225	3^4*5^4*7^2*19^2
1985	897122304	255	2^16*3^4*13^2
1986	899280144	375	2^4*3^4*7^4*17^2
1987	900000000	243	2^8*3^2*5^8
1988	901800900	729	2^2*3^2*5^2*7^2*11^2*13^2
1989	903363136	105	2^6*13^2*17^4
1990	905769216	405	2^8*3^4*11^2*19^2
1991	911073856	147	2^6*7^6*11^2
1992	914457600	693	2^10*3^6*5^2*7^2
1993	915062500	105	2^2*5^6*11^4
1994	917726436	243	2^2*3^8*11^2*17^2
1995	919544976	225	2^4*3^2*7^2*19^4
1996	920819025	135	3^2*5^2*7^2*17^4
1997	922640625	77	3^10*5^6
1998	924160000	195	2^12*5^4*19^2
1999	925376400	375	2^4*3^4*5^2*13^4
2000	928055296	153	2^16*7^2*17^2
2001	929762064	375	2^4*3^4*7^2*11^4
2002	934891776	405	2^8*3^2*7^4*13^2
2003	936360000	525	2^6*3^4*5^4*17^2
2004	937461924	135	2^2*3^14*7^2
2005	937890625	45	5^8*7^4
2006	941569225	45	5^2*17^2*19^4
2007	943718400	207	2^22*3^2*5^2
2008	943902729	135	3^2*7^4*11^2*19^2
2009	946054564	63	2^2*7^2*13^6
2010	947408400	405	2^4*3^8*5^2*19^2
2011	948640000	405	2^8*5^4*7^2*11^2
2012	952031025	135	3^2*5^2*11^4*17^2
2013	952956900	315	2^2*3^4*5^2*7^6
2014	953265625	63	5^6*13^2*19^2
2015	954068544	441	2^6*3^6*11^2*13^2
2016	957283600	405	2^4*5^2*7^2*13^2*17^2
2017	959512576	85	2^16*11^4
2018	961496064	297	2^10*3^2*17^2*19^2
2019	967458816	165	2^14*3^10
2020	968578884	405	2^2*3^4*7^2*13^2*19^2
2021	972504225	243	3^8*5^2*7^2*11^2
2022	973440000	495	2^10*3^2*5^4*13^2
2023	974188944	175	2^4*3^6*17^4
2024	974251369	27	7^8*13^2
2025	976562500	39	2^2*5^12
2026	982822500	405	2^2*3^2*5^4*11^2*19^2
2027	983449600	225	2^14*5^2*7^4
2028	986965056	567	2^6*3^2*7^2*11^2*17^2
2029	989731600	225	2^4*5^2*11^4*13^2
2030	992250000	525	2^4*3^4*5^6*7^2
2031	997928100	297	2^2*3^10*5^2*13^2
2032	998749609	45	11^2*13^4*17^2
2033	999571456	135	2^14*13^2*19^2
2034	1001975716	135	2^2*7^4*17^2*19^2
2035	1003622400	585	2^12*3^4*5^2*11^2
2036	1008189504	315	2^6*3^8*7^4
2037	1009205824	105	2^6*11^2*19^4
2038	1010604100	135	2^2*5^2*11^2*17^4
2039	1012766976	405	2^8*3^4*13^2*17^2
2040	1014422500	225	2^2*5^4*7^4*13^2
2041	1016015625	81	3^2*5^8*17^2
2042	1018886400	729	2^8*3^2*5^2*7^2*19^2
2043	1020227481	105	3^6*7^2*13^4
2044	1020419136	147	2^6*3^2*11^6
2045	1022528529	135	3^4*11^2*17^2*19^2
2046	1024000000	119	2^16*5^6
2047	1026049024	297	2^10*7^2*11^2*13^2
2048	1028869776	195	2^4*3^12*11^2
2049	1031052100	135	2^2*5^2*13^4*19^2
2050	1032336900	567	2^2*3^6*5^2*7^2*17^2
2051	1035230625	225	3^4*5^4*11^2*13^2
2052	1035938596	135	2^2*7^2*11^4*19^2
2053	1040449536	285	2^18*3^4*7^2
2054	1043290000	225	2^4*5^4*17^2*19^2
2055	1044517761	99	3^10*7^2*19^2
2056	1045875600	675	2^4*3^2*5^2*7^4*11^2
2057	1047687424	135	2^8*7^2*17^4
2058	1049760000	405	2^8*3^8*5^4
2059	1052872704	195	2^12*3^2*13^4
2060	1055405169	135	3^2*7^4*13^2*17^2
2061	1055600100	225	2^2*3^4*5^2*19^4
2062	1056250000	135	2^4*5^8*13^2
2063	1061782225	63	5^2*7^6*19^2
2064	1063020816	405	2^4*3^2*11^2*13^2*19^2
2065	1065369600	405	2^14*3^2*5^2*17^2
2066	1067328900	315	2^2*3^6*5^2*11^4
2067	1070925625	135	5^4*7^2*11^2*17^2
2068	1073217600	945	2^6*3^4*5^2*7^2*13^2
2069	1073741824	31	2^30
2070	1076168025	51	3^16*5^2
2071	1077940224	273	2^12*3^6*19^2
2072	1079188201	45	7^2*13^2*19^4
2073	1083199744	135	2^8*11^4*17^2
2074	1084253184	231	2^10*3^2*7^6
2075	1085438916	135	2^2*3^2*17^4*19^2
2076	1086032025	63	3^2*5^2*13^6
2077	1089000000	441	2^6*3^2*5^6*11^2
2078	1091179089	135	3^2*7^2*11^4*13^2
2079	1092170304	231	2^6*3^10*17^2
2080	1093955625	175	3^6*5^4*7^4
2081	1097199376	125	2^4*7^4*13^4
2082	1098922500	405	2^2*3^2*5^4*13^2*17^2
2083	1105562500	189	2^2*5^6*7^2*19^2
2084	1106493696	567	2^8*3^6*7^2*11^2
2085	1107225625	35	5^4*11^6
2086	1107558400	171	2^18*5^2*13^2
2087	1110222400	315	2^6*5^2*7^4*17^2
2088	1111889025	189	3^6*5^2*13^2*19^2
2089	1118233600	297	2^10*5^2*11^2*19^2
2090	1119705444	225	2^2*3^4*11^2*13^4
2091	1123322256	375	2^4*3^4*7^4*19^2
2092	1128422464	189	2^6*13^2*17^2*19^2
2093	1128960000	585	2^12*3^2*5^4*7^2
2094	1129900996	33	2^2*7^10
2095	1132995600	675	2^4*3^4*5^2*11^2*17^2
2096	1135420416	297	2^10*3^8*13^2
2097	1139062500	189	2^2*3^6*5^8
2098	1141899264	189	2^20*3^2*11^2
2099	1142440000	175	2^6*5^4*13^4
2100	1143318969	75	3^4*13^2*17^4
2101	1146364164	243	2^2*3^8*11^2*19^2
2102	1147854400	315	2^6*5^2*7^2*11^4
2103	1150227225	243	3^2*5^2*7^2*17^2*19^2
2104	1153077849	105	3^4*7^6*11^2
2105	1156000000	189	2^8*5^6*17^2
2106	1157360400	495	2^4*3^10*5^2*7^2
2107	1158313156	243	2^2*7^2*11^2*13^2*17^2
2108	1159266304	153	2^16*7^2*19^2
2109	1164515625	189	3^2*5^6*7^2*13^2
2110	1169640000	525	2^6*3^4*5^4*19^2
2111	1174569984	495	2^10*3^4*7^2*17^2
2112	1176147025	21	5^2*19^6
2113	1176490000	175	2^4*5^4*7^6
2114	1177862400	729	2^8*3^2*5^2*11^2*13^2
2115	1181640625	33	5^10*11^2
2116	1182740881	21	7^2*17^6
2117	1183222404	315	2^2*3^6*7^4*13^2
2118	1185080625	135	3^8*5^4*17^2
2119	1188594576	225	2^4*3^2*13^4*17^2
2120	1189215225	135	3^2*5^2*11^4*19^2
2121	1189974016	195	2^12*7^4*11^2
2122	1194393600	357	2^16*3^6*5^2
2123	1195776400	405	2^4*5^2*7^2*13^2*19^2
2124	1197575236	63	2^2*11^6*13^2
2125	1200622500	675	2^2*3^4*5^4*7^2*11^2
2126	1201038336	165	2^10*3^2*19^4
2127	1202702400	315	2^6*3^2*5^2*17^4
2128	1207493001	99	3^10*11^2*13^2
2129	1212153856	69	2^22*17^2
2130	1214383104	275	2^10*3^4*11^4
2131	1216893456	315	2^4*3^6*17^2*19^2
2132	1221083136	405	2^14*3^2*7^2*13^2
2133	1222830961	25	11^4*17^4
2134	1224020196	189	2^2*3^2*7^6*17^2
2135	1224440064	135	2^8*3^14
2136	1225000000	189	2^6*5^8*7^2
2137	1227451225	135	5^2*7^4*11^2*13^2
2138	1232010000	525	2^4*3^6*5^4*13^2
2139	1232852544	567	2^6*3^2*7^2*11^2*19^2
2140	1235663104	63	2^8*13^6
2141	1239040000	225	2^14*5^4*11^2
2142	1244678400	675	2^8*3^4*5^2*7^4
2143	1247573041	45	11^2*13^4*19^2
2144	1249127649	189	3^6*7^2*11^2*17^2
2145	1250329600	297	2^10*5^2*13^2*17^2
2146	1251602884	75	2^2*7^4*19^4
2147	1259540100	405	2^2*3^2*5^2*7^2*13^4
2148	1262380900	243	2^2*5^2*11^2*17^2*19^2
2149	1265082624	405	2^8*3^4*13^2*19^2
2150	1265509476	225	2^2*3^2*7^4*11^4
2151	1269140625	81	3^2*5^8*19^2
2152	1270209600	567	2^6*3^8*5^2*11^2
2153	1272491584	147	2^6*7^6*13^2
2154	1274490000	675	2^4*3^2*5^4*7^2*17^2
2155	1275989841	65	3^12*7^4
2156	1277276121	75	3^4*11^2*19^4
2157	1278062500	189	2^2*5^6*11^2*13^2
2158	1281783204	243	2^2*3^8*13^2*17^2
2159	1284505600	189	2^20*5^2*7^2
2160	1289097216	351	2^12*3^2*11^2*17^2
2161	1289528100	567	2^2*3^6*5^2*7^2*19^2
2162	1291467969	49	3^6*11^6
2163	1296000000	385	2^10*3^4*5^6
2164	1297080225	81	3^2*5^2*7^8
2165	1298593296	675	2^4*3^4*7^2*11^2*13^2
2166	1303210000	125	2^4*5^4*19^4
2167	1305015625	35	5^6*17^4
2168	1308702976	243	2^8*7^2*17^2*19^2
2169	1316818944	351	2^12*3^8*7^2
2170	1317690000	375	2^4*3^2*5^4*11^4
2171	1318343481	135	3^2*7^4*13^2*19^2
2172	1324960000	405	2^8*5^4*7^2*13^2
2173	1325979396	225	2^2*3^4*7^2*17^4
2174	1328602500	195	2^2*3^12*5^4
2175	1329696225	243	3^2*5^2*11^2*13^2*17^2
2176	1330790400	405	2^14*3^2*5^2*19^2
2177	1332542016	245	2^6*3^6*13^4
2178	1337730625	135	5^4*7^2*11^2*19^2
2179	1340145664	153	2^16*11^2*13^2
2180	1343369104	225	2^4*7^4*11^2*17^2
2181	1348358400	567	2^8*3^6*5^2*17^2
2182	1350562500	315	2^2*3^2*5^6*7^4
2183	1353062656	135	2^8*11^4*19^2
2184	1355859684	135	2^2*3^2*17^2*19^4
2185	1358291025	243	3^8*5^2*7^2*13^2
2186	1358954496	125	2^24*3^4
2187	1364268096	231	2^6*3^10*19^2
2188	1366041600	891	2^10*3^2*5^2*7^2*11^2
2189	1368408064	75	2^14*17^4
2190	1370924676	225	2^2*3^4*11^4*17^2
2191	1372257936	245	2^4*3^6*7^6
2192	1372702500	405	2^2*3^2*5^4*13^2*19^2
2193	1378265625	147	3^6*5^6*11^2
2194	1378488384	567	2^6*3^2*7^2*13^2*17^2
2195	1382278041	45	3^14*17^2
2196	1382352400	225	2^4*5^2*11^2*13^4
2197	1386817600	315	2^6*5^2*7^4*19^2
2198	1388903824	105	2^4*7^2*11^6
2199	1394947801	21	13^6*17^2
2200	1398760000	315	2^6*5^4*11^2*17^2
2201	1400406084	297	2^2*3^10*7^2*11^2
2202	1401753600	585	2^12*3^4*5^2*13^2
2203	1405125225	225	3^4*5^2*7^4*17^2
2204	1406250000	165	2^4*3^2*5^10
2205	1409551936	105	2^6*13^2*19^4
2206	1411504900	135	2^2*5^2*13^2*17^4
2207	1415264400	675	2^4*3^4*5^2*11^2*19^2
2208	1416167424	255	2^16*3^2*7^4
2209	1423552900	189	2^2*5^2*7^6*11^2
2210	1425213504	315	2^6*3^2*11^4*13^2
2211	1428159681	135	3^4*13^2*17^2*19^2
2212	1428840000	735	2^6*3^6*5^4*7^2
2213	1433076736	165	2^10*7^2*13^4
2214	1436789025	135	3^2*5^2*7^2*19^4
2215	1437016464	195	2^4*3^12*13^2
2216	1444000000	189	2^8*5^6*19^2
2217	1445216256	315	2^14*3^6*11^2
2218	1445900625	125	3^4*5^4*13^4
2219	1446889444	243	2^2*7^2*11^2*13^2*19^2
2220	1450086400	351	2^12*5^2*7^2*17^2
2221	1452753225	225	3^4*5^2*7^2*11^4
2222	1455269904	225	2^4*3^2*11^2*17^4
2223	1460768400	675	2^4*3^2*5^2*7^4*13^2
2224	1463062500	315	2^2*3^4*5^6*17^2
2225	1467196416	495	2^10*3^4*7^2*19^2
2226	1474560000	285	2^18*3^2*5^4
2227	1475789056	81	2^8*7^8
2228	1477402969	45	7^2*17^4*19^2
2229	1480325625	135	3^8*5^4*19^2
2230	1482250000	315	2^4*5^6*7^2*11^2
2231	1484715024	225	2^4*3^2*13^4*19^2
2232	1486565136	405	2^4*3^8*7^2*17^2
2233	1490732100	567	2^2*3^6*5^2*11^2*13^2
2234	1495755625	135	5^4*7^2*13^2*17^2
2235	1499238400	195	2^12*5^2*11^4
2236	1502337600	567	2^6*3^2*5^2*17^2*19^2
2237	1506060864	525	2^6*3^4*7^4*11^2
2238	1511654400	363	2^10*3^10*5^2
2239	1512898816	243	2^8*11^2*13^2*17^2
2240	1514143744	69	2^22*19^2
2241	1520064144	175	2^4*3^6*19^4
2242	1521000000	441	2^6*3^2*5^6*13^2
2243	1522170225	105	3^6*5^2*17^4
2244	1524043521	135	3^2*7^2*11^2*13^4
2245	1527480889	45	11^4*17^2*19^2
2246	1528966404	189	2^2*3^2*7^6*19^2
2247	1534132224	255	2^16*3^4*17^2
2248	1536640000	275	2^10*5^4*7^4
2249	1536953616	225	2^4*3^8*11^4
2250	1542132900	729	2^2*3^2*5^2*7^2*11^2*17^2
2251	1544804416	49	2^6*17^6
2252	1545433344	567	2^8*3^6*7^2*13^2
2253	1546455625	75	5^4*11^4*13^2
2254	1549681956	57	2^2*3^18
2255	1550390625	135	3^4*5^8*7^2
2256	1554251776	171	2^18*7^2*11^2
2257	1560329001	189	3^6*7^2*11^2*19^2
2258	1561830400	297	2^10*5^2*13^2*19^2
2259	1563886116	105	2^2*3^4*13^6
2260	1568160000	675	2^8*3^4*5^4*11^2
2261	1575296100	405	2^2*3^8*5^2*7^4
2262	1576884100	135	2^2*5^2*11^2*19^4
2263	1582448400	675	2^4*3^4*5^2*13^2*17^2
2264	1592010000	675	2^4*3^2*5^4*7^2*19^2
2265	1594404900	189	2^2*3^2*5^2*11^6
2266	1594884096	189	2^20*3^2*13^2
2267	1598720256	405	2^8*3^2*7^4*17^2
2268	1600000000	117	2^12*5^8
2269	1601120196	243	2^2*3^8*13^2*19^2
2270	1603201600	567	2^6*5^2*7^2*11^2*13^2
2271	1607609025	117	3^12*5^2*11^2
2272	1610256384	351	2^12*3^2*11^2*19^2
2273	1610497161	105	3^4*7^6*13^2
2274	1617809284	135	2^2*7^2*13^4*17^2
2275	1625702400	675	2^14*3^4*5^2*7^2
2276	1630140625	63	5^6*17^2*19^2
2277	1631513664	441	2^6*3^6*11^2*17^2
2278	1634180625	225	3^2*5^4*7^4*11^2
2279	1634746624	135	2^8*7^2*19^4
2280	1637011600	225	2^4*5^2*7^2*17^4
2281	1640250000	315	2^4*3^8*5^6
2282	1645113600	405	2^8*3^2*5^2*13^4
2283	1650390625	33	5^10*13^2
2284	1652910336	405	2^8*3^2*7^2*11^4
2285	1656327204	405	2^2*3^4*7^2*17^2*19^2
2286	1660970025	243	3^2*5^2*11^2*13^2*19^2
2287	1662029824	195	2^12*7^4*13^2
2288	1664640000	495	2^10*3^2*5^4*17^2
2289	1666027489	27	7^8*17^2
2290	1666598976	273	2^6*3^12*7^2
2291	1672646404	75	2^2*11^4*13^4
2292	1676902500	675	2^2*3^4*5^4*7^2*13^2
2293	1677721600	81	2^26*5^2
2294	1678049296	225	2^4*7^4*11^2*19^2
2295	1684281600	567	2^8*3^6*5^2*19^2
2296	1686498489	55	3^10*13^4
2297	1692499600	225	2^4*5^2*11^4*17^2
2298	1693651716	63	2^2*3^2*19^6
2299	1694145600	441	2^6*3^2*5^2*7^6
2300	1696121856	495	2^10*3^4*11^2*13^2
2301	1701562500	243	2^2*3^2*5^8*11^2
2302	1706516100	297	2^2*3^10*5^2*17^2
2303	1707920929	45	11^2*13^2*17^4
2304	1709326336	135	2^14*17^2*19^2
2305	1712469924	225	2^2*3^4*11^4*19^2
2306	1714374025	75	5^2*7^4*13^4
2307	1719926784	171	2^18*3^8
2308	1721918016	567	2^6*3^2*7^2*13^2*19^2
2309	1722499009	35	7^6*11^4
2310	1726651809	45	3^14*19^2
2311	1728896400	945	2^4*3^6*5^2*7^2*11^2
2312	1730560000	225	2^14*5^4*13^2
2313	1731891456	225	2^8*3^4*17^4
2314	1734722500	225	2^2*5^4*7^4*17^2
2315	1742478049	21	13^6*19^2
2316	1744649361	189	3^6*7^2*13^2*17^2
2317	1747240000	315	2^6*5^4*11^2*19^2
2318	1754604544	297	2^10*7^2*11^2*17^2
2319	1755191025	225	3^4*5^2*7^4*19^2
2320	1763160100	243	2^2*5^2*13^2*17^2*19^2
2321	1764000000	567	2^8*3^2*5^6*7^2
2322	1767529764	405	2^2*3^2*7^4*11^2*13^2
2323	1770305625	225	3^4*5^4*11^2*17^2
2324	1774094400	567	2^6*3^8*5^2*13^2
2325	1783964169	75	3^4*13^2*19^4
2326	1784217600	459	2^16*3^2*5^2*11^2
2327	1785062500	105	2^2*5^6*13^4
2328	1792336896	385	2^10*3^6*7^4
2329	1793522500	225	2^2*5^4*7^2*11^4
2330	1800474624	351	2^12*3^2*13^2*17^2
2331	1803785841	105	3^6*11^4*13^2
2332	1804805289	75	3^2*7^4*17^4
2333	1806250000	135	2^4*5^8*17^2
2334	1808375625	165	3^10*5^4*7^2
2335	1811353600	351	2^12*5^2*7^2*19^2
2336	1813737744	375	2^4*3^4*7^2*13^4
2337	1814078464	77	2^10*11^6
2338	1817828496	405	2^4*3^2*11^2*17^2*19^2
2339	1827562500	315	2^2*3^4*5^6*19^2
2340	1829101824	297	2^8*3^10*11^2
2341	1835265600	945	2^6*3^4*5^2*7^2*17^2
2342	1838265625	49	5^6*7^6
2343	1840410000	675	2^4*3^2*5^4*11^2*13^2
2344	1845475681	45	7^2*17^2*19^4
2345	1849688064	207	2^22*3^2*7^2
2346	1856920464	405	2^4*3^8*7^2*19^2
2347	1857179025	135	3^2*5^2*13^4*17^2
2348	1859334400	405	2^8*5^2*7^4*11^2
2349	1865980809	135	3^2*7^2*11^4*17^2
2350	1866240000	455	2^12*3^6*5^4
2351	1867795524	135	2^2*3^4*7^8
2352	1868400625	135	5^4*7^2*13^2*19^2
2353	1871773696	85	2^16*13^4
2354	1876275856	225	2^4*7^4*13^2*17^2
2355	1876622400	315	2^6*3^2*5^2*19^4
2356	1879222500	225	2^2*3^2*5^4*17^4
2357	1889814784	243	2^8*11^2*13^2*19^2
2358	1893990400	171	2^18*5^2*17^2
2359	1897473600	525	2^6*3^4*5^2*11^4
2360	1901396025	189	3^6*5^2*17^2*19^2
2361	1906108281	135	3^8*7^4*11^2
2362	1907942400	891	2^10*3^2*5^2*7^2*13^2
2363	1908029761	25	11^4*19^4
2364	1913187600	225	2^4*3^14*5^2
2365	1914062500	99	2^2*5^10*7^2
2366	1914762564	405	2^2*3^4*11^2*13^2*17^2
2367	1916338176	255	2^16*3^4*19^2
2368	1925015625	147	3^6*5^6*13^2
2369	1926332100	729	2^2*3^2*5^2*7^2*11^2*19^2
2370	1927561216	105	2^14*7^6
2371	1929229929	27	3^2*11^8
2372	1929669184	105	2^6*17^4*19^2
2373	1930723600	105	2^4*5^2*13^6
2374	1936000000	231	2^10*5^6*11^2
2375	1939873936	225	2^4*7^2*11^4*13^2
2376	1941636096	297	2^10*3^8*17^2
2377	1944810000	625	2^4*3^4*5^4*7^4
2378	1953640000	315	2^6*5^4*13^2*17^2
2379	1955143089	35	3^4*17^6
2380	1955939076	297	2^2*3^10*7^2*13^2
2381	1967099904	585	2^12*3^4*7^2*11^2
2382	1976691600	675	2^4*3^4*5^2*13^2*19^2
2383	1980784036	135	2^2*7^2*11^2*17^4
2384	1984702500	405	2^2*3^8*5^4*11^2
2385	1988268100	189	2^2*5^2*7^6*13^2
2386	1990587456	315	2^6*3^2*11^2*13^4
2387	1991390625	189	3^2*5^6*7^2*17^2
2388	1997017344	405	2^8*3^2*7^4*19^2
2389	2007040000	255	2^16*5^4*7^2
2390	2014214400	729	2^8*3^2*5^2*11^2*17^2
2391	2018525184	315	2^14*3^6*13^2
2392	2020862116	135	2^2*7^2*13^4*19^2
2393	2023380324	315	2^2*3^6*7^4*17^2
2394	2025000000	315	2^6*3^4*5^8
2395	2029052025	405	3^4*5^2*7^2*11^2*13^2
2396	2030043136	75	2^24*11^2
2397	2032567056	225	2^4*3^2*13^2*17^4
2398	2036265625	35	5^6*19^4
2399	2037980736	441	2^6*3^6*11^2*19^2
2400	2044848400	405	2^4*5^2*7^2*17^2*19^2
2401	2047924516	63	2^2*11^6*17^2
2402	2049916176	315	2^4*3^2*7^6*11^2
2403	2057529600	729	2^8*3^8*5^2*7^2
2404	2058890625	105	3^2*5^6*11^4
2405	2064884481	99	3^10*11^2*17^2
2406	2068976196	225	2^2*3^4*7^2*19^4
2407	2070250000	315	2^4*5^6*7^2*13^2
2408	2079360000	495	2^10*3^2*5^4*19^2
2409	2081093161	27	7^8*19^2
2410	2082096900	315	2^2*3^6*5^2*13^4
2411	2088124416	405	2^14*3^2*7^2*17^2
2412	2091964644	315	2^2*3^6*7^2*11^4
2413	2093977600	351	2^12*5^2*11^2*13^2
2414	2099014225	135	5^2*7^4*11^2*17^2
2415	2103506496	525	2^6*3^4*7^4*13^2
2416	2106810000	525	2^4*3^6*5^4*17^2
2417	2109289329	51	3^16*7^2
2418	2113057024	135	2^8*13^4*17^2
2419	2114160400	225	2^4*5^2*11^4*19^2
2420	2123366400	315	2^20*3^4*5^2
2421	2128622769	63	3^2*7^2*13^6
2422	2131668900	297	2^2*3^10*5^2*19^2
2423	2133423721	81	11^2*13^2*17^2*19^2
2424	2134440000	945	2^6*3^2*5^4*7^2*11^2
2425	2135179264	75	2^14*19^4
2426	2138137600	165	2^10*5^2*17^4
2427	2144153025	147	3^6*5^2*7^6
2428	2146654224	405	2^4*3^8*11^2*13^2
2429	2153888100	729	2^2*3^2*5^2*7^2*13^2*17^2
2430	2158903296	225	2^14*3^2*11^4
2431	2159925625	75	5^4*11^2*13^4
2432	2163366144	405	2^8*3^4*17^2*19^2
2433	2166902500	225	2^2*5^4*7^4*19^2
2434	2170162225	63	5^2*7^2*11^6
2435	2170814464	171	2^18*7^2*13^2
2436	2176035904	147	2^6*7^6*17^2
2437	2176782336	169	2^12*3^12
2438	2179302489	189	3^6*7^2*13^2*19^2
2439	2185562500	189	2^2*5^6*11^2*17^2
2440	2190240000	675	2^8*3^4*5^4*13^2
2441	2191737856	297	2^10*7^2*11^2*19^2
2442	2191925124	135	2^2*3^8*17^4
2443	2197265625	39	3^2*5^12
2444	2202424900	135	2^2*5^2*13^2*19^4
2445	2211350625	225	3^4*5^4*11^2*19^2
2446	2212761600	585	2^12*3^2*5^2*7^4
2447	2220671376	675	2^4*3^4*7^2*11^2*17^2
2448	2226896100	405	2^2*3^2*5^2*11^4*13^2
2449	2232562500	441	2^2*3^6*5^6*7^2
2450	2239182400	315	2^6*5^2*7^2*13^4
2451	2245338225	117	3^12*5^2*13^2
2452	2249035776	351	2^12*3^2*13^2*19^2
2453	2249794624	175	2^6*7^4*11^4
2454	2254445361	135	3^2*7^4*17^2*19^2
2455	2256250000	135	2^4*5^8*19^2
2456	2258150400	693	2^10*3^6*5^2*11^2
2457	2265760000	405	2^8*5^4*7^2*17^2
2458	2268426384	275	2^4*3^10*7^4
2459	2270713104	225	2^4*3^2*11^2*19^4
2460	2273859225	135	3^2*5^2*11^2*17^4
2461	2278725696	441	2^6*3^6*13^2*17^2
2462	2282450625	225	3^2*5^4*7^4*13^2
2463	2291728384	153	2^16*11^2*17^2
2464	2292494400	945	2^6*3^4*5^2*7^2*19^2
2465	2295943056	175	2^4*3^4*11^6
2466	2304000000	315	2^14*3^2*5^6
2467	2305248169	21	7^2*19^6
2468	2305920400	135	2^4*5^2*7^8
2469	2308610304	729	2^8*3^2*7^2*11^2*13^2
2470	2314956996	135	2^2*3^14*11^2
2471	2316015625	81	5^8*7^2*11^2
2472	2319867225	135	3^2*5^2*13^4*19^2
2473	2322758025	243	3^8*5^2*7^2*17^2
2474	2330861841	135	3^2*7^2*11^4*19^2
2475	2336175556	63	2^2*11^2*13^6
2476	2341011456	357	2^16*3^6*7^2
2477	2342560000	225	2^8*5^4*11^4
2478	2343721744	225	2^4*7^4*13^2*19^2
2479	2347402500	405	2^2*3^2*5^4*17^2*19^2
2480	2353220100	675	2^2*3^4*5^2*7^4*11^2
2481	2357296704	315	2^6*3^2*7^2*17^4
2482	2361960000	385	2^6*3^10*5^4
2483	2363904400	405	2^4*5^2*11^2*13^2*17^2
2484	2365849600	171	2^18*5^2*19^2
2485	2368963584	275	2^10*3^4*13^4
2486	2375100225	105	3^6*5^2*19^4
2487	2376562500	243	2^2*3^2*5^8*13^2
2488	2385443281	25	13^4*17^4
2489	2391796836	405	2^2*3^4*11^2*13^2*19^2
2490	2397081600	585	2^12*3^4*5^2*17^2
2491	2401000000	245	2^6*5^6*7^4
2492	2401490025	135	3^8*5^2*11^4
2493	2405804401	63	7^6*11^2*13^2
2494	2410417216	105	2^6*17^2*19^4
2495	2413756900	63	2^2*5^2*17^6
2496	2414739600	945	2^4*3^6*5^2*7^2*13^2
2497	2415919104	87	2^28*3^2
2498	2425365504	297	2^10*3^8*19^2
2499	2428518400	405	2^14*5^2*7^2*11^2
2500	2437199424	315	2^6*3^2*11^4*17^2
2501	2439569664	315	2^8*3^4*7^6
2502	2440360000	315	2^6*5^4*13^2*19^2
2503	2442237561	75	3^4*17^4*19^2
2504	2450250000	525	2^4*3^4*5^6*11^2
2505	2450646016	297	2^10*7^2*13^2*17^2
2506	2457383184	195	2^4*3^12*17^2
2507	2468698596	225	2^2*3^2*7^4*13^4
2508	2472575625	225	3^4*5^4*13^2*17^2
2509	2474266564	243	2^2*7^2*11^2*17^2*19^2
2510	2487515625	189	3^2*5^6*7^2*19^2
2511	2489610816	567	2^6*3^8*7^2*11^2
2512	2492006400	459	2^16*3^2*5^2*13^2
2513	2498000400	675	2^4*3^2*5^2*7^4*17^2
2514	2500000000	99	2^8*5^10
2515	2505002500	405	2^2*5^4*7^2*11^2*13^2
2516	2516025600	729	2^8*3^2*5^2*11^2*19^2
2517	2517630976	105	2^20*7^4
2518	2519337249	105	3^6*11^2*13^4
2519	2527475076	315	2^2*3^6*7^4*19^2
2520	2533712896	165	2^10*11^4*13^2
2521	2538950544	405	2^4*3^2*13^2*17^2*19^2
2522	2540160000	825	2^10*3^4*5^4*7^2
2523	2542277241	33	3^2*7^10
2524	2549240100	567	2^2*3^6*5^2*11^2*17^2
2525	2554291600	225	2^4*5^2*7^2*19^4
2526	2554695936	297	2^8*3^10*13^2
2527	2557830625	75	5^4*7^2*17^4
2528	2558134084	63	2^2*11^6*19^2
2529	2562890625	81	3^8*5^8
2530	2569273344	285	2^18*3^4*11^2
2531	2570490000	375	2^4*3^2*5^4*13^4
2532	2579319369	99	3^10*11^2*19^2
2533	2582672400	675	2^4*3^2*5^2*7^2*11^4
2534	2587146496	135	2^8*11^2*17^4
2535	2596921600	405	2^8*5^2*7^4*13^2
2536	2601000000	441	2^6*3^2*5^6*17^2
2537	2604060900	351	2^2*3^12*5^2*7^2
2538	2606204601	243	3^2*7^2*11^2*13^2*17^2
2539	2608349184	405	2^14*3^2*7^2*19^2
2540	2621440000	115	2^22*5^4
2541	2621952025	135	5^2*7^4*11^2*19^2
2542	2631690000	525	2^4*3^6*5^4*19^2
2543	2639493376	135	2^8*13^4*19^2
2544	2642782464	567	2^8*3^6*7^2*17^2
2545	2644530625	75	5^4*11^4*17^2
2546	2647102500	315	2^2*3^2*5^4*7^6
2547	2650190400	945	2^6*3^4*5^2*11^2*13^2
2548	2662250409	135	3^8*7^4*13^2
2549	2664934129	45	11^2*13^2*19^4
2550	2670822400	297	2^10*5^2*17^2*19^2
2551	2674337796	225	2^2*3^4*13^4*17^2
2552	2677441536	495	2^10*3^2*7^4*11^2
2553	2687385600	405	2^14*3^8*5^2
2554	2690496900	729	2^2*3^2*5^2*7^2*13^2*19^2
2555	2694544281	63	3^2*11^6*13^2
2556	2701400625	315	3^6*5^4*7^2*11^2
2557	2702336256	225	2^8*3^4*19^4
2558	2704000000	231	2^10*5^6*13^2
2559	2706080400	375	2^4*3^4*5^2*17^4
2560	2709410704	225	2^4*7^2*11^2*13^4
2561	2718162496	147	2^6*7^6*19^2
2562	2727346176	189	2^20*3^2*17^2
2563	2730062500	189	2^2*5^6*11^2*19^2
2564	2732361984	315	2^8*3^6*11^4
2565	2738010276	243	2^2*3^8*17^2*19^2
2566	2741569600	567	2^6*5^2*7^2*11^2*17^2
2567	2747437056	585	2^12*3^4*7^2*13^2
2568	2754045441	105	3^4*7^6*17^2
2569	2754990144	119	2^6*3^16
2570	2756250000	405	2^4*3^2*5^8*7^2
2571	2766549604	135	2^2*7^2*13^2*17^4
2572	2772022500	405	2^2*3^8*5^4*13^2
2573	2773918224	675	2^4*3^4*7^2*11^2*19^2
2574	2780241984	147	2^6*3^2*13^6
2575	2787840000	585	2^12*3^2*5^4*11^2
2576	2790163684	81	2^2*7^8*11^2
2577	2800526400	735	2^6*3^6*5^2*7^4
2578	2813241600	729	2^8*3^2*5^2*13^2*17^2
2579	2816106489	75	3^2*7^4*19^4
2580	2822265625	33	5^10*17^2
2581	2830240000	405	2^8*5^4*7^2*19^2
2582	2833965225	225	3^4*5^2*7^2*13^4
2583	2834497600	147	2^6*5^2*11^6
2584	2835349504	75	2^24*13^2
2585	2840357025	243	3^2*5^2*11^2*17^2*19^2
2586	2842169344	195	2^12*7^4*17^2
2587	2846435904	441	2^6*3^6*13^2*19^2
2588	2847396321	125	3^4*7^4*11^4
2589	2857971600	495	2^4*3^10*5^2*11^2
2590	2860324324	135	2^2*11^4*13^2*17^2
2591	2862678016	153	2^16*11^2*19^2
2592	2863106064	315	2^4*3^2*7^6*13^2
2593	2867602500	675	2^2*3^4*5^4*7^2*17^2
2594	2875640625	189	3^2*5^6*11^2*13^2
2595	2884012209	99	3^10*13^2*17^2
2596	2890137600	513	2^18*3^2*5^2*7^2
2597	2900468736	495	2^10*3^4*11^2*17^2
2598	2901438225	243	3^8*5^2*7^2*19^2
2599	2905210000	375	2^4*5^4*7^4*11^2
2600	2916000000	441	2^8*3^6*5^6
2601	2920645849	21	11^2*17^6
2602	2921834916	567	2^2*3^6*7^2*11^2*13^2
2603	2924646400	195	2^12*5^2*13^4
2604	2931681025	135	5^2*7^4*13^2*17^2
2605	2932222500	225	2^2*3^2*5^4*19^4
2606	2938507264	195	2^12*7^2*11^4
2607	2944581696	567	2^6*3^2*7^2*17^2*19^2
2608	2952835600	405	2^4*5^2*11^2*13^2*19^2
2609	2959360000	225	2^14*5^4*17^2
2610	2962842624	363	2^10*3^10*7^2
2611	2964802500	375	2^2*3^4*5^4*11^4
2612	2979740569	45	13^4*17^2*19^2
2613	2981160000	945	2^6*3^2*5^4*7^2*13^2
2614	2983453641	105	3^6*7^2*17^4
2615	2989355625	75	3^14*5^4
2616	2994278400	585	2^12*3^4*5^2*19^2
2617	2998219536	225	2^4*3^8*13^4
2618	3010936384	49	2^6*19^6
2619	3011814400	231	2^10*5^2*7^6
2620	3015108100	135	2^2*5^2*17^4*19^2
2621	3015327744	405	2^14*3^2*11^2*13^2
2622	3016755625	35	5^4*13^6
2623	3022580484	405	2^2*3^2*7^4*11^2*17^2
2624	3025000000	189	2^6*5^8*11^2
2625	3031053025	135	5^2*7^2*11^4*13^2
2626	3033806400	567	2^6*3^8*5^2*17^2
2627	3038765625	175	3^4*5^6*7^4
2628	3044390976	315	2^6*3^2*11^4*19^2
2629	3050684289	75	3^4*17^2*19^4
2630	3052562500	189	2^2*5^6*13^2*17^2
2631	3057647616	161	2^22*3^6
2632	3061187584	297	2^10*7^2*13^2*19^2
2633	3069603216	195	2^4*3^12*19^2
2634	3073593600	1215	2^8*3^4*5^2*7^2*11^2
2635	3078918144	195	2^12*3^2*17^4
2636	3084580521	105	3^6*11^4*17^2
2637	3087580356	189	2^2*3^8*7^6
2638	3088580625	225	3^4*5^4*13^2*19^2
2639	3090692836	135	2^2*7^2*11^2*19^4
2640	3101598864	675	2^4*3^4*7^2*13^2*17^2
2641	3110292900	405	2^2*3^2*5^2*11^2*13^4
2642	3120339600	675	2^4*3^2*5^2*7^4*19^2
2643	3125033604	189	2^2*3^2*7^2*11^6
2644	3136000000	273	2^12*5^6*7^2
2645	3142275136	315	2^6*7^4*11^2*13^2
2646	3147210000	675	2^4*3^2*5^4*11^2*17^2
2647	3150913689	117	3^12*7^2*11^2
2648	3153945600	693	2^10*3^6*5^2*13^2
2649	3164062500	165	2^2*3^4*5^10
2650	3171491856	225	2^4*3^2*13^2*19^4
2651	3171942400	189	2^20*5^2*11^2
2652	3175886025	135	3^2*5^2*13^2*17^4
2653	3184344900	567	2^2*3^6*5^2*11^2*19^2
2654	3186376704	375	2^14*3^4*7^4
2655	3195075625	135	5^4*7^2*17^2*19^2
2656	3200843776	153	2^16*13^2*17^2
2657	3202994025	189	3^2*5^2*7^6*11^2
2658	3206730384	375	2^4*3^4*11^4*13^2
2659	3208542736	125	2^4*7^4*17^4
2660	3214890000	675	2^4*3^8*5^4*7^2
2661	3224422656	405	2^8*3^2*7^2*13^4
2662	3231695104	243	2^8*11^2*17^2*19^2
2663	3233287044	135	2^2*3^14*13^2
2664	3234765625	81	5^8*7^2*13^2
2665	3249000000	441	2^6*3^2*5^6*19^2
2666	3251736576	351	2^12*3^8*11^2
2667	3255501249	243	3^2*7^2*11^2*13^2*19^2
2668	3262694400	891	2^10*3^2*5^2*7^2*17^2
2669	3262922884	27	2^2*13^8
2670	3271840000	405	2^8*5^4*11^2*13^2
2671	3274357284	225	2^2*3^4*11^2*17^4
2672	3286728900	675	2^2*3^4*5^2*7^4*13^2
2673	3288334336	81	2^26*7^2
2674	3291890625	147	3^6*5^6*17^2
2675	3301191936	567	2^8*3^6*7^2*19^2
2676	3301651600	225	2^4*5^2*13^4*17^2
2677	3303375625	75	5^4*11^4*19^2
2678	3317299216	225	2^4*7^2*11^4*17^2
2679	3317760000	425	2^16*3^4*5^4
2680	3320525376	189	2^6*3^2*7^8
2681	3335062500	567	2^2*3^2*5^6*7^2*11^2
2682	3336217600	165	2^10*5^2*19^4
2683	3340608804	225	2^2*3^4*13^4*19^2
2684	3340840000	175	2^6*5^4*17^4
2685	3344771556	297	2^2*3^10*7^2*17^2
2686	3354147225	243	3^8*5^2*11^2*13^2
2687	3360173089	35	7^6*13^4
2688	3373286400	495	2^10*3^2*5^2*11^4
2689	3380259600	675	2^4*3^4*5^2*17^2*19^2
2690	3388636944	525	2^4*3^6*7^4*11^2
2691	3391897600	405	2^14*5^2*7^2*13^2
2692	3400056100	189	2^2*5^2*7^6*17^2
2693	3401222400	351	2^8*3^12*5^2
2694	3404022336	567	2^6*3^2*11^2*13^2*17^2
2695	3406823424	189	2^20*3^2*19^2
2696	3420144324	135	2^2*3^8*19^4
2697	3422250000	525	2^4*3^4*5^6*13^2
2698	3424590400	567	2^6*5^2*7^2*11^2*19^2
2699	3429742096	45	2^4*11^8
2700	3440174409	105	3^4*7^6*19^2
2701	3451797504	315	2^14*3^6*17^2
2702	3455793796	243	2^2*7^2*13^2*17^2*19^2
2703	3457440000	675	2^8*3^2*5^4*7^4
2704	3458145636	165	2^2*3^10*11^4
2705	3469799025	405	3^4*5^2*7^2*11^2*17^2
2706	3475809936	105	2^4*3^2*17^6
2707	3477225024	567	2^6*3^8*7^2*13^2
2708	3486784401	21	3^20
2709	3497066496	459	2^16*3^2*7^2*11^2
2710	3498722500	225	2^2*5^4*7^2*13^4
2711	3514118400	729	2^8*3^2*5^2*13^2*19^2
2712	3515304100	225	2^2*5^2*7^4*11^4
2713	3518743761	49	3^6*13^6
2714	3525390625	33	5^10*19^2
2715	3528360000	735	2^6*3^6*5^4*11^2
2716	3538822144	165	2^10*11^2*13^4
2717	3540250000	315	2^4*5^6*7^2*17^2
2718	3544416225	165	3^10*5^2*7^4
2719	3547989225	135	3^2*5^2*11^2*19^4
2720	3550253056	195	2^12*7^4*19^2
2721	3560508900	567	2^2*3^6*5^2*13^2*17^2
2722	3572931076	135	2^2*11^4*13^2*19^2
2723	3580825600	351	2^12*5^2*11^2*17^2
2724	3582022500	675	2^2*3^4*5^4*7^2*19^2
2725	3587411025	105	3^4*5^2*11^6
2726	3588489216	285	2^18*3^4*13^2
2727	3597120576	525	2^6*3^4*7^4*17^2
2728	3600000000	297	2^10*3^2*5^8
2729	3602520441	99	3^10*13^2*19^2
2730	3603000625	45	5^4*7^8
2731	3607203600	1215	2^4*3^2*5^2*7^2*11^2*13^2
2732	3613452544	135	2^8*13^2*17^4
2733	3623076864	495	2^10*3^4*11^2*19^2
2734	3640070889	135	3^2*7^2*13^4*17^2
2735	3644295424	189	2^8*7^6*11^2
2736	3648280801	45	11^2*17^4*19^2
2737	3657830400	819	2^12*3^6*5^2*7^2
2738	3660250000	175	2^4*5^6*11^4
2739	3662065225	135	5^2*7^4*13^2*19^2
2740	3670905744	405	2^4*3^8*11^2*17^2
2741	3678179904	315	2^6*3^2*7^2*19^4
2742	3683276100	405	2^2*3^2*5^2*7^2*17^4
2743	3690562500	231	2^2*3^10*5^6
2744	3693600625	135	5^4*11^2*13^2*17^2
2745	3696640000	225	2^14*5^4*19^2
2746	3701505600	525	2^6*3^4*5^2*13^4
2747	3712221184	171	2^18*7^2*17^2
2748	3719048256	525	2^6*3^4*7^2*11^4
2749	3722098081	25	13^4*19^4
2750	3726736209	189	3^6*7^2*17^2*19^2
2751	3739567104	495	2^10*3^2*7^4*13^2
2752	3745440000	675	2^8*3^4*5^4*17^2
2753	3749847696	225	2^4*3^14*7^2
2754	3751562500	135	2^2*5^8*7^4
2755	3763454409	75	3^2*11^4*13^4
2756	3766276900	135	2^2*5^2*17^2*19^4
2757	3773030625	315	3^6*5^4*7^2*13^2
2758	3774873600	225	2^24*3^2*5^2
2759	3775610916	405	2^2*3^2*7^4*11^2*19^2
2760	3784218256	105	2^4*7^2*13^6
2761	3789633600	567	2^6*3^8*5^2*19^2
2762	3794560000	495	2^10*5^4*7^2*11^2
2763	3808124100	405	2^2*3^2*5^2*11^4*17^2
2764	3810716361	35	3^4*19^6
2765	3811827600	525	2^4*3^4*5^2*7^6
2766	3813062500	189	2^2*5^6*13^2*19^2
2767	3816274176	567	2^8*3^6*11^2*13^2
2768	3828515625	135	3^4*5^8*11^2
2769	3829134400	567	2^6*5^2*7^2*13^2*17^2
2770	3838050304	95	2^18*11^4
2771	3839661225	117	3^12*5^2*17^2
2772	3845984256	351	2^12*3^2*17^2*19^2
2773	3853057329	105	3^6*11^4*19^2
2774	3869835264	187	2^16*3^10
2775	3874315536	675	2^4*3^4*7^2*13^2*19^2
2776	3890016900	729	2^2*3^8*5^2*7^2*11^2
2777	3893760000	585	2^12*3^2*5^4*13^2
2778	3896755776	245	2^6*3^6*17^4
2779	3897005476	81	2^2*7^8*13^2
2780	3903125625	225	3^2*5^4*7^4*17^2
2781	3906250000	65	2^4*5^12
2782	3931290000	675	2^4*3^2*5^4*11^2*19^2
2783	3933798400	255	2^16*5^2*7^4
2784	3947860224	729	2^8*3^2*7^2*11^2*17^2
2785	3958926400	315	2^6*5^2*11^4*13^2
2786	3967110225	243	3^2*5^2*13^2*17^2*19^2
2787	3969000000	735	2^6*3^4*5^6*7^2
2788	3976941969	225	3^4*7^4*11^2*13^2
2789	3991080625	75	5^4*7^2*19^4
2790	3991712400	495	2^4*3^10*5^2*13^2
2791	3994998436	135	2^2*11^2*13^4*17^2
2792	3998285824	153	2^16*13^2*19^2
2793	4007902864	225	2^4*7^4*17^2*19^2
2794	4014489600	675	2^14*3^4*5^2*11^2
2795	4016390625	105	3^2*5^6*13^4
2796	4032758016	405	2^8*3^8*7^4
2797	4035425625	225	3^2*5^4*7^2*11^4
2798	4036823296	135	2^8*11^2*19^4
2799	4042416400	225	2^4*5^2*11^2*17^4
2800	4051067904	495	2^10*3^4*13^2*17^2
2801	4057690000	375	2^4*5^4*7^4*13^2
2802	4064062500	243	2^2*3^2*5^8*17^2
2803	4075545600	891	2^10*3^2*5^2*7^2*19^2
2804	4079249161	21	13^2*17^6
2805	4080909924	315	2^2*3^6*7^2*13^4
2806	4081676544	189	2^8*3^2*11^6
2807	4090114116	405	2^2*3^4*11^2*17^2*19^2
2808	4096000000	133	2^18*5^6
2809	4104196096	351	2^12*7^2*11^2*13^2
2810	4112015625	147	3^6*5^6*19^2
2811	4114067881	63	7^6*11^2*17^2
2812	4115479104	273	2^6*3^12*11^2
2813	4124208400	225	2^4*5^2*13^4*19^2
2814	4129347600	945	2^4*3^6*5^2*7^2*17^2
2815	4140922500	675	2^2*3^4*5^4*11^2*13^2
2816	4143754384	225	2^4*7^2*11^4*19^2
2817	4161798144	315	2^20*3^4*7^2
2818	4173160000	315	2^6*5^4*17^2*19^2
2819	4178071044	297	2^2*3^10*7^2*19^2
2820	4183502400	945	2^6*3^2*5^2*7^4*11^2
2821	4190749696	165	2^10*7^2*17^4
2822	4199040000	495	2^10*3^8*5^4
2823	4202539929	63	3^6*7^8
2824	4211490816	225	2^14*3^2*13^4
2825	4221620676	405	2^2*3^2*7^4*13^2*17^2
2826	4222400400	375	2^4*3^4*5^2*19^4
2827	4225000000	189	2^6*5^8*13^2
2828	4228250625	125	3^4*5^4*17^4
2829	4233454225	135	5^2*7^2*11^2*13^4
2830	4247128900	189	2^2*5^2*7^6*19^2
2831	4252083264	567	2^6*3^2*11^2*13^2*19^2
2832	4253517961	35	7^4*11^6
2833	4261478400	459	2^16*3^2*5^2*17^2
2834	4269315600	525	2^4*3^6*5^2*11^4
2835	4283702500	405	2^2*5^4*7^2*11^2*17^2
2836	4292870400	1215	2^8*3^4*5^2*7^2*13^2
2837	4294967296	33	2^32
2838	4304672100	153	2^2*3^16*5^2
2839	4306640625	99	3^2*5^10*7^2
2840	4308215769	189	3^6*11^2*13^2*17^2
2841	4311760896	315	2^14*3^6*19^2
2842	4316752804	135	2^2*7^2*13^2*19^4
2843	4332798976	165	2^10*11^4*17^2
2844	4334247225	405	3^4*5^2*7^2*11^2*19^2
2845	4337012736	273	2^12*3^2*7^6
2846	4341755664	225	2^4*3^2*17^4*19^2
2847	4344128100	189	2^2*3^2*5^2*13^6
2848	4356000000	567	2^8*3^2*5^6*11^2
2849	4364716356	405	2^2*3^2*7^2*11^4*13^2
2850	4368681216	297	2^8*3^10*17^2
2851	4375822500	525	2^2*3^6*5^4*7^4
2852	4388797504	175	2^6*7^4*13^4
2853	4395690000	675	2^4*3^2*5^4*13^2*17^2
2854	4400862921	117	3^12*7^2*13^2
2855	4422250000	315	2^4*5^6*7^2*19^2
2856	4425974784	693	2^10*3^6*7^2*11^2
2857	4428902500	105	2^2*5^4*11^6
2858	4430233600	189	2^20*5^2*13^2
2859	4440889600	405	2^8*5^2*7^4*17^2
2860	4447556100	567	2^2*3^6*5^2*13^2*19^2
2861	4456764081	135	3^2*7^2*11^2*17^4
2862	4465580625	165	3^10*5^4*11^2
2863	4472934400	351	2^12*5^2*11^2*19^2
2864	4473603225	189	3^2*5^2*7^6*13^2
2865	4478821776	375	2^4*3^4*11^2*13^4
2866	4493289024	525	2^6*3^4*7^4*19^2
2867	4513689856	243	2^8*13^2*17^2*19^2
2868	4515840000	675	2^14*3^2*5^4*7^2
2869	4519603984	55	2^4*7^10
2870	4531982400	945	2^6*3^4*5^2*11^2*17^2
2871	4539390625	105	5^6*7^4*11^2
2872	4541681664	351	2^12*3^8*13^2
2873	4546939761	135	3^2*7^2*13^4*19^2
2874	4552605729	135	3^8*7^4*17^2
2875	4556250000	315	2^4*3^6*5^8
2876	4557195049	45	11^2*17^2*19^4
2877	4567597056	207	2^22*3^2*11^2
2878	4569760000	225	2^8*5^4*13^4
2879	4573275876	225	2^2*3^4*13^2*17^4
2880	4585456656	405	2^4*3^8*11^2*19^2
2881	4591417600	405	2^8*5^2*7^2*11^4
2882	4600908900	729	2^2*3^2*5^2*7^2*17^2*19^2
2883	4607830161	63	3^2*11^6*17^2
2884	4612311396	315	2^2*3^4*7^6*11^2
2885	4613805625	135	5^4*11^2*13^2*19^2
2886	4624000000	231	2^10*5^6*17^2
2887	4629441600	693	2^6*3^10*5^2*7^2
2888	4633252624	405	2^4*7^2*11^2*13^2*17^2
2889	4637065216	171	2^18*7^2*19^2
2890	4655196441	105	3^6*7^2*19^4
2891	4658062500	567	2^2*3^2*5^6*7^2*13^2
2892	4678560000	675	2^8*3^4*5^4*19^2
2893	4684718025	135	3^8*5^2*13^4
2894	4698279936	585	2^12*3^4*7^2*17^2
2895	4704588100	63	2^2*5^2*19^6
2896	4705960000	245	2^6*5^4*7^6
2897	4706920449	135	3^8*7^2*11^4
2898	4711449600	891	2^10*3^2*5^2*11^2*13^2
2899	4726562500	99	2^2*5^10*11^2
2900	4730963524	63	2^2*7^2*17^6
2901	4732889616	525	2^4*3^6*7^4*13^2
2902	4740322500	405	2^2*3^8*5^4*17^2
2903	4754378304	315	2^6*3^2*13^4*17^2
2904	4756860900	405	2^2*3^2*5^2*11^4*19^2
2905	4759896064	225	2^14*7^4*11^2
2906	4777574400	399	2^18*3^6*5^2
2907	4783105600	567	2^6*5^2*7^2*13^2*19^2
2908	4790300944	105	2^4*11^6*13^2
2909	4796255025	117	3^12*5^2*19^2
2910	4802490000	1125	2^4*3^4*5^4*7^2*11^2
2911	4804153344	195	2^12*3^2*19^4
2912	4810809600	405	2^8*3^2*5^2*17^4
2913	4829972004	297	2^2*3^10*11^2*13^2
2914	4846248225	405	3^4*5^2*7^2*13^2*17^2
2915	4848615424	75	2^24*17^2
2916	4857532416	325	2^12*3^4*11^4
2917	4867573824	441	2^6*3^6*17^2*19^2
2918	4875530625	225	3^2*5^4*7^4*19^2
2919	4884332544	459	2^16*3^2*7^2*13^2
2920	4891323844	75	2^2*11^4*17^4
2921	4896080784	315	2^4*3^2*7^6*17^2
2922	4897760256	165	2^10*3^14
2923	4900000000	243	2^8*5^8*7^2
2924	4909804900	405	2^2*5^2*7^4*11^2*13^2
2925	4917515625	189	3^2*5^6*11^2*17^2
2926	4928040000	735	2^6*3^6*5^4*13^2
2927	4931410176	729	2^8*3^2*7^2*11^2*19^2
2928	4931831529	55	3^10*17^4
2929	4942652416	77	2^10*13^6
2930	4955456025	135	3^2*5^2*13^2*19^4
2931	4956160000	255	2^16*5^4*11^2
2932	4978713600	825	2^10*3^4*5^2*7^4
2933	4990292164	135	2^2*11^2*13^4*19^2
2934	4996510596	567	2^2*3^6*7^2*11^2*17^2
2935	5001318400	351	2^12*5^2*13^2*17^2
2936	5006411536	125	2^4*7^4*19^4
2937	5010516225	225	3^4*5^2*11^4*13^2
2938	5013348025	75	5^2*7^4*17^4
2939	5023265625	189	3^8*5^6*7^2
2940	5038160400	675	2^4*3^2*5^2*7^2*13^4
2941	5049523600	405	2^4*5^2*11^2*17^2*19^2
2942	5060330496	495	2^10*3^4*13^2*19^2
2943	5062037904	375	2^4*3^2*7^4*11^4
2944	5076562500	243	2^2*3^2*5^8*19^2
2945	5080838400	729	2^8*3^8*5^2*11^2
2946	5089966336	189	2^8*7^6*13^2
2947	5095532689	45	13^2*17^4*19^2
2948	5097960000	945	2^6*3^2*5^4*7^2*17^2
2949	5103959364	195	2^2*3^12*7^4
2950	5109104484	225	2^2*3^4*11^2*19^4
2951	5112250000	315	2^4*5^6*11^2*13^2
2952	5127132816	405	2^4*3^8*13^2*17^2
2953	5138022400	207	2^22*5^2*7^2
2954	5139025969	63	7^6*11^2*19^2
2955	5156388864	405	2^14*3^2*11^2*17^2
2956	5158112400	945	2^4*3^6*5^2*7^2*19^2
2957	5158830625	75	5^4*13^4*17^2
2958	5165871876	147	2^2*3^6*11^6
2959	5183280025	135	5^2*7^2*11^4*17^2
2960	5184000000	455	2^12*3^4*5^6
2961	5188320900	243	2^2*3^2*5^2*7^8
2962	5194373184	945	2^6*3^4*7^2*11^2*13^2
2963	5208653241	51	3^16*11^2
2964	5212840000	175	2^6*5^4*19^4
2965	5220062500	105	2^2*5^6*17^4
2966	5234811904	297	2^10*7^2*17^2*19^2
2967	5256395001	63	3^2*11^2*13^6
2968	5267275776	405	2^14*3^8*7^2
2969	5270760000	525	2^6*3^2*5^4*11^4
2970	5273373924	405	2^2*3^2*7^4*13^2*19^2
2971	5281655625	225	3^4*5^4*17^2*19^2
2972	5294745225	315	3^6*5^2*7^4*11^2
2973	5299840000	495	2^10*5^4*7^2*13^2
2974	5303917584	375	2^4*3^4*7^2*17^4
2975	5314410000	325	2^4*3^12*5^4
2976	5318784900	729	2^2*3^2*5^2*11^2*13^2*17^2
2977	5323161600	459	2^16*3^2*5^2*19^2
2978	5330168064	315	2^8*3^6*13^4
2979	5347265625	135	3^4*5^8*13^2
2980	5350922500	405	2^2*5^4*7^2*11^2*19^2
2981	5358972025	27	5^2*11^8
2982	5360582656	171	2^18*11^2*13^2
2983	5373476416	315	2^6*7^4*11^2*17^2
2984	5381542881	189	3^6*11^2*13^2*19^2
2985	5393433600	693	2^10*3^6*5^2*17^2
2986	5402250000	525	2^4*3^2*5^6*7^4
2987	5412250624	165	2^10*11^4*19^2
2988	5423438736	225	2^4*3^2*17^2*19^4
2989	5430953025	63	3^2*5^2*17^6
2990	5433164100	729	2^2*3^8*5^2*7^2*13^2
2991	5435817984	135	2^26*3^4
2992	5457072384	297	2^8*3^10*19^2
2993	5464166400	1053	2^12*3^2*5^2*7^2*11^2
2994	5473632256	85	2^16*17^4
2995	5483698704	375	2^4*3^4*11^4*17^2
2996	5489031744	343	2^6*3^6*7^6
2997	5490810000	675	2^4*3^2*5^4*13^2*19^2
2998	5513062500	441	2^2*3^6*5^6*11^2
2999	5513953536	729	2^8*3^2*7^2*13^2*17^2
3000	5529112164	135	2^2*3^14*17^2
3001	5529409600	315	2^6*5^2*11^2*13^4
3002	5531640625	81	5^8*7^2*17^2
3003	5547270400	405	2^8*5^2*7^4*19^2
3004	5554571841	125	3^4*7^4*13^4
3005	5555615296	147	2^6*7^2*11^6
3006	5567099769	243	3^2*7^2*11^2*17^2*19^2
3007	5579791204	63	2^2*13^6*17^2
3008	5595040000	405	2^8*5^4*11^2*17^2
3009	5601624336	495	2^4*3^10*7^2*11^2
3010	5607014400	675	2^14*3^4*5^2*13^2
3011	5620500900	675	2^2*3^4*5^2*7^4*17^2
3012	5625000000	231	2^6*3^2*5^10
3013	5636255625	405	3^2*5^4*7^2*11^2*13^2
3014	5638207744	135	2^8*13^2*19^4
3015	5646019600	225	2^4*5^2*13^2*17^4
3016	5661057600	945	2^6*3^4*5^2*11^2*19^2
3017	5664669696	285	2^18*3^2*7^4
3018	5686818921	135	3^8*7^4*19^2
3019	5692551601	21	11^2*19^6
3020	5694211600	315	2^4*5^2*7^6*11^2
3021	5700854016	405	2^8*3^2*11^4*13^2
3022	5712638724	405	2^2*3^4*13^2*17^2*19^2
3023	5715360000	945	2^8*3^6*5^4*7^2
3024	5719140625	45	5^8*11^4
3025	5732306944	195	2^12*7^2*13^4
3026	5735790225	243	3^8*5^2*11^2*17^2
3027	5746094809	63	7^6*13^2*17^2
3028	5747156100	405	2^2*3^2*5^2*7^2*19^4
3029	5748065856	273	2^6*3^12*13^2
3030	5755801689	63	3^2*11^6*19^2
3031	5776000000	231	2^10*5^6*19^2
3032	5780865024	357	2^16*3^6*11^2
3033	5783602500	375	2^2*3^4*5^4*13^4
3034	5787557776	405	2^4*7^2*11^2*13^2*19^2
3035	5800345600	405	2^14*5^2*7^2*17^2
3036	5811012900	675	2^2*3^4*5^2*7^2*11^4
3037	5821079616	315	2^6*3^2*11^2*17^4
3038	5843073600	945	2^6*3^2*5^2*7^4*13^2
3039	5852250000	525	2^4*3^4*5^6*17^2
3040	5859137025	135	3^14*5^2*7^2
3041	5868785664	585	2^12*3^4*7^2*19^2
3042	5898240000	315	2^20*3^2*5^4
3043	5903156224	99	2^10*7^8
3044	5909611876	135	2^2*7^2*17^4*19^2
3045	5912841025	63	5^2*7^2*13^6
3046	5921302500	405	2^2*3^8*5^4*19^2
3047	5929000000	441	2^6*5^6*7^2*11^2
3048	5938860096	315	2^6*3^2*13^4*19^2
3049	5940863929	75	7^4*11^4*13^2
3050	5946260544	567	2^6*3^8*7^2*17^2
3051	5955980625	175	3^4*5^4*7^6
3052	5962928400	945	2^4*3^6*5^2*11^2*13^2
3053	5983022500	405	2^2*5^4*7^2*13^2*17^2
3054	5996953600	225	2^14*5^2*11^4
3055	6009350400	729	2^8*3^2*5^2*17^2*19^2
3056	6017260041	105	3^6*13^4*17^2
3057	6024243456	675	2^8*3^4*7^4*11^2
3058	6046617600	429	2^12*3^10*5^2
3059	6051595264	297	2^10*11^2*13^2*17^2
3060	6053618025	405	3^4*5^2*7^2*13^2*19^2
3061	6056574976	75	2^24*19^2
3062	6080256576	245	2^6*3^6*19^4
3063	6084000000	567	2^8*3^2*5^6*13^2
3064	6088680900	315	2^2*3^6*5^2*17^4
3065	6096174084	405	2^2*3^2*7^2*11^2*13^4
3066	6103515625	15	5^14
3067	6109923556	135	2^2*11^4*17^2*19^2
3068	6115865616	315	2^4*3^2*7^6*19^2
3069	6136528896	285	2^18*3^4*17^2
3070	6142640625	189	3^2*5^6*11^2*19^2
3071	6146560000	325	2^12*5^4*7^4
3072	6147814464	315	2^6*3^8*11^4
3073	6160523121	99	3^10*17^2*19^2
3074	6168531600	1215	2^4*3^2*5^2*7^2*11^2*17^2
3075	6179217664	63	2^8*17^6
3076	6181733376	693	2^10*3^6*7^2*13^2
3077	6185822500	225	2^2*5^4*11^4*13^2
3078	6198727824	95	2^4*3^18
3079	6201562500	405	2^2*3^4*5^8*7^2
3080	6217007104	189	2^20*7^2*11^2
3081	6224736609	135	3^2*7^2*13^2*17^4
3082	6237050625	165	3^10*5^4*13^2
3083	6241316004	567	2^2*3^6*7^2*11^2*19^2
3084	6247321600	351	2^12*5^2*13^2*19^2
3085	6255544464	175	2^4*3^4*13^6
3086	6262348225	135	5^2*7^4*17^2*19^2
3087	6272640000	825	2^10*3^4*5^4*11^2
3088	6277868289	81	3^2*7^8*11^2
3089	6301184400	675	2^4*3^8*5^2*7^4
3090	6307536400	225	2^4*5^2*11^2*19^4
3091	6316275625	75	5^4*11^2*17^4
3092	6329793600	945	2^6*3^4*5^2*13^2*17^2
3093	6340140625	105	5^6*7^4*13^2
3094	6365007961	45	13^2*17^2*19^4
3095	6368040000	945	2^6*3^2*5^4*7^2*19^2
3096	6377619600	315	2^4*3^2*5^2*11^6
3097	6379536384	207	2^22*3^2*13^2
3098	6394881024	495	2^10*3^2*7^4*17^2
3099	6400000000	135	2^14*5^8
3100	6404480784	405	2^4*3^8*13^2*19^2
3101	6412806400	729	2^8*5^2*7^2*11^2*13^2
3102	6430436100	351	2^2*3^12*5^2*11^2
3103	6435729729	135	3^2*11^4*13^2*17^2
3104	6441025536	405	2^14*3^2*11^2*19^2
3105	6441988644	315	2^2*3^4*7^6*13^2
3106	6444075625	75	5^4*13^4*19^2
3107	6452105625	315	3^6*5^4*7^2*17^2
3108	6471237136	225	2^4*7^2*13^4*17^2
3109	6474616225	135	5^2*7^2*11^4*19^2
3110	6502809600	765	2^16*3^4*5^2*7^2
3111	6520562500	189	2^2*5^6*17^2*19^2
3112	6526054656	567	2^8*3^6*11^2*17^2
3113	6536722500	675	2^2*3^2*5^4*7^4*11^2
3114	6538986496	165	2^10*7^2*19^4
3115	6548046400	315	2^6*5^2*7^2*17^4
3116	6561000000	441	2^6*3^8*5^6
3117	6574128561	243	3^8*7^2*11^2*13^2
3118	6580454400	495	2^10*3^2*5^2*13^4
3119	6597500625	125	3^4*5^4*19^4
3120	6601562500	99	2^2*5^10*13^2
3121	6611641344	495	2^10*3^2*7^2*11^4
3122	6625308816	675	2^4*3^4*7^2*17^2*19^2
3123	6643880100	729	2^2*3^2*5^2*11^2*13^2*19^2
3124	6648119296	225	2^14*7^4*13^2
3125	6658560000	585	2^12*3^2*5^4*17^2
3126	6664109956	81	2^2*7^8*17^2
3127	6666395904	351	2^8*3^12*7^2
3128	6670805625	175	3^6*5^4*11^4
3129	6690585616	125	2^4*11^4*13^4
3130	6707610000	1125	2^4*3^4*5^4*7^2*13^2
3131	6710886400	87	2^28*5^2
3132	6712197184	315	2^6*7^4*11^2*19^2
3133	6737126400	693	2^10*3^6*5^2*19^2
3134	6745993956	165	2^2*3^10*13^4
3135	6769998400	315	2^6*5^2*11^4*17^2
3136	6774606864	105	2^4*3^2*19^6
3137	6776582400	567	2^8*3^2*5^2*7^6
3138	6783993225	135	3^2*5^2*17^4*19^2
3139	6784487424	585	2^12*3^4*11^2*13^2
3140	6800806089	225	3^4*7^4*11^2*17^2
3141	6806250000	405	2^4*3^2*5^8*11^2
3142	6826064400	495	2^4*3^10*5^2*17^2
3143	6831683716	135	2^2*11^2*13^2*17^4
3144	6837305344	153	2^16*17^2*19^2
3145	6849879696	375	2^4*3^4*11^4*19^2
3146	6857496100	225	2^2*5^2*7^4*13^4
3147	6868265625	189	3^2*5^6*13^2*17^2
3148	6879707136	189	2^20*3^8
3149	6887672064	729	2^8*3^2*7^2*13^2*19^2
3150	6889996036	105	2^2*7^6*11^4
3151	6906607236	135	2^2*3^14*19^2
3152	6909765625	81	5^8*7^2*19^2
3153	6915585600	1323	2^6*3^6*5^2*7^2*11^2
3154	6922240000	255	2^16*5^4*13^2
3155	6927565824	275	2^10*3^4*17^4
3156	6938890000	375	2^4*5^4*7^4*17^2
3157	6947055801	77	3^10*7^6
3158	6954058881	135	3^2*7^2*11^2*19^4
3159	6969912196	63	2^2*13^6*19^2
3160	6975757441	9	17^8
3161	6978597444	567	2^2*3^6*7^2*13^2*17^2
3162	6988960000	405	2^8*5^4*11^2*19^2
3163	6998159025	225	3^4*5^2*11^2*13^4
3164	7018418176	351	2^12*7^2*11^2*17^2
3165	7020764100	675	2^2*3^4*5^2*7^4*19^2
3166	7031325609	105	3^4*7^2*11^6
3167	7052640400	405	2^4*5^2*13^2*17^2*19^2
3168	7056000000	693	2^10*3^2*5^6*7^2
3169	7061881225	33	5^2*7^10
3170	7070119056	675	2^4*3^2*7^4*11^2*13^2
3171	7081222500	675	2^2*3^4*5^4*11^2*17^2
3172	7096377600	729	2^8*3^8*5^2*13^2
3173	7119140625	77	3^6*5^10
3174	7135856676	225	2^2*3^4*13^2*19^4
3175	7136870400	513	2^18*3^2*5^2*11^2
3176	7140250000	175	2^4*5^6*13^4
3177	7164776025	243	3^8*5^2*11^2*19^2
3178	7169347584	455	2^12*3^6*7^4
3179	7174090000	375	2^4*5^4*7^2*11^4
3180	7177647841	63	7^6*13^2*19^2
3181	7201898496	405	2^14*3^2*13^2*17^2
3182	7215143364	315	2^2*3^6*11^4*13^2
3183	7219221156	225	2^2*3^2*7^4*17^4
3184	7225000000	189	2^6*5^8*17^2
3185	7233502500	495	2^2*3^10*5^4*7^2
3186	7239457225	243	5^2*7^2*11^2*13^2*17^2
3187	7245414400	405	2^14*5^2*7^2*19^2
3188	7254950976	525	2^6*3^4*7^2*13^4
3189	7256313856	91	2^12*11^6
3190	7271313984	567	2^6*3^2*11^2*17^2*19^2
3191	7274895849	51	3^16*13^2
3192	7310250000	525	2^4*3^4*5^6*19^2
3193	7316407296	363	2^10*3^10*11^2
3194	7341062400	1215	2^8*3^4*5^2*7^2*17^2
3195	7341576489	27	3^2*13^8
3196	7353062500	147	2^2*5^6*7^6
3197	7361640000	945	2^6*3^2*5^4*11^2*13^2
3198	7367303889	105	3^6*11^2*17^4
3199	7381902724	135	2^2*7^2*17^2*19^4
3200	7395140025	315	3^6*5^2*7^4*13^2
3201	7398752256	225	2^24*3^2*7^2
3202	7427681856	567	2^6*3^8*7^2*19^2
3203	7428716100	405	2^2*3^2*5^2*13^4*17^2
3204	7437337600	495	2^10*5^2*7^4*11^2
3205	7463923236	405	2^2*3^2*7^2*11^4*17^2
3206	7464960000	525	2^14*3^6*5^4
3207	7471182096	225	2^4*3^4*7^8
3208	7473602500	405	2^2*5^4*7^2*13^2*19^2
3209	7484845225	63	5^2*11^6*13^2
3210	7487094784	95	2^18*13^4
3211	7503890625	315	3^4*5^6*7^2*11^2
3212	7505103424	315	2^6*7^4*13^2*17^2
3213	7506489600	405	2^8*3^2*5^2*19^4
3214	7516369809	105	3^6*13^4*19^2
3215	7516890000	375	2^4*3^2*5^4*17^4
3216	7525736001	117	3^12*7^2*17^2
3217	7559259136	297	2^10*11^2*13^2*19^2
3218	7575961600	189	2^20*5^2*17^2
3219	7589894400	675	2^8*3^4*5^2*11^4
3220	7605584100	567	2^2*3^6*5^2*17^2*19^2
3221	7624433124	405	2^2*3^8*7^4*11^2
3222	7631769600	1053	2^12*3^2*5^2*7^2*13^2
3223	7632119044	75	2^2*11^4*19^4
3224	7650126225	189	3^2*5^2*7^6*17^2
3225	7652750400	315	2^6*3^14*5^2
3226	7656250000	165	2^4*5^10*7^2
3227	7659050256	675	2^4*3^4*11^2*13^2*17^2
3228	7665352704	285	2^18*3^4*19^2
3229	7695324729	55	3^10*19^4
3230	7700062500	441	2^2*3^6*5^6*13^2
3231	7705328400	1215	2^4*3^2*5^2*7^2*11^2*19^2
3232	7710244864	119	2^16*7^6
3233	7716919716	81	2^2*3^2*11^8
3234	7718676736	135	2^8*17^4*19^2
3235	7722894400	147	2^6*5^2*13^6
3236	7744000000	273	2^12*5^6*11^2
3237	7759495744	315	2^6*7^2*11^4*13^2
3238	7766544384	351	2^12*3^8*17^2
3239	7775536041	243	3^2*7^2*13^2*17^2*19^2
3240	7779240000	875	2^6*3^4*5^4*7^4
3241	7780827681	65	3^12*11^4
3242	7814560000	405	2^8*5^4*13^2*17^2
3243	7820572356	105	2^2*3^4*17^6
3244	7822518025	75	5^2*7^4*19^4
3245	7823756304	495	2^4*3^10*7^2*13^2
3246	7868399616	675	2^14*3^4*7^2*11^2
3247	7872125625	225	3^2*5^4*7^2*13^4
3248	7889880625	135	5^4*11^2*17^2*19^2
3249	7906766400	945	2^6*3^4*5^2*13^2*19^2
3250	7909434225	225	3^2*5^2*7^4*11^4
3251	7923136144	225	2^4*7^2*11^2*17^4
3252	7938810000	675	2^4*3^8*5^4*11^2
3253	7950753889	21	13^2*19^6
3254	7953072400	315	2^4*5^2*7^6*13^2
3255	7962349824	405	2^8*3^2*11^2*13^4
3256	7965562500	567	2^2*3^2*5^6*7^2*17^2
3257	7987890625	81	5^8*11^2*13^2
3258	7988069376	495	2^10*3^2*7^4*19^2
3259	8011145025	243	3^8*5^2*13^2*17^2
3260	8028160000	285	2^18*5^4*7^2
3261	8039094921	135	3^2*11^4*13^2*19^2
3262	8056857600	891	2^10*3^2*5^2*11^2*17^2
3263	8059550625	315	3^6*5^4*7^2*19^2
3264	8074100736	357	2^16*3^6*13^2
3265	8083448464	225	2^4*7^2*13^4*19^2
3266	8093521296	525	2^4*3^6*7^4*17^2
3267	8100000000	405	2^8*3^4*5^8
3268	8116208100	1215	2^2*3^4*5^2*7^2*11^2*13^2
3269	8120172544	81	2^26*11^2
3270	8130268224	315	2^6*3^2*13^2*17^4
3271	8145062500	105	2^2*5^6*19^4
3272	8151922944	567	2^8*3^6*11^2*19^2
3273	8179393600	567	2^6*5^2*7^2*17^2*19^2
3274	8191698064	105	2^4*11^6*17^2
3275	8199664704	441	2^6*3^2*7^6*11^2
3276	8230118400	891	2^10*3^8*5^2*7^2
3277	8235562500	315	2^2*3^2*5^6*11^4
3278	8259537924	297	2^2*3^10*11^2*17^2
3279	8275904784	375	2^4*3^4*7^2*19^4
3280	8281000000	441	2^6*5^6*7^2*13^2
3281	8287371225	225	3^4*5^2*7^2*17^4
3282	8297570281	75	7^4*11^2*13^4
3283	8303765625	91	3^12*5^6
3284	8317440000	585	2^12*3^2*5^4*19^2
3285	8324372644	81	2^2*7^8*19^2
3286	8328387600	525	2^4*3^6*5^2*13^4
3287	8352497664	459	2^16*3^2*7^2*17^2
3288	8367858576	525	2^4*3^6*7^2*11^4
3289	8375910400	405	2^14*5^2*11^2*13^2
3290	8396056900	405	2^2*5^2*7^4*11^2*17^2
3291	8414025984	675	2^8*3^4*7^4*13^2
3292	8427240000	735	2^6*3^6*5^4*17^2
3293	8437157316	153	2^2*3^16*7^2
3294	8441015625	135	3^2*5^8*7^4
3295	8452228096	165	2^10*13^4*17^2
3296	8456641600	315	2^6*5^2*11^4*19^2
3297	8474123025	135	3^2*5^2*17^2*19^4
3298	8493465600	345	2^22*3^4*5^2
3299	8495124561	225	3^4*7^4*11^2*19^2
3300	8514491076	189	2^2*3^2*7^2*13^6
3301	8526675600	495	2^4*3^10*5^2*19^2
3302	8533694884	243	2^2*11^2*13^2*17^2*19^2
3303	8537760000	1215	2^8*3^2*5^4*7^2*11^2
3304	8540717056	85	2^16*19^4
3305	8552550400	195	2^12*5^2*17^4
3306	8568279225	225	3^4*5^2*11^4*17^2
3307	8576612100	441	2^2*3^6*5^2*7^6
3308	8579390625	189	3^2*5^6*13^2*19^2
3309	8586616896	567	2^6*3^8*11^2*13^2
3310	8615552400	1215	2^4*3^2*5^2*7^2*13^2*17^2
3311	8635613184	255	2^16*3^2*11^4
3312	8639702500	225	2^2*5^4*11^2*13^4
3313	8653464576	495	2^10*3^4*17^2*19^2
3314	8667610000	375	2^4*5^4*7^4*19^2
3315	8680648900	189	2^2*5^2*7^2*11^6
3316	8683257856	189	2^20*7^2*13^2
3317	8704143616	189	2^8*7^6*17^2
3318	8707129344	195	2^14*3^12
3319	8713662409	21	17^6*19^2
3320	8717209956	567	2^2*3^6*7^2*13^2*19^2
3321	8742250000	315	2^4*5^6*11^2*17^2
3322	8752538025	297	3^10*5^2*7^2*11^2
3323	8760960000	825	2^10*3^4*5^4*13^2
3324	8766951424	351	2^12*7^2*11^2*19^2
3325	8767700496	225	2^4*3^8*17^4
3326	8768262321	81	3^2*7^8*13^2
3327	8789062500	117	2^2*3^2*5^12
3328	8809699600	225	2^4*5^2*13^2*19^4
3329	8821905625	75	5^4*13^2*17^4
3330	8845402500	675	2^2*3^4*5^4*11^2*19^2
3331	8851046400	675	2^14*3^2*5^2*7^4
3332	8882685504	945	2^6*3^4*7^2*11^2*17^2
3333	8897205625	105	5^4*7^6*11^2
3334	8907584400	675	2^4*3^2*5^2*11^4*13^2
3335	8930250000	735	2^4*3^6*5^6*7^2
3336	8956729600	405	2^8*5^2*7^2*13^4
3337	8981352900	351	2^2*3^12*5^2*13^2
3338	8988746481	135	3^2*11^2*13^4*17^2
3339	8996143104	405	2^14*3^2*13^2*19^2
3340	8999178496	225	2^8*7^4*11^4
3341	9017781444	405	2^2*3^2*7^4*17^2*19^2
3342	9025000000	189	2^6*5^8*19^2
3343	9032601600	819	2^12*3^6*5^2*11^2
3344	9043059025	243	5^2*7^2*11^2*13^2*19^2
3345	9063040000	495	2^10*5^4*7^2*17^2
3346	9073705536	385	2^6*3^10*7^4
3347	9082852416	315	2^6*3^2*11^2*19^4
3348	9095436900	405	2^2*3^2*5^2*11^2*17^4
3349	9114902784	567	2^8*3^6*13^2*17^2
3350	9129802500	675	2^2*3^2*5^4*7^4*13^2
3351	9144140625	135	3^4*5^8*17^2
3352	9166913536	171	2^18*11^2*17^2
3353	9169977600	1215	2^8*3^4*5^2*7^2*19^2
3354	9182047329	135	3^8*7^2*13^4
3355	9183772224	245	2^6*3^4*11^6
3356	9202756761	189	3^6*11^2*17^2*19^2
3357	9216000000	357	2^16*3^2*5^6
3358	9220992676	63	2^2*7^2*19^6
3359	9223681600	189	2^6*5^2*7^8
3360	9234441216	891	2^10*3^2*7^2*11^2*13^2
3361	9259827984	225	2^4*3^14*11^2
3362	9264062500	243	2^2*5^8*7^2*11^2
3363	9279468900	405	2^2*3^2*5^2*13^4*19^2
3364	9291032100	729	2^2*3^8*5^2*7^2*17^2
3365	9317075625	315	3^6*5^4*11^2*13^2
3366	9323447364	405	2^2*3^2*7^2*11^4*19^2
3367	9344702224	105	2^4*11^2*13^6
3368	9364045824	399	2^18*3^6*7^2
3369	9370240000	275	2^10*5^4*11^4
3370	9374886976	315	2^6*7^4*13^2*19^2
3371	9389610000	675	2^4*3^2*5^4*17^2*19^2
3372	9400659849	117	3^12*7^2*19^2
3373	9412880400	1125	2^4*3^4*5^2*7^4*11^2
3374	9429186816	405	2^8*3^2*7^2*17^4
3375	9447840000	495	2^8*3^10*5^4
3376	9455617600	567	2^6*5^2*11^2*13^2*17^2
3377	9463398400	189	2^20*5^2*19^2
3378	9475854336	325	2^12*3^4*13^4
3379	9498646521	225	3^4*7^4*13^2*17^2
3380	9500400900	315	2^2*3^6*5^2*19^4
3381	9506250000	405	2^4*3^2*5^8*13^2
3382	9541773124	75	2^2*13^4*17^4
3383	9556040025	189	3^2*5^2*7^6*19^2
3384	9567187344	675	2^4*3^4*11^2*13^2*19^2
3385	9588326400	675	2^14*3^4*5^2*17^2
3386	9604000000	315	2^8*5^6*7^4
3387	9605960100	405	2^2*3^8*5^2*11^4
3388	9623217604	189	2^2*7^6*11^2*13^2
3389	9638330625	405	3^2*5^4*7^2*11^2*17^2
3390	9641668864	135	2^8*17^2*19^4
3391	9655027600	105	2^4*5^2*17^6
3392	9658958400	1323	2^6*3^6*5^2*7^2*13^2
3393	9663676416	93	2^30*3^2
3394	9685512225	57	3^18*5^2
3395	9701462016	351	2^12*3^8*19^2
3396	9712693809	135	3^2*7^2*13^2*19^4
3397	9714073600	459	2^16*5^2*7^2*11^2
3398	9748797696	405	2^8*3^2*11^4*17^2
3399	9758278656	385	2^10*3^4*7^6
3400	9761440000	405	2^8*5^4*13^2*19^2
3401	9768950244	225	2^2*3^4*17^4*19^2
3402	9774288225	105	3^4*5^2*13^6
3403	9801000000	735	2^6*3^4*5^6*11^2
3404	9802584064	351	2^12*7^2*13^2*17^2
3405	9820611801	225	3^4*7^2*11^4*13^2
3406	9826162129	35	7^6*17^4
3407	9829532736	273	2^6*3^12*17^2
3408	9845600625	225	3^8*5^4*7^4
3409	9855525625	75	5^4*11^2*19^4
3410	9874794384	375	2^4*3^2*7^4*13^4
3411	9890302500	675	2^2*3^4*5^4*13^2*17^2
3412	9897066256	405	2^4*7^2*11^2*17^2*19^2
3413	9950062500	567	2^2*3^2*5^6*7^2*19^2
3414	9958443264	729	2^8*3^8*7^2*11^2
3415	9965030625	105	3^2*5^4*11^6
3416	9968025600	513	2^18*3^2*5^2*13^2
3417	9992001600	945	2^6*3^2*5^2*7^4*17^2
3418	10000000000	121	2^10*5^10
