id	n	tau	factorization
0	1	1	1
1	2	2	2^1
2	3	2	3^1
3	4	3	2^2
4	6	4	2^1*3^1
5	8	4	2^3
6	9	3	3^2
7	10	4	2^1*5^1
8	12	6	2^2*3^1
9	15	4	3^1*5^1
10	16	5	2^4
11	18	6	2^1*3^2
12	24	8	2^3*3^1
13	25	3	5^2
14	27	4	3^3
15	32	6	2^5
16	36	9	2^2*3^2
17	40	8	2^3*5^1
18	48	10	2^4*3^1
19	49	3	7^2
20	50	6	2^1*5^2
21	54	8	2^1*3^3
22	60	12	2^2*3^1*5^1
23	64	7	2^6
24	72	12	2^3*3^2
25	75	6	3^1*5^2
26	81	5	3^4
27	90	12	2^1*3^2*5^1
28	96	12	2^5*3^1
29	98	6	2^1*7^2
30	100	9	2^2*5^2
31	108	12	2^2*3^3
32	121	3	11^2
33	128	8	2^7
34	135	8	3^3*5^1
35	144	15	2^4*3^2
36	147	6	3^1*7^2
37	150	12	2^1*3^1*5^2
38	160	12	2^5*5^1
39	162	10	2^1*3^4
40	169	3	13^2
41	192	14	2^6*3^1
42	196	9	2^2*7^2
43	200	12	2^3*5^2
44	216	16	2^3*3^3
45	225	9	3^2*5^2
46	240	20	2^4*3^1*5^1
47	242	6	2^1*11^2
48	243	6	3^5
49	250	8	2^1*5^3
50	256	9	2^8
51	288	18	2^5*3^2
52	289	3	17^2
53	294	12	2^1*3^1*7^2
54	300	18	2^2*3^1*5^2
55	324	15	2^2*3^4
56	338	6	2^1*13^2
57	360	24	2^3*3^2*5^1
58	361	3	19^2
59	363	6	3^1*11^2
60	375	8	3^1*5^3
61	384	16	2^7*3^1
62	392	12	2^3*7^2
63	400	15	2^4*5^2
64	432	20	2^4*3^3
65	441	9	3^2*7^2
66	450	18	2^1*3^2*5^2
67	484	9	2^2*11^2
68	486	12	2^1*3^5
69	490	12	2^1*5^1*7^2
70	507	6	3^1*13^2
71	512	10	2^9
72	529	3	23^2
73	540	24	2^2*3^3*5^1
74	576	21	2^6*3^2
75	578	6	2^1*17^2
76	588	18	2^2*3^1*7^2
77	600	24	2^3*3^1*5^2
78	625	5	5^4
79	640	16	2^7*5^1
80	648	20	2^3*3^4
81	675	12	3^3*5^2
82	676	9	2^2*13^2
83	722	6	2^1*19^2
84	726	12	2^1*3^1*11^2
85	729	7	3^6
86	735	12	3^1*5^1*7^2
87	768	18	2^8*3^1
88	784	15	2^4*7^2
89	800	18	2^5*5^2
90	810	20	2^1*3^4*5^1
91	841	3	29^2
92	864	24	2^5*3^3
93	867	6	3^1*17^2
94	882	18	2^1*3^2*7^2
95	900	27	2^2*3^2*5^2
96	960	28	2^6*3^1*5^1
97	968	12	2^3*11^2
98	972	18	2^2*3^5
99	1000	16	2^3*5^3
100	1014	12	2^1*3^1*13^2
101	1024	11	2^10
102	1058	6	2^1*23^2
103	1083	6	3^1*19^2
104	1089	9	3^2*11^2
105	1152	24	2^7*3^2
106	1156	9	2^2*17^2
107	1176	24	2^3*3^1*7^2
108	1200	30	2^4*3^1*5^2
109	1210	12	2^1*5^1*11^2
110	1215	12	3^5*5^1
111	1225	9	5^2*7^2
112	1250	10	2^1*5^4
113	1296	25	2^4*3^4
114	1323	12	3^3*7^2
115	1350	24	2^1*3^3*5^2
116	1352	12	2^3*13^2
117	1440	36	2^5*3^2*5^1
118	1444	9	2^2*19^2
119	1452	18	2^2*3^1*11^2
120	1458	14	2^1*3^6
121	1500	24	2^2*3^1*5^3
122	1521	9	3^2*13^2
123	1536	20	2^9*3^1
124	1568	18	2^5*7^2
125	1587	6	3^1*23^2
126	1600	21	2^6*5^2
127	1682	6	2^1*29^2
128	1690	12	2^1*5^1*13^2
129	1728	28	2^6*3^3
130	1734	12	2^1*3^1*17^2
131	1764	27	2^2*3^2*7^2
132	1800	36	2^3*3^2*5^2
133	1815	12	3^1*5^1*11^2
134	1875	10	3^1*5^4
135	1936	15	2^4*11^2
136	1944	24	2^3*3^5
137	1960	24	2^3*5^1*7^2
138	2025	15	3^4*5^2
139	2028	18	2^2*3^1*13^2
140	2048	12	2^11
141	2116	9	2^2*23^2
142	2160	40	2^4*3^3*5^1
143	2166	12	2^1*3^1*19^2
144	2178	18	2^1*3^2*11^2
145	2187	8	3^7
146	2250	24	2^1*3^2*5^3
147	2304	27	2^8*3^2
148	2312	12	2^3*17^2
149	2352	30	2^4*3^1*7^2
150	2400	36	2^5*3^1*5^2
151	2401	5	7^4
152	2450	18	2^1*5^2*7^2
153	2500	15	2^2*5^4
154	2523	6	3^1*29^2
155	2535	12	3^1*5^1*13^2
156	2560	20	2^9*5^1
157	2592	30	2^5*3^4
158	2601	9	3^2*17^2
159	2646	24	2^1*3^3*7^2
160	2700	36	2^2*3^3*5^2
161	2704	15	2^4*13^2
162	2888	12	2^3*19^2
163	2890	12	2^1*5^1*17^2
164	2904	24	2^3*3^1*11^2
165	2916	21	2^2*3^6
166	2940	36	2^2*3^1*5^1*7^2
167	3025	9	5^2*11^2
168	3042	18	2^1*3^2*13^2
169	3072	22	2^10*3^1
170	3136	21	2^6*7^2
171	3174	12	2^1*3^1*23^2
172	3200	24	2^7*5^2
173	3240	40	2^3*3^4*5^1
174	3249	9	3^2*19^2
175	3267	12	3^3*11^2
176	3364	9	2^2*29^2
177	3375	16	3^3*5^3
178	3456	32	2^7*3^3
179	3468	18	2^2*3^1*17^2
180	3528	36	2^3*3^2*7^2
181	3600	45	2^4*3^2*5^2
182	3610	12	2^1*5^1*19^2
183	3675	18	3^1*5^2*7^2
184	3750	20	2^1*3^1*5^4
185	3840	36	2^8*3^1*5^1
186	3872	18	2^5*11^2
187	3888	30	2^4*3^5
188	3969	15	3^4*7^2
189	4000	24	2^5*5^3
190	4050	30	2^1*3^4*5^2
191	4056	24	2^3*3^1*13^2
192	4096	13	2^12
193	4225	9	5^2*13^2
194	4232	12	2^3*23^2
195	4332	18	2^2*3^1*19^2
196	4335	12	3^1*5^1*17^2
197	4356	27	2^2*3^2*11^2
198	4374	16	2^1*3^7
199	4410	36	2^1*3^2*5^1*7^2
200	4563	12	3^3*13^2
201	4608	30	2^9*3^2
202	4624	15	2^4*17^2
203	4704	36	2^5*3^1*7^2
204	4761	9	3^2*23^2
205	4800	42	2^6*3^1*5^2
206	4802	10	2^1*7^4
207	4840	24	2^3*5^1*11^2
208	4860	36	2^2*3^5*5^1
209	4900	27	2^2*5^2*7^2
210	5000	20	2^3*5^4
211	5046	12	2^1*3^1*29^2
212	5184	35	2^6*3^4
213	5202	18	2^1*3^2*17^2
214	5290	12	2^1*5^1*23^2
215	5292	36	2^2*3^3*7^2
216	5400	48	2^3*3^3*5^2
217	5408	18	2^5*13^2
218	5415	12	3^1*5^1*19^2
219	5625	15	3^2*5^4
220	5760	48	2^7*3^2*5^1
221	5776	15	2^4*19^2
222	5808	30	2^4*3^1*11^2
223	5832	28	2^3*3^6
224	5929	9	7^2*11^2
225	6000	40	2^4*3^1*5^3
226	6050	18	2^1*5^2*11^2
227	6075	18	3^5*5^2
228	6084	27	2^2*3^2*13^2
229	6144	24	2^11*3^1
230	6250	12	2^1*5^5
231	6272	24	2^7*7^2
232	6348	18	2^2*3^1*23^2
233	6400	27	2^8*5^2
234	6498	18	2^1*3^2*19^2
235	6534	24	2^1*3^3*11^2
236	6561	9	3^8
237	6615	24	3^3*5^1*7^2
238	6728	12	2^3*29^2
239	6760	24	2^3*5^1*13^2
240	6912	36	2^8*3^3
241	6936	24	2^3*3^1*17^2
242	7056	45	2^4*3^2*7^2
243	7200	54	2^5*3^2*5^2
244	7203	10	3^1*7^4
245	7225	9	5^2*17^2
246	7260	36	2^2*3^1*5^1*11^2
247	7290	28	2^1*3^6*5^1
248	7350	36	2^1*3^1*5^2*7^2
249	7500	30	2^2*3^1*5^4
250	7569	9	3^2*29^2
251	7744	21	2^6*11^2
252	7776	36	2^5*3^5
253	7803	12	3^3*17^2
254	7840	36	2^5*5^1*7^2
255	7935	12	3^1*5^1*23^2
256	7938	30	2^1*3^4*7^2
257	8100	45	2^2*3^4*5^2
258	8112	30	2^4*3^1*13^2
259	8192	14	2^13
260	8281	9	7^2*13^2
261	8410	12	2^1*5^1*29^2
262	8450	18	2^1*5^2*13^2
263	8464	15	2^4*23^2
264	8640	56	2^6*3^3*5^1
265	8664	24	2^3*3^1*19^2
266	8712	36	2^3*3^2*11^2
267	8748	24	2^2*3^7
268	9000	48	2^3*3^2*5^3
269	9025	9	5^2*19^2
270	9075	18	3^1*5^2*11^2
271	9126	24	2^1*3^3*13^2
272	9216	33	2^10*3^2
273	9248	18	2^5*17^2
274	9375	12	3^1*5^5
275	9408	42	2^6*3^1*7^2
276	9522	18	2^1*3^2*23^2
277	9600	48	2^7*3^1*5^2
278	9604	15	2^2*7^4
279	9747	12	3^3*19^2
280	9800	36	2^3*5^2*7^2
281	9801	15	3^4*11^2
282	10000	25	2^4*5^4
283	10092	18	2^2*3^1*29^2
284	10140	36	2^2*3^1*5^1*13^2
285	10240	24	2^11*5^1
286	10368	40	2^7*3^4
287	10404	27	2^2*3^2*17^2
288	10584	48	2^3*3^3*7^2
289	10800	60	2^4*3^3*5^2
290	10816	21	2^6*13^2
291	10890	36	2^1*3^2*5^1*11^2
292	10935	16	3^7*5^1
293	11025	27	3^2*5^2*7^2
294	11250	30	2^1*3^2*5^4
295	11552	18	2^5*19^2
296	11560	24	2^3*5^1*17^2
297	11616	36	2^5*3^1*11^2
298	11664	35	2^4*3^6
299	11760	60	2^4*3^1*5^1*7^2
300	11858	18	2^1*7^2*11^2
301	11907	18	3^5*7^2
302	12100	27	2^2*5^2*11^2
303	12150	36	2^1*3^5*5^2
304	12168	36	2^3*3^2*13^2
305	12250	24	2^1*5^3*7^2
306	12288	26	2^12*3^1
307	12544	27	2^8*7^2
308	12615	12	3^1*5^1*29^2
309	12675	18	3^1*5^2*13^2
310	12696	24	2^3*3^1*23^2
311	12800	30	2^9*5^2
312	12960	60	2^5*3^4*5^1
313	12996	27	2^2*3^2*19^2
314	13068	36	2^2*3^3*11^2
315	13122	18	2^1*3^8
316	13225	9	5^2*23^2
317	13456	15	2^4*29^2
318	13500	48	2^2*3^3*5^3
319	13689	15	3^4*13^2
320	13824	40	2^9*3^3
321	13872	30	2^4*3^1*17^2
322	14112	54	2^5*3^2*7^2
323	14161	9	7^2*17^2
324	14283	12	3^3*23^2
325	14400	63	2^6*3^2*5^2
326	14406	20	2^1*3^1*7^4
327	14440	24	2^3*5^1*19^2
328	14450	18	2^1*5^2*17^2
329	14641	5	11^4
330	14700	54	2^2*3^1*5^2*7^2
331	15000	40	2^3*3^1*5^4
332	15138	18	2^1*3^2*29^2
333	15210	36	2^1*3^2*5^1*13^2
334	15360	44	2^10*3^1*5^1
335	15488	24	2^7*11^2
336	15552	42	2^6*3^5
337	15606	24	2^1*3^3*17^2
338	15625	7	5^6
339	15876	45	2^2*3^4*7^2
340	16000	32	2^7*5^3
341	16200	60	2^3*3^4*5^2
342	16224	36	2^5*3^1*13^2
343	16335	24	3^3*5^1*11^2
344	16384	15	2^14
345	16562	18	2^1*7^2*13^2
346	16875	20	3^3*5^4
347	16900	27	2^2*5^2*13^2
348	16928	18	2^5*23^2
349	17328	30	2^4*3^1*19^2
350	17340	36	2^2*3^1*5^1*17^2
351	17424	45	2^4*3^2*11^2
352	17496	32	2^3*3^7
353	17640	72	2^3*3^2*5^1*7^2
354	17689	9	7^2*19^2
355	17787	18	3^1*7^2*11^2
356	18050	18	2^1*5^2*19^2
357	18150	36	2^1*3^1*5^2*11^2
358	18225	21	3^6*5^2
359	18252	36	2^2*3^3*13^2
360	18375	24	3^1*5^3*7^2
361	18432	36	2^11*3^2
362	18496	21	2^6*17^2
363	18816	48	2^7*3^1*7^2
364	19044	27	2^2*3^2*23^2
365	19200	54	2^8*3^1*5^2
366	19208	20	2^3*7^4
367	19360	36	2^5*5^1*11^2
368	19440	60	2^4*3^5*5^1
369	19494	24	2^1*3^3*19^2
370	19600	45	2^4*5^2*7^2
371	19602	30	2^1*3^4*11^2
372	19683	10	3^9
373	20000	30	2^5*5^4
374	20184	24	2^3*3^1*29^2
375	20250	40	2^1*3^4*5^3
376	20449	9	11^2*13^2
377	20736	45	2^8*3^4
378	20808	36	2^3*3^2*17^2
379	21025	9	5^2*29^2
380	21160	24	2^3*5^1*23^2
381	21168	60	2^4*3^3*7^2
382	21600	72	2^5*3^3*5^2
383	21609	15	3^2*7^4
384	21632	24	2^7*13^2
385	21660	36	2^2*3^1*5^1*19^2
386	21675	18	3^1*5^2*17^2
387	22050	54	2^1*3^2*5^2*7^2
388	22500	45	2^2*3^2*5^4
389	22707	12	3^3*29^2
390	22815	24	3^3*5^1*13^2
391	23040	60	2^9*3^2*5^1
392	23104	21	2^6*19^2
393	23232	42	2^6*3^1*11^2
394	23328	42	2^5*3^6
395	23409	15	3^4*17^2
396	23716	27	2^2*7^2*11^2
397	23814	36	2^1*3^5*7^2
398	24000	56	2^6*3^1*5^3
399	24010	20	2^1*5^1*7^4
400	24200	36	2^3*5^2*11^2
401	24300	54	2^2*3^5*5^2
402	24336	45	2^4*3^2*13^2
403	24576	28	2^13*3^1
404	24843	18	3^1*7^2*13^2
405	25000	24	2^3*5^5
406	25088	30	2^9*7^2
407	25350	36	2^1*3^1*5^2*13^2
408	25392	30	2^4*3^1*23^2
409	25600	33	2^10*5^2
410	25921	9	7^2*23^2
411	25992	36	2^3*3^2*19^2
412	26010	36	2^1*3^2*5^1*17^2
413	26136	48	2^3*3^3*11^2
414	26244	27	2^2*3^8
415	26450	18	2^1*5^2*23^2
416	26460	72	2^2*3^3*5^1*7^2
417	26912	18	2^5*29^2
418	27040	36	2^5*5^1*13^2
419	27075	18	3^1*5^2*19^2
420	27225	27	3^2*5^2*11^2
421	27378	30	2^1*3^4*13^2
422	27648	44	2^10*3^3
423	27744	36	2^5*3^1*17^2
424	28224	63	2^6*3^2*7^2
425	28322	18	2^1*7^2*17^2
426	28561	5	13^4
427	28566	24	2^1*3^3*23^2
428	28800	72	2^7*3^2*5^2
429	28812	30	2^2*3^1*7^4
430	28900	27	2^2*5^2*17^2
431	29040	60	2^4*3^1*5^1*11^2
432	29160	56	2^3*3^6*5^1
433	29241	15	3^4*19^2
434	29282	10	2^1*11^4
435	29400	72	2^3*3^1*5^2*7^2
436	29403	18	3^5*11^2
437	30000	50	2^4*3^1*5^4
438	30250	24	2^1*5^3*11^2
439	30276	27	2^2*3^2*29^2
440	30375	24	3^5*5^3
441	30625	15	5^4*7^2
442	30976	27	2^8*11^2
443	31104	48	2^7*3^5
444	31212	36	2^2*3^3*17^2
445	31250	14	2^1*5^6
446	31360	48	2^7*5^1*7^2
447	31740	36	2^2*3^1*5^1*23^2
448	31752	60	2^3*3^4*7^2
449	32400	75	2^4*3^4*5^2
450	32448	42	2^6*3^1*13^2
451	32490	36	2^1*3^2*5^1*19^2
452	32768	16	2^15
453	33075	36	3^3*5^2*7^2
454	33124	27	2^2*7^2*13^2
455	33640	24	2^3*5^1*29^2
456	33750	40	2^1*3^3*5^4
457	33800	36	2^3*5^2*13^2
458	33856	21	2^6*23^2
459	34560	72	2^8*3^3*5^1
460	34656	36	2^5*3^1*19^2
461	34848	54	2^5*3^2*11^2
462	34969	9	11^2*17^2
463	34992	40	2^4*3^7
464	35378	18	2^1*7^2*19^2
465	35574	36	2^1*3^1*7^2*11^2
466	35721	21	3^6*7^2
467	36000	72	2^5*3^2*5^3
468	36015	20	3^1*5^1*7^4
469	36100	27	2^2*5^2*19^2
470	36300	54	2^2*3^1*5^2*11^2
471	36450	42	2^1*3^6*5^2
472	36504	48	2^3*3^3*13^2
473	36864	39	2^12*3^2
474	36992	24	2^7*17^2
475	37500	36	2^2*3^1*5^5
476	37632	54	2^8*3^1*7^2
477	38025	27	3^2*5^2*13^2
478	38088	36	2^3*3^2*23^2
479	38400	60	2^9*3^1*5^2
480	38416	25	2^4*7^4
481	38988	36	2^2*3^3*19^2
482	39015	24	3^3*5^1*17^2
483	39200	54	2^5*5^2*7^2
484	39204	45	2^2*3^4*11^2
485	39366	20	2^1*3^9
486	39675	18	3^1*5^2*23^2
487	39690	60	2^1*3^4*5^1*7^2
488	40000	35	2^6*5^4
489	40368	30	2^4*3^1*29^2
490	40560	60	2^4*3^1*5^1*13^2
491	40898	18	2^1*11^2*13^2
492	40960	28	2^13*5^1
493	41067	18	3^5*13^2
494	41209	9	7^2*29^2
495	41472	50	2^9*3^4
496	41616	45	2^4*3^2*17^2
497	42050	18	2^1*5^2*29^2
498	42250	24	2^1*5^3*13^2
499	42336	72	2^5*3^3*7^2
500	42483	18	3^1*7^2*17^2
501	42849	15	3^4*23^2
502	43200	84	2^6*3^3*5^2
503	43218	30	2^1*3^2*7^4
504	43264	27	2^8*13^2
505	43350	36	2^1*3^1*5^2*17^2
506	43560	72	2^3*3^2*5^1*11^2
507	43681	9	11^2*19^2
508	43740	48	2^2*3^7*5^1
509	43923	10	3^1*11^4
510	44100	81	2^2*3^2*5^2*7^2
511	45000	60	2^3*3^2*5^4
512	45375	24	3^1*5^3*11^2
513	45414	24	2^1*3^3*29^2
514	46208	24	2^7*19^2
515	46240	36	2^5*5^1*17^2
516	46464	48	2^7*3^1*11^2
517	46656	49	2^6*3^6
518	46818	30	2^1*3^4*17^2
519	46875	14	3^1*5^6
520	47040	84	2^6*3^1*5^1*7^2
521	47432	36	2^3*7^2*11^2
522	47610	36	2^1*3^2*5^1*23^2
523	47628	54	2^2*3^5*7^2
524	48400	45	2^4*5^2*11^2
525	48600	72	2^3*3^5*5^2
526	48672	54	2^5*3^2*13^2
527	48735	24	3^3*5^1*19^2
528	48841	9	13^2*17^2
529	49000	48	2^3*5^3*7^2
530	49152	30	2^14*3^1
531	49686	36	2^1*3^1*7^2*13^2
532	50176	33	2^10*7^2
533	50460	36	2^2*3^1*5^1*29^2
534	50625	25	3^4*5^4
535	50700	54	2^2*3^1*5^2*13^2
536	50784	36	2^5*3^1*23^2
537	51200	36	2^11*5^2
538	51840	80	2^7*3^4*5^1
539	51842	18	2^1*7^2*23^2
540	51984	45	2^4*3^2*19^2
541	52272	60	2^4*3^3*11^2
542	52488	36	2^3*3^8
543	52900	27	2^2*5^2*23^2
544	53067	18	3^1*7^2*19^2
545	53361	27	3^2*7^2*11^2
546	53824	21	2^6*29^2
547	54000	80	2^4*3^3*5^3
548	54150	36	2^1*3^1*5^2*19^2
549	54450	54	2^1*3^2*5^2*11^2
550	54675	24	3^7*5^2
551	54756	45	2^2*3^4*13^2
552	55296	48	2^11*3^3
553	55488	42	2^6*3^1*17^2
554	56250	36	2^1*3^2*5^5
555	56448	72	2^7*3^2*7^2
556	56644	27	2^2*7^2*17^2
557	57122	10	2^1*13^4
558	57132	36	2^2*3^3*23^2
559	57600	81	2^8*3^2*5^2
560	57624	40	2^3*3^1*7^4
561	57760	36	2^5*5^1*19^2
562	57800	36	2^3*5^2*17^2
563	58482	30	2^1*3^4*19^2
564	58564	15	2^2*11^4
565	58800	90	2^4*3^1*5^2*7^2
566	58806	36	2^1*3^5*11^2
567	59049	11	3^10
568	59290	36	2^1*5^1*7^2*11^2
569	59535	36	3^5*5^1*7^2
570	60000	60	2^5*3^1*5^4
571	60025	15	5^2*7^4
572	60552	36	2^3*3^2*29^2
573	60840	72	2^3*3^2*5^1*13^2
574	61009	9	13^2*19^2
575	61250	30	2^1*5^4*7^2
576	61347	18	3^1*11^2*13^2
577	61440	52	2^12*3^1*5^1
578	61952	30	2^9*11^2
579	62208	54	2^8*3^5
580	62424	48	2^3*3^3*17^2
581	62500	21	2^2*5^6
582	63075	18	3^1*5^2*29^2
583	63375	24	3^1*5^3*13^2
584	63504	75	2^4*3^4*7^2
585	64000	40	2^9*5^3
586	64009	9	11^2*23^2
587	64800	90	2^5*3^4*5^2
588	64827	20	3^3*7^4
589	64896	48	2^7*3^1*13^2
590	65025	27	3^2*5^2*17^2
591	65340	72	2^2*3^3*5^1*11^2
592	65536	17	2^16
593	65610	36	2^1*3^8*5^1
594	66150	72	2^1*3^3*5^2*7^2
595	66248	36	2^3*7^2*13^2
596	67500	60	2^2*3^3*5^4
597	67600	45	2^4*5^2*13^2
598	67712	24	2^7*23^2
599	68121	15	3^4*29^2
600	69312	42	2^6*3^1*19^2
601	69360	60	2^4*3^1*5^1*17^2
602	69696	63	2^6*3^2*11^2
603	69938	18	2^1*11^2*17^2
604	69984	48	2^5*3^7
605	70227	18	3^5*17^2
606	70560	108	2^5*3^2*5^1*7^2
607	70756	27	2^2*7^2*19^2
608	71148	54	2^2*3^1*7^2*11^2
609	71415	24	3^3*5^1*23^2
610	71442	42	2^1*3^6*7^2
611	72200	36	2^3*5^2*19^2
612	72250	24	2^1*5^3*17^2
613	72600	72	2^3*3^1*5^2*11^2
614	72900	63	2^2*3^6*5^2
615	73008	60	2^4*3^3*13^2
616	73500	72	2^2*3^1*5^3*7^2
617	73728	42	2^13*3^2
618	73984	27	2^8*17^2
619	74529	27	3^2*7^2*13^2
620	75264	60	2^9*3^1*7^2
621	75625	15	5^4*11^2
622	75690	36	2^1*3^2*5^1*29^2
623	76050	54	2^1*3^2*5^2*13^2
624	76176	45	2^4*3^2*23^2
625	76800	66	2^10*3^1*5^2
626	76832	30	2^5*7^4
627	77440	48	2^7*5^1*11^2
628	77760	84	2^6*3^5*5^1
629	77763	18	3^1*7^2*23^2
630	77976	48	2^3*3^3*19^2
631	78400	63	2^6*5^2*7^2
632	78408	60	2^3*3^4*11^2
633	78732	30	2^2*3^9
634	79350	36	2^1*3^1*5^2*23^2
635	80000	40	2^7*5^4
636	80736	36	2^5*3^1*29^2
637	81000	80	2^3*3^4*5^3
638	81225	27	3^2*5^2*19^2
639	81675	36	3^3*5^2*11^2
640	81796	27	2^2*11^2*13^2
641	82134	36	2^1*3^5*13^2
642	82418	18	2^1*7^2*29^2
643	82810	36	2^1*5^1*7^2*13^2
644	82944	55	2^10*3^4
645	83232	54	2^5*3^2*17^2
646	83521	5	17^4
647	84100	27	2^2*5^2*29^2
648	84375	24	3^3*5^5
649	84640	36	2^5*5^1*23^2
650	84672	84	2^6*3^3*7^2
651	84966	36	2^1*3^1*7^2*17^2
652	85683	10	3^1*13^4
653	85698	30	2^1*3^4*23^2
654	86400	96	2^7*3^3*5^2
655	86436	45	2^2*3^2*7^4
656	86528	30	2^9*13^2
657	86640	60	2^4*3^1*5^1*19^2
658	86700	54	2^2*3^1*5^2*17^2
659	87362	18	2^1*11^2*19^2
660	87723	18	3^5*19^2
661	87846	20	2^1*3^1*11^4
662	88200	108	2^3*3^2*5^2*7^2
663	88209	21	3^6*11^2
664	88935	36	3^1*5^1*7^2*11^2
665	89401	9	13^2*23^2
666	90000	75	2^4*3^2*5^4
667	90250	24	2^1*5^3*19^2
668	90828	36	2^2*3^3*29^2
669	91260	72	2^2*3^3*5^1*13^2
670	91875	30	3^1*5^4*7^2
671	92160	72	2^11*3^2*5^1
672	92416	27	2^8*19^2
673	92928	54	2^8*3^1*11^2
674	93312	56	2^7*3^6
675	93636	45	2^2*3^4*17^2
676	93750	28	2^1*3^1*5^6
677	94864	45	2^4*7^2*11^2
678	95256	72	2^3*3^5*7^2
679	96000	72	2^8*3^1*5^3
680	96040	40	2^3*5^1*7^4
681	96800	54	2^5*5^2*11^2
682	97200	90	2^4*3^5*5^2
683	97344	63	2^6*3^2*13^2
684	97682	18	2^1*13^2*17^2
685	98010	60	2^1*3^4*5^1*11^2
686	98304	32	2^15*3^1
687	98415	20	3^9*5^1
688	99225	45	3^4*5^2*7^2
689	99372	54	2^2*3^1*7^2*13^2
690	100000	36	2^5*5^5
691	100352	36	2^11*7^2
692	101250	50	2^1*3^4*5^4
693	101400	72	2^3*3^1*5^2*13^2
694	101568	42	2^6*3^1*23^2
695	101761	9	11^2*29^2
696	102400	39	2^12*5^2
697	103684	27	2^2*7^2*23^2
698	103968	54	2^5*3^2*19^2
699	104040	72	2^3*3^2*5^1*17^2
700	104329	9	17^2*19^2
701	104544	72	2^5*3^3*11^2
702	104907	18	3^1*11^2*17^2
703	104976	45	2^4*3^8
704	105625	15	5^4*13^2
705	105800	36	2^3*5^2*23^2
706	105840	120	2^4*3^3*5^1*7^2
707	106134	36	2^1*3^1*7^2*19^2
708	106722	54	2^1*3^2*7^2*11^2
709	107163	24	3^7*7^2
710	107648	24	2^7*29^2
711	108160	48	2^7*5^1*13^2
712	108300	54	2^2*3^1*5^2*19^2
713	108375	24	3^1*5^3*17^2
714	108900	81	2^2*3^2*5^2*11^2
715	109350	48	2^1*3^7*5^2
716	109512	60	2^3*3^4*13^2
717	110250	72	2^1*3^2*5^3*7^2
718	110592	52	2^12*3^3
719	110976	48	2^7*3^1*17^2
720	112896	81	2^8*3^2*7^2
721	113288	36	2^3*7^2*17^2
722	113535	24	3^3*5^1*29^2
723	114075	36	3^3*5^2*13^2
724	114244	15	2^2*13^4
725	114264	48	2^3*3^3*23^2
726	115200	90	2^9*3^2*5^2
727	115248	50	2^4*3^1*7^4
728	115600	45	2^4*5^2*17^2
729	116160	84	2^6*3^1*5^1*11^2
730	116640	84	2^5*3^6*5^1
731	116964	45	2^2*3^4*19^2
732	117128	20	2^3*11^4
733	117600	108	2^5*3^1*5^2*7^2
734	117612	54	2^2*3^5*11^2
735	117649	7	7^6
736	118098	22	2^1*3^10
737	119025	27	3^2*5^2*23^2
738	120000	70	2^6*3^1*5^4
739	120050	30	2^1*5^2*7^4
740	121000	48	2^3*5^3*11^2
741	121104	45	2^4*3^2*29^2
742	121500	72	2^2*3^5*5^3
743	122018	18	2^1*13^2*19^2
744	122500	45	2^2*5^4*7^2
745	122694	36	2^1*3^1*11^2*13^2
746	123201	21	3^6*13^2
747	123627	18	3^1*7^2*29^2
748	123904	33	2^10*11^2
749	124215	36	3^1*5^1*7^2*13^2
750	124416	60	2^9*3^5
751	124848	60	2^4*3^3*17^2
752	125000	28	2^3*5^6
753	125440	60	2^9*5^1*7^2
754	126150	36	2^1*3^1*5^2*29^2
755	126960	60	2^4*3^1*5^1*23^2
756	127008	90	2^5*3^4*7^2
757	127449	27	3^2*7^2*17^2
758	128018	18	2^1*11^2*23^2
759	128547	18	3^5*23^2
760	129600	105	2^6*3^4*5^2
761	129654	40	2^1*3^3*7^4
762	129792	54	2^8*3^1*13^2
763	129960	72	2^3*3^2*5^1*19^2
764	130050	54	2^1*3^2*5^2*17^2
765	130321	5	19^4
766	131043	18	3^1*11^2*19^2
767	131072	18	2^17
768	131769	15	3^2*11^4
769	132250	24	2^1*5^3*23^2
770	132300	108	2^2*3^3*5^2*7^2
771	132496	45	2^4*7^2*13^2
772	134560	36	2^5*5^1*29^2
773	135000	80	2^3*3^3*5^4
774	135200	54	2^5*5^2*13^2
775	135375	24	3^1*5^3*19^2
776	135424	27	2^8*23^2
777	136242	30	2^1*3^4*29^2
778	136890	60	2^1*3^4*5^1*13^2
779	138240	88	2^10*3^3*5^1
780	138624	48	2^7*3^1*19^2
781	139392	72	2^7*3^2*11^2
782	139876	27	2^2*11^2*17^2
783	139968	56	2^6*3^7
784	140454	36	2^1*3^5*17^2
785	140625	21	3^2*5^6
786	141512	36	2^3*7^2*19^2
787	141610	36	2^1*5^1*7^2*17^2
788	142129	9	13^2*29^2
789	142296	72	2^3*3^1*7^2*11^2
790	142884	63	2^2*3^6*7^2
791	144000	96	2^7*3^2*5^3
792	144060	60	2^2*3^1*5^1*7^4
793	144400	45	2^4*5^2*19^2
794	145200	90	2^4*3^1*5^2*11^2
795	145800	84	2^3*3^6*5^2
796	146016	72	2^5*3^3*13^2
797	146410	20	2^1*5^1*11^4
798	146523	18	3^1*13^2*17^2
799	147015	36	3^5*5^1*11^2
800	147456	45	2^14*3^2
801	147968	30	2^9*17^2
802	148225	27	5^2*7^2*11^2
803	149058	54	2^1*3^2*7^2*13^2
804	150000	60	2^4*3^1*5^5
805	150528	66	2^10*3^1*7^2
806	151250	30	2^1*5^4*11^2
807	151875	30	3^5*5^4
808	152100	81	2^2*3^2*5^2*13^2
809	152352	54	2^5*3^2*23^2
810	152881	9	17^2*23^2
811	153600	72	2^11*3^1*5^2
812	153664	35	2^6*7^4
813	155526	36	2^1*3^1*7^2*23^2
814	155952	60	2^4*3^3*19^2
815	156060	72	2^2*3^3*5^1*17^2
816	156250	16	2^1*5^7
817	156800	72	2^7*5^2*7^2
818	156816	75	2^4*3^4*11^2
819	157464	40	2^3*3^9
820	158700	54	2^2*3^1*5^2*23^2
821	158760	120	2^3*3^4*5^1*7^2
822	159201	27	3^2*7^2*19^2
823	160000	45	2^8*5^4
824	160083	36	3^3*7^2*11^2
825	161472	42	2^6*3^1*29^2
826	162240	84	2^6*3^1*5^1*13^2
827	162450	54	2^1*3^2*5^2*19^2
828	163350	72	2^1*3^3*5^2*11^2
829	163592	36	2^3*11^2*13^2
830	163840	32	2^15*5^1
831	164025	27	3^8*5^2
832	164268	54	2^2*3^5*13^2
833	164836	27	2^2*7^2*29^2
834	165375	48	3^3*5^3*7^2
835	165888	60	2^11*3^4
836	166464	63	2^6*3^2*17^2
837	167042	10	2^1*17^4
838	168200	36	2^3*5^2*29^2
839	169000	48	2^3*5^3*13^2
840	169344	96	2^7*3^3*7^2
841	169932	54	2^2*3^1*7^2*17^2
842	171366	20	2^1*3^1*13^4
843	171396	45	2^2*3^4*23^2
844	172800	108	2^8*3^3*5^2
845	172872	60	2^3*3^2*7^4
846	173056	33	2^10*13^2
847	173400	72	2^3*3^1*5^2*17^2
848	174240	108	2^5*3^2*5^1*11^2
849	174724	27	2^2*11^2*19^2
850	174960	80	2^4*3^7*5^1
851	175446	36	2^1*3^5*19^2
852	175692	30	2^2*3^1*11^4
853	176400	135	2^4*3^2*5^2*7^2
854	176418	42	2^1*3^6*11^2
855	176890	36	2^1*5^1*7^2*19^2
856	177147	12	3^11
857	178802	18	2^1*13^2*23^2
858	180000	90	2^5*3^2*5^4
859	180075	30	3^1*5^2*7^4
860	180625	15	5^4*17^2
861	181500	72	2^2*3^1*5^3*11^2
862	181656	48	2^3*3^3*29^2
863	182250	56	2^1*3^6*5^3
864	183027	18	3^1*13^2*19^2
865	183750	60	2^1*3^1*5^4*7^2
866	184041	27	3^2*11^2*13^2
867	184832	30	2^9*19^2
868	184960	48	2^7*5^1*17^2
869	185856	60	2^9*3^1*11^2
870	186624	63	2^8*3^6
871	187272	60	2^3*3^4*17^2
872	187500	42	2^2*3^1*5^6
873	188160	108	2^8*3^1*5^1*7^2
874	189225	27	3^2*5^2*29^2
875	189728	54	2^5*7^2*11^2
876	190440	72	2^3*3^2*5^1*23^2
877	190512	90	2^4*3^5*7^2
878	190969	9	19^2*23^2
879	192027	18	3^1*11^2*23^2
880	193600	63	2^6*5^2*11^2
881	194400	108	2^5*3^5*5^2
882	194481	25	3^4*7^4
883	194688	72	2^7*3^2*13^2
884	194940	72	2^2*3^3*5^1*19^2
885	195075	36	3^3*5^2*17^2
886	195364	27	2^2*13^2*17^2
887	196000	72	2^5*5^3*7^2
888	196608	34	2^16*3^1
889	198375	24	3^1*5^3*23^2
890	198450	90	2^1*3^4*5^2*7^2
891	198744	72	2^3*3^1*7^2*13^2
892	200704	39	2^12*7^2
893	201840	60	2^4*3^1*5^1*29^2
894	202500	75	2^2*3^4*5^4
895	202800	90	2^4*3^1*5^2*13^2
896	203136	48	2^7*3^1*23^2
897	203522	18	2^1*11^2*29^2
898	204363	18	3^5*29^2
899	204490	36	2^1*5^1*11^2*13^2
900	204800	42	2^13*5^2
901	205335	36	3^5*5^1*13^2
902	207025	27	5^2*7^2*13^2
903	207360	100	2^9*3^4*5^1
904	207368	36	2^3*7^2*23^2
905	207936	63	2^6*3^2*19^2
906	208658	18	2^1*17^2*19^2
907	209088	84	2^6*3^3*11^2
908	209814	36	2^1*3^1*11^2*17^2
909	209952	54	2^5*3^8
910	210250	24	2^1*5^3*29^2
911	210681	21	3^6*17^2
912	211250	30	2^1*5^4*13^2
913	211600	45	2^4*5^2*23^2
914	212268	54	2^2*3^1*7^2*19^2
915	212415	36	3^1*5^1*7^2*17^2
916	213444	81	2^2*3^2*7^2*11^2
917	214326	48	2^1*3^7*7^2
918	215296	27	2^8*29^2
919	216000	112	2^6*3^3*5^3
920	216090	60	2^1*3^2*5^1*7^4
921	216600	72	2^3*3^1*5^2*19^2
922	217800	108	2^3*3^2*5^2*11^2
923	218700	72	2^2*3^7*5^2
924	219024	75	2^4*3^4*13^2
925	219615	20	3^1*5^1*11^4
926	221184	56	2^13*3^3
927	221952	54	2^8*3^1*17^2
928	223587	36	3^3*7^2*13^2
929	225000	72	2^3*3^2*5^5
930	225625	15	5^4*19^2
931	225792	90	2^9*3^2*7^2
932	226576	45	2^4*7^2*17^2
933	226875	30	3^1*5^4*11^2
934	228150	72	2^1*3^3*5^2*13^2
935	228488	20	2^3*13^4
936	228528	60	2^4*3^3*23^2
937	230400	99	2^10*3^2*5^2
938	230496	60	2^5*3^1*7^4
939	231040	48	2^7*5^1*19^2
940	231200	54	2^5*5^2*17^2
941	233289	27	3^2*7^2*23^2
942	233928	60	2^3*3^4*19^2
943	234090	60	2^1*3^4*5^1*17^2
944	234256	25	2^4*11^4
945	234375	16	3^1*5^7
946	235200	126	2^6*3^1*5^2*7^2
947	235224	72	2^3*3^5*11^2
948	235298	14	2^1*7^6
949	236196	33	2^2*3^10
950	237160	72	2^3*5^1*7^2*11^2
951	238050	54	2^1*3^2*5^2*23^2
952	238140	108	2^2*3^5*5^1*7^2
953	240000	80	2^7*3^1*5^4
954	240100	45	2^2*5^2*7^4
955	242208	54	2^5*3^2*29^2
956	243049	9	17^2*29^2
957	243360	108	2^5*3^2*5^1*13^2
958	243675	36	3^3*5^2*19^2
959	244036	27	2^2*13^2*19^2
960	245000	60	2^3*5^4*7^2
961	245025	45	3^4*5^2*11^2
962	245388	54	2^2*3^1*11^2*13^2
963	245760	60	2^14*3^1*5^1
964	246402	42	2^1*3^6*13^2
965	247254	36	2^1*3^1*7^2*29^2
966	247808	36	2^11*11^2
967	248832	66	2^10*3^5
968	249696	72	2^5*3^3*17^2
969	250000	35	2^4*5^6
970	250563	10	3^1*17^4
971	252300	54	2^2*3^1*5^2*29^2
972	253500	72	2^2*3^1*5^3*13^2
973	254016	105	2^6*3^4*7^2
974	254898	54	2^1*3^2*7^2*17^2
975	256000	48	2^11*5^3
976	256036	27	2^2*11^2*23^2
977	257049	15	3^2*13^4
978	257094	36	2^1*3^5*23^2
979	259200	120	2^7*3^4*5^2
980	259210	36	2^1*5^1*7^2*23^2
981	259308	60	2^2*3^3*7^4
982	259584	60	2^9*3^1*13^2
983	260100	81	2^2*3^2*5^2*17^2
984	260642	10	2^1*19^4
985	261360	120	2^4*3^3*5^1*11^2
986	262086	36	2^1*3^1*11^2*19^2
987	262144	19	2^18
988	262440	72	2^3*3^8*5^1
989	263169	21	3^6*19^2
990	263538	30	2^1*3^2*11^4
991	264600	144	2^3*3^3*5^2*7^2
992	264627	24	3^7*11^2
993	264992	54	2^5*7^2*13^2
994	265335	36	3^1*5^1*7^2*19^2
995	268203	18	3^1*13^2*23^2
996	270000	100	2^4*3^3*5^4
997	270400	63	2^6*5^2*13^2
998	270848	30	2^9*23^2
999	272250	72	2^1*3^2*5^3*11^2
1000	272484	45	2^2*3^4*29^2
1001	273375	32	3^7*5^3
1002	275625	45	3^2*5^4*7^2
1003	277248	54	2^8*3^1*19^2
1004	277440	84	2^6*3^1*5^1*17^2
1005	278784	81	2^8*3^2*11^2
1006	279752	36	2^3*11^2*17^2
1007	279841	5	23^4
1008	279936	64	2^7*3^7
1009	280908	54	2^2*3^5*17^2
1010	281250	42	2^1*3^2*5^6
1011	282240	144	2^7*3^2*5^1*7^2
1012	283024	45	2^4*7^2*19^2
1013	284258	18	2^1*13^2*29^2
1014	284592	90	2^4*3^1*7^2*11^2
1015	285610	20	2^1*5^1*13^4
1016	285660	72	2^2*3^3*5^1*23^2
1017	285768	84	2^3*3^6*7^2
1018	288800	54	2^5*5^2*19^2
1019	289000	48	2^3*5^3*17^2
1020	290400	108	2^5*3^1*5^2*11^2
1021	290521	15	7^4*11^2
1022	291600	105	2^4*3^6*5^2
1023	292032	84	2^6*3^3*13^2
1024	292410	60	2^1*3^4*5^1*19^2
1025	293046	36	2^1*3^1*13^2*17^2
1026	294000	120	2^4*3^1*5^3*7^2
1027	294912	48	2^15*3^2
1028	295936	33	2^10*17^2
1029	296450	54	2^1*5^2*7^2*11^2
1030	297675	54	3^5*5^2*7^2
1031	298116	81	2^2*3^2*7^2*13^2
1032	301056	72	2^11*3^1*7^2
1033	302500	45	2^2*5^4*11^2
1034	302760	72	2^3*3^2*5^1*29^2
1035	303601	9	19^2*29^2
1036	303750	60	2^1*3^5*5^4
1037	304200	108	2^3*3^2*5^2*13^2
1038	304704	63	2^6*3^2*23^2
1039	305283	18	3^1*11^2*29^2
1040	305762	18	2^1*17^2*23^2
1041	306250	36	2^1*5^5*7^2
1042	306735	36	3^1*5^1*11^2*13^2
1043	307200	78	2^12*3^1*5^2
1044	307328	40	2^7*7^4
1045	309760	60	2^9*5^1*11^2
1046	311040	108	2^8*3^5*5^1
1047	311052	54	2^2*3^1*7^2*23^2
1048	311904	72	2^5*3^3*19^2
1049	312987	18	3^1*17^2*19^2
1050	313600	81	2^8*5^2*7^2
1051	313632	90	2^5*3^4*11^2
1052	314721	27	3^2*11^2*17^2
1053	314928	50	2^4*3^9
1054	315375	24	3^1*5^3*29^2
1055	316875	30	3^1*5^4*13^2
1056	317400	72	2^3*3^1*5^2*23^2
1057	318402	54	2^1*3^2*7^2*19^2
1058	320000	50	2^9*5^4
1059	320166	72	2^1*3^3*7^2*11^2
1060	321489	27	3^8*7^2
1061	322944	48	2^7*3^1*29^2
1062	324000	120	2^5*3^4*5^3
1063	324135	40	3^3*5^1*7^4
1064	324900	81	2^2*3^2*5^2*19^2
1065	326700	108	2^2*3^3*5^2*11^2
1066	327184	45	2^4*11^2*13^2
1067	328050	54	2^1*3^8*5^2
1068	328536	72	2^3*3^5*13^2
1069	329672	36	2^3*7^2*29^2
1070	330625	15	5^4*23^2
1071	331240	72	2^3*5^1*7^2*13^2
1072	331776	65	2^12*3^4
1073	332928	72	2^7*3^2*17^2
1074	334084	15	2^2*17^4
1075	336400	45	2^4*5^2*29^2
1076	337500	72	2^2*3^3*5^5
1077	338560	48	2^7*5^1*23^2
1078	338688	108	2^8*3^3*7^2
1079	339864	72	2^3*3^1*7^2*17^2
1080	342225	45	3^4*5^2*13^2
1081	342732	30	2^2*3^1*13^4
1082	342792	60	2^3*3^4*23^2
1083	345600	120	2^9*3^3*5^2
1084	345744	75	2^4*3^2*7^4
1085	346112	36	2^11*13^2
1086	346560	84	2^6*3^1*5^1*19^2
1087	346800	90	2^4*3^1*5^2*17^2
1088	349448	36	2^3*11^2*19^2
1089	349690	36	2^1*5^1*11^2*17^2
1090	350892	54	2^2*3^5*19^2
1091	351135	36	3^5*5^1*17^2
1092	351384	40	2^3*3^1*11^4
1093	352800	162	2^5*3^2*5^2*7^2
1094	352836	63	2^2*3^6*11^2
1095	352947	14	3^1*7^6
1096	354025	27	5^2*7^2*17^2
1097	354294	24	2^1*3^11
1098	355740	108	2^2*3^1*5^1*7^2*11^2
1099	357075	36	3^3*5^2*23^2
1100	357210	84	2^1*3^6*5^1*7^2
1101	357604	27	2^2*13^2*23^2
1102	360000	105	2^6*3^2*5^4
1103	360150	60	2^1*3^1*5^2*7^4
1104	361000	48	2^3*5^3*19^2
1105	361250	30	2^1*5^4*17^2
1106	363312	60	2^4*3^3*29^2
1107	365040	120	2^4*3^3*5^1*13^2
1108	366025	15	5^2*11^4
1109	366054	36	2^1*3^1*13^2*19^2
1110	367500	90	2^2*3^1*5^4*7^2
1111	368082	54	2^1*3^2*11^2*13^2
1112	368640	84	2^13*3^2*5^1
1113	369603	24	3^7*13^2
1114	369664	33	2^10*19^2
1115	370881	27	3^2*7^2*29^2
1116	371712	66	2^10*3^1*11^2
1117	373248	70	2^9*3^6
1118	374544	75	2^4*3^4*17^2
1119	375000	56	2^3*3^1*5^6
1120	378450	54	2^1*3^2*5^2*29^2
1121	379456	63	2^6*7^2*11^2
1122	380250	72	2^1*3^2*5^3*13^2
1123	381024	108	2^5*3^5*7^2
1124	381938	18	2^1*19^2*23^2
1125	382347	36	3^3*7^2*17^2
1126	384000	88	2^10*3^1*5^3
1127	384054	36	2^1*3^1*11^2*23^2
1128	384160	60	2^5*5^1*7^4
1129	385641	21	3^6*23^2
1130	387200	72	2^7*5^2*11^2
1131	388800	126	2^6*3^5*5^2
1132	388815	36	3^1*5^1*7^2*23^2
1133	388962	50	2^1*3^4*7^4
1134	389376	81	2^8*3^2*13^2
1135	390150	72	2^1*3^3*5^2*17^2
1136	390625	9	5^8
1137	390728	36	2^3*13^2*17^2
1138	390963	10	3^1*19^4
1139	392040	120	2^3*3^4*5^1*11^2
1140	393129	27	3^2*11^2*19^2
1141	393216	36	2^17*3^1
1142	393660	60	2^2*3^9*5^1
1143	395307	20	3^3*11^4
1144	396900	135	2^2*3^4*5^2*7^2
1145	397488	90	2^4*3^1*7^2*13^2
1146	400000	48	2^7*5^5
1147	401408	42	2^13*7^2
1148	405000	100	2^3*3^4*5^4
1149	405600	108	2^5*3^1*5^2*13^2
1150	405769	15	7^4*13^2
1151	406272	54	2^8*3^1*23^2
1152	407044	27	2^2*11^2*29^2
1153	408375	48	3^3*5^3*11^2
1154	408726	36	2^1*3^5*29^2
1155	409600	45	2^14*5^2
1156	412090	36	2^1*5^1*7^2*29^2
1157	414050	54	2^1*5^2*7^2*13^2
1158	414736	45	2^4*7^2*23^2
1159	415872	72	2^7*3^2*19^2
1160	416160	108	2^5*3^2*5^1*17^2
1161	417316	27	2^2*17^2*19^2
1162	418176	96	2^7*3^3*11^2
1163	419628	54	2^2*3^1*11^2*17^2
1164	419904	63	2^6*3^8
1165	421362	42	2^1*3^6*17^2
1166	421875	28	3^3*5^6
1167	422500	45	2^2*5^4*13^2
1168	423200	54	2^5*5^2*23^2
1169	423360	168	2^6*3^3*5^1*7^2
1170	424536	72	2^3*3^1*7^2*19^2
1171	426387	18	3^1*13^2*29^2
1172	426888	108	2^3*3^2*7^2*11^2
1173	428415	20	3^1*5^1*13^4
1174	428490	60	2^1*3^4*5^1*23^2
1175	428652	72	2^2*3^7*7^2
1176	430592	30	2^9*29^2
1177	432640	60	2^9*5^1*13^2
1178	433200	90	2^4*3^1*5^2*19^2
1179	433500	72	2^2*3^1*5^3*17^2
1180	435600	135	2^4*3^2*5^2*11^2
1181	436810	36	2^1*5^1*11^2*19^2
1182	437400	96	2^3*3^7*5^2
1183	438048	90	2^5*3^4*13^2
1184	438615	36	3^5*5^1*19^2
1185	439569	27	3^2*13^2*17^2
1186	441000	144	2^3*3^2*5^3*7^2
1187	442225	27	5^2*7^2*19^2
1188	442368	60	2^14*3^3
1189	443904	60	2^9*3^1*17^2
1190	444675	54	3^1*5^2*7^2*11^2
1191	444889	9	23^2*29^2
1192	447174	72	2^1*3^3*7^2*13^2
1193	451250	30	2^1*5^4*19^2
1194	451584	99	2^10*3^2*7^2
1195	453152	54	2^5*7^2*17^2
1196	453750	60	2^1*3^1*5^4*11^2
1197	454140	72	2^2*3^3*5^1*29^2
1198	455625	35	3^6*5^4
1199	456300	108	2^2*3^3*5^2*13^2
1200	456976	25	2^4*13^4
1201	457056	72	2^5*3^3*23^2
1202	458643	18	3^1*17^2*23^2
1203	459375	36	3^1*5^5*7^2
1204	460800	108	2^11*3^2*5^2
1205	460992	70	2^6*3^1*7^4
1206	462400	63	2^6*5^2*17^2
1207	464640	108	2^8*3^1*5^1*11^2
1208	466560	112	2^7*3^6*5^1
1209	466578	54	2^1*3^2*7^2*23^2
1210	467856	75	2^4*3^4*19^2
1211	468512	30	2^5*11^4
1212	470400	144	2^7*3^1*5^2*7^2
1213	470448	90	2^4*3^5*11^2
1214	470596	21	2^2*7^6
1215	472392	44	2^3*3^10
1216	476100	81	2^2*3^2*5^2*23^2
1217	477603	36	3^3*7^2*19^2
1218	480000	90	2^8*3^1*5^4
1219	480200	60	2^3*5^2*7^4
1220	480249	45	3^4*7^2*11^2
1221	484000	72	2^5*5^3*11^2
1222	484416	63	2^6*3^2*29^2
1223	486000	120	2^4*3^5*5^3
1224	486098	18	2^1*17^2*29^2
1225	487350	72	2^1*3^3*5^2*19^2
1226	488072	36	2^3*13^2*19^2
1227	488410	36	2^1*5^1*13^2*17^2
1228	490000	75	2^4*5^4*7^2
1229	490050	90	2^1*3^4*5^2*11^2
1230	490776	72	2^3*3^1*11^2*13^2
1231	492075	30	3^9*5^2
1232	492804	63	2^2*3^6*13^2
1233	494508	54	2^2*3^1*7^2*29^2
1234	495616	39	2^12*11^2
1235	496860	108	2^2*3^1*5^1*7^2*13^2
1236	497664	72	2^11*3^5
1237	499392	84	2^6*3^3*17^2
1238	500000	42	2^5*5^6
1239	501126	20	2^1*3^1*17^4
1240	501760	72	2^11*5^1*7^2
1241	504600	72	2^3*3^1*5^2*29^2
1242	506250	60	2^1*3^4*5^5
1243	507840	84	2^6*3^1*5^1*23^2
1244	508032	120	2^7*3^4*7^2
1245	509796	81	2^2*3^2*7^2*17^2
1246	511225	27	5^2*11^2*13^2
1247	512072	36	2^3*11^2*23^2
1248	514098	30	2^1*3^2*13^4
1249	514188	54	2^2*3^5*23^2
1250	518400	135	2^8*3^4*5^2
1251	518616	80	2^3*3^3*7^4
1252	519168	66	2^10*3^1*13^2
1253	519840	108	2^5*3^2*5^1*19^2
1254	520200	108	2^3*3^2*5^2*17^2
1255	521284	15	2^2*19^4
1256	524172	54	2^2*3^1*11^2*19^2
1257	524288	20	2^19
1258	524535	36	3^1*5^1*11^2*17^2
1259	525625	15	5^4*29^2
1260	526338	42	2^1*3^6*19^2
1261	527076	45	2^2*3^2*11^4
1262	529000	48	2^3*5^3*23^2
1263	529200	180	2^4*3^3*5^2*7^2
1264	529254	48	2^1*3^7*11^2
1265	529984	63	2^6*7^2*13^2
1266	531441	13	3^12
1267	533610	108	2^1*3^2*5^1*7^2*11^2
1268	535815	48	3^7*5^1*7^2
1269	536406	36	2^1*3^1*13^2*23^2
1270	538240	48	2^7*5^1*29^2
1271	540000	120	2^5*3^3*5^4
1272	540225	45	3^2*5^2*7^4
1273	540800	72	2^7*5^2*13^2
1274	541500	72	2^2*3^1*5^3*19^2
1275	541696	33	2^10*23^2
1276	541875	30	3^1*5^4*17^2
1277	544968	60	2^3*3^4*29^2
1278	547560	120	2^3*3^4*5^1*13^2
1279	549081	27	3^2*13^2*19^2
1280	551250	90	2^1*3^2*5^4*7^2
1281	552123	36	3^3*11^2*13^2
1282	552960	104	2^12*3^3*5^1
1283	554496	60	2^9*3^1*19^2
1284	557568	90	2^9*3^2*11^2
1285	559504	45	2^4*11^2*17^2
1286	559682	10	2^1*23^4
1287	559872	72	2^8*3^7
1288	561816	72	2^3*3^5*17^2
1289	562500	63	2^2*3^2*5^6
1290	566048	54	2^5*7^2*19^2
1291	566440	72	2^3*5^1*7^2*17^2
1292	567675	36	3^3*5^2*29^2
1293	568516	27	2^2*13^2*29^2
1294	569184	108	2^5*3^1*7^2*11^2
1295	570375	48	3^3*5^3*13^2
1296	571536	105	2^4*3^6*7^2
1297	572907	18	3^1*19^2*23^2
1298	576000	120	2^9*3^2*5^3
1299	576081	27	3^2*11^2*23^2
1300	576240	100	2^4*3^1*5^1*7^4
1301	577600	63	2^6*5^2*19^2
1302	580800	126	2^6*3^1*5^2*11^2
1303	581042	30	2^1*7^4*11^2
1304	583200	126	2^5*3^6*5^2
1305	583443	30	3^5*7^4
1306	584064	96	2^7*3^3*13^2
1307	585225	45	3^4*5^2*17^2
1308	585640	40	2^3*5^1*11^4
1309	586092	54	2^2*3^1*13^2*17^2
1310	588060	108	2^2*3^5*5^1*11^2
1311	589824	51	2^16*3^2
1312	590490	44	2^1*3^10*5^1
1313	591872	36	2^11*17^2
1314	592900	81	2^2*5^2*7^2*11^2
1315	595350	108	2^1*3^5*5^2*7^2
1316	596232	108	2^3*3^2*7^2*13^2
1317	600000	84	2^6*3^1*5^5
1318	600250	40	2^1*5^3*7^4
1319	602112	78	2^12*3^1*7^2
1320	605000	60	2^3*5^4*11^2
1321	607202	18	2^1*19^2*29^2
1322	607500	90	2^2*3^5*5^4
1323	608400	135	2^4*3^2*5^2*13^2
1324	609408	72	2^7*3^2*23^2
1325	610090	36	2^1*5^1*13^2*19^2
1326	610566	36	2^1*3^1*11^2*29^2
1327	611524	27	2^2*17^2*23^2
1328	613089	21	3^6*29^2
1329	614400	84	2^13*3^1*5^2
1330	614656	45	2^8*7^4
1331	618135	36	3^1*5^1*7^2*29^2
1332	621075	54	3^1*5^2*7^2*13^2
1333	622104	72	2^3*3^1*7^2*23^2
1334	623808	84	2^6*3^3*19^2
1335	624240	120	2^4*3^3*5^1*17^2
1336	625000	32	2^3*5^7
1337	625974	36	2^1*3^1*17^2*19^2
1338	627200	90	2^9*5^2*7^2
1339	627264	105	2^6*3^4*11^2
1340	629442	54	2^1*3^2*11^2*17^2
1341	629856	60	2^5*3^9
1342	632043	24	3^7*17^2
1343	633750	60	2^1*3^1*5^4*13^2
1344	634800	90	2^4*3^1*5^2*23^2
1345	635040	180	2^5*3^4*5^1*7^2
1346	636804	81	2^2*3^2*7^2*19^2
1347	640000	55	2^10*5^4
1348	640090	36	2^1*5^1*11^2*23^2
1349	640332	108	2^2*3^3*7^2*11^2
1350	642735	36	3^5*5^1*23^2
1351	642978	54	2^1*3^8*7^2
1352	645888	54	2^8*3^1*29^2
1353	648025	27	5^2*7^2*23^2
1354	648960	108	2^8*3^1*5^1*13^2
1355	649800	108	2^3*3^2*5^2*19^2
1356	650250	72	2^1*3^2*5^3*17^2
1357	653400	144	2^3*3^3*5^2*11^2
1358	654368	54	2^5*11^2*13^2
1359	655215	36	3^1*5^1*11^2*19^2
1360	655360	36	2^17*5^1
1361	656100	81	2^2*3^8*5^2
1362	657072	90	2^4*3^5*13^2
1363	659344	45	2^4*7^2*29^2
1364	661250	30	2^1*5^4*23^2
1365	661500	144	2^2*3^3*5^3*7^2
1366	663552	70	2^13*3^4
1367	665856	81	2^8*3^2*17^2
1368	668168	20	2^3*17^4
1369	670761	45	3^4*7^2*13^2
1370	672800	54	2^5*5^2*29^2
1371	676000	72	2^5*5^3*13^2
1372	676875	30	3^1*5^4*19^2
1373	677376	120	2^9*3^3*7^2
1374	679728	90	2^4*3^1*7^2*17^2
1375	680625	45	3^2*5^4*11^2
1376	681210	60	2^1*3^4*5^1*29^2
1377	684450	90	2^1*3^4*5^2*13^2
1378	685464	40	2^3*3^1*13^4
1379	685584	75	2^4*3^4*23^2
1380	691200	132	2^10*3^3*5^2
1381	691488	90	2^5*3^2*7^4
1382	692224	39	2^12*13^2
1383	693600	108	2^5*3^1*5^2*17^2
1384	693889	15	7^4*17^2
1385	696960	144	2^7*3^2*5^1*11^2
1386	698896	45	2^4*11^2*19^2
1387	699840	112	2^6*3^7*5^1
1388	699867	36	3^3*7^2*23^2
1389	701784	72	2^3*3^5*19^2
1390	702768	50	2^4*3^1*11^4
1391	705600	189	2^6*3^2*5^2*7^2
1392	705672	84	2^3*3^6*11^2
1393	705894	28	2^1*3^1*7^6
1394	707281	5	29^4
1395	707560	72	2^3*5^1*7^2*19^2
1396	708050	54	2^1*5^2*7^2*17^2
1397	708588	36	2^2*3^11
1398	714025	15	5^2*13^4
1399	714150	72	2^1*3^3*5^2*23^2
1400	715208	36	2^3*13^2*23^2
1401	717409	15	7^2*11^4
1402	720000	120	2^7*3^2*5^4
1403	720300	90	2^2*3^1*5^2*7^4
1404	722500	45	2^2*5^4*17^2
1405	726000	120	2^4*3^1*5^3*11^2
1406	726624	72	2^5*3^3*29^2
1407	729000	112	2^3*3^6*5^3
1408	729147	18	3^1*17^2*29^2
1409	731025	45	3^4*5^2*19^2
1410	732050	30	2^1*5^2*11^4
1411	732108	54	2^2*3^1*13^2*19^2
1412	732615	36	3^1*5^1*13^2*17^2
1413	735000	120	2^3*3^1*5^4*7^2
1414	735075	54	3^5*5^2*11^2
1415	736164	81	2^2*3^2*11^2*13^2
1416	739206	48	2^1*3^7*13^2
1417	739328	36	2^11*19^2
1418	739840	60	2^9*5^1*17^2
1419	741762	54	2^1*3^2*7^2*29^2
1420	743424	72	2^11*3^1*11^2
1421	745290	108	2^1*3^2*5^1*7^2*13^2
1422	746496	77	2^10*3^6
1423	749088	90	2^5*3^4*17^2
1424	750000	70	2^4*3^1*5^6
1425	751689	15	3^2*17^4
1426	752640	132	2^10*3^1*5^1*7^2
1427	756250	36	2^1*5^5*11^2
1428	756900	81	2^2*3^2*5^2*29^2
1429	758912	72	2^7*7^2*11^2
1430	759375	36	3^5*5^5
1431	761760	108	2^5*3^2*5^1*23^2
1432	762048	126	2^6*3^5*7^2
1433	763876	27	2^2*19^2*23^2
1434	764694	72	2^1*3^3*7^2*17^2
1435	765625	21	5^6*7^2
1436	768108	54	2^2*3^1*11^2*23^2
1437	771147	20	3^3*13^4
1438	771282	42	2^1*3^6*23^2
1439	774400	81	2^8*5^2*11^2
1440	777600	144	2^7*3^5*5^2
1441	777924	75	2^2*3^4*7^4
1442	778752	90	2^9*3^2*13^2
1443	779760	120	2^4*3^3*5^1*19^2
1444	780300	108	2^2*3^3*5^2*17^2
1445	781250	18	2^1*5^8
1446	781456	45	2^4*13^2*17^2
1447	781926	20	2^1*3^1*19^4
1448	784000	96	2^7*5^3*7^2
1449	786258	54	2^1*3^2*11^2*19^2
1450	786432	38	2^18*3^1
1451	789507	24	3^7*19^2
1452	790614	40	2^1*3^3*11^4
1453	793500	72	2^2*3^1*5^3*23^2
1454	793800	180	2^3*3^4*5^2*7^2
1455	793881	27	3^8*11^2
1456	794976	108	2^5*3^1*7^2*13^2
1457	800415	72	3^3*5^1*7^2*11^2
1458	802816	45	2^14*7^2
1459	804609	27	3^2*13^2*23^2
1460	807360	84	2^6*3^1*5^1*29^2
1461	810000	125	2^4*3^4*5^4
1462	811200	126	2^6*3^1*5^2*13^2
1463	811538	30	2^1*7^4*13^2
1464	812250	72	2^1*3^2*5^3*19^2
1465	812544	60	2^9*3^1*23^2
1466	814088	36	2^3*11^2*29^2
1467	817452	54	2^2*3^5*29^2
1468	817960	72	2^3*5^1*11^2*13^2
1469	819200	48	2^15*5^2
1470	821340	108	2^2*3^5*5^1*13^2
1471	826875	60	3^3*5^4*7^2
1472	828100	81	2^2*5^2*7^2*13^2
1473	829440	120	2^11*3^4*5^1
1474	829472	54	2^5*7^2*23^2
1475	831744	81	2^8*3^2*19^2
1476	834632	36	2^3*17^2*19^2
1477	835210	20	2^1*5^1*17^4
1478	836352	108	2^8*3^3*11^2
1479	839256	72	2^3*3^1*11^2*17^2
1480	839523	10	3^1*23^4
1481	839808	72	2^7*3^8
1482	841000	48	2^3*5^3*29^2
1483	842724	63	2^2*3^6*17^2
1484	843750	56	2^1*3^3*5^6
1485	845000	60	2^3*5^4*13^2
1486	846400	63	2^6*5^2*23^2
1487	849072	90	2^4*3^1*7^2*19^2
1488	849660	108	2^2*3^1*5^1*7^2*17^2
1489	852774	36	2^1*3^1*13^2*29^2
1490	853776	135	2^4*3^2*7^2*11^2
1491	857304	96	2^3*3^7*7^2
1492	861184	33	2^10*29^2
1493	864000	144	2^8*3^3*5^3
1494	864360	120	2^3*3^2*5^1*7^4
1495	866400	108	2^5*3^1*5^2*19^2
1496	866761	15	7^4*19^2
1497	871200	162	2^5*3^2*5^2*11^2
1498	871563	30	3^1*7^4*11^2
1499	874225	27	5^2*11^2*17^2
1500	874800	120	2^4*3^7*5^2
1501	876096	105	2^6*3^4*13^2
1502	878460	60	2^2*3^1*5^1*11^4
1503	879138	54	2^1*3^2*13^2*17^2
1504	882090	84	2^1*3^6*5^1*11^2
1505	884450	54	2^1*5^2*7^2*19^2
1506	884736	64	2^15*3^3
1507	885735	24	3^11*5^1
1508	887808	66	2^10*3^1*17^2
1509	889350	108	2^1*3^1*5^2*7^2*11^2
1510	889778	18	2^1*23^2*29^2
1511	893025	63	3^6*5^2*7^2
1512	894010	36	2^1*5^1*13^2*23^2
1513	894348	108	2^2*3^3*7^2*13^2
1514	900000	108	2^5*3^2*5^5
1515	900375	40	3^1*5^3*7^4
1516	902500	45	2^2*5^4*19^2
1517	903168	108	2^11*3^2*7^2
1518	906304	63	2^6*7^2*17^2
1519	907500	90	2^2*3^1*5^4*11^2
1520	910803	18	3^1*19^2*29^2
1521	911250	70	2^1*3^6*5^4
1522	912600	144	2^3*3^3*5^2*13^2
1523	913952	30	2^5*13^4
1524	914112	84	2^6*3^3*23^2
1525	915135	36	3^1*5^1*13^2*19^2
1526	915849	27	3^2*11^2*29^2
1527	917286	36	2^1*3^1*17^2*23^2
1528	921600	117	2^12*3^2*5^2
1529	921984	80	2^7*3^1*7^4
1530	924160	60	2^9*5^1*19^2
1531	924800	72	2^7*5^2*17^2
1532	933156	81	2^2*3^2*7^2*23^2
1533	935712	90	2^5*3^4*19^2
1534	936360	120	2^3*3^4*5^1*17^2
1535	937024	35	2^6*11^4
1536	937500	48	2^2*3^1*5^7
1537	938961	27	3^2*17^2*19^2
1538	940800	162	2^8*3^1*5^2*7^2
1539	940896	108	2^5*3^5*11^2
1540	941192	28	2^3*7^6
1541	944163	36	3^3*11^2*17^2
1542	944784	55	2^4*3^10
1543	948640	108	2^5*5^1*7^2*11^2
1544	950625	45	3^2*5^4*13^2
1545	952200	108	2^3*3^2*5^2*23^2
1546	952560	180	2^4*3^5*5^1*7^2
1547	955206	72	2^1*3^3*7^2*19^2
1548	960000	100	2^9*3^1*5^4
1549	960135	36	3^1*5^1*11^2*23^2
1550	960400	75	2^4*5^2*7^4
1551	960498	90	2^1*3^4*7^2*11^2
1552	964467	30	3^9*7^2
1553	968832	72	2^7*3^2*29^2
1554	972196	27	2^2*17^2*29^2
1555	973440	144	2^7*3^2*5^1*13^2
1556	974700	108	2^2*3^3*5^2*19^2
1557	975375	48	3^3*5^3*17^2
1558	976144	45	2^4*13^2*19^2
1559	980000	90	2^5*5^4*7^2
1560	980100	135	2^2*3^4*5^2*11^2
1561	981552	90	2^4*3^1*11^2*13^2
1562	983040	68	2^16*3^1*5^1
1563	984150	60	2^1*3^9*5^2
1564	985608	84	2^3*3^6*13^2
1565	989016	72	2^3*3^1*7^2*29^2
1566	991232	42	2^13*11^2
1567	991875	30	3^1*5^4*23^2
1568	992250	120	2^1*3^4*5^3*7^2
1569	995328	78	2^12*3^5
1570	998784	96	2^7*3^3*17^2
1571	1000000	49	2^6*5^6
1572	1002001	27	7^2*11^2*13^2
1573	1002252	30	2^2*3^1*17^4
1574	1009200	90	2^4*3^1*5^2*29^2
1575	1014000	120	2^4*3^1*5^3*13^2
1576	1016064	135	2^8*3^4*7^2
1577	1017610	36	2^1*5^1*11^2*29^2
1578	1019592	108	2^3*3^2*7^2*17^2
1579	1021815	36	3^5*5^1*29^2
1580	1022450	54	2^1*5^2*11^2*13^2
1581	1024000	56	2^13*5^3
1582	1024144	45	2^4*11^2*23^2
1583	1026675	54	3^5*5^2*13^2
1584	1028196	45	2^2*3^2*13^4
1585	1028376	72	2^3*3^5*23^2
1586	1030225	27	5^2*7^2*29^2
1587	1036800	150	2^9*3^4*5^2
1588	1036840	72	2^3*5^1*7^2*23^2
1589	1037232	100	2^4*3^3*7^4
1590	1038336	72	2^11*3^1*13^2
1591	1040400	135	2^4*3^2*5^2*17^2
1592	1042568	20	2^3*19^4
1593	1043290	36	2^1*5^1*17^2*19^2
1594	1045440	168	2^6*3^3*5^1*11^2
1595	1048344	72	2^3*3^1*11^2*19^2
1596	1048576	21	2^20
1597	1049760	108	2^5*3^8*5^1
1598	1051250	30	2^1*5^4*29^2
1599	1052676	63	2^2*3^6*19^2
1600	1054152	60	2^3*3^2*11^4
1601	1056250	36	2^1*5^5*13^2
1602	1058400	216	2^5*3^3*5^2*7^2
1603	1058508	72	2^2*3^7*11^2
1604	1058841	21	3^2*7^6
1605	1059968	72	2^7*7^2*13^2
1606	1061340	108	2^2*3^1*5^1*7^2*19^2
1607	1062075	54	3^1*5^2*7^2*17^2
1608	1062882	26	2^1*3^12
1609	1071225	45	3^4*5^2*23^2
1610	1072812	54	2^2*3^1*13^2*23^2
1611	1080000	140	2^6*3^3*5^4
1612	1080450	90	2^1*3^2*5^2*7^4
1613	1081600	81	2^8*5^2*13^2
1614	1083392	36	2^11*23^2
1615	1083750	60	2^1*3^1*5^4*17^2
1616	1089000	144	2^3*3^2*5^3*11^2
1617	1089936	75	2^4*3^4*29^2
1618	1092025	27	5^2*11^2*19^2
1619	1093500	96	2^2*3^7*5^3
1620	1098075	30	3^1*5^2*11^4
1621	1098162	54	2^1*3^2*13^2*19^2
1622	1102500	135	2^2*3^2*5^4*7^2
1623	1104246	72	2^1*3^3*11^2*13^2
1624	1108809	27	3^8*13^2
1625	1108992	66	2^10*3^1*19^2
1626	1109760	108	2^8*3^1*5^1*17^2
1627	1112643	36	3^3*7^2*29^2
1628	1115136	99	2^10*3^2*11^2
1629	1117935	72	3^3*5^1*7^2*13^2
1630	1119008	54	2^5*11^2*17^2
1631	1119364	15	2^2*23^4
1632	1119744	80	2^9*3^7
1633	1123632	90	2^4*3^5*17^2
1634	1125000	84	2^3*3^2*5^6
1635	1128960	180	2^9*3^2*5^1*7^2
1636	1132096	63	2^6*7^2*19^2
1637	1134375	36	3^1*5^5*11^2
1638	1135350	72	2^1*3^3*5^2*29^2
1639	1137032	36	2^3*13^2*29^2
1640	1138368	126	2^6*3^1*7^2*11^2
1641	1142440	40	2^3*5^1*13^4
1642	1142640	120	2^4*3^3*5^1*23^2
1643	1143072	126	2^5*3^6*7^2
1644	1145814	36	2^1*3^1*19^2*23^2
1645	1147041	45	3^4*7^2*17^2
1646	1152162	54	2^1*3^2*11^2*23^2
1647	1155200	72	2^7*5^2*19^2
1648	1156000	72	2^5*5^3*17^2
1649	1156923	24	3^7*23^2
1650	1161600	144	2^7*3^1*5^2*11^2
1651	1162084	45	2^2*7^4*11^2
1652	1166400	147	2^6*3^6*5^2
1653	1166886	60	2^1*3^5*7^4
1654	1168128	108	2^8*3^3*13^2
1655	1169640	120	2^3*3^4*5^1*19^2
1656	1170450	90	2^1*3^4*5^2*17^2
1657	1171875	18	3^1*5^8
1658	1172184	72	2^3*3^1*13^2*17^2
1659	1172889	15	3^2*19^4
1660	1176000	168	2^6*3^1*5^3*7^2
1661	1176490	28	2^1*5^1*7^6
1662	1179387	36	3^3*11^2*19^2
1663	1179648	54	2^17*3^2
1664	1183744	39	2^12*17^2
1665	1185800	108	2^3*5^2*7^2*11^2
1666	1185921	25	3^4*11^4
1667	1190250	72	2^1*3^2*5^3*23^2
1668	1190700	162	2^2*3^5*5^2*7^2
1669	1192464	135	2^4*3^2*7^2*13^2
1670	1204224	84	2^13*3^1*7^2
1671	1210000	75	2^4*5^4*11^2
1672	1211040	108	2^5*3^2*5^1*29^2
1673	1214404	27	2^2*19^2*29^2
1674	1215000	120	2^3*3^5*5^4
1675	1216800	162	2^5*3^2*5^2*13^2
1676	1217307	30	3^1*7^4*13^2
1677	1218375	48	3^3*5^3*19^2
1678	1218816	81	2^8*3^2*23^2
1679	1221025	27	5^2*13^2*17^2
1680	1221132	54	2^2*3^1*11^2*29^2
1681	1223048	36	2^3*17^2*23^2
1682	1225000	72	2^3*5^5*7^2
1683	1226178	42	2^1*3^6*29^2
1684	1226940	108	2^2*3^1*5^1*11^2*13^2
1685	1228800	90	2^14*3^1*5^2
1686	1229312	50	2^9*7^4
1687	1232010	84	2^1*3^6*5^1*13^2
1688	1239040	72	2^11*5^1*11^2
1689	1242150	108	2^1*3^1*5^2*7^2*13^2
1690	1244160	132	2^10*3^5*5^1
1691	1244208	90	2^4*3^1*7^2*23^2
1692	1247616	96	2^7*3^3*19^2
1693	1251948	54	2^2*3^1*17^2*19^2
1694	1252815	20	3^1*5^1*17^4
1695	1254400	99	2^10*5^2*7^2
1696	1254528	120	2^7*3^4*11^2
1697	1258884	81	2^2*3^2*11^2*17^2
1698	1259712	70	2^6*3^9
1699	1261500	72	2^2*3^1*5^3*29^2
1700	1264086	48	2^1*3^7*17^2
1701	1265625	35	3^4*5^6
1702	1267500	90	2^2*3^1*5^4*13^2
1703	1269600	108	2^5*3^1*5^2*23^2
1704	1270129	15	7^4*23^2
1705	1273608	108	2^3*3^2*7^2*19^2
1706	1274490	108	2^1*3^2*5^1*7^2*17^2
1707	1279161	27	3^2*13^2*29^2
1708	1280000	60	2^11*5^4
1709	1280664	144	2^3*3^3*7^2*11^2
1710	1285956	81	2^2*3^8*7^2
1711	1291776	60	2^9*3^1*29^2
1712	1296000	160	2^7*3^4*5^3
1713	1296050	54	2^1*5^2*7^2*23^2
1714	1296540	120	2^2*3^3*5^1*7^4
1715	1299600	135	2^4*3^2*5^2*19^2
1716	1303210	20	2^1*5^1*19^4
1717	1306800	180	2^4*3^3*5^2*11^2
1718	1308736	63	2^6*11^2*13^2
1719	1312200	108	2^3*3^8*5^2
1720	1314144	108	2^5*3^5*13^2
1721	1317690	60	2^1*3^2*5^1*11^4
1722	1318688	54	2^5*7^2*29^2
1723	1318707	36	3^3*13^2*17^2
1724	1322500	45	2^2*5^4*23^2
1725	1323135	48	3^7*5^1*11^2
1726	1324960	108	2^5*5^1*7^2*13^2
1727	1326675	54	3^1*5^2*7^2*19^2
1728	1327104	75	2^14*3^4
1729	1331712	90	2^9*3^2*17^2
1730	1334025	81	3^2*5^2*7^2*11^2
1731	1334667	18	3^1*23^2*29^2
1732	1336336	25	2^4*17^4
1733	1341015	36	3^1*5^1*13^2*23^2
1734	1341522	90	2^1*3^4*7^2*13^2
1735	1345600	63	2^6*5^2*29^2
1736	1350000	120	2^4*3^3*5^5
1737	1353750	60	2^1*3^1*5^4*19^2
1738	1354240	60	2^9*5^1*23^2
1739	1354752	132	2^10*3^3*7^2
1740	1359456	108	2^5*3^1*7^2*17^2
1741	1361250	90	2^1*3^2*5^4*11^2
1742	1366875	40	3^7*5^4
1743	1368900	135	2^2*3^4*5^2*13^2
1744	1370928	50	2^4*3^1*13^4
1745	1371168	90	2^5*3^4*23^2
1746	1375929	27	3^2*17^2*23^2
1747	1382400	144	2^11*3^3*5^2
1748	1382976	105	2^6*3^2*7^4
1749	1384448	42	2^13*13^2
1750	1386240	108	2^8*3^1*5^1*19^2
1751	1387200	126	2^6*3^1*5^2*17^2
1752	1387778	30	2^1*7^4*17^2
1753	1397792	54	2^5*11^2*19^2
1754	1398760	72	2^3*5^1*11^2*17^2
1755	1399489	15	7^2*13^4
1756	1399734	72	2^1*3^3*7^2*23^2
1757	1403568	90	2^4*3^5*19^2
1758	1404540	108	2^2*3^5*5^1*17^2
1759	1405536	60	2^5*3^1*11^4
1760	1406250	48	2^1*3^2*5^7
1761	1411200	216	2^7*3^2*5^2*7^2
1762	1411344	105	2^4*3^6*11^2
1763	1411788	42	2^2*3^1*7^6
1764	1414562	10	2^1*29^4
1765	1416100	81	2^2*5^2*7^2*17^2
1766	1417176	48	2^3*3^11
1767	1421290	36	2^1*5^1*13^2*29^2
1768	1422960	180	2^4*3^1*5^1*7^2*11^2
1769	1428050	30	2^1*5^2*13^4
1770	1428300	108	2^2*3^3*5^2*23^2
1771	1428840	168	2^3*3^6*5^1*7^2
1772	1430416	45	2^4*13^2*23^2
1773	1432809	45	3^4*7^2*19^2
1774	1434818	30	2^1*7^2*11^4
1775	1440000	135	2^8*3^2*5^4
1776	1440600	120	2^3*3^1*5^2*7^4
1777	1440747	54	3^5*7^2*11^2
1778	1444000	72	2^5*5^3*19^2
1779	1445000	60	2^3*5^4*17^2
1780	1453248	84	2^6*3^3*29^2
1781	1458294	36	2^1*3^1*17^2*29^2
1782	1460160	168	2^6*3^3*5^1*13^2
1783	1462050	90	2^1*3^4*5^2*19^2
1784	1464100	45	2^2*5^2*11^4
1785	1464216	72	2^3*3^1*13^2*19^2
1786	1470000	150	2^4*3^1*5^4*7^2
1787	1470150	108	2^1*3^5*5^2*11^2
1788	1472328	108	2^3*3^2*11^2*13^2
1789	1474560	96	2^15*3^2*5^1
1790	1476225	33	3^10*5^2
1791	1478412	72	2^2*3^7*13^2
1792	1478656	39	2^12*19^2
1793	1482250	72	2^1*5^3*7^2*11^2
1794	1483524	81	2^2*3^2*7^2*29^2
1795	1486848	78	2^12*3^1*11^2
1796	1488375	72	3^5*5^3*7^2
1797	1492992	84	2^11*3^6
1798	1498176	105	2^6*3^4*17^2
1799	1500000	84	2^5*3^1*5^6
1800	1500625	25	5^4*7^4
1801	1503378	30	2^1*3^2*17^4
1802	1513800	108	2^3*3^2*5^2*29^2
1803	1517824	81	2^8*7^2*11^2
1804	1521000	144	2^3*3^2*5^3*13^2
1805	1524096	144	2^7*3^5*7^2
1806	1525225	27	5^2*13^2*19^2
1807	1526415	36	3^1*5^1*11^2*29^2
1808	1527752	36	2^3*19^2*23^2
1809	1528810	36	2^1*5^1*17^2*23^2
1810	1529388	108	2^2*3^3*7^2*17^2
1811	1531250	42	2^1*5^6*7^2
1812	1533675	54	3^1*5^2*11^2*13^2
1813	1536000	104	2^12*3^1*5^3
1814	1536216	72	2^3*3^1*11^2*23^2
1815	1536640	80	2^7*5^1*7^4
1816	1542294	40	2^1*3^3*13^4
1817	1542564	63	2^2*3^6*23^2
1818	1548800	90	2^9*5^2*11^2
1819	1555200	162	2^8*3^5*5^2
1820	1555260	108	2^2*3^1*5^1*7^2*23^2
1821	1555848	100	2^3*3^4*7^4
1822	1557504	99	2^10*3^2*13^2
1823	1560600	144	2^3*3^3*5^2*17^2
1824	1562500	27	2^2*5^8
1825	1562912	54	2^5*13^2*17^2
1826	1563852	30	2^2*3^1*19^4
1827	1564935	36	3^1*5^1*17^2*19^2
1828	1568160	180	2^5*3^4*5^1*11^2
1829	1572516	81	2^2*3^2*11^2*19^2
1830	1572864	40	2^19*3^1
1831	1574640	100	2^4*3^9*5^1
1832	1576875	30	3^1*5^4*29^2
1833	1579014	48	2^1*3^7*19^2
1834	1581228	60	2^2*3^3*11^4
1835	1584375	36	3^1*5^5*13^2
1836	1587600	225	2^4*3^4*5^2*7^2
1837	1587762	54	2^1*3^8*11^2
1838	1589952	126	2^6*3^1*7^2*13^2
1839	1592010	108	2^1*3^2*5^1*7^2*19^2
1840	1594323	14	3^13
1841	1600000	60	2^9*5^5
1842	1600225	27	5^2*11^2*23^2
1843	1605632	48	2^15*7^2
1844	1609218	54	2^1*3^2*13^2*23^2
1845	1620000	150	2^5*3^4*5^4
1846	1620675	60	3^3*5^2*7^4
1847	1622400	144	2^7*3^1*5^2*13^2
1848	1623076	45	2^2*7^4*13^2
1849	1625088	66	2^10*3^1*23^2
1850	1625625	45	3^2*5^4*17^2
1851	1628176	45	2^4*11^2*29^2
1852	1633500	144	2^2*3^3*5^3*11^2
1853	1634904	72	2^3*3^5*29^2
1854	1638400	51	2^16*5^2
1855	1640250	72	2^1*3^8*5^3
1856	1647243	36	3^3*13^2*19^2
1857	1648360	72	2^3*5^1*7^2*29^2
1858	1653750	120	2^1*3^3*5^4*7^2
1859	1656200	108	2^3*5^2*7^2*13^2
1860	1656369	45	3^4*11^2*13^2
1861	1658944	63	2^6*7^2*23^2
1862	1663488	90	2^9*3^2*19^2
1863	1664640	144	2^7*3^2*5^1*17^2
1864	1669264	45	2^4*17^2*19^2
1865	1672704	120	2^9*3^3*11^2
1866	1678512	90	2^4*3^1*11^2*17^2
1867	1679046	20	2^1*3^1*23^4
1868	1679616	81	2^8*3^8
1869	1685448	84	2^3*3^6*17^2
1870	1687500	84	2^2*3^3*5^6
1871	1690000	75	2^4*5^4*13^2
1872	1692800	72	2^7*5^2*23^2
1873	1693440	216	2^8*3^3*5^1*7^2
1874	1698144	108	2^5*3^1*7^2*19^2
1875	1703025	45	3^4*5^2*29^2
1876	1705548	54	2^2*3^1*13^2*29^2
1877	1707552	162	2^5*3^2*7^2*11^2
1878	1713481	27	7^2*11^2*17^2
1879	1713660	60	2^2*3^1*5^1*13^4
1880	1713960	120	2^3*3^4*5^1*23^2
1881	1714608	120	2^4*3^7*7^2
1882	1718721	27	3^2*19^2*23^2
1883	1722368	36	2^11*29^2
1884	1728243	36	3^3*11^2*23^2
1885	1730560	72	2^11*5^1*13^2
1886	1732800	126	2^6*3^1*5^2*19^2
1887	1733522	30	2^1*7^4*19^2
1888	1734000	120	2^4*3^1*5^3*17^2
1889	1742400	189	2^6*3^2*5^2*11^2
1890	1743126	60	2^1*3^1*7^4*11^2
1891	1747240	72	2^3*5^1*11^2*19^2
1892	1748450	54	2^1*5^2*11^2*17^2
1893	1749600	144	2^5*3^7*5^2
1894	1750329	35	3^6*7^4
1895	1752192	120	2^7*3^4*13^2
1896	1754460	108	2^2*3^5*5^1*19^2
1897	1755675	54	3^5*5^2*17^2
1898	1758276	81	2^2*3^2*13^2*17^2
1899	1764000	216	2^5*3^2*5^3*7^2
1900	1764735	28	3^1*5^1*7^6
1901	1768900	81	2^2*5^2*7^2*19^2
1902	1769472	68	2^16*3^3
1903	1771561	7	11^6
1904	1775616	72	2^11*3^1*17^2
1905	1778700	162	2^2*3^1*5^2*7^2*11^2
1906	1779556	27	2^2*23^2*29^2
1907	1785375	48	3^3*5^3*23^2
1908	1786050	126	2^1*3^6*5^2*7^2
1909	1788696	144	2^3*3^3*7^2*13^2
1910	1805000	60	2^3*5^4*19^2
1911	1806250	36	2^1*5^5*17^2
1912	1806336	117	2^12*3^2*7^2
1913	1812608	72	2^7*7^2*17^2
1914	1815000	120	2^3*3^1*5^4*11^2
1915	1816560	120	2^4*3^3*5^1*29^2
1916	1821606	36	2^1*3^1*19^2*29^2
1917	1822500	105	2^2*3^6*5^4
1918	1825200	180	2^4*3^3*5^2*13^2
1919	1827904	35	2^6*13^4
1920	1828224	96	2^7*3^3*23^2
1921	1831698	54	2^1*3^2*11^2*29^2
1922	1834572	54	2^2*3^1*17^2*23^2
1923	1837500	108	2^2*3^1*5^5*7^2
1924	1839267	24	3^7*29^2
1925	1840410	108	2^1*3^2*5^1*11^2*13^2
1926	1843200	126	2^13*3^2*5^2
1927	1843968	90	2^8*3^1*7^4
1928	1848015	48	3^7*5^1*13^2
1929	1849600	81	2^8*5^2*17^2
1930	1858560	132	2^10*3^1*5^1*11^2
1931	1863225	81	3^2*5^2*7^2*13^2
1932	1866240	140	2^9*3^6*5^1
1933	1866312	108	2^3*3^2*7^2*23^2
1934	1871424	105	2^6*3^4*19^2
1935	1874048	40	2^7*11^4
1936	1877922	54	2^1*3^2*17^2*19^2
1937	1881600	180	2^9*3^1*5^2*7^2
1938	1881792	126	2^6*3^5*11^2
1939	1882384	35	2^4*7^6
1940	1888326	72	2^1*3^3*11^2*17^2
1941	1889568	66	2^5*3^10
1942	1890625	21	5^6*11^2
1943	1892250	72	2^1*3^2*5^3*29^2
1944	1896129	27	3^8*17^2
1945	1901250	90	2^1*3^2*5^4*13^2
1946	1904400	135	2^4*3^2*5^2*23^2
1947	1909690	36	2^1*5^1*19^2*23^2
1948	1910412	108	2^2*3^3*7^2*19^2
1949	1911735	72	3^3*5^1*7^2*17^2
1950	1920000	110	2^10*3^1*5^4
1951	1920800	90	2^5*5^2*7^4
1952	1920996	135	2^2*3^4*7^2*11^2
1953	1928934	60	2^1*3^9*7^2
1954	1936000	96	2^7*5^3*11^2
1955	1937664	81	2^8*3^2*29^2
1956	1944000	168	2^6*3^5*5^3
1957	1944075	54	3^1*5^2*7^2*23^2
1958	1944392	36	2^3*17^2*29^2
1959	1944810	100	2^1*3^4*5^1*7^4
1960	1949400	144	2^3*3^3*5^2*19^2
1961	1952288	54	2^5*13^2*19^2
1962	1953640	72	2^3*5^1*13^2*17^2
1963	1954815	20	3^1*5^1*19^4
1964	1960000	105	2^6*5^4*7^2
1965	1960200	180	2^3*3^4*5^2*11^2
1966	1963104	108	2^5*3^1*11^2*13^2
1967	1968300	90	2^2*3^9*5^2
1968	1971216	105	2^4*3^6*13^2
1969	1976535	40	3^3*5^1*11^4
1970	1978032	90	2^4*3^1*7^2*29^2
1971	1982464	45	2^14*11^2
1972	1983750	60	2^1*3^1*5^4*23^2
1973	1987440	180	2^4*3^1*5^1*7^2*13^2
1974	1990656	84	2^13*3^5
1975	1997568	108	2^8*3^3*17^2
1976	2000000	56	2^7*5^6
1977	2004002	54	2^1*7^2*11^2*13^2
1978	2004504	40	2^3*3^1*17^4
1979	2007040	84	2^13*5^1*7^2
1980	2012283	54	3^5*7^2*13^2
1981	2018400	108	2^5*3^1*5^2*29^2
1982	2019241	15	7^4*29^2
1983	2025000	120	2^3*3^4*5^5
1984	2030625	45	3^2*5^4*19^2
1985	2031360	108	2^8*3^1*5^1*23^2
1986	2032128	150	2^9*3^4*7^2
1987	2039184	135	2^4*3^2*7^2*17^2
1988	2041875	60	3^3*5^4*11^2
1989	2044900	81	2^2*5^2*11^2*13^2
1990	2048288	54	2^5*11^2*23^2
1991	2053350	108	2^1*3^5*5^2*13^2
1992	2056392	60	2^3*3^2*13^4
1993	2056752	90	2^4*3^5*23^2
1994	2060450	54	2^1*5^2*7^2*29^2
1995	2070250	72	2^1*5^3*7^2*13^2
1996	2073600	165	2^10*3^4*5^2
1997	2074464	120	2^5*3^3*7^4
1998	2076672	78	2^12*3^1*13^2
1999	2079360	144	2^7*3^2*5^1*19^2
2000	2080800	162	2^5*3^2*5^2*17^2
2001	2081667	30	3^1*7^4*17^2
2002	2085136	25	2^4*19^4
2003	2088025	15	5^2*17^4
2004	2096688	90	2^4*3^1*11^2*19^2
2005	2097152	22	2^21
2006	2098140	108	2^2*3^1*5^1*11^2*17^2
2007	2099601	45	3^4*7^2*23^2
2008	2102500	45	2^2*5^4*29^2
2009	2105352	84	2^3*3^6*19^2
2010	2106810	84	2^1*3^6*5^1*17^2
2011	2108304	75	2^4*3^2*11^4
2012	2109375	32	3^3*5^7
2013	2116000	72	2^5*5^3*23^2
2014	2116800	252	2^6*3^3*5^2*7^2
2015	2117016	96	2^3*3^7*11^2
2016	2117682	42	2^1*3^2*7^6
2017	2119936	81	2^8*7^2*13^2
2018	2121843	10	3^1*29^4
2019	2124150	108	2^1*3^1*5^2*7^2*17^2
2020	2125764	39	2^2*3^12
2021	2131935	36	3^1*5^1*13^2*29^2
2022	2134440	216	2^3*3^2*5^1*7^2*11^2
2023	2140369	27	7^2*11^2*19^2
2024	2142075	30	3^1*5^2*13^4
2025	2142450	90	2^1*3^4*5^2*23^2
2026	2143260	144	2^2*3^7*5^1*7^2
2027	2145624	72	2^3*3^1*13^2*23^2
2028	2152227	30	3^1*7^2*11^4
2029	2152960	60	2^9*5^1*29^2
2030	2160000	160	2^7*3^3*5^4
2031	2160900	135	2^2*3^2*5^2*7^4
2032	2163200	90	2^9*5^2*13^2
2033	2166000	120	2^4*3^1*5^3*19^2
2034	2166784	39	2^12*23^2
2035	2167500	90	2^2*3^1*5^4*17^2
2036	2179872	90	2^5*3^4*29^2
2037	2184050	54	2^1*5^2*11^2*19^2
2038	2187441	27	3^2*17^2*29^2
2039	2190240	180	2^5*3^4*5^1*13^2
2040	2193075	54	3^5*5^2*19^2
2041	2196150	60	2^1*3^1*5^2*11^4
2042	2196324	81	2^2*3^2*13^2*19^2
2043	2205000	180	2^3*3^2*5^4*7^2
2044	2205225	63	3^6*5^2*11^2
2045	2208492	108	2^2*3^3*11^2*13^2
2046	2211840	120	2^14*3^3*5^1
2047	2217618	54	2^1*3^8*13^2
2048	2217984	72	2^11*3^1*19^2
2049	2223375	72	3^1*5^3*7^2*11^2
2050	2225286	72	2^1*3^3*7^2*29^2
2051	2230272	108	2^11*3^2*11^2
2052	2235025	27	5^2*13^2*23^2
2053	2238016	63	2^6*11^2*17^2
2054	2238728	20	2^3*23^4
2055	2239488	88	2^10*3^7
2056	2247264	108	2^5*3^5*17^2
2057	2250000	105	2^4*3^2*5^6
2058	2255067	20	3^3*17^4
2059	2256250	36	2^1*5^5*19^2
2060	2264192	72	2^7*7^2*19^2
2061	2265760	108	2^5*5^1*7^2*17^2
2062	2270700	108	2^2*3^3*5^2*29^2
2063	2274064	45	2^4*13^2*29^2
2064	2276736	144	2^7*3^1*7^2*11^2
2065	2281500	144	2^2*3^3*5^3*13^2
2066	2286144	147	2^6*3^6*7^2
2067	2291628	54	2^2*3^1*19^2*23^2
2068	2293215	36	3^1*5^1*17^2*23^2
2069	2294082	90	2^1*3^4*7^2*17^2
2070	2296875	42	3^1*5^6*7^2
2071	2304000	144	2^11*3^2*5^3
2072	2304324	81	2^2*3^2*11^2*23^2
2073	2304960	140	2^6*3^1*5^1*7^4
2074	2310400	81	2^8*5^2*19^2
2075	2313441	25	3^4*13^4
2076	2313846	48	2^1*3^7*23^2
2077	2323200	162	2^8*3^1*5^2*11^2
2078	2324168	60	2^3*7^4*11^2
2079	2332800	168	2^7*3^6*5^2
2080	2332890	108	2^1*3^2*5^1*7^2*23^2
2081	2333772	90	2^2*3^5*7^4
2082	2336256	120	2^9*3^3*13^2
2083	2340900	135	2^2*3^4*5^2*17^2
2084	2342560	60	2^5*5^1*11^4
2085	2343750	36	2^1*3^1*5^8
2086	2344368	90	2^4*3^1*13^2*17^2
2087	2345778	30	2^1*3^2*19^4
2088	2352240	180	2^4*3^5*5^1*11^2
2089	2358774	72	2^1*3^3*11^2*19^2
2090	2359296	57	2^18*3^2
2091	2361960	88	2^3*3^10*5^1
2092	2367488	42	2^13*17^2
2093	2368521	27	3^8*19^2
2094	2371600	135	2^4*5^2*7^2*11^2
2095	2371842	50	2^1*3^4*11^4
2096	2381400	216	2^3*3^5*5^2*7^2
2097	2381643	30	3^9*11^2
2098	2384928	162	2^5*3^2*7^2*13^2
2099	2388015	72	3^3*5^1*7^2*19^2
2100	2393209	27	7^2*13^2*17^2
2101	2400000	108	2^8*3^1*5^5
2102	2401000	80	2^3*5^3*7^4
2103	2408448	90	2^14*3^1*7^2
2104	2413827	36	3^3*13^2*23^2
2105	2420000	90	2^5*5^4*11^2
2106	2428808	36	2^3*19^2*29^2
2107	2430000	150	2^4*3^5*5^4
2108	2430490	36	2^1*5^1*17^2*29^2
2109	2433600	189	2^6*3^2*5^2*13^2
2110	2434614	60	2^1*3^1*7^4*13^2
2111	2437632	90	2^9*3^2*23^2
2112	2440360	72	2^3*5^1*13^2*19^2
2113	2442050	54	2^1*5^2*13^2*17^2
2114	2442264	72	2^3*3^1*11^2*29^2
2115	2446096	45	2^4*17^2*23^2
2116	2450250	120	2^1*3^4*5^3*11^2
2117	2452356	63	2^2*3^6*29^2
2118	2457600	96	2^15*3^1*5^2
2119	2458624	55	2^10*7^4
2120	2460375	40	3^9*5^3
2121	2472540	108	2^2*3^1*5^1*7^2*29^2
2122	2474329	15	11^4*13^2
2123	2480625	75	3^4*5^4*7^2
2124	2484300	162	2^2*3^1*5^2*7^2*13^2
2125	2488416	108	2^5*3^1*7^2*23^2
2126	2495232	108	2^8*3^3*19^2
2127	2496960	168	2^6*3^3*5^1*17^2
2128	2500000	48	2^5*5^7
2129	2503896	72	2^3*3^1*17^2*19^2
2130	2508800	108	2^11*5^2*7^2
2131	2509056	135	2^8*3^4*11^2
2132	2517768	108	2^3*3^2*11^2*17^2
2133	2518569	15	3^2*23^4
2134	2519424	80	2^7*3^9
2135	2528172	72	2^2*3^7*17^2
2136	2531250	70	2^1*3^4*5^6
2137	2535000	120	2^3*3^1*5^4*13^2
2138	2539200	126	2^6*3^1*5^2*23^2
2139	2540160	240	2^7*3^4*5^1*7^2
2140	2540258	30	2^1*7^4*23^2
2141	2544025	27	5^2*11^2*29^2
2142	2547216	135	2^4*3^2*7^2*19^2
2143	2558322	54	2^1*3^2*13^2*29^2
2144	2560000	65	2^12*5^4
2145	2560360	72	2^3*5^1*11^2*23^2
2146	2561328	180	2^4*3^3*7^2*11^2
2147	2570490	60	2^1*3^2*5^1*13^4
2148	2570940	108	2^2*3^5*5^1*23^2
2149	2571912	108	2^3*3^8*7^2
2150	2583552	66	2^10*3^1*29^2
2151	2592100	81	2^2*5^2*7^2*23^2
2152	2595840	132	2^10*3^1*5^1*13^2
2153	2599200	162	2^5*3^2*5^2*19^2
2154	2600283	30	3^1*7^4*19^2
2155	2601000	144	2^3*3^2*5^3*17^2
2156	2608225	27	5^2*17^2*19^2
2157	2613600	216	2^5*3^3*5^2*11^2
2158	2614689	45	3^2*7^4*11^2
2159	2617472	72	2^7*11^2*13^2
2160	2620860	108	2^2*3^1*5^1*11^2*19^2
2161	2621440	40	2^19*5^1
2162	2622675	54	3^1*5^2*11^2*17^2
2163	2624400	135	2^4*3^8*5^2
2164	2628288	126	2^6*3^5*13^2
2165	2631690	84	2^1*3^6*5^1*19^2
2166	2637376	63	2^6*7^2*29^2
2167	2637414	72	2^1*3^3*13^2*17^2
2168	2640625	21	5^6*13^2
2169	2645000	60	2^3*5^4*23^2
2170	2646000	240	2^4*3^3*5^3*7^2
2171	2653350	108	2^1*3^1*5^2*7^2*19^2
2172	2654208	80	2^15*3^4
2173	2663424	99	2^10*3^2*17^2
2174	2668050	162	2^1*3^2*5^2*7^2*11^2
2175	2669334	36	2^1*3^1*23^2*29^2
2176	2672672	30	2^5*17^4
2177	2679075	72	3^7*5^2*7^2
2178	2683044	135	2^2*3^4*7^2*13^2
2179	2691200	72	2^7*5^2*29^2
2180	2704000	96	2^7*5^3*13^2
2181	2707500	90	2^2*3^1*5^4*19^2
2182	2709375	36	3^1*5^5*17^2
2183	2709504	144	2^11*3^3*7^2
2184	2718912	126	2^6*3^1*7^2*17^2
2185	2722500	135	2^2*3^2*5^4*11^2
2186	2724840	120	2^3*3^4*5^1*29^2
2187	2732409	27	3^2*19^2*29^2
2188	2733750	80	2^1*3^7*5^4
2189	2737800	180	2^3*3^4*5^2*13^2
2190	2741856	60	2^5*3^1*13^4
2191	2742336	105	2^6*3^4*23^2
2192	2747547	36	3^3*11^2*29^2
2193	2751858	54	2^1*3^2*17^2*23^2
2194	2756250	108	2^1*3^2*5^5*7^2
2195	2760615	72	3^3*5^1*11^2*13^2
2196	2764800	156	2^12*3^3*5^2
2197	2765952	120	2^7*3^2*7^4
2198	2768896	45	2^14*13^2
2199	2774400	144	2^7*3^1*5^2*17^2
2200	2775556	45	2^2*7^4*17^2
2201	2787840	180	2^9*3^2*5^1*11^2
2202	2795584	63	2^6*11^2*19^2
2203	2798410	20	2^1*5^1*23^4
2204	2798978	30	2^1*7^2*13^4
2205	2799360	144	2^8*3^7*5^1
2206	2799468	108	2^2*3^3*7^2*23^2
2207	2807136	108	2^5*3^5*19^2
2208	2811072	70	2^6*3^1*11^4
2209	2816883	36	3^3*17^2*19^2
2210	2822400	243	2^8*3^2*5^2*7^2
2211	2822688	126	2^5*3^6*11^2
2212	2823576	56	2^3*3^1*7^6
2213	2829124	15	2^2*29^4
2214	2830240	108	2^5*5^1*7^2*19^2
2215	2832200	108	2^3*5^2*7^2*17^2
2216	2832489	45	3^4*11^2*17^2
2217	2834352	60	2^4*3^11
2218	2838375	48	3^3*5^3*29^2
2219	2851875	60	3^3*5^4*13^2
2220	2856100	45	2^2*5^2*13^4
2221	2856600	144	2^3*3^3*5^2*23^2
2222	2860832	54	2^5*13^2*23^2
2223	2864535	36	3^1*5^1*19^2*23^2
2224	2865618	90	2^1*3^4*7^2*19^2
2225	2869636	45	2^2*7^2*11^4
2226	2880000	150	2^9*3^2*5^4
2227	2881200	150	2^4*3^1*5^2*7^4
2228	2881494	108	2^1*3^5*7^2*11^2
2229	2890000	75	2^4*5^4*17^2
2230	2893401	33	3^10*7^2
2231	2904000	168	2^6*3^1*5^3*11^2
2232	2905210	60	2^1*5^1*7^4*11^2
2233	2906496	96	2^7*3^3*29^2
2234	2916000	168	2^5*3^6*5^3
2235	2916588	54	2^2*3^1*17^2*29^2
2236	2917215	60	3^5*5^1*7^4
2237	2924100	135	2^2*3^4*5^2*19^2
2238	2928200	60	2^3*5^2*11^4
2239	2928432	90	2^4*3^1*13^2*19^2
2240	2930460	108	2^2*3^1*5^1*13^2*17^2
2241	2940000	180	2^5*3^1*5^4*7^2
2242	2940300	162	2^2*3^5*5^2*11^2
2243	2941225	21	5^2*7^6
2244	2944656	135	2^4*3^2*11^2*13^2
2245	2952450	66	2^1*3^10*5^2
2246	2956824	96	2^3*3^7*13^2
2247	2957312	42	2^13*19^2
2248	2959360	72	2^11*5^1*17^2
2249	2967048	108	2^3*3^2*7^2*29^2
2250	2973696	84	2^13*3^1*11^2
2251	2975625	45	3^2*5^4*23^2
2252	2981160	216	2^3*3^2*5^1*7^2*13^2
2253	2985984	91	2^12*3^6
2254	2989441	27	7^2*13^2*19^2
2255	2996352	120	2^7*3^4*17^2
2256	3000000	98	2^6*3^1*5^6
2257	3001250	50	2^1*5^4*7^4
2258	3006003	54	3^1*7^2*11^2*13^2
2259	3006756	45	2^2*3^2*17^4
2260	3010560	156	2^12*3^1*5^1*7^2
2261	3025000	72	2^3*5^5*11^2
2262	3027600	135	2^4*3^2*5^2*29^2
2263	3035648	90	2^9*7^2*11^2
2264	3036010	36	2^1*5^1*19^2*29^2
2265	3037500	108	2^2*3^5*5^5
2266	3047040	144	2^7*3^2*5^1*23^2
2267	3048192	162	2^8*3^5*7^2
2268	3050450	54	2^1*5^2*13^2*19^2
2269	3055504	45	2^4*19^2*23^2
2270	3058776	144	2^3*3^3*7^2*17^2
2271	3062500	63	2^2*5^6*7^2
2272	3067350	108	2^1*3^1*5^2*11^2*13^2
2273	3072432	90	2^4*3^1*11^2*23^2
2274	3080025	63	3^6*5^2*13^2
2275	3084588	60	2^2*3^3*13^4
2276	3085128	84	2^3*3^6*23^2
2277	3090675	54	3^1*5^2*7^2*29^2
2278	3097600	99	2^10*5^2*11^2
2279	3105375	72	3^1*5^3*7^2*13^2
2280	3110400	180	2^9*3^5*5^2
2281	3111696	125	2^4*3^4*7^4
2282	3115008	108	2^11*3^2*13^2
2283	3119040	168	2^6*3^3*5^1*19^2
2284	3121200	180	2^4*3^3*5^2*17^2
2285	3125000	36	2^3*5^8
2286	3125824	63	2^6*13^2*17^2
2287	3127704	40	2^3*3^1*19^4
2288	3136000	120	2^9*5^3*7^2
2289	3136441	27	7^2*11^2*23^2
2290	3145032	108	2^3*3^2*11^2*19^2
2291	3145728	42	2^20*3^1
2292	3147210	108	2^1*3^2*5^1*11^2*17^2
2293	3153750	60	2^1*3^1*5^4*29^2
2294	3158028	72	2^2*3^7*19^2
2295	3160215	48	3^7*5^1*17^2
2296	3162456	80	2^3*3^3*11^4
2297	3174000	120	2^4*3^1*5^3*23^2
2298	3175200	270	2^5*3^4*5^2*7^2
2299	3175524	81	2^2*3^8*11^2
2300	3176523	28	3^3*7^6
2301	3179904	144	2^7*3^1*7^2*13^2
2302	3186225	81	3^2*5^2*7^2*17^2
2303	3188646	28	2^1*3^13
2304	3200450	54	2^1*5^2*11^2*23^2
2305	3201660	216	2^2*3^3*5^1*7^2*11^2
2306	3211264	51	2^16*7^2
2307	3213675	54	3^5*5^2*23^2
2308	3214890	108	2^1*3^8*5^1*7^2
2309	3218436	81	2^2*3^2*13^2*23^2
2310	3229440	108	2^8*3^1*5^1*29^2
2311	3240000	175	2^6*3^4*5^4
2312	3241350	120	2^1*3^3*5^2*7^4
2313	3244800	162	2^8*3^1*5^2*13^2
2314	3246152	60	2^3*7^4*13^2
2315	3249000	144	2^3*3^2*5^3*19^2
2316	3250176	72	2^11*3^1*23^2
2317	3251250	90	2^1*3^2*5^4*17^2
2318	3256352	54	2^5*11^2*29^2
2319	3258025	15	5^2*19^4
2320	3269808	90	2^4*3^5*29^2
2321	3271840	108	2^5*5^1*11^2*13^2
2322	3276075	54	3^1*5^2*11^2*19^2
2323	3276800	54	2^17*5^2
2324	3285360	180	2^4*3^5*5^1*13^2
2325	3294225	45	3^2*5^2*11^4
2326	3294486	72	2^1*3^3*13^2*19^2
2327	3306250	36	2^1*5^5*23^2
2328	3307500	180	2^2*3^3*5^4*7^2
2329	3312400	135	2^4*5^2*7^2*13^2
2330	3312738	90	2^1*3^4*11^2*13^2
2331	3317760	140	2^13*3^4*5^1
2332	3317888	72	2^7*7^2*23^2
2333	3326427	30	3^9*13^2
2334	3326976	99	2^10*3^2*19^2
2335	3337929	45	3^4*7^2*29^2
2336	3338528	54	2^5*17^2*19^2
2337	3340840	40	2^3*5^1*17^4
2338	3345408	132	2^10*3^3*11^2
2339	3357024	108	2^5*3^1*11^2*17^2
2340	3358092	30	2^2*3^1*23^4
2341	3359232	90	2^9*3^8
2342	3364000	72	2^5*5^3*29^2
2343	3370896	105	2^4*3^6*17^2
2344	3375000	112	2^3*3^3*5^6
2345	3380000	90	2^5*5^4*13^2
2346	3384375	36	3^1*5^5*19^2
2347	3385600	81	2^8*5^2*23^2
2348	3396288	126	2^6*3^1*7^2*19^2
2349	3398640	180	2^4*3^1*5^1*7^2*17^2
2350	3406050	90	2^1*3^4*5^2*29^2
2351	3411096	72	2^3*3^1*13^2*29^2
2352	3415104	189	2^6*3^2*7^2*11^2
2353	3422250	120	2^1*3^4*5^3*13^2
2354	3426962	54	2^1*7^2*11^2*17^2
2355	3429216	144	2^5*3^7*7^2
2356	3437442	54	2^1*3^2*19^2*23^2
2357	3441123	54	3^5*7^2*17^2
2358	3444736	39	2^12*29^2
2359	3455881	15	11^2*13^4
2360	3456000	176	2^10*3^3*5^3
2361	3456486	72	2^1*3^3*11^2*23^2
2362	3457440	180	2^5*3^2*5^1*7^4
2363	3465600	144	2^7*3^1*5^2*19^2
2364	3467044	45	2^2*7^4*19^2
2365	3470769	27	3^8*23^2
2366	3484800	216	2^7*3^2*5^2*11^2
2367	3486252	90	2^2*3^1*7^4*11^2
2368	3496900	81	2^2*5^2*11^2*17^2
2369	3499200	168	2^6*3^7*5^2
2370	3499335	72	3^3*5^1*7^2*23^2
2371	3500658	70	2^1*3^6*7^4
2372	3504384	135	2^8*3^4*13^2
2373	3511350	108	2^1*3^5*5^2*17^2
2374	3513840	100	2^4*3^1*5^1*11^4
2375	3515625	27	3^2*5^8
2376	3516552	108	2^3*3^2*13^2*17^2
2377	3518667	20	3^3*19^4
2378	3528360	168	2^3*3^6*5^1*11^2
2379	3537800	108	2^3*5^2*7^2*19^2
2380	3538161	45	3^4*11^2*19^2
2381	3538944	72	2^17*3^3
2382	3540250	72	2^1*5^3*7^2*17^2
2383	3542940	72	2^2*3^11*5^1
2384	3543122	14	2^1*11^6
2385	3551232	78	2^12*3^1*17^2
2386	3553225	27	5^2*13^2*29^2
2387	3557400	216	2^3*3^1*5^2*7^2*11^2
2388	3557763	30	3^5*11^4
2389	3559112	36	2^3*23^2*29^2
2390	3572100	189	2^2*3^6*5^2*7^2
2391	3576040	72	2^3*5^1*13^2*23^2
2392	3577392	180	2^4*3^3*7^2*13^2
2393	3600000	144	2^7*3^2*5^5
2394	3601500	120	2^2*3^1*5^3*7^4
2395	3610000	75	2^4*5^4*19^2
2396	3612672	126	2^13*3^2*7^2
2397	3625216	81	2^8*7^2*17^2
2398	3630000	150	2^4*3^1*5^4*11^2
2399	3643212	54	2^2*3^1*19^2*29^2
2400	3645000	140	2^3*3^6*5^4
2401	3645735	36	3^1*5^1*17^2*29^2
2402	3650400	216	2^5*3^3*5^2*13^2
2403	3651921	45	3^2*7^4*13^2
2404	3655808	40	2^7*13^4
2405	3656448	108	2^8*3^3*23^2
2406	3660250	40	2^1*5^3*11^4
2407	3660540	108	2^2*3^1*5^1*13^2*19^2
2408	3663075	54	3^1*5^2*13^2*17^2
2409	3663396	81	2^2*3^2*11^2*29^2
2410	3669144	72	2^3*3^1*17^2*23^2
2411	3675375	72	3^5*5^3*11^2
2412	3678534	48	2^1*3^7*29^2
2413	3686400	135	2^14*3^2*5^2
2414	3687936	100	2^9*3^1*7^4
2415	3696640	72	2^11*5^1*19^2
2416	3699200	90	2^9*5^2*17^2
2417	3705625	45	5^4*7^2*11^2
2418	3708810	108	2^1*3^2*5^1*7^2*29^2
2419	3726450	162	2^1*3^2*5^2*7^2*13^2
2420	3732624	135	2^4*3^2*7^2*23^2
2421	3742848	120	2^7*3^4*19^2
2422	3745440	180	2^5*3^4*5^1*17^2
2423	3748096	45	2^8*11^4
2424	3750000	80	2^4*3^1*5^7
2425	3755844	81	2^2*3^2*17^2*19^2
2426	3763200	198	2^10*3^1*5^2*7^2
2427	3763584	144	2^7*3^5*11^2
2428	3764768	42	2^5*7^6
2429	3776652	108	2^2*3^3*11^2*17^2
2430	3779136	77	2^6*3^10
2431	3781250	42	2^1*5^6*11^2
2432	3792258	54	2^1*3^8*17^2
2433	3794560	144	2^7*5^1*7^2*11^2
2434	3796875	42	3^5*5^6
2435	3802500	135	2^2*3^2*5^4*13^2
2436	3808800	162	2^5*3^2*5^2*23^2
2437	3810240	252	2^6*3^5*5^1*7^2
2438	3810387	30	3^1*7^4*23^2
2439	3820824	144	2^3*3^3*7^2*19^2
2440	3822025	27	5^2*17^2*23^2
2441	3837483	36	3^3*13^2*29^2
2442	3840000	120	2^11*3^1*5^4
2443	3840540	108	2^2*3^1*5^1*11^2*23^2
2444	3841600	105	2^6*5^2*7^4
2445	3841992	180	2^3*3^4*7^2*11^2
2446	3855735	40	3^3*5^1*13^4
2447	3856410	84	2^1*3^6*5^1*23^2
2448	3857868	90	2^2*3^9*7^2
2449	3875328	90	2^9*3^2*29^2
2450	3888150	108	2^1*3^1*5^2*7^2*23^2
2451	3888784	45	2^4*17^2*29^2
2452	3893760	180	2^9*3^2*5^1*13^2
2453	3898800	180	2^4*3^3*5^2*19^2
2454	3901500	144	2^2*3^3*5^3*17^2
2455	3904576	63	2^6*13^2*19^2
2456	3906250	20	2^1*5^9
2457	3920000	120	2^7*5^4*7^2
2458	3920400	225	2^4*3^4*5^2*11^2
2459	3926208	126	2^6*3^1*11^2*13^2
2460	3931290	108	2^1*3^2*5^1*11^2*19^2
2461	3932160	76	2^18*3^1*5^1
2462	3936600	120	2^3*3^9*5^2
2463	3942432	126	2^5*3^6*13^2
2464	3947535	48	3^7*5^1*19^2
2465	3956064	108	2^5*3^1*7^2*29^2
2466	3956121	45	3^4*13^2*17^2
2467	3964928	48	2^15*11^2
2468	3967500	90	2^2*3^1*5^4*23^2
2469	3969000	240	2^3*3^4*5^3*7^2
2470	3980025	81	3^2*5^2*7^2*19^2
2471	3981312	90	2^14*3^5
2472	3995136	120	2^9*3^3*17^2
2473	4000000	63	2^8*5^6
2474	4002075	108	3^3*5^2*7^2*11^2
2475	4004001	27	3^2*23^2*29^2
2476	4008004	81	2^2*7^2*11^2*13^2
2477	4009008	50	2^4*3^1*17^4
2478	4024566	108	2^1*3^5*7^2*13^2
2479	4036800	126	2^6*3^1*5^2*29^2
2480	4038482	30	2^1*7^4*29^2
2481	4056000	168	2^6*3^1*5^3*13^2
2482	4057690	60	2^1*5^1*7^4*13^2
2483	4061250	90	2^1*3^2*5^4*19^2
2484	4064256	165	2^10*3^4*7^2
2485	4070440	72	2^3*5^1*11^2*29^2
2486	4078368	162	2^5*3^2*7^2*17^2
2487	4083750	120	2^1*3^3*5^4*11^2
2488	4087260	108	2^2*3^5*5^1*29^2
2489	4089800	108	2^3*5^2*11^2*13^2
2490	4092529	15	7^2*17^4
2491	4096000	64	2^15*5^3
2492	4096576	63	2^6*11^2*23^2
2493	4100625	45	3^8*5^4
2494	4106700	162	2^2*3^5*5^2*13^2
2495	4112784	75	2^4*3^2*13^4
2496	4113504	108	2^5*3^5*23^2
2497	4120900	81	2^2*5^2*7^2*29^2
2498	4127787	36	3^3*17^2*23^2
2499	4134375	72	3^3*5^5*7^2
2500	4147200	180	2^11*3^4*5^2
2501	4147360	108	2^5*5^1*7^2*23^2
2502	4148928	140	2^6*3^3*7^4
2503	4153344	84	2^13*3^1*13^2
2504	4161600	189	2^6*3^2*5^2*17^2
2505	4163334	60	2^1*3^1*7^4*17^2
2506	4170272	30	2^5*19^4
2507	4173160	72	2^3*5^1*17^2*19^2
2508	4176050	30	2^1*5^2*17^4
2509	4181760	216	2^8*3^3*5^1*11^2
2510	4193376	108	2^5*3^1*11^2*19^2
2511	4194304	23	2^22
2512	4197615	20	3^1*5^1*23^4
2513	4198467	30	3^1*7^2*13^4
2514	4199040	144	2^7*3^8*5^1
2515	4199202	90	2^1*3^4*7^2*23^2
2516	4205000	60	2^3*5^4*29^2
2517	4210704	105	2^4*3^6*19^2
2518	4216608	90	2^5*3^2*11^4
2519	4225000	72	2^3*5^5*13^2
2520	4231249	15	11^4*17^2
2521	4233600	288	2^7*3^3*5^2*7^2
2522	4234032	120	2^4*3^7*11^2
2523	4235364	63	2^2*3^2*7^6
2524	4239872	90	2^9*7^2*13^2
2525	4243686	20	2^1*3^1*29^4
2526	4245360	180	2^4*3^1*5^1*7^2*19^2
2527	4248300	162	2^2*3^1*5^2*7^2*17^2
2528	4251528	52	2^3*3^12
2529	4280738	54	2^1*7^2*11^2*19^2
2530	4284150	60	2^1*3^1*5^2*13^4
2531	4284900	135	2^2*3^4*5^2*23^2
2532	4291248	90	2^4*3^1*13^2*23^2
2533	4298427	54	3^5*7^2*19^2
2534	4304454	60	2^1*3^1*7^2*11^4
2535	4320000	180	2^8*3^3*5^4
2536	4321800	180	2^3*3^2*5^2*7^4
2537	4322241	63	3^6*7^2*11^2
2538	4326400	99	2^10*5^2*13^2
2539	4333568	42	2^13*23^2
2540	4335000	120	2^3*3^1*5^4*17^2
2541	4356000	216	2^5*3^2*5^3*11^2
2542	4357815	60	3^1*5^1*7^4*11^2
2543	4359744	105	2^6*3^4*29^2
2544	4368100	81	2^2*5^2*11^2*19^2
2545	4374000	160	2^4*3^7*5^3
2546	4374882	54	2^1*3^2*17^2*29^2
2547	4380649	27	7^2*13^2*23^2
2548	4386150	108	2^1*3^5*5^2*19^2
2549	4392300	90	2^2*3^1*5^2*11^4
2550	4392648	108	2^3*3^2*13^2*19^2
2551	4395690	108	2^1*3^2*5^1*13^2*17^2
2552	4410000	225	2^4*3^2*5^4*7^2
2553	4410450	126	2^1*3^6*5^2*11^2
2554	4416984	144	2^3*3^3*11^2*13^2
2555	4422250	72	2^1*5^3*7^2*19^2
2556	4428675	36	3^11*5^2
2557	4435236	81	2^2*3^8*13^2
2558	4435968	78	2^12*3^1*19^2
2559	4439040	132	2^10*3^1*5^1*17^2
2560	4448890	36	2^1*5^1*23^2*29^2
2561	4450572	108	2^2*3^3*7^2*29^2
2562	4460544	117	2^12*3^2*11^2
2563	4470050	54	2^1*5^2*13^2*23^2
2564	4471740	216	2^2*3^3*5^1*7^2*13^2
2565	4476032	72	2^7*11^2*17^2
2566	4477456	25	2^4*23^4
2567	4478976	96	2^11*3^7
2568	4494528	126	2^6*3^5*17^2
2569	4500000	126	2^5*3^2*5^6
2570	4501875	50	3^1*5^4*7^4
2571	4510134	40	2^1*3^3*17^4
2572	4515625	21	5^6*17^2
2573	4515840	216	2^11*3^2*5^1*7^2
2574	4528384	81	2^8*7^2*19^2
2575	4537500	108	2^2*3^1*5^5*11^2
2576	4541400	144	2^3*3^3*5^2*29^2
2577	4548128	54	2^5*13^2*29^2
2578	4553472	162	2^8*3^1*7^2*11^2
2579	4554015	36	3^1*5^1*19^2*29^2
2580	4556250	84	2^1*3^6*5^5
2581	4569760	60	2^5*5^1*13^4
2582	4570560	168	2^6*3^3*5^1*23^2
2583	4572288	168	2^7*3^6*7^2
2584	4575675	54	3^1*5^2*13^2*19^2
2585	4583256	72	2^3*3^1*19^2*23^2
2586	4588164	135	2^2*3^4*7^2*17^2
2587	4593750	84	2^1*3^1*5^6*7^2
2588	4601025	81	3^2*5^2*11^2*13^2
2589	4608648	108	2^3*3^2*11^2*23^2
2590	4620800	90	2^9*5^2*19^2
2591	4624000	96	2^7*5^3*17^2
2592	4626882	50	2^1*3^4*13^4
2593	4627692	72	2^2*3^7*23^2
2594	4646400	180	2^9*3^1*5^2*11^2
2595	4648336	75	2^4*7^4*11^2
2596	4665600	189	2^8*3^6*5^2
2597	4667544	120	2^3*3^5*7^4
2598	4672512	132	2^10*3^3*13^2
2599	4678560	180	2^5*3^4*5^1*19^2
2600	4681800	180	2^3*3^4*5^2*17^2
2601	4687500	54	2^2*3^1*5^8
2602	4688736	108	2^5*3^1*13^2*17^2
2603	4691556	45	2^2*3^2*19^4
2604	4704000	216	2^8*3^1*5^3*7^2
2605	4705960	56	2^3*5^1*7^6
2606	4717548	108	2^2*3^3*11^2*19^2
2607	4718592	60	2^19*3^2
2608	4720815	72	3^3*5^1*11^2*17^2
2609	4730625	45	3^2*5^4*29^2
2610	4734976	45	2^14*17^2
2611	4737042	54	2^1*3^8*19^2
2612	4743200	162	2^5*5^2*7^2*11^2
2613	4743684	75	2^2*3^4*11^4
2614	4761000	144	2^3*3^2*5^3*23^2
2615	4762800	270	2^4*3^5*5^2*7^2
2616	4763286	60	2^1*3^9*11^2
2617	4769856	189	2^6*3^2*7^2*13^2
2618	4774225	27	5^2*19^2*23^2
2619	4782969	15	3^14
2620	4786418	54	2^1*7^2*13^2*17^2
2621	4800675	54	3^1*5^2*11^2*23^2
2622	4802490	180	2^1*3^4*5^1*7^2*11^2
2623	4816896	96	2^15*3^1*7^2
2624	4822335	60	3^9*5^1*7^2
2625	4826809	7	13^6
2626	4827654	72	2^1*3^3*13^2*23^2
2627	4840000	105	2^6*5^4*11^2
2628	4844160	144	2^7*3^2*5^1*29^2
2629	4857616	45	2^4*19^2*29^2
2630	4860000	180	2^5*3^5*5^4
2631	4862025	75	3^4*5^2*7^4
2632	4867200	216	2^7*3^2*5^2*13^2
2633	4869228	90	2^2*3^1*7^4*13^2
2634	4873500	144	2^2*3^3*5^3*19^2
2635	4875264	99	2^10*3^2*23^2
2636	4876875	60	3^3*5^4*17^2
2637	4884100	81	2^2*5^2*13^2*17^2
2638	4884528	90	2^4*3^1*11^2*29^2
2639	4892192	54	2^5*17^2*23^2
2640	4900000	108	2^5*5^5*7^2
2641	4904712	84	2^3*3^6*29^2
2642	4907760	180	2^4*3^1*5^1*11^2*13^2
2643	4915200	102	2^16*3^1*5^2
2644	4917248	60	2^11*7^4
2645	4928040	168	2^3*3^6*5^1*13^2
2646	4941729	45	3^4*13^2*19^2
2647	4948658	30	2^1*11^4*13^2
2648	4956160	84	2^13*5^1*11^2
2649	4959375	36	3^1*5^5*23^2
2650	4961250	150	2^1*3^4*5^4*7^2
2651	4968600	216	2^3*3^1*5^2*7^2*13^2
2652	4969107	54	3^5*11^2*13^2
2653	4976640	156	2^12*3^5*5^1
2654	4976832	126	2^6*3^1*7^2*23^2
2655	4986289	27	7^2*11^2*29^2
2656	4990464	120	2^9*3^3*19^2
2657	5007792	90	2^4*3^1*17^2*19^2
2658	5011260	60	2^2*3^1*5^1*17^4
2659	5017600	117	2^12*5^2*7^2
2660	5018112	150	2^9*3^4*11^2
2661	5035536	135	2^4*3^2*11^2*17^2
2662	5037138	30	2^1*3^2*23^4
2663	5038848	90	2^8*3^9
2664	5046000	120	2^4*3^1*5^3*29^2
2665	5056344	96	2^3*3^7*17^2
2666	5062500	105	2^2*3^4*5^6
2667	5070000	150	2^4*3^1*5^4*13^2
2668	5078400	144	2^7*3^1*5^2*23^2
2669	5080516	45	2^2*7^4*23^2
2670	5088050	54	2^1*5^2*11^2*29^2
2671	5094432	162	2^5*3^2*7^2*19^2
2672	5097960	216	2^3*3^2*5^1*7^2*17^2
2673	5109075	54	3^5*5^2*29^2
2674	5112121	27	7^2*17^2*19^2
2675	5112250	72	2^1*5^3*11^2*13^2
2676	5116644	81	2^2*3^2*13^2*29^2
2677	5120000	70	2^13*5^4
2678	5122656	216	2^5*3^3*7^2*11^2
2679	5133375	72	3^5*5^3*13^2
2680	5140443	54	3^1*7^2*11^2*17^2
2681	5143824	135	2^4*3^8*7^2
2682	5156163	36	3^3*19^2*23^2
2683	5167104	72	2^11*3^1*29^2
2684	5175625	45	5^4*7^2*13^2
2685	5184000	200	2^9*3^4*5^3
2686	5184200	108	2^3*5^2*7^2*23^2
2687	5184729	45	3^4*11^2*23^2
2688	5186160	200	2^4*3^3*5^1*7^4
2689	5198400	189	2^6*3^2*5^2*19^2
2690	5200566	60	2^1*3^1*7^4*19^2
2691	5212840	40	2^3*5^1*19^4
2692	5216450	54	2^1*5^2*17^2*19^2
2693	5227200	252	2^6*3^3*5^2*11^2
2694	5229378	90	2^1*3^2*7^4*11^2
2695	5234944	81	2^8*11^2*13^2
2696	5245350	108	2^1*3^1*5^2*11^2*17^2
2697	5248800	162	2^5*3^8*5^2
2698	5250987	40	3^7*7^4
2699	5256250	36	2^1*5^5*29^2
2700	5256576	144	2^7*3^5*13^2
2701	5267025	63	3^6*5^2*17^2
2702	5270760	120	2^3*3^2*5^1*11^4
2703	5274752	72	2^7*7^2*29^2
2704	5274828	108	2^2*3^3*13^2*17^2
2705	5281250	42	2^1*5^6*13^2
2706	5285401	15	11^4*19^2
2707	5290000	75	2^4*5^4*23^2
2708	5292540	144	2^2*3^7*5^1*11^2
2709	5299840	144	2^7*5^1*7^2*13^2
2710	5306700	162	2^2*3^1*5^2*7^2*19^2
2711	5308416	85	2^16*3^4
2712	5310375	72	3^1*5^3*7^2*17^2
2713	5314410	52	2^1*3^12*5^1
2714	5314683	14	3^1*11^6
2715	5326848	108	2^11*3^2*17^2
2716	5336100	243	2^2*3^2*5^2*7^2*11^2
2717	5338668	54	2^2*3^1*23^2*29^2
2718	5345344	35	2^6*17^4
2719	5358150	144	2^1*3^7*5^2*7^2
2720	5364060	108	2^2*3^1*5^1*13^2*23^2
2721	5366088	180	2^3*3^4*7^2*13^2
2722	5382400	81	2^8*5^2*29^2
2723	5400000	168	2^6*3^3*5^5
2724	5402250	120	2^1*3^2*5^3*7^4
2725	5415000	120	2^3*3^1*5^4*19^2
2726	5416960	72	2^11*5^1*23^2
2727	5419008	156	2^12*3^3*7^2
2728	5437824	144	2^7*3^1*7^2*17^2
2729	5445000	180	2^3*3^2*5^4*11^2
2730	5464818	54	2^1*3^2*19^2*29^2
2731	5467500	120	2^2*3^7*5^4
2732	5475600	225	2^4*3^4*5^2*13^2
2733	5483712	70	2^6*3^1*13^4
2734	5484672	120	2^7*3^4*23^2
2735	5490375	40	3^1*5^3*11^4
2736	5490810	108	2^1*3^2*5^1*13^2*19^2
2737	5495094	72	2^1*3^3*11^2*29^2
2738	5503716	81	2^2*3^2*17^2*23^2
2739	5517801	27	3^8*29^2
2740	5529600	168	2^13*3^3*5^2
2741	5531904	135	2^8*3^2*7^4
2742	5537792	48	2^15*13^2
2743	5544960	132	2^10*3^1*5^1*19^2
2744	5548800	162	2^8*3^1*5^2*17^2
2745	5551112	60	2^3*7^4*17^2
2746	5563215	72	3^3*5^1*7^2*29^2
2747	5589675	108	3^3*5^2*7^2*13^2
2748	5591168	72	2^7*11^2*19^2
2749	5595040	108	2^5*5^1*11^2*17^2
2750	5597956	45	2^2*7^2*13^4
2751	5598936	144	2^3*3^3*7^2*23^2
2752	5614272	126	2^6*3^5*19^2
2753	5618160	180	2^4*3^5*5^1*17^2
2754	5622144	80	2^7*3^1*11^4
2755	5625000	96	2^3*3^2*5^7
2756	5633766	72	2^1*3^3*17^2*19^2
2757	5640625	21	5^6*19^2
2758	5644800	270	2^9*3^2*5^2*7^2
2759	5645376	147	2^6*3^6*11^2
2760	5647152	70	2^4*3^1*7^6
2761	5658248	20	2^3*29^4
2762	5664400	135	2^4*5^2*7^2*17^2
2763	5664978	90	2^1*3^4*11^2*17^2
2764	5668704	72	2^5*3^11
2765	5671875	42	3^1*5^6*11^2
2766	5685160	72	2^3*5^1*13^2*29^2
2767	5688387	30	3^9*17^2
2768	5691840	252	2^6*3^1*5^1*7^2*11^2
2769	5703750	120	2^1*3^3*5^4*13^2
2770	5712200	60	2^3*5^2*13^4
2771	5713200	180	2^4*3^3*5^2*23^2
2772	5715360	252	2^5*3^6*5^1*7^2
2773	5721664	63	2^6*13^2*23^2
2774	5731236	135	2^2*3^4*7^2*19^2
2775	5739272	60	2^3*7^2*11^4
2776	5760000	165	2^10*3^2*5^4
2777	5760810	108	2^1*3^2*5^1*11^2*23^2
2778	5762400	180	2^5*3^1*5^2*7^4
2779	5762988	162	2^2*3^5*7^2*11^2
2780	5764801	9	7^8
2781	5776000	96	2^7*5^3*19^2
2782	5780000	90	2^5*5^4*17^2
2783	5784615	48	3^7*5^1*23^2
2784	5786802	66	2^1*3^10*7^2
2785	5812992	108	2^8*3^3*29^2
2786	5832225	81	3^2*5^2*7^2*23^2
2787	5833176	72	2^3*3^1*17^2*29^2
2788	5840640	216	2^8*3^3*5^1*13^2
2789	5848200	180	2^3*3^4*5^2*19^2
2790	5852250	120	2^1*3^4*5^3*17^2
2791	5856400	75	2^4*5^2*11^4
2792	5856864	108	2^5*3^1*13^2*19^2
2793	5859375	20	3^1*5^9
2794	5880000	210	2^6*3^1*5^4*7^2
2795	5880600	216	2^3*3^5*5^2*11^2
2796	5882450	42	2^1*5^2*7^6
2797	5889312	162	2^5*3^2*11^2*13^2
2798	5896935	72	3^3*5^1*11^2*19^2
2799	5898240	108	2^17*3^2*5^1
2800	5904900	99	2^2*3^10*5^2
2801	5909761	27	11^2*13^2*17^2
2802	5913648	120	2^4*3^7*13^2
2803	5914624	45	2^14*19^2
2804	5929000	144	2^3*5^3*7^2*11^2
2805	5934096	135	2^4*3^2*7^2*29^2
2806	5947392	90	2^14*3^1*11^2
2807	5951250	90	2^1*3^2*5^4*23^2
2808	5953500	216	2^2*3^5*5^3*7^2
2809	5971968	98	2^13*3^6
2810	5978882	54	2^1*7^2*13^2*19^2
2811	5992704	135	2^8*3^4*17^2
2812	6000000	112	2^7*3^1*5^6
2813	6002500	75	2^2*5^4*7^4
2814	6012006	108	2^1*3^1*7^2*11^2*13^2
2815	6013512	60	2^3*3^2*17^4
2816	6036849	63	3^6*7^2*13^2
2817	6055200	162	2^5*3^2*5^2*29^2
2818	6057723	30	3^1*7^4*29^2
2819	6071296	99	2^10*7^2*11^2
2820	6076225	27	5^2*17^2*29^2
2821	6084000	216	2^5*3^2*5^3*13^2
2822	6086535	60	3^1*5^1*7^4*13^2
2823	6091875	60	3^3*5^4*19^2
2824	6096384	180	2^9*3^5*7^2
2825	6100900	81	2^2*5^2*13^2*19^2
2826	6105660	108	2^2*3^1*5^1*11^2*29^2
2827	6111008	54	2^5*19^2*23^2
2828	6115240	72	2^3*5^1*17^2*23^2
2829	6117552	180	2^4*3^3*7^2*17^2
2830	6125000	84	2^3*5^6*7^2
2831	6125625	75	3^4*5^4*11^2
2832	6130890	84	2^1*3^6*5^1*29^2
2833	6134700	162	2^2*3^1*5^2*11^2*13^2
2834	6144000	120	2^14*3^1*5^3
2835	6144864	108	2^5*3^1*11^2*23^2
2836	6146560	100	2^9*5^1*7^4
2837	6160050	126	2^1*3^6*5^2*13^2
2838	6169176	80	2^3*3^3*13^4
2839	6170256	105	2^4*3^6*23^2
2840	6181350	108	2^1*3^1*5^2*7^2*29^2
2841	6195200	108	2^11*5^2*11^2
2842	6220800	198	2^10*3^5*5^2
2843	6221040	180	2^4*3^1*5^1*7^2*23^2
2844	6223392	150	2^5*3^4*7^4
2845	6230016	117	2^12*3^2*13^2
2846	6242400	216	2^5*3^3*5^2*17^2
2847	6245001	45	3^2*7^4*17^2
2848	6250000	45	2^4*5^8
2849	6251648	72	2^7*13^2*17^2
2850	6255408	50	2^4*3^1*19^4
2851	6259740	108	2^2*3^1*5^1*17^2*19^2
2852	6264075	30	3^1*5^2*17^4
2853	6272640	240	2^7*3^4*5^1*11^2
2854	6272882	54	2^1*7^2*11^2*23^2
2855	6290064	135	2^4*3^2*11^2*19^2
2856	6291456	44	2^21*3^1
2857	6298560	140	2^6*3^9*5^1
2858	6298803	54	3^5*7^2*23^2
2859	6307500	90	2^2*3^1*5^4*29^2
2860	6316056	96	2^3*3^7*19^2
2861	6324912	100	2^4*3^3*11^4
2862	6337500	108	2^2*3^1*5^5*13^2
2863	6350400	315	2^6*3^4*5^2*7^2
2864	6351048	108	2^3*3^8*11^2
2865	6353046	56	2^1*3^3*7^6
2866	6359808	162	2^8*3^1*7^2*13^2
2867	6365529	15	3^2*29^4
2868	6368040	216	2^3*3^2*5^1*7^2*19^2
2869	6372450	162	2^1*3^2*5^2*7^2*17^2
2870	6377292	42	2^2*3^13
2871	6385729	15	7^2*19^4
2872	6400000	72	2^11*5^5
2873	6400900	81	2^2*5^2*11^2*23^2
2874	6421107	54	3^1*7^2*11^2*19^2
2875	6422528	54	2^17*7^2
2876	6426225	45	3^2*5^2*13^4
2877	6427350	108	2^1*3^5*5^2*23^2
2878	6436872	108	2^3*3^2*13^2*23^2
2879	6456681	45	3^2*7^2*11^4
2880	6480000	200	2^7*3^4*5^4
2881	6480250	72	2^1*5^3*7^2*23^2
2882	6482700	180	2^2*3^3*5^2*7^4
2883	6489600	180	2^9*3^1*5^2*13^2
2884	6492304	75	2^4*7^4*13^2
2885	6500352	78	2^12*3^1*23^2
2886	6502500	135	2^2*3^2*5^4*17^2
2887	6512704	63	2^6*11^2*29^2
2888	6516050	30	2^1*5^2*19^4
2889	6534000	240	2^4*3^3*5^3*11^2
2890	6539616	108	2^5*3^5*29^2
2891	6552150	108	2^1*3^1*5^2*11^2*19^2
2892	6553600	57	2^18*5^2
2893	6561000	144	2^3*3^8*5^3
2894	6562323	36	3^3*17^2*29^2
2895	6579225	63	3^6*5^2*19^2
2896	6588450	90	2^1*3^2*5^2*11^4
2897	6588972	108	2^2*3^3*13^2*19^2
2898	6593440	108	2^5*5^1*7^2*29^2
2899	6593535	72	3^3*5^1*13^2*17^2
2900	6615000	240	2^3*3^3*5^4*7^2
2901	6615675	72	3^7*5^2*11^2
2902	6624800	162	2^5*5^2*7^2*13^2
2903	6625476	135	2^2*3^4*11^2*13^2
2904	6633375	72	3^1*5^3*7^2*19^2
2905	6635776	81	2^8*7^2*23^2
2906	6652854	60	2^1*3^9*13^2
2907	6653952	108	2^11*3^2*19^2
2908	6658560	180	2^9*3^2*5^1*17^2
2909	6673335	36	3^1*5^1*23^2*29^2
2910	6675858	90	2^1*3^4*7^2*29^2
2911	6677056	63	2^6*17^2*19^2
2912	6690816	144	2^11*3^3*11^2
2913	6705075	54	3^1*5^2*13^2*23^2
2914	6707610	180	2^1*3^4*5^1*7^2*13^2
2915	6714048	126	2^6*3^1*11^2*17^2
2916	6716184	40	2^3*3^1*23^4
2917	6718464	99	2^10*3^8
2918	6741792	126	2^5*3^6*17^2
2919	6750000	140	2^4*3^3*5^6
2920	6760000	105	2^6*5^4*13^2
2921	6765201	25	3^4*17^4
2922	6771200	90	2^9*5^2*23^2
2923	6773760	264	2^10*3^3*5^1*7^2
2924	6792576	144	2^7*3^1*7^2*19^2
2925	6806250	108	2^1*3^2*5^5*11^2
2926	6812100	135	2^2*3^4*5^2*29^2
2927	6822192	90	2^4*3^1*13^2*29^2
2928	6830208	216	2^7*3^2*7^2*11^2
2929	6834375	48	3^7*5^5
2930	6853924	81	2^2*7^2*11^2*17^2
2931	6854640	100	2^4*3^1*5^1*13^4
2932	6855840	180	2^5*3^4*5^1*23^2
2933	6858432	168	2^6*3^7*7^2
2934	6874884	81	2^2*3^2*19^2*23^2
2935	6882246	108	2^1*3^5*7^2*17^2
2936	6889472	42	2^13*29^2
2937	6890625	63	3^2*5^6*7^2
2938	6911762	30	2^1*11^2*13^4
2939	6912972	108	2^2*3^3*11^2*23^2
2940	6922240	84	2^13*5^1*13^2
2941	6931200	162	2^8*3^1*5^2*19^2
2942	6934088	60	2^3*7^4*19^2
2943	6936000	168	2^6*3^1*5^3*17^2
2944	6938890	60	2^1*5^1*7^4*17^2
2945	6940323	30	3^5*13^4
2946	6941538	54	2^1*3^8*23^2
2947	6964321	27	7^2*13^2*29^2
2948	6969600	243	2^8*3^2*5^2*11^2
2949	6972504	120	2^3*3^1*7^4*11^2
2950	6988960	108	2^5*5^1*11^2*19^2
2951	6993800	108	2^3*5^2*11^2*17^2
2952	6996025	15	5^2*23^4
2953	6998400	192	2^7*3^7*5^2
2954	7001316	105	2^2*3^6*7^4
2955	7008768	150	2^9*3^4*13^2
2956	7017840	180	2^4*3^5*5^1*19^2
2957	7022700	162	2^2*3^5*5^2*17^2
2958	7031250	54	2^1*3^2*5^8
2959	7033104	135	2^4*3^2*13^2*17^2
2960	7037334	40	2^1*3^3*19^4
2961	7056000	288	2^7*3^2*5^3*7^2
2962	7058940	84	2^2*3^1*5^1*7^6
2963	7072810	20	2^1*5^1*29^4
2964	7075600	135	2^4*5^2*7^2*19^2
2965	7076322	90	2^1*3^4*11^2*19^2
2966	7077888	76	2^18*3^3
2967	7086244	21	2^2*11^6
2968	7102464	84	2^13*3^1*17^2
2969	7105563	30	3^9*19^2
2970	7106450	54	2^1*5^2*13^2*29^2
2971	7114800	270	2^4*3^1*5^2*7^2*11^2
2972	7115526	60	2^1*3^5*11^4
2973	7118224	45	2^4*23^2*29^2
2974	7140250	40	2^1*5^3*13^4
2975	7141500	144	2^2*3^3*5^3*23^2
2976	7144200	252	2^3*3^6*5^2*7^2
2977	7144929	33	3^10*11^2
2978	7154784	216	2^5*3^3*7^2*13^2
2979	7174090	60	2^1*5^1*7^2*11^4
2980	7179627	54	3^1*7^2*13^2*17^2
2981	7203735	108	3^5*5^1*7^2*11^2
2982	7220000	90	2^5*5^4*19^2
2983	7225000	72	2^3*5^5*17^2
2984	7225344	135	2^14*3^2*7^2
2985	7241481	45	3^4*13^2*23^2
2986	7250432	90	2^9*7^2*17^2
2987	7260000	180	2^5*3^1*5^4*11^2
2988	7263025	45	5^2*7^4*11^2
2989	7266240	168	2^6*3^3*5^1*29^2
2990	7286424	72	2^3*3^1*19^2*29^2
2991	7290000	175	2^4*3^6*5^4
2992	7300800	252	2^6*3^3*5^2*13^2
2993	7303842	90	2^1*3^2*7^4*13^2
2994	7310250	120	2^1*3^4*5^3*19^2
2995	7311616	45	2^8*13^4
2996	7312896	120	2^9*3^3*23^2
2997	7326150	108	2^1*3^1*5^2*13^2*17^2
2998	7326792	108	2^3*3^2*11^2*29^2
2999	7338288	90	2^4*3^1*17^2*23^2
3000	7350000	180	2^4*3^1*5^5*7^2
3001	7357068	72	2^2*3^7*29^2
3002	7361640	216	2^3*3^2*5^1*11^2*13^2
3003	7372800	144	2^15*3^2*5^2
3004	7375872	110	2^10*3^1*7^4
3005	7382089	27	11^2*13^2*19^2
3006	7392060	144	2^2*3^7*5^1*13^2
3007	7398400	99	2^10*5^2*17^2
3008	7411250	90	2^1*5^4*7^2*11^2
3009	7422987	30	3^1*11^4*13^2
3010	7434240	156	2^12*3^1*5^1*11^2
3011	7441875	90	3^5*5^4*7^2
3012	7452900	243	2^2*3^2*5^2*7^2*13^2
3013	7464960	168	2^11*3^6*5^1
3014	7465248	162	2^5*3^2*7^2*23^2
3015	7485696	135	2^8*3^4*19^2
3016	7491169	27	7^2*17^2*23^2
3017	7496192	50	2^9*11^4
3018	7511688	108	2^3*3^2*17^2*19^2
3019	7516890	60	2^1*3^2*5^1*17^4
3020	7526400	216	2^11*3^1*5^2*7^2
3021	7527168	162	2^8*3^5*11^2
3022	7529536	49	2^6*7^6
3023	7553304	144	2^3*3^3*11^2*17^2
3024	7555707	20	3^3*23^4
3025	7558272	88	2^7*3^10
3026	7562500	63	2^2*5^6*11^2
3027	7569000	144	2^3*3^2*5^3*29^2
3028	7584516	81	2^2*3^8*17^2
3029	7590025	27	5^2*19^2*29^2
3030	7593750	84	2^1*3^5*5^6
3031	7605000	180	2^3*3^2*5^4*13^2
3032	7617600	189	2^6*3^2*5^2*23^2
3033	7620774	60	2^1*3^1*7^4*23^2
3034	7632075	54	3^1*5^2*11^2*29^2
3035	7638760	72	2^3*5^1*19^2*23^2
3036	7641648	180	2^4*3^3*7^2*19^2
3037	7644050	54	2^1*5^2*17^2*23^2
3038	7646940	216	2^2*3^3*5^1*7^2*17^2
3039	7656250	48	2^1*5^7*7^2
3040	7668375	72	3^1*5^3*11^2*13^2
3041	7674966	72	2^1*3^3*13^2*29^2
3042	7680000	130	2^12*3^1*5^4
3043	7683200	120	2^7*5^2*7^4
3044	7683984	225	2^4*3^4*7^2*11^2
3045	7715736	120	2^3*3^9*7^2
3046	7744000	120	2^9*5^3*11^2
3047	7745089	15	11^4*23^2
3048	7750656	99	2^10*3^2*29^2
3049	7776000	216	2^8*3^5*5^3
3050	7776300	162	2^2*3^1*5^2*7^2*23^2
3051	7777568	54	2^5*17^2*29^2
3052	7779240	200	2^3*3^4*5^1*7^4
3053	7797600	216	2^5*3^3*5^2*19^2
3054	7800849	45	3^2*7^4*19^2
3055	7809152	72	2^7*13^2*19^2
3056	7814560	108	2^5*5^1*13^2*17^2
3057	7819260	60	2^2*3^1*5^1*19^4
3058	7824675	54	3^1*5^2*17^2*19^2
3059	7840000	135	2^8*5^4*7^2
3060	7840800	270	2^5*3^4*5^2*11^2
3061	7844067	60	3^3*7^4*11^2
3062	7852416	144	2^7*3^1*11^2*13^2
3063	7868025	81	3^2*5^2*11^2*17^2
3064	7873200	150	2^4*3^9*5^2
3065	7884375	36	3^1*5^5*29^2
3066	7884864	147	2^6*3^6*13^2
3067	7906140	120	2^2*3^3*5^1*11^4
3068	7912128	126	2^6*3^1*7^2*29^2
3069	7912242	90	2^1*3^4*13^2*17^2
3070	7921875	42	3^1*5^6*13^2
3071	7929856	51	2^16*11^2
3072	7935000	120	2^3*3^1*5^4*23^2
3073	7938810	108	2^1*3^8*5^1*11^2
3074	7949760	252	2^6*3^1*5^1*7^2*13^2
3075	7960050	162	2^1*3^2*5^2*7^2*19^2
3076	7962624	96	2^15*3^5
3077	7971615	28	3^13*5^1
3078	7990272	132	2^10*3^3*17^2
3079	8000000	70	2^9*5^6
3080	8004150	216	2^1*3^3*5^2*7^2*11^2
3081	8008002	54	2^1*3^2*23^2*29^2
3082	8016008	108	2^3*7^2*11^2*13^2
3083	8018016	60	2^5*3^1*17^4
3084	8028160	96	2^15*5^1*7^2
3085	8037225	81	3^8*5^2*7^2
3086	8046090	108	2^1*3^2*5^1*13^2*23^2
3087	8049132	162	2^2*3^5*7^2*13^2
3088	8073600	144	2^7*3^1*5^2*29^2
3089	8076964	45	2^2*7^4*29^2
3090	8100000	180	2^5*3^4*5^5
3091	8103375	80	3^3*5^3*7^4
3092	8122500	135	2^2*3^2*5^4*19^2
3093	8125440	132	2^10*3^1*5^1*23^2
3094	8128512	180	2^11*3^4*7^2
3095	8156736	189	2^6*3^2*7^2*17^2
3096	8167500	180	2^2*3^3*5^4*11^2
3097	8179600	135	2^4*5^2*11^2*13^2
3098	8185058	30	2^1*7^2*17^4
3099	8193152	72	2^7*11^2*23^2
3100	8197227	36	3^3*19^2*29^2
3101	8201250	90	2^1*3^8*5^4
3102	8213400	216	2^3*3^5*5^2*13^2
3103	8225568	90	2^5*3^2*13^4
3104	8227008	126	2^6*3^5*23^2
3105	8236215	72	3^3*5^1*13^2*19^2
3106	8241800	108	2^3*5^2*7^2*29^2
3107	8242641	45	3^4*11^2*29^2
3108	8254129	15	13^4*17^2
3109	8255574	72	2^1*3^3*17^2*23^2
3110	8265625	21	5^6*23^2
3111	8281000	144	2^3*5^3*7^2*13^2
3112	8294400	195	2^12*3^4*5^2
3113	8297856	160	2^7*3^3*7^4
3114	8306688	90	2^14*3^1*13^2
3115	8317440	180	2^9*3^2*5^1*19^2
3116	8323200	216	2^7*3^2*5^2*17^2
3117	8326668	90	2^2*3^1*7^4*17^2
3118	8340544	35	2^6*19^4
3119	8352100	45	2^2*5^2*17^4
3120	8386752	126	2^6*3^1*11^2*19^2
3121	8388608	24	2^23
3122	8392560	180	2^4*3^1*5^1*11^2*17^2
3123	8396934	60	2^1*3^1*7^2*13^4
3124	8398404	135	2^2*3^4*7^2*23^2
3125	8410000	75	2^4*5^4*29^2
3126	8421408	126	2^5*3^6*19^2
3127	8427240	168	2^3*3^6*5^1*17^2
3128	8433216	105	2^6*3^2*11^4
3129	8437500	96	2^2*3^3*5^7
3130	8450649	45	3^4*17^2*19^2
3131	8462498	30	2^1*11^4*17^2
3132	8464000	96	2^7*5^3*23^2
3133	8467200	324	2^8*3^3*5^2*7^2
3134	8468064	144	2^5*3^7*11^2
3135	8470728	84	2^3*3^2*7^6
3136	8479744	99	2^10*7^2*13^2
3137	8487372	30	2^2*3^1*29^4
3138	8496600	216	2^3*3^1*5^2*7^2*17^2
3139	8497467	54	3^5*11^2*17^2
3140	8503056	65	2^4*3^12
3141	8527740	108	2^2*3^1*5^1*13^2*29^2
3142	8537760	324	2^5*3^2*5^1*7^2*11^2
3143	8555625	75	3^4*5^4*13^2
3144	8561476	81	2^2*7^2*11^2*19^2
3145	8568300	90	2^2*3^1*5^2*13^4
3146	8569800	180	2^3*3^4*5^2*23^2
3147	8573040	240	2^4*3^7*5^1*7^2
3148	8582496	108	2^5*3^1*13^2*23^2
3149	8596854	108	2^1*3^5*7^2*19^2
3150	8608908	90	2^2*3^1*7^2*11^4
3151	8611840	72	2^11*5^1*29^2
3152	8640000	200	2^9*3^3*5^4
3153	8641215	72	3^3*5^1*11^2*23^2
3154	8643600	225	2^4*3^2*5^2*7^4
3155	8644482	126	2^1*3^6*7^2*11^2
3156	8652800	108	2^11*5^2*13^2
3157	8664000	168	2^6*3^1*5^3*19^2
3158	8667136	45	2^14*23^2
3159	8667610	60	2^1*5^1*7^4*19^2
3160	8670000	150	2^4*3^1*5^4*17^2
3161	8680203	36	3^11*7^2
3162	8719488	120	2^7*3^4*29^2
3163	8736200	108	2^3*5^2*11^2*19^2
3164	8742250	72	2^1*5^3*11^2*17^2
3165	8749764	81	2^2*3^2*17^2*29^2
3166	8760960	240	2^7*3^4*5^1*13^2
3167	8761298	54	2^1*7^2*13^2*23^2
3168	8772300	162	2^2*3^5*5^2*19^2
3169	8778375	72	3^5*5^3*17^2
3170	8784600	120	2^3*3^1*5^2*11^4
3171	8785296	135	2^4*3^2*13^2*19^2
3172	8820000	270	2^5*3^2*5^4*7^2
3173	8820900	189	2^2*3^6*5^2*11^2
3174	8823675	42	3^1*5^2*7^6
3175	8833968	180	2^4*3^3*11^2*13^2
3176	8847360	136	2^16*3^3*5^1
3177	8850625	45	5^4*7^2*17^2
3178	8857350	72	2^1*3^11*5^2
3179	8870472	108	2^3*3^8*13^2
3180	8871936	84	2^13*3^1*19^2
3181	8893500	216	2^2*3^1*5^3*7^2*11^2
3182	8901144	144	2^3*3^3*7^2*29^2
3183	8921088	126	2^13*3^2*11^2
3184	8926875	60	3^3*5^4*23^2
3185	8930250	168	2^1*3^6*5^3*7^2
3186	8940100	81	2^2*5^2*13^2*23^2
3187	8952064	81	2^8*11^2*17^2
3188	8954912	30	2^5*23^4
3189	8957952	104	2^12*3^7
3190	8968323	54	3^1*7^2*13^2*19^2
3191	8989056	144	2^7*3^5*17^2
3192	9000000	147	2^6*3^2*5^6
3193	9003750	100	2^1*3^1*5^4*7^4
3194	9018009	81	3^2*7^2*11^2*13^2
3195	9020268	60	2^2*3^3*17^4
3196	9025000	72	2^3*5^5*19^2
3197	9031250	42	2^1*5^6*17^2
3198	9056768	90	2^9*7^2*19^2
3199	9063040	144	2^7*5^1*7^2*17^2
3200	9082800	180	2^4*3^3*5^2*29^2
3201	9096256	63	2^6*13^2*29^2
3202	9106944	180	2^9*3^1*7^2*11^2
3203	9126000	240	2^4*3^3*5^3*13^2
3204	9144576	189	2^8*3^6*7^2
3205	9150625	25	5^4*11^4
3206	9151350	108	2^1*3^1*5^2*13^2*19^2
3207	9158490	108	2^1*3^2*5^1*11^2*29^2
3208	9166512	90	2^4*3^1*19^2*23^2
3209	9172860	108	2^2*3^1*5^1*17^2*23^2
3210	9176328	180	2^3*3^4*7^2*17^2
3211	9187500	126	2^2*3^1*5^6*7^2
3212	9196335	48	3^7*5^1*29^2
3213	9202050	162	2^1*3^2*5^2*11^2*13^2
3214	9216000	168	2^13*3^2*5^3
3215	9217296	135	2^4*3^2*11^2*23^2
3216	9219840	180	2^8*3^1*5^1*7^4
3217	9240075	72	3^7*5^2*13^2
3218	9241600	99	2^10*5^2*19^2
3219	9253764	75	2^2*3^4*13^4
3220	9255384	96	2^3*3^7*23^2
3221	9272025	81	3^2*5^2*7^2*29^2
3222	9292800	198	2^10*3^1*5^2*11^2
3223	9296672	90	2^5*7^4*11^2
3224	9331200	210	2^9*3^6*5^2
3225	9331560	216	2^3*3^2*5^1*7^2*23^2
3226	9335088	150	2^4*3^5*7^4
3227	9345024	144	2^11*3^3*13^2
3228	9357481	27	7^2*19^2*23^2
3229	9363600	225	2^4*3^4*5^2*17^2
3230	9370240	80	2^7*5^1*11^4
3231	9375000	72	2^3*3^1*5^8
3232	9377472	126	2^6*3^1*13^2*17^2
3233	9383112	60	2^3*3^2*19^4
3234	9389610	108	2^1*3^2*5^1*17^2*19^2
3235	9408960	252	2^6*3^5*5^1*11^2
3236	9409323	54	3^1*7^2*11^2*23^2
3237	9435096	144	2^3*3^3*11^2*19^2
3238	9437184	63	2^20*3^2
3239	9447840	132	2^5*3^10*5^1
3240	9461250	90	2^1*3^2*5^4*29^2
3241	9469952	48	2^15*17^2
3242	9474084	81	2^2*3^8*19^2
3243	9486400	189	2^6*5^2*7^2*11^2
3244	9487368	100	2^3*3^4*11^4
3245	9506250	108	2^1*3^2*5^5*13^2
3246	9525600	324	2^5*3^5*5^2*7^2
3247	9526572	90	2^2*3^9*11^2
3248	9529569	35	3^4*7^6
3249	9539712	216	2^7*3^2*7^2*13^2
3250	9548450	54	2^1*5^2*19^2*23^2
3251	9552060	216	2^2*3^3*5^1*7^2*19^2
3252	9558675	108	3^3*5^2*7^2*17^2
3253	9565938	30	2^1*3^14
3254	9572836	81	2^2*7^2*13^2*17^2
3255	9600000	132	2^10*3^1*5^5
3256	9601350	108	2^1*3^1*5^2*11^2*23^2
3257	9604000	120	2^5*5^3*7^4
3258	9633792	102	2^16*3^1*7^2
3259	9641025	63	3^6*5^2*23^2
3260	9653618	14	2^1*13^6
3261	9655308	108	2^2*3^3*13^2*23^2
3262	9680000	120	2^7*5^4*11^2
3263	9715232	54	2^5*19^2*29^2
3264	9720000	210	2^6*3^5*5^4
3265	9720375	72	3^1*5^3*7^2*23^2
3266	9721960	72	2^3*5^1*17^2*29^2
3267	9724050	150	2^1*3^4*5^2*7^4
3268	9734400	243	2^8*3^2*5^2*13^2
3269	9738456	120	2^3*3^1*7^4*13^2
3270	9750528	108	2^11*3^2*23^2
3271	9753750	120	2^1*3^3*5^4*17^2
3272	9761440	108	2^5*5^1*13^2*19^2
3273	9765625	11	5^10
3274	9768200	108	2^3*5^2*13^2*17^2
3275	9769056	108	2^5*3^1*11^2*29^2
3276	9774075	30	3^1*5^2*19^4
3277	9784384	63	2^6*17^2*23^2
3278	9801000	240	2^3*3^4*5^3*11^2
3279	9809424	105	2^4*3^6*29^2
3280	9828225	81	3^2*5^2*11^2*19^2
3281	9830400	108	2^17*3^1*5^2
3282	9834496	65	2^12*7^4
3283	9841500	120	2^2*3^9*5^3
3284	9882675	60	3^3*5^2*11^4
3285	9883458	90	2^1*3^4*13^2*19^2
3286	9890160	180	2^4*3^1*5^1*7^2*29^2
3287	9897316	45	2^2*11^4*13^2
3288	9922500	225	2^2*3^4*5^4*7^2
3289	9937200	270	2^4*3^1*5^2*7^2*13^2
3290	9938214	108	2^1*3^5*11^2*13^2
3291	9953664	144	2^7*3^1*7^2*23^2
3292	9972578	54	2^1*7^2*11^2*29^2
3293	9979281	33	3^10*13^2
3294	9980928	132	2^10*3^3*19^2
3295	9987840	216	2^8*3^3*5^1*17^2
3296	10000000	64	2^7*5^7
3297	10013787	54	3^5*7^2*29^2
3298	10015584	108	2^5*3^1*17^2*19^2
3299	10020010	108	2^1*5^1*7^2*11^2*13^2
3300	10035200	126	2^13*5^2*7^2
3301	10036224	165	2^10*3^4*11^2
3302	10061415	108	3^5*5^1*7^2*13^2
3303	10071072	162	2^5*3^2*11^2*17^2
3304	10074276	45	2^2*3^2*23^4
3305	10077696	100	2^9*3^9
3306	10106041	15	11^2*17^4
3307	10112688	120	2^4*3^7*17^2
3308	10125000	140	2^3*3^4*5^6
3309	10140000	180	2^5*3^1*5^4*13^2
3310	10144225	45	5^2*7^4*13^2
3311	10156800	162	2^8*3^1*5^2*23^2
3312	10160640	300	2^9*3^4*5^1*7^2
3313	10161032	60	2^3*7^4*23^2
3314	10176100	81	2^2*5^2*11^2*29^2
3315	10188864	189	2^6*3^2*7^2*19^2
3316	10209375	72	3^3*5^5*11^2
3317	10218150	108	2^1*3^5*5^2*29^2
3318	10224242	54	2^1*7^2*17^2*19^2
3319	10233288	108	2^3*3^2*13^2*29^2
3320	10240000	75	2^14*5^4
3321	10241440	108	2^5*5^1*11^2*23^2
3322	10245312	252	2^6*3^3*7^2*11^2
3323	10280886	108	2^1*3^1*7^2*11^2*17^2
3324	10281960	120	2^3*3^2*5^1*13^4
3325	10283760	180	2^4*3^5*5^1*23^2
3326	10287648	162	2^5*3^8*7^2
3327	10302250	72	2^1*5^3*7^2*29^2
3328	10310521	15	13^4*19^2
3329	10312326	72	2^1*3^3*19^2*23^2
3330	10323369	63	3^6*7^2*17^2
3331	10334208	78	2^12*3^1*29^2
3332	10351250	90	2^1*5^4*7^2*13^2
3333	10367643	30	3^1*11^2*13^4
3334	10368400	135	2^4*5^2*7^2*23^2
3335	10369458	90	2^1*3^4*11^2*23^2
3336	10383360	156	2^12*3^1*5^1*13^2
3337	10396800	216	2^7*3^2*5^2*19^2
3338	10401132	90	2^2*3^1*7^4*19^2
3339	10404000	216	2^5*3^2*5^3*17^2
3340	10408335	60	3^1*5^1*7^4*17^2
3341	10412307	30	3^9*23^2
3342	10432900	81	2^2*5^2*17^2*19^2
3343	10454400	288	2^7*3^3*5^2*11^2
3344	10458756	135	2^2*3^2*7^4*11^2
3345	10469888	90	2^9*11^2*13^2
3346	10483440	180	2^4*3^1*5^1*11^2*19^2
3347	10485760	44	2^21*5^1
3348	10490700	162	2^2*3^1*5^2*11^2*17^2
3349	10497600	189	2^6*3^8*5^2
3350	10501974	80	2^1*3^7*7^4
3351	10513152	162	2^8*3^5*13^2
3352	10526760	168	2^3*3^6*5^1*19^2
3353	10534050	126	2^1*3^6*5^2*17^2
3354	10546875	36	3^3*5^8
3355	10549504	81	2^8*7^2*29^2
3356	10549656	144	2^3*3^3*13^2*17^2
3357	10556001	25	3^4*19^4
3358	10562500	63	2^2*5^6*13^2
3359	10570802	30	2^1*11^4*19^2
3360	10580000	90	2^5*5^4*23^2
3361	10584000	336	2^6*3^3*5^3*7^2
3362	10588410	84	2^1*3^2*5^1*7^6
3363	10609215	20	3^1*5^1*29^4
3364	10613400	216	2^3*3^1*5^2*7^2*19^2
3365	10614483	54	3^5*11^2*19^2
3366	10616832	90	2^17*3^4
3367	10629366	28	2^1*3^1*11^6
3368	10653696	117	2^12*3^2*17^2
3369	10659675	54	3^1*5^2*13^2*29^2
3370	10672200	324	2^3*3^2*5^2*7^2*11^2
3371	10673289	35	3^6*11^4
3372	10677336	72	2^3*3^1*23^2*29^2
3373	10690688	40	2^7*17^4
3374	10710375	40	3^1*5^3*13^4
3375	10712250	120	2^1*3^4*5^3*23^2
3376	10716300	216	2^2*3^7*5^2*7^2
3377	10732176	225	2^4*3^4*7^2*13^2
3378	10761135	60	3^1*5^1*7^2*11^4
3379	10764800	90	2^9*5^2*29^2
3380	10816000	120	2^9*5^3*13^2
3381	10817521	27	11^2*13^2*23^2
3382	10830000	150	2^4*3^1*5^4*19^2
3383	10837500	108	2^2*3^1*5^5*17^2
3384	10838016	168	2^13*3^3*7^2
3385	10875648	162	2^8*3^1*7^2*17^2
3386	10890000	225	2^4*3^2*5^4*11^2
3387	10899360	180	2^5*3^4*5^1*29^2
3388	10920250	72	2^1*5^3*11^2*19^2
3389	10929636	81	2^2*3^2*19^2*29^2
3390	10935000	160	2^3*3^7*5^4
3391	10951200	270	2^5*3^4*5^2*13^2
3392	10955763	60	3^3*7^4*13^2
3393	10965375	72	3^5*5^3*19^2
3394	10967424	80	2^7*3^1*13^4
3395	10969344	135	2^8*3^4*23^2
3396	10989225	81	3^2*5^2*13^2*17^2
3397	10990188	108	2^2*3^3*11^2*29^2
3398	11007432	108	2^3*3^2*17^2*23^2
3399	11025000	216	2^3*3^2*5^5*7^2
3400	11035602	54	2^1*3^8*29^2
3401	11042460	216	2^2*3^3*5^1*11^2*13^2
3402	11055625	45	5^4*7^2*19^2
3403	11059200	180	2^14*3^3*5^2
3404	11063808	150	2^9*3^2*7^4
3405	11075584	51	2^16*13^2
3406	11088090	108	2^1*3^8*5^1*13^2
3407	11097600	180	2^9*3^1*5^2*17^2
3408	11102224	75	2^4*7^4*17^2
3409	11116875	90	3^1*5^4*7^2*11^2
3410	11122225	27	5^2*23^2*29^2
3411	11151360	216	2^11*3^2*5^1*11^2
3412	11179350	216	2^1*3^3*5^2*7^2*13^2
3413	11182336	81	2^8*11^2*19^2
3414	11193640	40	2^3*5^1*23^4
3415	11195912	60	2^3*7^2*13^4
3416	11197440	176	2^10*3^7*5^1
3417	11197872	180	2^4*3^3*7^2*23^2
3418	11228544	144	2^7*3^5*19^2
3419	11244288	90	2^8*3^1*11^4
3420	11267532	108	2^2*3^3*17^2*19^2
3421	11275335	40	3^3*5^1*17^4
3422	11281250	42	2^1*5^6*19^2
3423	11289600	297	2^10*3^2*5^2*7^2
3424	11290752	168	2^7*3^6*11^2
3425	11294304	84	2^5*3^1*7^6
3426	11316496	25	2^4*29^4
3427	11320960	144	2^7*5^1*7^2*19^2
3428	11328800	162	2^5*5^2*7^2*17^2
3429	11329956	135	2^2*3^4*11^2*17^2
3430	11337408	84	2^6*3^11
3431	11343750	84	2^1*3^1*5^6*11^2
3432	11353500	144	2^2*3^3*5^3*29^2
3433	11376774	60	2^1*3^9*17^2
3434	11390625	49	3^6*5^6
3435	11407500	180	2^2*3^3*5^4*13^2
3436	11424400	75	2^4*5^2*13^4
3437	11426400	216	2^5*3^3*5^2*23^2
3438	11431161	45	3^2*7^4*23^2
3439	11443328	72	2^7*13^2*23^2
3440	11458140	108	2^2*3^1*5^1*19^2*23^2
3441	11462472	180	2^3*3^4*7^2*19^2
3442	11466075	54	3^1*5^2*17^2*23^2
3443	11470410	180	2^1*3^4*5^1*7^2*17^2
3444	11478544	75	2^4*7^2*11^4
3445	11484375	48	3^1*5^7*7^2
3446	11512449	45	3^4*13^2*29^2
3447	11520000	180	2^11*3^2*5^4
3448	11524800	210	2^6*3^1*5^2*7^4
3449	11525976	216	2^3*3^5*7^2*11^2
3450	11529602	18	2^1*7^8
3451	11560000	105	2^6*5^4*17^2
3452	11573604	99	2^2*3^10*7^2
3453	11616000	216	2^8*3^1*5^3*11^2
3454	11620840	120	2^3*5^1*7^4*11^2
3455	11625984	120	2^9*3^3*29^2
3456	11664000	224	2^7*3^6*5^3
3457	11664450	162	2^1*3^2*5^2*7^2*23^2
3458	11666352	90	2^4*3^1*17^2*29^2
3459	11668860	180	2^2*3^5*5^1*7^4
3460	11696400	225	2^4*3^4*5^2*19^2
3461	11712800	90	2^5*5^2*11^4
3462	11713728	126	2^6*3^1*13^2*19^2
3463	11721840	180	2^4*3^1*5^1*13^2*17^2
3464	11728890	60	2^1*3^2*5^1*19^4
3465	11760000	240	2^7*3^1*5^4*7^2
3466	11761200	270	2^4*3^5*5^2*11^2
3467	11764900	63	2^2*5^2*7^6
3468	11778624	189	2^6*3^2*11^2*13^2
3469	11809800	132	2^3*3^10*5^2
3470	11819522	54	2^1*11^2*13^2*17^2
3471	11827296	144	2^5*3^7*13^2
3472	11829248	48	2^15*19^2
3473	11837440	84	2^13*5^1*17^2
3474	11859210	100	2^1*3^4*5^1*11^4
3475	11868192	162	2^5*3^2*7^2*29^2
3476	11868363	54	3^5*13^2*17^2
3477	11894784	96	2^15*3^1*11^2
3478	11902500	135	2^2*3^2*5^4*23^2
3479	11908215	60	3^9*5^1*11^2
3480	11909401	27	7^2*17^2*29^2
3481	11924640	324	2^5*3^2*5^1*7^2*13^2
3482	11940075	108	3^3*5^2*7^2*19^2
3483	11943936	105	2^14*3^6
3484	11957764	81	2^2*7^2*13^2*19^2
3485	11985408	150	2^9*3^4*17^2
3486	12000000	126	2^8*3^1*5^6
3487	12005000	100	2^3*5^4*7^4
3488	12006225	135	3^4*5^2*7^2*11^2
3489	12012003	36	3^3*23^2*29^2
3490	12024012	162	2^2*3^1*7^2*11^2*13^2
3491	12027024	75	2^4*3^2*17^4
3492	12042240	180	2^14*3^1*5^1*7^2
3493	12069135	72	3^3*5^1*13^2*23^2
3494	12073698	126	2^1*3^6*7^2*13^2
3495	12100000	108	2^5*5^5*11^2
3496	12110400	189	2^6*3^2*5^2*29^2
3497	12115446	60	2^1*3^1*7^4*29^2
3498	12142592	108	2^11*7^2*11^2
3499	12144040	72	2^3*5^1*19^2*29^2
3500	12150000	180	2^4*3^5*5^5
3501	12152450	54	2^1*5^2*17^2*29^2
3502	12183750	120	2^1*3^3*5^4*19^2
3503	12188160	180	2^9*3^2*5^1*23^2
3504	12192768	198	2^10*3^5*7^2
3505	12201800	108	2^3*5^2*13^2*19^2
3506	12210250	72	2^1*5^3*13^2*17^2
3507	12222016	63	2^6*19^2*23^2
3508	12235104	216	2^5*3^3*7^2*17^2
3509	12250000	105	2^4*5^6*7^2
3510	12251250	150	2^1*3^4*5^4*11^2
3511	12269400	216	2^3*3^1*5^2*11^2*13^2
3512	12277587	30	3^1*7^2*17^4
3513	12289728	126	2^6*3^1*11^2*23^2
3514	12301875	50	3^9*5^4
3515	12313081	15	11^4*29^2
3516	12320100	189	2^2*3^6*5^2*13^2
3517	12338352	100	2^4*3^3*13^4
3518	12340512	126	2^5*3^6*23^2
3519	12362700	162	2^2*3^1*5^2*7^2*29^2
3520	12383361	45	3^4*17^2*23^2
3521	12390400	117	2^12*5^2*11^2
3522	12421500	216	2^2*3^1*5^3*7^2*13^2
3523	12441600	216	2^11*3^5*5^2
3524	12446784	175	2^6*3^4*7^4
3525	12460032	126	2^13*3^2*13^2
3526	12476160	216	2^8*3^3*5^1*19^2
3527	12484800	252	2^6*3^3*5^2*17^2
3528	12490002	90	2^1*3^2*7^4*17^2
3529	12500000	54	2^5*5^8
3530	12503296	81	2^8*13^2*17^2
3531	12510816	60	2^5*3^1*19^4
3532	12528150	60	2^1*3^1*5^2*17^4
3533	12544000	144	2^11*5^3*7^2
3534	12545764	81	2^2*7^2*11^2*23^2
3535	12580128	162	2^5*3^2*11^2*19^2
3536	12582912	46	2^22*3^1
3537	12588840	216	2^3*3^2*5^1*11^2*17^2
3538	12595401	45	3^2*7^2*13^4
3539	12597606	108	2^1*3^5*7^2*23^2
3540	12615000	120	2^3*3^1*5^4*29^2
3541	12623809	27	11^2*17^2*19^2
3542	12632112	120	2^4*3^7*19^2
3543	12640860	144	2^2*3^7*5^1*17^2
3544	12649824	120	2^5*3^3*11^4
3545	12656250	80	2^1*3^4*5^7
3546	12693747	30	3^1*11^4*17^2
3547	12696000	168	2^6*3^1*5^3*23^2
3548	12700800	360	2^7*3^4*5^2*7^2
3549	12701290	60	2^1*5^1*7^4*23^2
3550	12702096	135	2^4*3^8*11^2
3551	12706092	84	2^2*3^3*7^6
3552	12719616	180	2^9*3^1*7^2*13^2
3553	12731058	30	2^1*3^2*29^4
3554	12744900	243	2^2*3^2*5^2*7^2*17^2
3555	12754584	56	2^3*3^13
3556	12771458	30	2^1*7^2*19^4
3557	12780625	45	5^4*11^2*13^2
3558	12791610	108	2^1*3^2*5^1*13^2*29^2
3559	12801800	108	2^3*5^2*11^2*23^2
3560	12806640	360	2^4*3^3*5^1*7^2*11^2
3561	12842214	108	2^1*3^1*7^2*11^2*19^2
3562	12845056	57	2^18*7^2
3563	12852450	90	2^1*3^2*5^2*13^4
3564	12854700	162	2^2*3^5*5^2*23^2
3565	12859560	216	2^3*3^8*5^1*7^2
3566	12873744	135	2^4*3^2*13^2*23^2
3567	12895281	63	3^6*7^2*19^2
3568	12913362	90	2^1*3^2*7^2*11^4
3569	12917760	132	2^10*3^1*5^1*29^2
3570	12960000	225	2^8*3^4*5^4
3571	12965400	240	2^3*3^3*5^2*7^4
3572	12966723	72	3^7*7^2*11^2
3573	12979200	198	2^10*3^1*5^2*13^2
3574	12984608	90	2^5*7^4*13^2
3575	12996000	216	2^5*3^2*5^3*19^2
3576	13000704	84	2^13*3^1*23^2
3577	13001415	60	3^1*5^1*7^4*19^2
3578	13005000	180	2^3*3^2*5^4*17^2
3579	13025408	72	2^7*11^2*29^2
3580	13032100	45	2^2*5^2*19^4
3581	13079232	126	2^6*3^5*29^2
3582	13087360	144	2^7*5^1*11^2*13^2
3583	13104300	162	2^2*3^1*5^2*11^2*19^2
3584	13107200	60	2^19*5^2
3585	13113375	72	3^1*5^3*11^2*17^2
3586	13124646	72	2^1*3^3*17^2*29^2
3587	13140625	21	5^6*29^2
3588	13141440	252	2^6*3^5*5^1*13^2
3589	13141947	54	3^1*7^2*13^2*23^2
3590	13158450	126	2^1*3^6*5^2*19^2
3591	13176900	135	2^2*3^2*5^2*11^4
3592	13177944	144	2^3*3^3*13^2*19^2
3593	13225000	72	2^3*5^5*23^2
3594	13230000	300	2^4*3^3*5^4*7^2
3595	13231350	144	2^1*3^7*5^2*11^2
3596	13249600	189	2^6*5^2*7^2*13^2
3597	13250952	180	2^3*3^4*11^2*13^2
3598	13271040	160	2^15*3^4*5^1
3599	13271552	90	2^9*7^2*23^2
3600	13286025	39	3^12*5^2
3601	13305708	90	2^2*3^9*13^2
3602	13307904	117	2^12*3^2*19^2
3603	13340250	216	2^1*3^2*5^3*7^2*11^2
3604	13351716	135	2^2*3^4*7^2*29^2
3605	13354112	72	2^7*17^2*19^2
3606	13363360	60	2^5*5^1*17^4
3607	13381632	156	2^12*3^3*11^2
3608	13395375	96	3^7*5^3*7^2
3609	13410150	108	2^1*3^1*5^2*13^2*23^2
3610	13428096	144	2^7*3^1*11^2*17^2
3611	13432368	50	2^4*3^1*23^4
3612	13436928	108	2^11*3^8
3613	13456000	96	2^7*5^3*29^2
3614	13483584	147	2^6*3^6*17^2
3615	13500000	168	2^5*3^3*5^6
3616	13505625	75	3^2*5^4*7^4
3617	13520000	120	2^7*5^4*13^2
3618	13530402	50	2^1*3^4*17^4
3619	13537500	108	2^2*3^1*5^5*19^2
3620	13542400	99	2^10*5^2*23^2
3621	13546875	42	3^1*5^6*17^2
3622	13585152	162	2^8*3^1*7^2*19^2
3623	13594560	252	2^6*3^1*5^1*7^2*17^2
3624	13624200	180	2^3*3^4*5^2*29^2
3625	13644384	108	2^5*3^1*13^2*29^2
3626	13660416	243	2^8*3^2*7^2*11^2
3627	13689000	240	2^3*3^4*5^3*13^2
3628	13707848	108	2^3*7^2*11^2*17^2
3629	13712209	15	7^2*23^4
3630	13716864	192	2^7*3^7*7^2
3631	13727025	81	3^2*5^2*13^2*19^2
3632	13737735	72	3^3*5^1*11^2*29^2
3633	13749768	108	2^3*3^2*19^2*23^2
3634	13759290	108	2^1*3^2*5^1*17^2*23^2
3635	13764492	162	2^2*3^5*7^2*17^2
3636	13778944	45	2^14*29^2
3637	13781250	126	2^1*3^2*5^6*7^2
3638	13803075	108	3^3*5^2*11^2*13^2
3639	13823524	45	2^2*11^2*13^4
3640	13824000	208	2^12*3^3*5^3
3641	13825944	144	2^3*3^3*11^2*23^2
3642	13829760	240	2^7*3^2*5^1*7^4
3643	13862400	180	2^9*3^1*5^2*19^2
3644	13868176	75	2^4*7^4*19^2
3645	13880646	60	2^1*3^5*13^4
3646	13883076	81	2^2*3^8*23^2
3647	13928642	54	2^1*7^2*13^2*29^2
3648	13939200	270	2^9*3^2*5^2*11^2
3649	13945008	150	2^4*3^1*7^4*11^2
3650	13987600	135	2^4*5^2*11^2*17^2
3651	13992050	30	2^1*5^2*23^4
3652	13994890	60	2^1*5^1*7^2*13^4
3653	13996800	216	2^8*3^7*5^2
3654	13997340	216	2^2*3^3*5^1*7^2*23^2
3655	14002632	140	2^3*3^6*7^4
3656	14017536	165	2^10*3^4*13^2
3657	14045400	216	2^3*3^5*5^2*17^2
3658	14055360	140	2^6*3^1*5^1*11^4
3659	14062500	81	2^2*3^2*5^8
3660	14066208	162	2^5*3^2*13^2*17^2
3661	14074668	60	2^2*3^3*19^4
3662	14084415	72	3^3*5^1*17^2*19^2
3663	14113440	252	2^5*3^6*5^1*11^2
3664	14115049	15	13^2*17^4
3665	14151200	162	2^5*5^2*7^2*19^2
3666	14152644	135	2^2*3^4*11^2*19^2
3667	14155776	80	2^19*3^3
3668	14161000	144	2^3*5^3*7^2*17^2
3669	14171760	120	2^4*3^11*5^1
3670	14172488	28	2^3*11^6
3671	14191875	60	3^3*5^4*29^2
3672	14204928	90	2^14*3^1*17^2
3673	14211126	60	2^1*3^9*19^2
3674	14212900	81	2^2*5^2*13^2*29^2
3675	14229600	324	2^5*3^1*5^2*7^2*11^2
3676	14231052	90	2^2*3^5*11^4
3677	14235529	21	7^6*11^2
3678	14236448	54	2^5*23^2*29^2
3679	14259375	72	3^3*5^5*13^2
3680	14288400	315	2^4*3^6*5^2*7^2
3681	14289858	66	2^1*3^10*11^2
3682	14304160	108	2^5*5^1*13^2*23^2
3683	14309568	252	2^6*3^3*7^2*13^2
3684	14322675	54	3^1*5^2*19^2*23^2
3685	14328090	180	2^1*3^4*5^1*7^2*19^2
3686	14348907	16	3^15
3687	14359254	108	2^1*3^1*7^2*13^2*17^2
3688	14400000	180	2^9*3^2*5^5
3689	14402025	81	3^2*5^2*11^2*23^2
3690	14406000	200	2^4*3^1*5^3*7^4
3691	14440000	105	2^6*5^4*19^2
3692	14450688	144	2^15*3^2*7^2
3693	14480427	14	3^1*13^6
3694	14482962	90	2^1*3^4*13^2*23^2
3695	14500864	99	2^10*7^2*17^2
3696	14520000	210	2^6*3^1*5^4*11^2
3697	14526050	90	2^1*5^2*7^4*11^2
3698	14572848	90	2^4*3^1*19^2*29^2
3699	14580000	210	2^5*3^6*5^4
3700	14582940	108	2^2*3^1*5^1*17^2*29^2
3701	14586075	90	3^5*5^2*7^4
3702	14601600	288	2^7*3^3*5^2*13^2
3703	14607684	135	2^2*3^2*7^4*13^2
3704	14623232	50	2^9*13^4
3705	14625792	132	2^10*3^3*23^2
3706	14630625	75	3^4*5^4*17^2
3707	14641000	80	2^3*5^3*11^4
3708	14642160	180	2^4*3^1*5^1*13^2*19^2
3709	14652300	162	2^2*3^1*5^2*13^2*17^2
3710	14653584	135	2^4*3^2*11^2*29^2
3711	14676576	108	2^5*3^1*17^2*23^2
3712	14701500	216	2^2*3^5*5^3*11^2
3713	14714136	96	2^3*3^7*29^2
3714	14745600	153	2^16*3^2*5^2
3715	14751744	120	2^11*3^1*7^4
3716	14762250	88	2^1*3^10*5^3
3717	14764178	54	2^1*11^2*13^2*19^2
3718	14786560	84	2^13*5^1*19^2
3719	14796800	108	2^11*5^2*17^2
3720	14822500	135	2^2*5^4*7^2*11^2
3721	14825187	54	3^5*13^2*19^2
3722	14835240	216	2^3*3^2*5^1*7^2*29^2
3723	14845974	60	2^1*3^1*11^4*13^2
3724	14876449	27	7^2*19^2*29^2
3725	14883750	180	2^1*3^5*5^4*7^2
3726	14905800	324	2^3*3^2*5^2*7^2*13^2
3727	14907321	63	3^6*11^2*13^2
3728	14930496	189	2^6*3^2*7^2*23^2
3729	14958867	54	3^1*7^2*11^2*29^2
3730	14971392	150	2^9*3^4*19^2
3731	14981760	240	2^7*3^4*5^1*17^2
3732	14982338	54	2^1*7^2*17^2*23^2
3733	14992384	55	2^10*11^4
3734	15000000	112	2^6*3^1*5^7
3735	15006250	60	2^1*5^5*7^4
3736	15023376	135	2^4*3^2*17^2*19^2
3737	15030015	108	3^1*5^1*7^2*11^2*13^2
3738	15052800	234	2^12*3^1*5^2*7^2
3739	15054336	180	2^9*3^5*11^2
3740	15059072	56	2^7*7^6
3741	15106608	180	2^4*3^3*11^2*17^2
3742	15108769	15	13^4*23^2
3743	15111414	40	2^1*3^3*23^4
3744	15116544	99	2^8*3^10
3745	15125000	84	2^3*5^6*11^2
3746	15169032	108	2^3*3^8*17^2
3747	15178240	180	2^9*5^1*7^2*11^2
3748	15180050	54	2^1*5^2*19^2*29^2
3749	15187500	126	2^2*3^5*5^6
3750	15210000	225	2^4*3^2*5^4*13^2
3751	15235200	216	2^7*3^2*5^2*23^2
3752	15240960	324	2^8*3^5*5^1*7^2
3753	15241548	90	2^2*3^1*7^4*23^2
3754	15252250	72	2^1*5^3*13^2*19^2
3755	15264150	108	2^1*3^1*5^2*11^2*29^2
3756	15283296	216	2^5*3^3*7^2*19^2
3757	15288100	81	2^2*5^2*17^2*23^2
3758	15327225	63	3^6*5^2*29^2
3759	15336363	54	3^1*7^2*17^2*19^2
3760	15349932	108	2^2*3^3*13^2*29^2
3761	15360000	140	2^13*3^1*5^4
3762	15362160	180	2^4*3^1*5^1*11^2*23^2
3763	15366400	135	2^8*5^2*7^4
3764	15367968	270	2^5*3^4*7^2*11^2
3765	15421329	81	3^2*7^2*11^2*17^2
3766	15422940	120	2^2*3^3*5^1*13^4
3767	15425640	168	2^3*3^6*5^1*23^2
3768	15431472	150	2^4*3^9*7^2
3769	15453375	72	3^1*5^3*7^2*29^2
3770	15468489	45	3^4*19^2*23^2
3771	15490178	30	2^1*11^4*23^2
3772	15501312	108	2^11*3^2*29^2
3773	15526875	90	3^1*5^4*7^2*13^2
3774	15552600	216	2^3*3^1*5^2*7^2*23^2
3775	15554187	54	3^5*11^2*23^2
3776	15555136	63	2^6*17^2*29^2
3777	15575040	216	2^11*3^2*5^1*13^2
3778	15595200	252	2^6*3^3*5^2*19^2
3779	15601698	90	2^1*3^2*7^4*19^2
3780	15606000	240	2^4*3^3*5^3*17^2
3781	15618304	81	2^8*13^2*19^2
3782	15625000	40	2^3*5^9
3783	15649350	108	2^1*3^1*5^2*17^2*19^2
3784	15680000	150	2^9*5^4*7^2
3785	15681600	315	2^6*3^4*5^2*11^2
3786	15688134	120	2^1*3^3*7^4*11^2
3787	15704832	162	2^8*3^1*11^2*13^2
3788	15725160	216	2^3*3^2*5^1*11^2*19^2
3789	15728640	84	2^20*3^1*5^1
3790	15736050	162	2^1*3^2*5^2*11^2*17^2
3791	15746400	180	2^5*3^9*5^2
3792	15752961	45	3^8*7^4
3793	15768841	15	11^2*19^4
3794	15769728	168	2^7*3^6*13^2
3795	15790140	144	2^2*3^7*5^1*19^2
3796	15801075	72	3^7*5^2*17^2
3797	15824256	144	2^7*3^1*7^2*29^2
3798	15824484	135	2^2*3^4*13^2*17^2
3799	15843750	84	2^1*3^1*5^6*13^2
3800	15856203	30	3^1*11^4*19^2
3801	15859712	54	2^17*11^2
3802	15870000	150	2^4*3^1*5^4*23^2
3803	15876000	360	2^5*3^4*5^3*7^2
3804	15882615	56	3^3*5^1*7^6
3805	15920100	243	2^2*3^2*5^2*7^2*19^2
3806	15925248	102	2^16*3^5
3807	15944049	21	3^2*11^6
3808	15980544	144	2^11*3^3*17^2
3809	16000000	77	2^10*5^6
3810	16002250	72	2^1*5^3*11^2*23^2
3811	16008300	324	2^2*3^3*5^2*7^2*11^2
3812	16016004	81	2^2*3^2*23^2*29^2
3813	16032016	135	2^4*7^2*11^2*13^2
3814	16036032	70	2^6*3^1*17^4
3815	16068375	72	3^5*5^3*23^2
3816	16074450	162	2^1*3^8*5^2*7^2
3817	16098264	216	2^3*3^5*7^2*13^2
3818	16147200	162	2^8*3^1*5^2*29^2
3819	16153928	60	2^3*7^4*29^2
3820	16200625	45	5^4*7^2*23^2
3821	16224000	216	2^8*3^1*5^3*13^2
3822	16230760	120	2^3*5^1*7^4*13^2
3823	16245000	180	2^3*3^2*5^4*19^2
3824	16256250	108	2^1*3^2*5^5*17^2
3825	16257024	195	2^12*3^4*7^2
3826	16281760	108	2^5*5^1*11^2*29^2
3827	16313472	216	2^7*3^2*7^2*17^2
3828	16335000	240	2^3*3^3*5^4*11^2
3829	16349040	180	2^4*3^5*5^1*29^2
3830	16359200	162	2^5*5^2*11^2*13^2
3831	16370116	45	2^2*7^2*17^4
3832	16380375	72	3^1*5^3*11^2*19^2
3833	16384000	72	2^17*5^3
3834	16386304	81	2^8*11^2*23^2
3835	16394454	72	2^1*3^3*19^2*29^2
3836	16402500	135	2^2*3^8*5^4
3837	16426800	270	2^4*3^5*5^2*13^2
3838	16451136	105	2^6*3^2*13^4
3839	16454016	144	2^7*3^5*23^2
3840	16483600	135	2^4*5^2*7^2*29^2
3841	16485282	90	2^1*3^4*11^2*29^2
3842	16508258	30	2^1*13^4*17^2
3843	16511148	108	2^2*3^3*17^2*23^2
3844	16531250	42	2^1*5^6*23^2
3845	16537500	216	2^2*3^3*5^5*7^2
3846	16553403	30	3^9*29^2
3847	16563690	180	2^1*3^4*5^1*11^2*13^2
3848	16588800	210	2^13*3^4*5^2
3849	16589440	144	2^7*5^1*7^2*23^2
3850	16595712	180	2^8*3^3*7^4
3851	16613376	96	2^15*3^1*13^2
3852	16632135	60	3^9*5^1*13^2
3853	16646400	243	2^8*3^2*5^2*17^2
3854	16653336	120	2^3*3^1*7^4*17^2
3855	16681088	40	2^7*19^4
3856	16692640	108	2^5*5^1*17^2*19^2
3857	16704200	60	2^3*5^2*17^4
3858	16727040	264	2^10*3^3*5^1*11^2
3859	16769025	135	3^4*5^2*7^2*13^2
3860	16773504	144	2^7*3^1*11^2*19^2
3861	16777216	25	2^24
3862	16790460	60	2^2*3^1*5^1*23^4
3863	16793868	90	2^2*3^1*7^2*13^4
3864	16796160	180	2^9*3^8*5^1
3865	16796808	180	2^3*3^4*7^2*23^2
3866	16820000	90	2^5*5^4*29^2
3867	16842816	147	2^6*3^6*19^2
3868	16866432	120	2^7*3^2*11^4
3869	16900000	108	2^5*5^5*13^2
3870	16901298	90	2^1*3^4*17^2*19^2
3871	16921875	42	3^1*5^6*19^2
3872	16924996	45	2^2*11^4*17^2
3873	16934400	360	2^9*3^3*5^2*7^2
3874	16936128	168	2^6*3^7*11^2
3875	16941456	105	2^4*3^2*7^6
3876	16959488	108	2^11*7^2*13^2
3877	16974744	40	2^3*3^1*29^4
3878	16981440	252	2^6*3^1*5^1*7^2*19^2
3879	16993200	270	2^4*3^1*5^2*7^2*17^2
3880	16994934	108	2^1*3^5*11^2*17^2
3881	17006112	78	2^5*3^12
3882	17015625	63	3^2*5^6*11^2
3883	17030250	120	2^1*3^4*5^3*29^2
3884	17065161	33	3^10*17^2
3885	17111250	150	2^1*3^4*5^4*13^2
3886	17122952	108	2^3*7^2*11^2*19^2
3887	17134810	108	2^1*5^1*7^2*11^2*17^2
3888	17136600	120	2^3*3^1*5^2*13^4
3889	17139600	225	2^4*3^4*5^2*23^2
3890	17164992	126	2^6*3^1*13^2*23^2
3891	17187210	108	2^1*3^2*5^1*19^2*23^2
3892	17193708	162	2^2*3^5*7^2*19^2
3893	17197609	27	11^2*13^2*29^2
3894	17205615	108	3^5*5^1*7^2*17^2
3895	17217816	120	2^3*3^1*7^2*11^4
3896	17280000	220	2^10*3^3*5^4
3897	17287200	270	2^5*3^2*5^2*7^4
3898	17288964	189	2^2*3^6*7^2*11^2
3899	17294403	18	3^1*7^8
3900	17305600	117	2^12*5^2*13^2
3901	17334272	48	2^15*23^2
3902	17340000	180	2^5*3^1*5^4*17^2
3903	17347225	45	5^2*7^4*17^2
3904	17360406	72	2^1*3^11*7^2
3905	17424000	288	2^7*3^2*5^3*11^2
3906	17431260	180	2^2*3^1*5^1*7^4*11^2
3907	17438976	135	2^8*3^4*29^2
3908	17472400	135	2^4*5^2*11^2*19^2
3909	17496000	224	2^6*3^7*5^3
3910	17496675	108	3^3*5^2*7^2*23^2
3911	17499528	108	2^3*3^2*17^2*29^2
3912	17503290	140	2^1*3^6*5^1*7^4
3913	17522596	81	2^2*7^2*13^2*23^2
3914	17544600	216	2^3*3^5*5^2*19^2
3915	17569200	150	2^4*3^1*5^2*11^4
3916	17570592	162	2^5*3^2*13^2*19^2
3917	17582760	216	2^3*3^2*5^1*13^2*17^2
3918	17593335	40	3^3*5^1*19^4
3919	17631601	27	13^2*17^2*19^2
3920	17640000	315	2^6*3^2*5^4*7^2
3921	17641800	252	2^3*3^6*5^2*11^2
3922	17647350	84	2^1*3^1*5^2*7^6
3923	17667936	216	2^5*3^3*11^2*13^2
3924	17682025	15	5^2*29^4
3925	17689000	144	2^3*5^3*7^2*19^2
3926	17701250	90	2^1*5^4*7^2*17^2
3927	17714700	108	2^2*3^11*5^2
3928	17715610	28	2^1*5^1*11^6
3929	17729283	54	3^1*11^2*13^2*17^2
3930	17740944	135	2^4*3^8*13^2
3931	17743872	90	2^14*3^1*19^2
3932	17756160	156	2^12*3^1*5^1*17^2
3933	17788815	60	3^5*5^1*11^4
3934	17795560	72	2^3*5^1*23^2*29^2
3935	17802288	180	2^4*3^3*7^2*29^2
3936	17842176	135	2^14*3^2*11^2
3937	17850625	25	5^4*13^4
3938	17853750	120	2^1*3^3*5^4*23^2
3939	17880200	108	2^3*5^2*13^2*23^2
3940	17886960	360	2^4*3^3*5^1*7^2*13^2
3941	17904128	90	2^9*11^2*17^2
3942	17909824	35	2^6*23^4
3943	17915904	112	2^13*3^7
3944	17935225	45	5^2*7^2*11^4
3945	17936646	108	2^1*3^1*7^2*13^2*19^2
3946	17978112	162	2^8*3^5*17^2
3947	18000000	168	2^7*3^2*5^6
3948	18007500	150	2^2*3^1*5^4*7^4
3949	18036018	162	2^1*3^2*7^2*11^2*13^2
3950	18040536	80	2^3*3^3*17^4
3951	18062500	63	2^2*5^6*17^2
3952	18063360	252	2^13*3^2*5^1*7^2
3953	18110547	72	3^7*7^2*13^2
3954	18113536	99	2^10*7^2*19^2
3955	18150000	180	2^4*3^1*5^5*11^2
3956	18165600	216	2^5*3^3*5^2*29^2
3957	18173169	45	3^2*7^4*29^2
3958	18192512	72	2^7*13^2*29^2
3959	18213888	198	2^10*3^1*7^2*11^2
3960	18216060	108	2^2*3^1*5^1*19^2*29^2
3961	18225000	168	2^3*3^6*5^5
3962	18228675	54	3^1*5^2*17^2*29^2
3963	18275625	75	3^4*5^4*19^2
3964	18279040	80	2^7*5^1*13^4
3965	18282240	216	2^8*3^3*5^1*23^2
3966	18289152	210	2^9*3^6*7^2
3967	18301250	50	2^1*5^4*11^4
3968	18302700	162	2^2*3^1*5^2*13^2*19^2
3969	18315375	72	3^1*5^3*13^2*17^2
3970	18333024	108	2^5*3^1*19^2*23^2
3971	18352656	225	2^4*3^4*7^2*17^2
3972	18375000	168	2^3*3^1*5^6*7^2
3973	18376875	90	3^5*5^4*11^2
3974	18404100	243	2^2*3^2*5^2*11^2*13^2
3975	18434592	162	2^5*3^2*11^2*23^2
3976	18480150	144	2^1*3^7*5^2*13^2
3977	18483200	108	2^11*5^2*19^2
3978	18496000	120	2^9*5^3*17^2
3979	18498601	27	11^2*17^2*23^2
3980	18507528	100	2^3*3^4*13^4
3981	18510768	120	2^4*3^7*23^2
3982	18544050	162	2^1*3^2*5^2*7^2*29^2
3983	18585600	216	2^11*3^1*5^2*11^2
3984	18593344	105	2^6*7^4*11^2
3985	18632250	216	2^1*3^2*5^3*7^2*13^2
3986	18662400	231	2^10*3^6*5^2
3987	18670176	180	2^5*3^5*7^4
3988	18690048	156	2^12*3^3*13^2
3989	18714240	240	2^7*3^4*5^1*19^2
3990	18714962	54	2^1*7^2*19^2*23^2
3991	18727200	270	2^5*3^4*5^2*17^2
3992	18735003	60	3^3*7^4*17^2
3993	18750000	90	2^4*3^1*5^8
3994	18754944	144	2^7*3^1*13^2*17^2
3995	18766224	75	2^4*3^2*19^4
3996	18792225	45	3^2*5^2*17^4
3997	18816000	264	2^10*3^1*5^3*7^2
3998	18818646	108	2^1*3^1*7^2*11^2*23^2
3999	18823840	84	2^5*5^1*7^6
4000	18870192	180	2^4*3^3*11^2*19^2
4001	18874368	66	2^21*3^2
4002	18883260	216	2^2*3^3*5^1*11^2*17^2
4003	18896409	63	3^6*7^2*23^2
4004	18906250	48	2^1*5^7*11^2
4005	18922500	135	2^2*3^2*5^4*29^2
4006	18939904	51	2^16*17^2
4007	18948168	108	2^3*3^8*19^2
4008	18961290	108	2^1*3^8*5^1*17^2
4009	18972800	216	2^7*5^2*7^2*11^2
4010	18974736	125	2^4*3^4*11^4
4011	18984375	48	3^5*5^7
4012	19044000	216	2^5*3^2*5^3*23^2
4013	19051200	378	2^6*3^5*5^2*7^2
4014	19051935	60	3^1*5^1*7^4*23^2
4015	19053144	120	2^3*3^9*11^2
4016	19059138	70	2^1*3^4*7^6
4017	19079424	243	2^8*3^2*7^2*13^2
4018	19096587	20	3^3*29^4
4019	19096900	81	2^2*5^2*19^2*23^2
4020	19117350	216	2^1*3^3*5^2*7^2*17^2
4021	19131876	45	2^2*3^14
4022	19140625	27	5^8*7^2
4023	19145672	108	2^3*7^2*13^2*17^2
4024	19157187	30	3^1*7^2*19^4
4025	19187415	72	3^3*5^1*13^2*29^2
4026	19202700	162	2^2*3^1*5^2*11^2*23^2
4027	19209960	360	2^3*3^4*5^1*7^2*11^2
4028	19263321	81	3^2*7^2*11^2*19^2
4029	19267584	108	2^17*3^1*7^2
4030	19278675	60	3^3*5^2*13^4
4031	19282050	126	2^1*3^6*5^2*23^2
4032	19289340	180	2^2*3^9*5^1*7^2
4033	19307236	21	2^2*13^6
4034	19310616	144	2^3*3^3*13^2*23^2
4035	19360000	135	2^8*5^4*11^2
4036	19370043	60	3^3*7^2*11^4
4037	19376640	180	2^9*3^2*5^1*29^2
4038	19430464	63	2^6*19^2*29^2
4039	19440000	240	2^7*3^5*5^4
4040	19448100	225	2^2*3^4*5^2*7^4
4041	19468800	270	2^9*3^2*5^2*13^2
4042	19476912	150	2^4*3^1*7^4*13^2
4043	19494000	240	2^4*3^3*5^3*19^2
4044	19501056	117	2^12*3^2*23^2
4045	19507500	180	2^2*3^3*5^4*17^2
4046	19531250	22	2^1*5^10
4047	19536400	135	2^4*5^2*13^2*17^2
4048	19538112	126	2^6*3^1*11^2*29^2
4049	19548150	60	2^1*3^1*5^2*19^4
4050	19568768	72	2^7*17^2*23^2
4051	19600000	144	2^7*5^5*7^2
4052	19618848	126	2^5*3^6*29^2
4053	19631040	252	2^6*3^1*5^1*11^2*13^2
4054	19656450	162	2^1*3^2*5^2*11^2*19^2
4055	19660800	114	2^18*3^1*5^2
4056	19668992	70	2^13*7^4
4057	19686969	45	3^4*17^2*29^2
4058	19712160	252	2^5*3^6*5^1*13^2
4059	19737675	72	3^7*5^2*19^2
4060	19765350	120	2^1*3^3*5^2*11^4
4061	19766916	135	2^2*3^4*13^2*19^2
4062	19794632	60	2^3*11^4*13^2
4063	19824640	96	2^15*5^1*11^2
4064	19837500	108	2^2*3^1*5^5*23^2
4065	19845000	300	2^3*3^4*5^4*7^2
4066	19847025	81	3^8*5^2*11^2
4067	19874400	324	2^5*3^1*5^2*7^2*13^2
4068	19876428	162	2^2*3^5*11^2*13^2
4069	19882681	21	7^6*13^2
4070	19906560	180	2^14*3^5*5^1
4071	19907328	162	2^8*3^1*7^2*23^2
4072	19945156	81	2^2*7^2*11^2*29^2
4073	19958562	66	2^1*3^10*13^2
4074	19961856	144	2^11*3^3*19^2
4075	20010375	144	3^3*5^3*7^2*11^2
4076	20027574	108	2^1*3^5*7^2*29^2
4077	20031168	126	2^6*3^1*17^2*19^2
4078	20045040	100	2^4*3^1*5^1*17^4
4079	20070400	135	2^14*5^2*7^2
4080	20072448	180	2^11*3^4*11^2
4081	20115225	81	3^2*5^2*13^2*23^2
4082	20142144	189	2^6*3^2*11^2*17^2
4083	20148552	60	2^3*3^2*23^4
4084	20155392	110	2^10*3^9
4085	20184000	168	2^6*3^1*5^3*29^2
4086	20192410	60	2^1*5^1*7^4*29^2
4087	20212082	30	2^1*11^2*17^4
4088	20225376	144	2^5*3^7*17^2
4089	20250000	175	2^4*3^4*5^6
4090	20280000	210	2^6*3^1*5^4*13^2
4091	20288450	90	2^1*5^2*7^4*13^2
4092	20295603	30	3^5*17^4
4093	20306250	108	2^1*3^2*5^5*19^2
4094	20313600	180	2^9*3^1*5^2*23^2
4095	20322064	75	2^4*7^4*23^2
4096	20352200	108	2^3*5^2*11^2*29^2
4097	20377728	216	2^7*3^2*7^2*19^2
4098	20391840	324	2^5*3^2*5^1*7^2*17^2
4099	20436300	162	2^2*3^5*5^2*29^2
4100	20448484	81	2^2*7^2*17^2*19^2
4101	20449000	144	2^3*5^3*11^2*13^2
4102	20466576	135	2^4*3^2*13^2*29^2
4103	20480000	80	2^15*5^4
4104	20490624	288	2^7*3^3*7^2*11^2
4105	20533500	216	2^2*3^5*5^3*13^2
4106	20561772	162	2^2*3^1*7^2*11^2*17^2
4107	20575296	189	2^6*3^8*7^2
4108	20621042	30	2^1*13^4*19^2
4109	20624652	108	2^2*3^3*19^2*23^2
4110	20638935	72	3^3*5^1*17^2*23^2
4111	20646738	126	2^1*3^6*7^2*17^2
4112	20668416	84	2^13*3^1*29^2
4113	20671875	84	3^3*5^6*7^2
4114	20702500	135	2^2*5^4*7^2*13^2
4115	20735286	60	2^1*3^1*11^2*13^4
4116	20736000	240	2^11*3^4*5^3
4117	20736800	162	2^5*5^2*7^2*23^2
4118	20738916	135	2^2*3^4*11^2*23^2
4119	20744640	280	2^6*3^3*5^1*7^4
4120	20793600	243	2^8*3^2*5^2*19^2
4121	20802264	120	2^3*3^1*7^4*19^2
4122	20820969	35	3^6*13^4
4123	20824614	60	2^1*3^9*23^2
4124	20851360	60	2^5*5^1*19^4
4125	20865800	108	2^3*5^2*17^2*19^2
4126	20880250	40	2^1*5^3*17^4
4127	20892963	54	3^1*7^2*13^2*29^2
4128	20908800	324	2^8*3^3*5^2*11^2
4129	20917512	180	2^3*3^2*7^4*11^2
4130	20939776	99	2^10*11^2*13^2
4131	20981400	216	2^3*3^1*5^2*11^2*17^2
4132	20988075	30	3^1*5^2*23^4
4133	20992335	60	3^1*5^1*7^2*13^4
4134	20995200	216	2^7*3^8*5^2
4135	20996010	180	2^1*3^4*5^1*7^2*23^2
4136	21003948	120	2^2*3^7*7^4
4137	21025000	72	2^3*5^5*29^2
4138	21026304	180	2^9*3^5*13^2
4139	21068100	189	2^2*3^6*5^2*17^2
4140	21083040	180	2^5*3^2*5^1*11^4
4141	21093750	72	2^1*3^3*5^8
4142	21099008	90	2^9*7^2*29^2
4143	21099312	180	2^4*3^3*13^2*17^2
4144	21112002	50	2^1*3^4*19^4
4145	21125000	84	2^3*5^6*13^2
4146	21141604	45	2^2*11^4*19^2
4147	21160000	105	2^6*5^4*23^2
4148	21170160	240	2^4*3^7*5^1*11^2
4149	21199360	180	2^9*5^1*7^2*13^2
4150	21226800	270	2^4*3^1*5^2*7^2*19^2
4151	21228966	108	2^1*3^5*11^2*19^2
4152	21233664	95	2^18*3^4
4153	21241500	216	2^2*3^1*5^3*7^2*17^2
4154	21257640	104	2^3*3^12*5^1
4155	21258732	42	2^2*3^1*11^6
4156	21307392	126	2^13*3^2*17^2
4157	21316689	33	3^10*19^2
4158	21319350	108	2^1*3^1*5^2*13^2*29^2
4159	21344400	405	2^4*3^2*5^2*7^2*11^2
4160	21346578	70	2^1*3^6*11^4
4161	21354672	90	2^4*3^1*23^2*29^2
4162	21381376	45	2^8*17^4
4163	21403690	108	2^1*5^1*7^2*11^2*19^2
4164	21432600	288	2^3*3^7*5^2*7^2
4165	21434787	36	3^11*11^2
4166	21456240	180	2^4*3^1*5^1*13^2*23^2
4167	21464352	270	2^5*3^4*7^2*13^2
4168	21492135	108	3^5*5^1*7^2*19^2
4169	21529600	99	2^10*5^2*29^2
4170	21538881	81	3^2*7^2*13^2*17^2
4171	21600000	216	2^8*3^3*5^5
4172	21609000	240	2^3*3^2*5^3*7^4
4173	21635042	54	2^1*11^2*13^2*23^2
4174	21660000	180	2^5*3^1*5^4*19^2
4175	21667840	84	2^13*5^1*23^2
4176	21669025	45	5^2*7^4*19^2
4177	21676032	180	2^14*3^3*7^2
4178	21724443	54	3^5*13^2*23^2
4179	21751296	180	2^9*3^1*7^2*17^2
4180	21780000	270	2^5*3^2*5^4*11^2
4181	21789075	90	3^1*5^2*7^4*11^2
4182	21799561	27	7^2*23^2*29^2
4183	21855625	45	5^4*11^2*17^2
4184	21859272	108	2^3*3^2*19^2*29^2
4185	21870000	200	2^4*3^7*5^4
4186	21874410	108	2^1*3^2*5^1*17^2*29^2
4187	21902400	315	2^6*3^4*5^2*13^2
4188	21911526	120	2^1*3^3*7^4*13^2
4189	21934848	90	2^8*3^1*13^4
4190	21938688	150	2^9*3^4*23^2
4191	21961500	120	2^2*3^1*5^3*11^4
4192	21963240	216	2^3*3^2*5^1*13^2*19^2
4193	21978450	162	2^1*3^2*5^2*13^2*17^2
4194	21980376	144	2^3*3^3*11^2*29^2
4195	22014864	135	2^4*3^2*17^2*23^2
4196	22024249	15	13^2*19^4
4197	22052250	168	2^1*3^6*5^3*11^2
4198	22071204	81	2^2*3^8*29^2
4199	22111250	90	2^1*5^4*7^2*19^2
4200	22118400	192	2^15*3^3*5^2
4201	22127616	165	2^10*3^2*7^4
4202	22143375	48	3^11*5^3
4203	22146267	54	3^1*11^2*13^2*19^2
4204	22151168	54	2^17*13^2
4205	22179840	156	2^12*3^1*5^1*19^2
4206	22195200	198	2^10*3^1*5^2*17^2
4207	22204448	90	2^5*7^4*17^2
4208	22233750	180	2^1*3^1*5^4*7^2*11^2
4209	22244450	54	2^1*5^2*23^2*29^2
4210	22252860	216	2^2*3^3*5^1*7^2*29^2
4211	22268961	45	3^2*11^4*13^2
4212	22325625	105	3^6*5^4*7^2
4213	22350250	72	2^1*5^3*13^2*23^2
4214	22358700	324	2^2*3^3*5^2*7^2*13^2
4215	22364672	90	2^9*11^2*19^2
4216	22380160	144	2^7*5^1*11^2*17^2
4217	22391824	75	2^4*7^2*13^4
4218	22395744	216	2^5*3^3*7^2*23^2
4219	22457088	162	2^8*3^5*19^2
4220	22472640	252	2^6*3^5*5^1*17^2
4221	22473507	54	3^1*7^2*17^2*23^2
4222	22488576	100	2^9*3^1*11^4
4223	22500000	144	2^5*3^2*5^7
4224	22509375	60	3^1*5^5*7^4
4225	22535064	144	2^3*3^3*17^2*19^2
4226	22562500	63	2^2*5^6*19^2
4227	22579200	324	2^11*3^2*5^2*7^2
4228	22581504	189	2^8*3^6*11^2
4229	22588608	98	2^6*3^1*7^6
4230	22632992	30	2^5*29^4
4231	22657600	189	2^6*5^2*7^2*17^2
4232	22659912	180	2^3*3^4*11^2*17^2
4233	22667121	25	3^4*23^4
4234	22674816	96	2^7*3^11
4235	22687500	126	2^2*3^1*5^6*11^2
4236	22740640	108	2^5*5^1*13^2*29^2
4237	22753548	90	2^2*3^9*17^2
4238	22767360	324	2^8*3^1*5^1*7^2*11^2
4239	22770075	54	3^1*5^2*19^2*29^2
4240	22781250	98	2^1*3^6*5^6
4241	22815000	240	2^3*3^3*5^4*13^2
4242	22848800	90	2^5*5^2*13^4
4243	22852800	252	2^6*3^3*5^2*23^2
4244	22861440	336	2^7*3^6*5^1*7^2
4245	22862322	90	2^1*3^2*7^4*23^2
4246	22878375	72	3^1*5^3*13^2*19^2
4247	22886656	81	2^8*13^2*23^2
4248	22896225	81	3^2*5^2*11^2*29^2
4249	22924944	225	2^4*3^4*7^2*19^2
4250	22932150	108	2^1*3^1*5^2*17^2*23^2
4251	22957088	90	2^5*7^2*11^4
4252	23024898	90	2^1*3^4*13^2*29^2
4253	23040000	195	2^12*3^2*5^4
4254	23043240	216	2^3*3^2*5^1*11^2*23^2
4255	23049600	240	2^7*3^1*5^2*7^4
4256	23051952	270	2^4*3^5*7^2*11^2
4257	23059204	27	2^2*7^8
4258	23104000	120	2^9*5^3*19^2
4259	23107249	27	11^2*19^2*23^2
4260	23120000	120	2^7*5^4*17^2
4261	23134410	100	2^1*3^4*5^1*13^4
4262	23138460	144	2^2*3^7*5^1*23^2
4263	23147208	132	2^3*3^10*7^2
4264	23235267	30	3^1*11^4*23^2
4265	23251968	132	2^10*3^3*29^2
4266	23328900	243	2^2*3^2*5^2*7^2*23^2
4267	23332704	108	2^5*3^1*17^2*29^2
4268	23362560	264	2^10*3^3*5^1*13^2
4269	23392800	270	2^5*3^4*5^2*19^2
4270	23402547	60	3^3*7^4*19^2
4271	23409000	240	2^3*3^4*5^3*17^2
4272	23425600	105	2^6*5^2*11^4
4273	23427456	144	2^7*3^1*13^2*19^2
4274	23437500	60	2^2*3^1*5^9
4275	23474025	81	3^2*5^2*17^2*19^2
4276	23520000	270	2^8*3^1*5^4*7^2
4277	23522400	324	2^5*3^5*5^2*11^2
4278	23529800	84	2^3*5^2*7^6
4279	23532201	75	3^4*7^4*11^2
4280	23557248	216	2^7*3^2*11^2*13^2
4281	23587740	216	2^2*3^3*5^1*11^2*19^2
4282	23592960	120	2^19*3^2*5^1
4283	23604075	108	3^3*5^2*11^2*17^2
4284	23619600	165	2^4*3^10*5^2
4285	23639044	81	2^2*11^2*13^2*17^2
4286	23654592	168	2^6*3^7*13^2
4287	23658496	51	2^16*19^2
4288	23685210	108	2^1*3^8*5^1*19^2
4289	23716000	216	2^5*5^3*7^2*11^2
4290	23736384	189	2^6*3^2*7^2*29^2
4291	23736726	108	2^1*3^5*13^2*17^2
4292	23765625	63	3^2*5^6*13^2
4293	23789568	102	2^16*3^1*11^2
4294	23805000	180	2^3*3^2*5^4*23^2
4295	23814000	360	2^4*3^5*5^3*7^2
4296	23818802	54	2^1*7^2*17^2*29^2
4297	23880150	216	2^1*3^3*5^2*7^2*19^2
4298	23887872	112	2^15*3^6
4299	23915528	108	2^3*7^2*13^2*19^2
4300	23932090	108	2^1*5^1*7^2*13^2*17^2
4301	23970816	165	2^10*3^4*17^2
4302	24000000	140	2^9*3^1*5^6
4303	24003375	72	3^1*5^3*11^2*23^2
4304	24010000	125	2^4*5^4*7^4
4305	24012450	270	2^1*3^4*5^2*7^2*11^2
4306	24019801	15	13^4*29^2
4307	24024006	72	2^1*3^3*23^2*29^2
4308	24048024	216	2^3*3^1*7^2*11^2*13^2
4309	24054048	90	2^5*3^2*17^4
4310	24111675	90	3^9*5^2*7^2
4311	24137569	7	17^6
4312	24147396	189	2^2*3^6*7^2*13^2
4313	24220800	216	2^7*3^2*5^2*29^2
4314	24230892	90	2^2*3^1*7^4*29^2
4315	24285184	117	2^12*7^2*11^2
4316	24304900	81	2^2*5^2*17^2*29^2
4317	24336000	288	2^7*3^2*5^3*13^2
4318	24346140	180	2^2*3^1*5^1*7^4*13^2
4319	24367500	180	2^2*3^3*5^4*19^2
4320	24384375	72	3^3*5^5*17^2
4321	24385536	216	2^11*3^5*7^2
4322	24403600	135	2^4*5^2*13^2*19^2
4323	24422640	180	2^4*3^1*5^1*11^2*29^2
4324	24444032	72	2^7*19^2*23^2
4325	24460960	108	2^5*5^1*17^2*23^2
4326	24470208	252	2^6*3^3*7^2*17^2
4327	24500000	126	2^5*5^6*7^2
4328	24502500	225	2^2*3^4*5^4*11^2
4329	24523560	168	2^3*3^6*5^1*29^2
4330	24538800	270	2^4*3^1*5^2*11^2*13^2
4331	24555174	60	2^1*3^1*7^2*17^4
4332	24576000	136	2^16*3^1*5^3
4333	24579456	144	2^7*3^1*11^2*23^2
4334	24586240	120	2^11*5^1*7^4
4335	24591681	45	3^4*19^2*29^2
4336	24603750	100	2^1*3^9*5^4
4337	24626162	30	2^1*11^4*29^2
4338	24640200	252	2^3*3^6*5^2*13^2
4339	24676704	120	2^5*3^3*13^4
4340	24681024	147	2^6*3^6*23^2
4341	24725400	216	2^3*3^1*5^2*7^2*29^2
4342	24727923	54	3^5*11^2*29^2
4343	24743290	60	2^1*5^1*11^4*13^2
4344	24762387	30	3^1*13^4*17^2
4345	24766722	90	2^1*3^4*17^2*23^2
4346	24780800	126	2^13*5^2*11^2
4347	24796875	42	3^1*5^6*23^2
4348	24806250	180	2^1*3^4*5^5*7^2
4349	24845535	108	3^5*5^1*11^2*13^2
4350	24883200	234	2^12*3^5*5^2
4351	24884160	252	2^6*3^1*5^1*7^2*23^2
4352	24893568	200	2^7*3^4*7^4
4353	24920064	135	2^14*3^2*13^2
4354	24969600	288	2^7*3^3*5^2*17^2
4355	24980004	135	2^2*3^2*7^4*17^2
4356	25000000	63	2^6*5^8
4357	25006592	90	2^9*13^2*17^2
4358	25021632	70	2^6*3^1*19^4
4359	25038960	180	2^4*3^1*5^1*17^2*19^2
4360	25050025	81	5^2*7^2*11^2*13^2
4361	25056300	90	2^2*3^1*5^2*17^4
4362	25090560	300	2^9*3^4*5^1*11^2
4363	25091528	108	2^3*7^2*11^2*23^2
4364	25160256	189	2^6*3^2*11^2*19^2
4365	25165824	48	2^23*3^1
4366	25185690	60	2^1*3^2*5^1*23^4
4367	25190802	90	2^1*3^2*7^2*13^4
4368	25194240	180	2^8*3^9*5^1
4369	25195212	162	2^2*3^5*7^2*23^2
4370	25230000	150	2^4*3^1*5^4*29^2
4371	25247618	54	2^1*11^2*17^2*19^2
4372	25264224	144	2^5*3^7*19^2
4373	25299648	140	2^6*3^3*11^4
4374	25350000	180	2^4*3^1*5^5*13^2
4375	25351947	54	3^5*17^2*19^2
4376	25387494	60	2^1*3^1*11^4*17^2
4377	25401600	405	2^8*3^4*5^2*7^2
4378	25404192	162	2^5*3^8*11^2
4379	25412184	112	2^3*3^3*7^6
4380	25439232	198	2^10*3^1*7^2*13^2
4381	25440250	72	2^1*5^3*11^2*29^2
4382	25462116	45	2^2*3^2*29^4
4383	25472160	324	2^5*3^2*5^1*7^2*19^2
4384	25489800	324	2^3*3^2*5^2*7^2*17^2
4385	25492401	63	3^6*11^2*17^2
4386	25509168	70	2^4*3^13
4387	25542916	45	2^2*7^2*19^4
4388	25545375	72	3^5*5^3*29^2
4389	25561250	90	2^1*5^4*11^2*13^2
4390	25600000	84	2^13*5^5
4391	25603600	135	2^4*5^2*11^2*23^2
4392	25666875	90	3^5*5^4*13^2
4393	25684428	162	2^2*3^1*7^2*11^2*19^2
4394	25690112	60	2^19*7^2
4395	25702215	108	3^1*5^1*7^2*11^2*17^2
4396	25704900	135	2^2*3^2*5^2*13^4
4397	25709400	216	2^3*3^5*5^2*23^2
4398	25747488	162	2^5*3^2*13^2*23^2
4399	25755625	45	5^4*7^2*29^2
4400	25780815	72	3^3*5^1*19^2*23^2
4401	25790562	126	2^1*3^6*7^2*19^2
4402	25826724	135	2^2*3^2*7^2*11^4
4403	25836889	27	13^2*17^2*23^2
4404	25920000	250	2^9*3^4*5^4
4405	25921000	144	2^3*5^3*7^2*23^2
4406	25930800	300	2^4*3^3*5^2*7^4
4407	25933446	144	2^1*3^7*7^2*11^2
4408	25958400	216	2^11*3^1*5^2*13^2
4409	25969216	105	2^6*7^4*13^2
4410	26001408	90	2^14*3^1*23^2
4411	26010000	225	2^4*3^2*5^4*17^2
4412	26040609	39	3^12*7^2
4413	26050816	81	2^8*11^2*29^2
4414	26064200	60	2^3*5^2*19^4
4415	26082250	72	2^1*5^3*17^2*19^2
4416	26136000	336	2^6*3^3*5^3*11^2
4417	26146890	180	2^1*3^2*5^1*7^4*11^2
4418	26158464	144	2^7*3^5*29^2
4419	26208600	216	2^3*3^1*5^2*11^2*19^2
4420	26214400	63	2^20*5^2
4421	26244000	216	2^5*3^8*5^3
4422	26249292	108	2^2*3^3*17^2*29^2
4423	26254935	80	3^7*5^1*7^4
4424	26281250	42	2^1*5^6*29^2
4425	26283894	108	2^1*3^1*7^2*13^2*23^2
4426	26316900	189	2^2*3^6*5^2*19^2
4427	26353800	180	2^3*3^2*5^2*11^4
4428	26355888	180	2^4*3^3*13^2*19^2
4429	26373760	144	2^7*5^1*7^2*29^2
4430	26374140	216	2^2*3^3*5^1*13^2*17^2
4431	26406250	48	2^1*5^7*13^2
4432	26460000	360	2^5*3^3*5^4*7^2
4433	26462700	216	2^2*3^7*5^2*11^2
4434	26471025	63	3^2*5^2*7^6
4435	26499200	216	2^7*5^2*7^2*13^2
4436	26501904	225	2^4*3^4*11^2*13^2
4437	26533500	216	2^2*3^1*5^3*7^2*19^2
4438	26543104	99	2^10*7^2*23^2
4439	26551875	90	3^1*5^4*7^2*17^2
4440	26572050	78	2^1*3^12*5^2
4441	26573415	28	3^1*5^1*11^6
4442	26611416	120	2^3*3^9*13^2
4443	26615808	126	2^13*3^2*19^2
4444	26634240	216	2^11*3^2*5^1*17^2
4445	26693340	108	2^2*3^1*5^1*23^2*29^2
4446	26703432	180	2^3*3^4*7^2*29^2
4447	26708224	81	2^8*17^2*19^2
4448	26763264	168	2^13*3^3*11^2
4449	26780625	75	3^4*5^4*23^2
4450	26820300	162	2^2*3^1*5^2*13^2*23^2
4451	26830440	360	2^3*3^4*5^1*7^2*13^2
4452	26856192	162	2^8*3^1*11^2*17^2
4453	26864736	60	2^5*3^1*23^4
4454	26873856	117	2^12*3^8
4455	26904969	81	3^2*7^2*13^2*19^2
4456	26967168	168	2^7*3^6*17^2
4457	27000000	196	2^6*3^3*5^6
4458	27011250	150	2^1*3^2*5^4*7^4
4459	27040000	135	2^8*5^4*13^2
4460	27054027	108	3^3*7^2*11^2*13^2
4461	27060804	75	2^2*3^4*17^4
4462	27084800	108	2^11*5^2*23^2
4463	27093750	84	2^1*3^1*5^6*17^2
4464	27095040	312	2^12*3^3*5^1*7^2
4465	27170304	180	2^9*3^1*7^2*19^2
4466	27225000	216	2^3*3^2*5^5*11^2
4467	27248400	225	2^4*3^4*5^2*29^2
4468	27288768	126	2^6*3^1*13^2*29^2
4469	27300625	45	5^4*11^2*19^2
4470	27320832	270	2^9*3^2*7^2*11^2
4471	27324090	108	2^1*3^2*5^1*19^2*29^2
4472	27337500	144	2^2*3^7*5^5
4473	27415696	135	2^4*7^2*11^2*17^2
4474	27418560	140	2^6*3^1*5^1*13^4
4475	27423360	240	2^7*3^4*5^1*23^2
4476	27424418	30	2^1*7^2*23^4
4477	27433728	216	2^8*3^7*7^2
4478	27451875	50	3^1*5^4*11^4
4479	27454050	162	2^1*3^2*5^2*13^2*19^2
4480	27499536	135	2^4*3^2*19^2*23^2
4481	27528984	216	2^3*3^5*7^2*17^2
4482	27557888	48	2^15*29^2
4483	27562500	189	2^2*3^2*5^6*7^2
4484	27606150	216	2^1*3^3*5^2*11^2*13^2
4485	27647048	60	2^3*11^2*13^4
4486	27651888	180	2^4*3^3*11^2*23^2
4487	27688960	96	2^15*5^1*13^2
4488	27720225	81	3^8*5^2*13^2
4489	27724800	198	2^10*3^1*5^2*19^2
4490	27736352	90	2^5*7^4*19^2
4491	27744000	216	2^8*3^1*5^3*17^2
4492	27755560	120	2^3*5^1*7^4*17^2
4493	27761292	90	2^2*3^5*13^4
4494	27766152	108	2^3*3^8*23^2
4495	27816075	108	3^3*5^2*7^2*29^2
4496	27857284	81	2^2*7^2*13^2*29^2
4497	27878400	297	2^10*3^2*5^2*11^2
4498	27890016	180	2^5*3^1*7^4*11^2
4499	27948375	144	3^3*5^3*7^2*13^2
4500	27955840	144	2^7*5^1*11^2*19^2
4501	27975200	162	2^5*5^2*11^2*17^2
4502	27984100	45	2^2*5^2*23^4
4503	27993600	240	2^9*3^7*5^2
4504	28005264	175	2^4*3^6*7^4
4505	28035072	180	2^11*3^4*13^2
4506	28071360	252	2^6*3^5*5^1*19^2
4507	28072443	54	3^1*7^2*19^2*23^2
4508	28090800	270	2^4*3^5*5^2*17^2
4509	28125000	108	2^3*3^2*5^8
4510	28132416	189	2^6*3^2*13^2*17^2
4511	28149336	80	2^3*3^3*19^4
4512	28224000	360	2^9*3^2*5^3*7^2
4513	28227969	81	3^2*7^2*11^2*23^2
4514	28230098	30	2^1*13^2*17^4
4515	28235760	140	2^4*3^1*5^1*7^6
4516	28291240	40	2^3*5^1*29^4
4517	28302400	189	2^6*5^2*7^2*19^2
4518	28305288	180	2^3*3^4*11^2*19^2
4519	28311552	84	2^20*3^3
4520	28324890	180	2^1*3^4*5^1*11^2*17^2
4521	28344976	35	2^4*11^6
4522	28359375	48	3^1*5^7*11^2
4523	28383750	120	2^1*3^3*5^4*29^2
4524	28409856	96	2^15*3^1*17^2
4525	28422252	90	2^2*3^9*19^2
4526	28425800	108	2^3*5^2*13^2*29^2
4527	28441935	60	3^9*5^1*17^2
4528	28459200	378	2^6*3^1*5^2*7^2*11^2
4529	28462104	120	2^3*3^5*11^4
4530	28471058	42	2^1*7^6*11^2
4531	28472896	63	2^6*23^2*29^2
4532	28561000	80	2^3*5^3*13^4
4533	28566000	240	2^4*3^3*5^3*23^2
4534	28576800	378	2^5*3^6*5^2*7^2
4535	28579716	99	2^2*3^10*11^2
4536	28588707	42	3^5*7^6
4537	28619136	288	2^7*3^3*7^2*13^2
4538	28645350	108	2^1*3^1*5^2*19^2*23^2
4539	28676025	135	3^4*5^2*7^2*17^2
4540	28696360	120	2^3*5^1*7^2*11^4
4541	28697814	32	2^1*3^15
4542	28718508	162	2^2*3^1*7^2*13^2*17^2
4543	28804050	162	2^1*3^2*5^2*11^2*23^2
4544	28814940	324	2^2*3^5*5^1*7^2*11^2
4545	28880000	120	2^7*5^4*19^2
4546	28900000	108	2^5*5^5*17^2
4547	28901376	153	2^16*3^2*7^2
4548	28923075	72	3^7*5^2*23^2
4549	28934010	132	2^1*3^10*5^1*7^2
4550	28960854	28	2^1*3^1*13^6
4551	28965924	135	2^2*3^4*13^2*23^2
4552	29001728	108	2^11*7^2*17^2
4553	29040000	240	2^7*3^1*5^4*11^2
4554	29052100	135	2^2*5^2*7^4*11^2
4555	29064960	216	2^8*3^3*5^1*29^2
4556	29145696	108	2^5*3^1*19^2*29^2
4557	29160000	245	2^6*3^6*5^4
4558	29172150	180	2^1*3^5*5^2*7^4
4559	29203200	324	2^8*3^3*5^2*13^2
4560	29215368	180	2^3*3^2*7^4*13^2
4561	29241000	240	2^3*3^4*5^3*19^2
4562	29246464	55	2^10*13^4
4563	29251584	144	2^11*3^3*23^2
4564	29261250	150	2^1*3^4*5^4*17^2
4565	29296875	22	3^1*5^10
4566	29304600	216	2^3*3^1*5^2*13^2*17^2
4567	29307168	162	2^5*3^2*11^2*29^2
4568	29322225	45	3^2*5^2*19^4
4569	29353152	126	2^6*3^1*17^2*23^2
4570	29400000	252	2^6*3^1*5^5*7^2
4571	29408929	27	11^2*17^2*29^2
4572	29412250	56	2^1*5^3*7^6
4573	29428272	120	2^4*3^7*29^2
4574	29446560	324	2^5*3^2*5^1*11^2*13^2
4575	29484675	108	3^3*5^2*11^2*19^2
4576	29491200	162	2^17*3^2*5^2
4577	29503488	130	2^12*3^1*7^4
4578	29528356	81	2^2*11^2*13^2*19^2
4579	29568240	240	2^4*3^7*5^1*13^2
4580	29593600	117	2^12*5^2*17^2
4581	29645000	180	2^3*5^4*7^2*11^2
4582	29648025	75	3^4*5^2*11^4
4583	29650374	108	2^1*3^5*13^2*19^2
4584	29691948	90	2^2*3^1*11^4*13^2
4585	29736960	180	2^14*3^1*5^1*11^2
4586	29752898	54	2^1*7^2*19^2*29^2
4587	29756250	108	2^1*3^2*5^5*23^2
4588	29767500	270	2^2*3^5*5^4*7^2
4589	29811600	405	2^4*3^2*5^2*7^2*13^2
4590	29814642	126	2^1*3^6*11^2*13^2
4591	29859840	196	2^13*3^6*5^1
4592	29860992	216	2^7*3^2*7^2*23^2
4593	29894410	108	2^1*5^1*7^2*13^2*19^2
4594	29917734	108	2^1*3^1*7^2*11^2*29^2
4595	29937843	36	3^11*13^2
4596	29942784	165	2^10*3^4*19^2
4597	29964676	81	2^2*7^2*17^2*23^2
4598	29984768	60	2^11*11^4
4599	30041361	63	3^6*7^2*29^2
4600	30046752	162	2^5*3^2*17^2*19^2
4601	30067560	120	2^3*3^2*5^1*17^4
4602	30105600	252	2^13*3^1*5^2*7^2
4603	30108672	198	2^10*3^5*11^2
4604	30118144	63	2^8*7^6
4605	30151081	15	17^4*19^2
4606	30213216	216	2^5*3^3*11^2*17^2
4607	30217538	30	2^1*13^4*23^2
4608	30222828	60	2^2*3^3*23^4
4609	30233088	110	2^9*3^10
4610	30250000	105	2^4*5^6*11^2
4611	30276000	216	2^5*3^2*5^3*29^2
4612	30288615	60	3^1*5^1*7^4*29^2
4613	30318123	30	3^1*11^2*17^4
4614	30338064	135	2^4*3^8*17^2
4615	30360100	81	2^2*5^2*19^2*29^2
4616	30375000	168	2^3*3^5*5^6
4617	30420000	270	2^5*3^2*5^4*13^2
4618	30432675	90	3^1*5^2*7^4*13^2
4619	30459375	72	3^3*5^5*19^2
4620	30470400	243	2^8*3^2*5^2*23^2
4621	30483096	120	2^3*3^1*7^4*23^2
4622	30525625	45	5^4*13^2*17^2
4623	30528300	162	2^2*3^1*5^2*11^2*29^2
4624	30555040	108	2^5*5^1*19^2*23^2
4625	30566592	252	2^6*3^3*7^2*19^2
4626	30576200	108	2^3*5^2*17^2*23^2
4627	30587760	360	2^4*3^3*5^1*7^2*17^2
4628	30625000	96	2^3*5^7*7^2
4629	30654450	126	2^1*3^6*5^2*29^2
4630	30672726	108	2^1*3^1*7^2*17^2*19^2
4631	30673500	216	2^2*3^1*5^3*11^2*13^2
4632	30699864	144	2^3*3^3*13^2*29^2
4633	30720000	150	2^14*3^1*5^4
4634	30732800	150	2^9*5^2*7^4
4635	30735936	315	2^6*3^4*7^2*11^2
4636	30800250	168	2^1*3^6*5^3*13^2
4637	30842658	162	2^1*3^2*7^2*11^2*17^2
4638	30862944	180	2^5*3^9*7^2
4639	30931563	30	3^1*13^4*19^2
4640	30936978	90	2^1*3^4*19^2*23^2
4641	30970107	72	3^7*7^2*17^2
4642	30976000	144	2^11*5^3*11^2
4643	30980356	45	2^2*11^4*23^2
4644	31002624	117	2^12*3^2*29^2
4645	31053750	180	2^1*3^1*5^4*7^2*13^2
4646	31102929	45	3^2*11^2*13^4
4647	31104000	264	2^10*3^5*5^3
4648	31105200	270	2^4*3^1*5^2*7^2*23^2
4649	31108374	108	2^1*3^5*11^2*23^2
4650	31110272	72	2^7*17^2*29^2
4651	31116960	300	2^5*3^4*5^1*7^4
4652	31190400	288	2^7*3^3*5^2*19^2
4653	31203396	135	2^2*3^2*7^4*19^2
4654	31236608	90	2^9*13^2*19^2
4655	31236921	33	3^10*23^2
4656	31258240	144	2^7*5^1*13^2*17^2
4657	31277040	100	2^4*3^1*5^1*19^4
4658	31298700	162	2^2*3^1*5^2*17^2*19^2
4659	31320375	40	3^1*5^3*17^4
4660	31360000	165	2^10*5^4*7^2
4661	31363200	360	2^7*3^4*5^2*11^2
4662	31364410	108	2^1*5^1*7^2*11^2*23^2
4663	31376268	180	2^2*3^3*7^4*11^2
4664	31409664	180	2^9*3^1*11^2*13^2
4665	31472100	243	2^2*3^2*5^2*11^2*17^2
4666	31492800	210	2^6*3^9*5^2
4667	31494015	108	3^5*5^1*7^2*23^2
4668	31505922	90	2^1*3^8*7^4
4669	31537500	108	2^2*3^1*5^5*29^2
4670	31537682	30	2^1*11^2*19^4
4671	31539456	189	2^8*3^6*13^2
4672	31602150	144	2^1*3^7*5^2*17^2
4673	31624560	200	2^4*3^3*5^1*11^4
4674	31640625	45	3^4*5^8
4675	31648512	162	2^8*3^1*7^2*29^2
4676	31648968	180	2^3*3^4*13^2*17^2
4677	31668003	30	3^5*19^4
4678	31687500	126	2^2*3^1*5^6*13^2
4679	31712406	60	2^1*3^1*11^4*19^2
4680	31719424	57	2^18*11^2
4681	31740000	180	2^5*3^1*5^4*23^2
4682	31753225	45	5^2*7^4*23^2
4683	31755240	216	2^3*3^8*5^1*11^2
4684	31799040	324	2^8*3^1*5^1*7^2*13^2
4685	31840200	324	2^3*3^2*5^2*7^2*19^2
4686	31843449	63	3^6*11^2*19^2
4687	31850496	108	2^17*3^5
4688	31862250	216	2^1*3^2*5^3*7^2*17^2
4689	31886460	84	2^2*3^13*5^1
4690	31888098	42	2^1*3^2*11^6
4691	31961088	156	2^12*3^3*17^2
4692	31979025	81	3^2*5^2*13^2*29^2
4693	32000000	84	2^11*5^6
4694	32016600	432	2^3*3^3*5^2*7^2*11^2
4695	32019867	40	3^7*11^4
4696	32032008	108	2^3*3^2*23^2*29^2
4697	32064032	162	2^5*7^2*11^2*13^2
4698	32072064	80	2^7*3^1*17^4
4699	32105535	108	3^1*5^1*7^2*11^2*19^2
4700	32112640	108	2^17*5^1*7^2
4701	32148900	243	2^2*3^8*5^2*7^2
4702	32184360	216	2^3*3^2*5^1*13^2*23^2
4703	32196528	270	2^4*3^5*7^2*13^2
4704	32273761	27	13^2*19^2*23^2
4705	32294400	180	2^9*3^1*5^2*29^2
4706	32307856	75	2^4*7^4*29^2
4707	32400000	240	2^7*3^4*5^5
4708	32401250	90	2^1*5^4*7^2*23^2
4709	32413500	240	2^2*3^3*5^3*7^4
4710	32452563	54	3^1*11^2*13^2*23^2
4711	32490000	225	2^4*3^2*5^4*19^2
4712	32501760	156	2^12*3^1*5^1*23^2
4713	32514048	210	2^13*3^4*7^2
4714	32580250	40	2^1*5^3*19^4
4715	32626944	243	2^8*3^2*7^2*17^2
4716	32670000	300	2^4*3^3*5^4*11^2
4717	32718400	189	2^6*5^2*11^2*13^2
4718	32740232	60	2^3*7^2*17^4
4719	32772608	90	2^9*11^2*23^2
4720	32788908	108	2^2*3^3*19^2*29^2
4721	32805000	180	2^3*3^8*5^4
4722	32811615	72	3^3*5^1*17^2*29^2
4723	32853600	324	2^5*3^5*5^2*13^2
4724	32867289	75	3^4*7^4*13^2
4725	32902272	120	2^7*3^2*13^4
4726	32908032	162	2^8*3^5*23^2
4727	32942250	120	2^1*3^2*5^3*11^4
4728	32944860	216	2^2*3^3*5^1*13^2*19^2
4729	32967200	162	2^5*5^2*7^2*29^2
4730	32967675	108	3^3*5^2*13^2*17^2
4731	32970564	135	2^2*3^4*11^2*29^2
4732	33016516	45	2^2*13^4*17^2
4733	33022296	144	2^3*3^3*17^2*23^2
4734	33062500	63	2^2*5^6*23^2
4735	33078375	96	3^7*5^3*11^2
4736	33106806	60	2^1*3^9*29^2
4737	33124000	216	2^5*5^3*7^2*13^2
4738	33166875	90	3^1*5^4*7^2*19^2
4739	33177600	225	2^14*3^4*5^2
4740	33191424	200	2^9*3^3*7^4
4741	33226752	102	2^16*3^1*13^2
4742	33269760	216	2^11*3^2*5^1*19^2
4743	33292800	270	2^9*3^2*5^2*17^2
4744	33306672	150	2^4*3^1*7^4*17^2
4745	33350625	135	3^2*5^4*7^2*11^2
4746	33362176	45	2^8*19^4
4747	33366675	54	3^1*5^2*23^2*29^2
4748	33379290	180	2^1*3^4*5^1*7^2*29^2
4749	33408400	75	2^4*5^2*17^4
4750	33525375	72	3^1*5^3*13^2*23^2
4751	33538050	270	2^1*3^4*5^2*7^2*13^2
4752	33547008	162	2^8*3^1*11^2*19^2
4753	33554432	26	2^25
4754	33570240	252	2^6*3^1*5^1*11^2*17^2
4755	33587736	120	2^3*3^1*7^2*13^4
4756	33593616	225	2^4*3^4*7^2*23^2
4757	33640000	105	2^6*5^4*29^2
4758	33685632	168	2^7*3^6*19^2
4759	33708960	252	2^5*3^6*5^1*17^2
4760	33732864	135	2^8*3^2*11^4
4761	33750000	160	2^4*3^3*5^7
4762	33802596	135	2^2*3^4*17^2*19^2
4763	33843750	84	2^1*3^1*5^6*19^2
4764	33849992	60	2^3*11^4*17^2
4765	33856000	120	2^9*5^3*23^2
4766	33860761	15	11^2*23^4
4767	33868800	396	2^10*3^3*5^2*7^2
4768	33872256	192	2^7*3^7*11^2
4769	33882912	126	2^5*3^2*7^6
4770	33918976	117	2^12*7^2*13^2
4771	33949488	50	2^4*3^1*29^4
4772	33986400	324	2^5*3^1*5^2*7^2*17^2
4773	33989868	162	2^2*3^5*11^2*17^2
4774	34000561	21	7^6*17^2
4775	34012224	91	2^6*3^12
4776	34031250	126	2^1*3^2*5^6*11^2
4777	34110960	180	2^4*3^1*5^1*13^2*29^2
4778	34130322	66	2^1*3^10*17^2
4779	34151040	432	2^7*3^2*5^1*7^2*11^2
4780	34171875	56	3^7*5^6
4781	34222500	225	2^2*3^4*5^4*13^2
4782	34245904	135	2^4*7^2*11^2*19^2
4783	34273200	150	2^4*3^1*5^2*13^4
4784	34279200	270	2^5*3^4*5^2*23^2
4785	34292160	336	2^6*3^7*5^1*7^2
4786	34293483	60	3^3*7^4*23^2
4787	34329984	144	2^7*3^1*13^2*23^2
4788	34387416	216	2^3*3^5*7^2*19^2
4789	34395218	54	2^1*11^2*13^2*29^2
4790	34398225	81	3^2*5^2*17^2*23^2
4791	34435632	150	2^4*3^1*7^2*11^4
4792	34447360	84	2^13*5^1*29^2
4793	34537347	54	3^5*13^2*29^2
4794	34558810	60	2^1*5^1*11^2*13^4
4795	34560000	240	2^11*3^3*5^4
4796	34564860	216	2^2*3^3*5^1*11^2*23^2
4797	34574400	315	2^6*3^2*5^2*7^4
4798	34577928	252	2^3*3^6*7^2*11^2
4799	34588806	36	2^1*3^1*7^8
4800	34611200	126	2^13*5^2*13^2
4801	34656000	216	2^8*3^1*5^3*19^2
4802	34656769	15	7^2*29^4
4803	34668544	51	2^16*23^2
4804	34670440	120	2^3*5^1*7^4*19^2
4805	34680000	210	2^6*3^1*5^4*17^2
4806	34694450	90	2^1*5^2*7^4*17^2
4807	34701615	60	3^5*5^1*13^4
4808	34707690	108	2^1*3^8*5^1*23^2
4809	34720812	108	2^2*3^11*7^2
4810	34877952	150	2^9*3^4*29^2
4811	34944800	162	2^5*5^2*11^2*19^2
4812	34969000	144	2^3*5^3*11^2*17^2
4813	34987225	45	5^2*7^2*13^4
4814	34993350	216	2^1*3^3*5^2*7^2*23^2
4815	34999056	135	2^4*3^2*17^2*29^2
4816	35043840	300	2^9*3^4*5^1*13^2
4817	35045192	108	2^3*7^2*13^2*23^2
4818	35089200	270	2^4*3^5*5^2*19^2
4819	35113500	216	2^2*3^5*5^3*17^2
4820	35138400	180	2^5*3^1*5^2*11^4
4821	35141184	189	2^6*3^2*13^2*19^2
4822	35153041	25	7^4*11^4
4823	35156250	60	2^1*3^2*5^9
4824	35263202	54	2^1*13^2*17^2*19^2
4825	35280000	360	2^7*3^2*5^4*7^2
4826	35283600	315	2^4*3^6*5^2*11^2
4827	35294700	126	2^2*3^1*5^2*7^6
4828	35335872	252	2^6*3^3*11^2*13^2
4829	35364050	30	2^1*5^2*29^4
4830	35381610	180	2^1*3^4*5^1*11^2*19^2
4831	35389440	152	2^18*3^3*5^1
4832	35402500	135	2^2*5^4*7^2*17^2
4833	35429400	144	2^3*3^11*5^2
4834	35458566	108	2^1*3^1*11^2*13^2*17^2
4835	35481888	162	2^5*3^8*13^2
4836	35487744	96	2^15*3^1*19^2
4837	35527815	60	3^9*5^1*19^2
4838	35532250	72	2^1*5^3*13^2*29^2
4839	35574000	360	2^4*3^1*5^3*7^2*11^2
4840	35604576	216	2^5*3^3*7^2*29^2
4841	35605089	63	3^6*13^2*17^2
4842	35684352	144	2^15*3^2*11^2
4843	35701250	50	2^1*5^4*13^4
4844	35707500	180	2^2*3^3*5^4*23^2
4845	35721000	336	2^3*3^6*5^3*7^2
4846	35728203	54	3^1*7^2*17^2*29^2
4847	35760400	135	2^4*5^2*13^2*23^2
4848	35808256	99	2^10*11^2*17^2
4849	35819648	40	2^7*23^4
4850	35820225	135	3^4*5^2*7^2*19^2
4851	35831808	120	2^14*3^7
4852	35870450	90	2^1*5^2*7^2*11^4
4853	35873292	162	2^2*3^1*7^2*13^2*19^2
4854	35898135	108	3^1*5^1*7^2*13^2*17^2
4855	35956224	180	2^9*3^5*17^2
4856	36000000	189	2^8*3^2*5^6
4857	36015000	200	2^3*3^1*5^4*7^4
4858	36018675	162	3^5*5^2*7^2*11^2
4859	36036009	45	3^4*23^2*29^2
4860	36072036	243	2^2*3^2*7^2*11^2*13^2
4861	36081072	100	2^4*3^3*17^4
4862	36100000	108	2^5*5^5*19^2
4863	36125000	84	2^3*5^6*17^2
4864	36221094	144	2^1*3^7*7^2*13^2
4865	36227072	108	2^11*7^2*19^2
4866	36252160	180	2^9*5^1*7^2*17^2
4867	36331200	252	2^6*3^3*5^2*29^2
4868	36346338	90	2^1*3^2*7^4*29^2
4869	36385024	81	2^8*13^2*29^2
4870	36427776	216	2^11*3^1*7^2*11^2
4871	36457350	108	2^1*3^1*5^2*17^2*29^2
4872	36504000	336	2^6*3^3*5^3*13^2
4873	36519210	180	2^1*3^2*5^1*7^4*13^2
4874	36551250	150	2^1*3^4*5^4*19^2
4875	36578304	231	2^10*3^6*7^2
4876	36602500	75	2^2*5^4*11^4
4877	36605400	216	2^3*3^1*5^2*13^2*19^2
4878	36633960	216	2^3*3^2*5^1*11^2*29^2
4879	36666048	126	2^6*3^1*19^2*23^2
4880	36691440	180	2^4*3^1*5^1*17^2*23^2
4881	36705312	270	2^5*3^4*7^2*17^2
4882	36735721	27	11^2*19^2*29^2
4883	36750000	210	2^4*3^1*5^6*7^2
4884	36753750	180	2^1*3^5*5^4*11^2
4885	36785340	144	2^2*3^7*5^1*29^2
4886	36808200	324	2^3*3^2*5^2*11^2*13^2
4887	36832761	45	3^2*7^2*17^4
4888	36864000	192	2^15*3^2*5^3
4889	36869184	189	2^6*3^2*11^2*23^2
4890	36879360	220	2^10*3^1*5^1*7^4
4891	36905625	55	3^10*5^4
4892	36939243	30	3^1*11^4*29^2
4893	36960300	216	2^2*3^7*5^2*13^2
4894	36966400	117	2^12*5^2*19^2
4895	36997202	54	2^1*11^2*17^2*23^2
4896	37015056	125	2^4*3^4*13^4
4897	37021536	144	2^5*3^7*23^2
4898	37056250	108	2^1*5^5*7^2*11^2
4899	37088100	243	2^2*3^2*5^2*7^2*29^2
4900	37114935	60	3^1*5^1*11^4*13^2
4901	37150083	54	3^5*17^2*23^2
4902	37171200	234	2^12*3^1*5^2*11^2
4903	37186688	120	2^7*7^4*11^2
4904	37209375	108	3^5*5^5*7^2
4905	37324800	252	2^11*3^6*5^2
4906	37326240	324	2^5*3^2*5^1*7^2*23^2
4907	37340352	210	2^6*3^5*7^4
4908	37380096	168	2^13*3^3*13^2
4909	37429924	81	2^2*7^2*19^2*23^2
4910	37454400	315	2^6*3^4*5^2*17^2
4911	37470006	120	2^1*3^3*7^4*17^2
4912	37480960	100	2^9*5^1*11^4
4913	37500000	108	2^5*3^1*5^8
4914	37509888	162	2^8*3^1*13^2*17^2
4915	37515625	35	5^6*7^4
4916	37532448	90	2^5*3^2*19^4
4917	37558440	216	2^3*3^2*5^1*17^2*19^2
4918	37584450	90	2^1*3^2*5^2*17^4
4919	37635840	324	2^8*3^5*5^1*11^2
4920	37637292	162	2^2*3^1*7^2*11^2*23^2
4921	37662769	15	17^2*19^4
4922	37740384	216	2^5*3^3*11^2*19^2
4923	37748736	69	2^22*3^2
4924	37778535	40	3^3*5^1*23^4
4925	37786203	60	3^3*7^2*13^4
4926	37791360	176	2^7*3^10*5^1
4927	37792818	126	2^1*3^6*7^2*23^2
4928	37845000	180	2^3*3^2*5^4*29^2
4929	37871427	54	3^1*11^2*17^2*19^2
4930	37879808	54	2^17*17^2
4931	37896336	135	2^4*3^8*19^2
4932	37945600	243	2^8*5^2*7^2*11^2
4933	37949472	150	2^5*3^4*11^4
4934	38025000	216	2^3*3^2*5^5*13^2
4935	38081241	45	3^2*11^4*17^2
4936	38102400	432	2^7*3^5*5^2*7^2
4937	38106288	150	2^4*3^9*11^2
4938	38118276	105	2^2*3^4*7^6
4939	38130625	45	5^4*13^2*19^2
4940	38158848	270	2^9*3^2*7^2*13^2
4941	38160375	72	3^1*5^3*11^2*29^2
4942	38193174	40	2^1*3^3*29^4
4943	38193800	108	2^3*5^2*19^2*23^2
4944	38208240	360	2^4*3^3*5^1*7^2*19^2
4945	38220250	72	2^1*5^3*17^2*23^2
4946	38234700	324	2^2*3^3*5^2*7^2*17^2
4947	38263752	60	2^3*3^14
4948	38281250	54	2^1*5^8*7^2
4949	38291344	135	2^4*7^2*13^2*17^2
4950	38314374	60	2^1*3^1*7^2*19^4
4951	38341875	90	3^1*5^4*11^2*13^2
4952	38400000	156	2^12*3^1*5^5
4953	38405400	216	2^3*3^1*5^2*11^2*23^2
4954	38416000	160	2^7*5^3*7^4
4955	38526642	162	2^1*3^2*7^2*11^2*19^2
4956	38535168	114	2^18*3^1*7^2
4957	38557350	120	2^1*3^3*5^2*13^4
4958	38564100	189	2^2*3^6*5^2*23^2
4959	38614472	28	2^3*13^6
4960	38621232	180	2^4*3^3*13^2*23^2
4961	38685843	72	3^7*7^2*19^2
4962	38720000	150	2^9*5^4*11^2
4963	38740086	120	2^1*3^3*7^2*11^4
4964	38860928	72	2^7*19^2*29^2
4965	38880000	270	2^8*3^5*5^4
4966	38881500	216	2^2*3^1*5^3*7^2*23^2
4967	38887840	108	2^5*5^1*17^2*29^2
4968	38896200	300	2^3*3^4*5^2*7^4
4969	38900169	81	3^8*7^2*11^2
4970	38937600	297	2^10*3^2*5^2*13^2
4971	38953824	180	2^5*3^1*7^4*13^2
4972	39002112	126	2^13*3^2*23^2
4973	39015000	240	2^3*3^3*5^4*17^2
4974	39045760	144	2^7*5^1*13^2*19^2
4975	39062500	33	2^2*5^10
4976	39072800	162	2^5*5^2*13^2*17^2
4977	39076224	144	2^7*3^1*11^2*29^2
4978	39096300	90	2^2*3^1*5^2*19^4
4979	39123375	72	3^1*5^3*17^2*19^2
4980	39137536	81	2^8*17^2*23^2
4981	39204000	360	2^5*3^4*5^3*11^2
4982	39220335	120	3^3*5^1*7^4*11^2
4983	39237696	147	2^6*3^6*29^2
4984	39312900	243	2^2*3^2*5^2*11^2*19^2
4985	39321600	120	2^19*3^1*5^2
4986	39337984	75	2^14*7^4
4987	39366000	200	2^4*3^9*5^3
4988	39373938	90	2^1*3^4*17^2*29^2
4989	39421875	42	3^1*5^6*29^2
4990	39425841	81	3^2*7^2*13^2*23^2
4991	39475350	144	2^1*3^7*5^2*19^2
4992	39530700	180	2^2*3^3*5^2*11^4
4993	39533832	180	2^3*3^4*13^2*19^2
4994	39560640	252	2^6*3^1*5^1*7^2*29^2
4995	39561210	180	2^1*3^4*5^1*13^2*17^2
4996	39589264	75	2^4*11^4*13^2
4997	39609375	48	3^1*5^7*13^2
4998	39690000	375	2^4*3^4*5^4*7^2
4999	39694050	162	2^1*3^8*5^2*11^2
5000	39748800	378	2^6*3^1*5^2*7^2*13^2
5001	39752856	216	2^3*3^5*11^2*13^2
5002	39765362	42	2^1*7^6*13^2
5003	39800250	216	2^1*3^2*5^3*7^2*19^2
5004	39814656	180	2^9*3^1*7^2*23^2
5005	39858075	42	3^13*5^2
5006	39890312	108	2^3*7^2*11^2*29^2
5007	39917124	99	2^2*3^10*13^2
5008	39923712	156	2^12*3^3*19^2
5009	39951360	264	2^10*3^3*5^1*17^2
5010	40000000	80	2^9*5^7
5011	40005625	45	5^4*11^2*23^2
5012	40040010	108	2^1*3^2*5^1*23^2*29^2
5013	40055148	162	2^2*3^5*7^2*29^2
5014	40062336	144	2^7*3^1*17^2*19^2
5015	40080040	216	2^3*5^1*7^2*11^2*13^2
5016	40140800	144	2^15*5^2*7^2
5017	40144896	195	2^12*3^4*11^2
5018	40230450	162	2^1*3^2*5^2*13^2*23^2
5019	40245660	324	2^2*3^5*5^1*7^2*13^2
5020	40284288	216	2^7*3^2*11^2*17^2
5021	40297104	75	2^4*3^2*23^4
5022	40310784	120	2^11*3^9
5023	40424164	45	2^2*11^2*17^4
5024	40450752	168	2^6*3^7*17^2
5025	40500000	210	2^5*3^4*5^6
5026	40516875	100	3^3*5^4*7^4
5027	40560000	240	2^7*3^1*5^4*13^2
5028	40576900	135	2^2*5^2*7^4*13^2
5029	40591206	60	2^1*3^5*17^4
5030	40627200	198	2^10*3^1*5^2*23^2
5031	40640625	63	3^2*5^6*17^2
5032	40642560	360	2^11*3^4*5^1*7^2
5033	40644128	90	2^5*7^4*23^2
5034	40704400	135	2^4*5^2*11^2*29^2
5035	40755456	243	2^8*3^2*7^2*19^2
5036	40837500	216	2^2*3^3*5^5*11^2
5037	40872600	216	2^3*3^5*5^2*29^2
5038	40896968	108	2^3*7^2*17^2*19^2
5039	40925290	60	2^1*5^1*7^2*17^4
5040	40933152	162	2^5*3^2*13^2*29^2
5041	40960000	85	2^16*5^4
5042	40965760	144	2^7*5^1*11^2*23^2
5043	40981248	324	2^8*3^3*7^2*11^2
5044	40986135	72	3^3*5^1*19^2*29^2
5045	41006250	108	2^1*3^8*5^5
5046	41075281	27	13^2*17^2*29^2
5047	41123544	216	2^3*3^1*7^2*11^2*17^2
5048	41127840	180	2^5*3^2*5^1*13^4
5049	41135040	252	2^6*3^5*5^1*23^2
5050	41136627	30	3^1*7^2*23^4
5051	41150592	216	2^7*3^8*7^2
5052	41181075	108	3^3*5^2*13^2*19^2
5053	41209000	144	2^3*5^3*7^2*29^2
5054	41242084	45	2^2*13^4*19^2
5055	41249304	144	2^3*3^3*19^2*23^2
5056	41293476	189	2^2*3^6*7^2*17^2
5057	41336832	90	2^14*3^1*29^2
5058	41343750	168	2^1*3^3*5^6*7^2
5059	41405000	180	2^3*5^4*7^2*13^2
5060	41409225	135	3^4*5^2*11^2*13^2
5061	41470572	90	2^2*3^1*11^2*13^4
5062	41473600	189	2^6*5^2*7^2*23^2
5063	41477832	180	2^3*3^4*11^2*23^2
5064	41533440	180	2^14*3^1*5^1*13^2
5065	41587200	270	2^9*3^2*5^2*19^2
5066	41604528	150	2^4*3^1*7^4*19^2
5067	41616000	288	2^7*3^2*5^3*17^2
5068	41633340	180	2^2*3^1*5^1*7^4*17^2
5069	41641938	70	2^1*3^6*13^4
5070	41649228	90	2^2*3^9*23^2
5071	41731600	135	2^4*5^2*17^2*19^2
5072	41785926	108	2^1*3^1*7^2*13^2*29^2
5073	41817600	360	2^9*3^3*5^2*11^2
5074	41835024	225	2^4*3^2*7^4*11^2
5075	41879552	108	2^11*11^2*13^2
5076	41933760	252	2^6*3^1*5^1*11^2*19^2
5077	41943040	48	2^23*5^1
5078	41962800	270	2^4*3^1*5^2*11^2*17^2
5079	41976150	60	2^1*3^1*5^2*23^4
5080	41990400	243	2^8*3^8*5^2
5081	42007896	160	2^3*3^7*7^4
5082	42052608	198	2^10*3^5*13^2
5083	42107040	252	2^5*3^6*5^1*19^2
5084	42136200	252	2^3*3^6*5^2*17^2
5085	42187500	108	2^2*3^3*5^8
5086	42198016	99	2^10*7^2*29^2
5087	42198624	216	2^5*3^3*13^2*17^2
5088	42224004	75	2^2*3^4*19^4
5089	42250000	105	2^4*5^6*13^2
5090	42283208	60	2^3*11^4*19^2
5091	42312490	60	2^1*5^1*11^4*17^2
5092	42320000	120	2^7*5^4*23^2
5093	42336000	432	2^8*3^3*5^3*7^2
5094	42345147	30	3^1*13^2*17^4
5095	42353640	168	2^3*3^2*5^1*7^6
5096	42436860	60	2^2*3^1*5^1*29^4
5097	42453600	324	2^5*3^1*5^2*7^2*19^2
5098	42457932	162	2^2*3^5*11^2*19^2
5099	42467328	100	2^19*3^4
5100	42471289	21	7^6*19^2
5101	42487335	108	3^5*5^1*11^2*17^2
5102	42517464	56	2^3*3^1*11^6
5103	42575625	75	3^4*5^4*29^2
5104	42614784	135	2^14*3^2*17^2
5105	42633378	66	2^1*3^10*19^2
5106	42638700	162	2^2*3^1*5^2*13^2*29^2
5107	42688800	486	2^5*3^2*5^2*7^2*11^2
5108	42693156	105	2^2*3^6*11^4
5109	42706587	42	3^1*7^6*11^2
5110	42709344	108	2^5*3^1*23^2*29^2
5111	42762752	50	2^9*17^4
5112	42837025	81	5^2*7^2*11^2*17^2
5113	42841500	120	2^2*3^1*5^3*13^4
5114	42849000	240	2^3*3^4*5^3*23^2
5115	42865200	360	2^4*3^7*5^2*7^2
5116	42869574	72	2^1*3^11*11^2
5117	42928704	315	2^6*3^4*7^2*13^2
5118	42968025	81	3^2*5^2*19^2*23^2
5119	43044540	180	2^2*3^1*5^1*7^2*11^4
5120	43046721	17	3^16
5121	43059200	108	2^11*5^2*29^2
5122	43077762	162	2^1*3^2*7^2*13^2*17^2
5123	43206075	108	3^3*5^2*11^2*23^2
5124	43222410	252	2^1*3^6*5^1*7^2*11^2
5125	43264000	144	2^11*5^3*13^2
5126	43270084	81	2^2*11^2*13^2*23^2
5127	43320000	210	2^6*3^1*5^4*19^2
5128	43338050	90	2^1*5^2*7^4*19^2
5129	43350000	180	2^4*3^1*5^5*17^2
5130	43352064	192	2^15*3^3*7^2
5131	43401015	72	3^11*5^1*7^2
5132	43441281	21	3^2*13^6
5133	43448886	108	2^1*3^5*13^2*23^2
5134	43502592	198	2^10*3^1*7^2*17^2
5135	43560000	315	2^6*3^2*5^4*11^2
5136	43578150	180	2^1*3^1*5^2*7^4*11^2
5137	43597440	240	2^7*3^4*5^1*29^2
5138	43599122	54	2^1*7^2*23^2*29^2
5139	43681000	144	2^3*5^3*11^2*19^2
5140	43711250	90	2^1*5^4*11^2*17^2
5141	43718544	135	2^4*3^2*19^2*29^2
5142	43740000	240	2^5*3^7*5^4
5143	43758225	105	3^6*5^2*7^4
5144	43804800	360	2^7*3^4*5^2*13^2
5145	43806490	108	2^1*5^1*7^2*13^2*23^2
5146	43823052	180	2^2*3^3*7^4*13^2
5147	43861500	216	2^2*3^5*5^3*19^2
5148	43869696	100	2^9*3^1*13^4
5149	43877376	165	2^10*3^4*23^2
5150	43891875	90	3^5*5^4*17^2
5151	43956900	243	2^2*3^2*5^2*13^2*17^2
5152	43960752	180	2^4*3^3*11^2*29^2
5153	44029728	162	2^5*3^2*17^2*23^2
5154	44048498	30	2^1*13^2*19^4
5155	44100000	324	2^5*3^2*5^5*7^2
5156	44118375	56	3^1*5^3*7^6
5157	44142408	108	2^3*3^8*29^2
5158	44169840	360	2^4*3^3*5^1*11^2*13^2
5159	44182609	15	17^4*23^2
5160	44222500	135	2^2*5^4*7^2*19^2
5161	44236800	204	2^16*3^3*5^2
5162	44255232	180	2^11*3^2*7^4
5163	44289025	21	5^2*11^6
5164	44292534	108	2^1*3^1*11^2*13^2*19^2
5165	44302336	57	2^18*13^2
5166	44352360	216	2^3*3^8*5^1*13^2
5167	44390400	216	2^11*3^1*5^2*17^2
5168	44408896	105	2^6*7^4*17^2
5169	44467500	270	2^2*3^1*5^4*7^2*11^2
5170	44475561	63	3^6*13^2*19^2
5171	44488900	81	2^2*5^2*23^2*29^2
5172	44537922	90	2^1*3^2*11^4*13^2
5173	44605440	252	2^13*3^2*5^1*11^2
5174	44629347	54	3^1*7^2*19^2*29^2
5175	44634375	72	3^3*5^5*23^2
5176	44651250	210	2^1*3^6*5^4*7^2
5177	44717400	432	2^3*3^3*5^2*7^2*13^2
5178	44721963	72	3^7*11^2*13^2
5179	44729344	99	2^10*11^2*19^2
5180	44774560	60	2^5*5^1*23^4
5181	44783648	90	2^5*7^2*13^4
5182	44789760	208	2^12*3^7*5^1
5183	44791488	252	2^6*3^3*7^2*23^2
5184	44841615	108	3^1*5^1*7^2*13^2*19^2
5185	44876601	81	3^2*7^2*11^2*29^2
5186	44914176	180	2^9*3^5*19^2
5187	44947014	108	2^1*3^1*7^2*17^2*23^2
5188	44977152	110	2^10*3^1*11^4
5189	45070128	180	2^4*3^3*17^2*19^2
5190	45101340	120	2^2*3^3*5^1*17^4
5191	45125000	84	2^3*5^6*19^2
5192	45156250	48	2^1*5^7*17^2
5193	45158400	351	2^12*3^2*5^2*7^2
5194	45163008	210	2^9*3^6*11^2
5195	45177216	112	2^7*3^1*7^6
5196	45265984	35	2^6*29^4
5197	45283840	180	2^9*5^1*7^2*19^2
5198	45315200	216	2^7*5^2*7^2*17^2
5199	45319824	225	2^4*3^4*11^2*17^2
5200	45326307	30	3^1*13^4*23^2
5201	45334242	50	2^1*3^4*23^4
5202	45349632	108	2^8*3^11
5203	45375000	168	2^3*3^1*5^6*11^2
5204	45414000	240	2^4*3^3*5^3*29^2
5205	45507096	120	2^3*3^9*17^2
5206	45540150	108	2^1*3^1*5^2*19^2*29^2
5207	45562500	147	2^2*3^6*5^6
5208	45630000	300	2^4*3^3*5^4*13^2
5209	45697600	105	2^6*5^2*13^4
5210	45705600	288	2^7*3^3*5^2*23^2
5211	45724644	135	2^2*3^2*7^4*23^2
5212	45773312	90	2^9*13^2*23^2
5213	45792450	162	2^1*3^2*5^2*11^2*29^2
5214	45832560	180	2^4*3^1*5^1*19^2*23^2
5215	45849888	270	2^5*3^4*7^2*19^2
5216	45864300	162	2^2*3^1*5^2*17^2*23^2
5217	45881640	360	2^3*3^4*5^1*7^2*17^2
5218	45914176	105	2^6*7^2*11^4
5219	45937500	144	2^2*3^1*5^7*7^2
5220	45981675	72	3^7*5^2*29^2
5221	46009089	81	3^2*7^2*17^2*19^2
5222	46010250	216	2^1*3^2*5^3*11^2*13^2
5223	46049796	135	2^2*3^4*13^2*29^2
5224	46080000	210	2^13*3^2*5^4
5225	46099200	270	2^8*3^1*5^2*7^4
5226	46103904	324	2^5*3^5*7^2*11^2
5227	46118408	36	2^3*7^8
5228	46200375	96	3^7*5^3*13^2
5229	46214498	54	2^1*11^2*19^2*23^2
5230	46240000	135	2^8*5^4*17^2
5231	46263987	108	3^3*7^2*11^2*17^2
5232	46294416	165	2^4*3^10*7^2
5233	46405467	54	3^5*19^2*23^2
5234	46464000	264	2^10*3^1*5^3*11^2
5235	46470534	60	2^1*3^1*11^4*23^2
5236	46483360	180	2^5*5^1*7^4*11^2
5237	46503936	144	2^11*3^3*29^2
5238	46580625	135	3^2*5^4*7^2*13^2
5239	46656000	280	2^9*3^6*5^3
5240	46657800	324	2^3*3^2*5^2*7^2*23^2
5241	46662561	63	3^6*11^2*23^2
5242	46665408	126	2^6*3^1*17^2*29^2
5243	46675440	300	2^4*3^5*5^1*7^4
5244	46785600	315	2^6*3^4*5^2*19^2
5245	46805094	120	2^1*3^3*7^4*19^2
5246	46851200	120	2^7*5^2*11^4
5247	46854912	162	2^8*3^1*13^2*19^2
5248	46887360	252	2^6*3^1*5^1*13^2*17^2
5249	46915560	120	2^3*3^2*5^1*19^4
5250	46948050	162	2^1*3^2*5^2*17^2*19^2
5251	47040000	300	2^9*3^1*5^4*7^2
5252	47044800	378	2^6*3^5*5^2*11^2
5253	47045881	7	19^6
5254	47046615	108	3^1*5^1*7^2*11^2*23^2
5255	47059600	105	2^4*5^2*7^6
5256	47064402	150	2^1*3^4*7^4*11^2
5257	47114496	243	2^8*3^2*11^2*13^2
5258	47208150	216	2^1*3^3*5^2*11^2*17^2
5259	47239200	198	2^5*3^10*5^2
5260	47258883	50	3^9*7^4
5261	47265625	27	5^8*11^2
5262	47278088	108	2^3*11^2*13^2*17^2
5263	47293129	15	13^2*23^4
5264	47306250	108	2^1*3^2*5^5*29^2
5265	47306523	30	3^1*11^2*19^4
5266	47309184	192	2^7*3^7*13^2
5267	47316992	54	2^17*19^2
5268	47349760	96	2^15*5^1*17^2
5269	47403225	81	3^8*5^2*17^2
5270	47436840	200	2^3*3^4*5^1*11^4
5271	47472768	216	2^7*3^2*7^2*29^2
5272	47473452	162	2^2*3^5*13^2*17^2
5273	47531250	126	2^1*3^2*5^6*13^2
5274	47568609	45	3^2*11^4*19^2
5275	47579136	108	2^17*3^1*11^2
5276	47610000	225	2^4*3^2*5^4*23^2
5277	47632860	180	2^2*3^9*5^1*11^2
5278	47637604	81	2^2*7^2*17^2*29^2
5279	47698560	432	2^7*3^2*5^1*7^2*13^2
5280	47742250	72	2^1*5^3*19^2*23^2
5281	47760300	324	2^2*3^3*5^2*7^2*19^2
5282	47775744	119	2^16*3^6
5283	47793375	144	3^3*5^3*7^2*17^2
5284	47829690	60	2^1*3^14*5^1
5285	47831056	135	2^4*7^2*13^2*19^2
5286	47832147	28	3^3*11^6
5287	47941632	180	2^11*3^4*17^2
5288	48000000	154	2^10*3^1*5^6
5289	48020000	150	2^5*5^4*7^4
5290	48024900	405	2^2*3^4*5^2*7^2*11^2
5291	48039602	30	2^1*13^4*29^2
5292	48048012	108	2^2*3^3*23^2*29^2
5293	48096048	270	2^4*3^1*7^2*11^2*13^2
5294	48108096	105	2^6*3^2*17^4
5295	48168960	204	2^16*3^1*5^1*7^2
5296	48223350	180	2^1*3^9*5^2*7^2
5297	48268090	28	2^1*5^1*13^6
5298	48275138	14	2^1*17^6
5299	48276540	216	2^2*3^3*5^1*13^2*23^2
5300	48294792	252	2^3*3^6*7^2*13^2
5301	48400000	144	2^7*5^5*11^2
5302	48441600	243	2^8*3^2*5^2*29^2
5303	48461784	120	2^3*3^1*7^4*29^2
5304	48570368	126	2^13*7^2*11^2
5305	48576160	108	2^5*5^1*19^2*29^2
5306	48600000	252	2^6*3^5*5^5
5307	48601875	90	3^1*5^4*7^2*23^2
5308	48609800	108	2^3*5^2*17^2*29^2
5309	48620250	200	2^1*3^4*5^3*7^4
5310	48735000	240	2^3*3^3*5^4*19^2
5311	48752640	216	2^11*3^2*5^1*23^2
5312	48771072	234	2^12*3^5*7^2
5313	48807200	162	2^5*5^2*13^2*19^2
5314	48841000	144	2^3*5^3*13^2*17^2
5315	48870375	40	3^1*5^3*19^4
5316	48888064	81	2^8*19^2*23^2
5317	48940416	288	2^7*3^3*7^2*17^2
5318	49000000	147	2^6*5^6*7^2
5319	49005000	300	2^3*3^4*5^4*11^2
5320	49077600	324	2^5*3^1*5^2*11^2*13^2
5321	49098049	45	7^4*11^2*13^2
5322	49110348	90	2^2*3^1*7^2*17^4
5323	49158912	162	2^8*3^1*11^2*23^2
5324	49183362	90	2^1*3^4*19^2*29^2
5325	49207500	150	2^2*3^9*5^4
5326	49252324	45	2^2*11^4*29^2
5327	49280400	315	2^4*3^6*5^2*13^2
5328	49353408	140	2^6*3^3*13^4
5329	49362048	168	2^7*3^6*23^2
5330	49413375	80	3^3*5^3*11^4
5331	49417290	180	2^1*3^4*5^1*13^2*19^2
5332	49450800	270	2^4*3^1*5^2*7^2*29^2
5333	49455846	108	2^1*3^5*11^2*29^2
5334	49524774	60	2^1*3^1*13^4*17^2
5335	49533444	135	2^2*3^4*17^2*23^2
5336	49561600	135	2^14*5^2*11^2
5337	49593750	84	2^1*3^1*5^6*23^2
5338	49660209	33	3^10*29^2
5339	49686000	360	2^4*3^1*5^3*7^2*13^2
5340	49766400	252	2^13*3^5*5^2
5341	49787136	225	2^8*3^4*7^4
5342	49840128	144	2^15*3^2*13^2
5343	49862890	108	2^1*5^1*7^2*11^2*29^2
5344	49904640	264	2^10*3^3*5^1*19^2
5345	49939200	324	2^8*3^3*5^2*17^2
5346	49960008	180	2^3*3^2*7^4*17^2
5347	50000000	72	2^7*5^8
5348	50013184	99	2^10*13^2*17^2
5349	50043264	80	2^7*3^1*19^4
5350	50068935	108	3^5*5^1*7^2*29^2
5351	50100050	162	2^1*5^2*7^2*11^2*13^2
5352	50112600	120	2^3*3^1*5^2*17^4
5353	50176000	168	2^13*5^3*7^2
5354	50183056	135	2^4*7^2*11^2*23^2
5355	50307075	162	3^5*5^2*7^2*13^2
5356	50320512	216	2^7*3^2*11^2*19^2
5357	50331648	50	2^24*3^1
5358	50355360	324	2^5*3^2*5^1*11^2*17^2
5359	50381604	135	2^2*3^2*7^2*13^4
5360	50390424	216	2^3*3^5*7^2*23^2
5361	50460000	180	2^5*3^1*5^4*29^2
5362	50481025	45	5^2*7^4*29^2
5363	50495236	81	2^2*11^2*17^2*19^2
5364	50528448	168	2^6*3^7*19^2
5365	50563440	240	2^4*3^7*5^1*17^2
5366	50599296	160	2^7*3^3*11^4
5367	50625000	160	2^3*3^4*5^7
5368	50703894	108	2^1*3^5*17^2*19^2
5369	50765625	63	3^2*5^6*19^2
5370	50774988	90	2^2*3^1*11^4*17^2
5371	50784000	216	2^8*3^1*5^3*23^2
5372	50803200	450	2^9*3^4*5^2*7^2
5373	50805160	120	2^3*5^1*7^4*23^2
5374	50808384	189	2^6*3^8*11^2
5375	50824368	140	2^4*3^3*7^6
5376	50878464	216	2^11*3^1*7^2*13^2
5377	50924232	60	2^3*3^2*29^4
5378	50979600	405	2^4*3^2*5^2*7^2*17^2
5379	50984802	126	2^1*3^6*11^2*17^2
5380	51018336	84	2^5*3^13
5381	51046875	84	3^3*5^6*11^2
5382	51085832	60	2^3*7^2*19^4
5383	51121210	108	2^1*5^1*7^2*17^2*19^2
5384	51122500	135	2^2*5^4*11^2*13^2
5385	51166440	216	2^3*3^2*5^1*13^2*29^2
5386	51195483	36	3^11*17^2
5387	51207200	162	2^5*5^2*11^2*23^2
5388	51226560	504	2^6*3^3*5^1*7^2*11^2
5389	51308569	27	13^2*19^2*29^2
5390	51333750	180	2^1*3^5*5^4*13^2
5391	51368856	216	2^3*3^1*7^2*11^2*19^2
5392	51380224	63	2^20*7^2
5393	51409800	180	2^3*3^2*5^2*13^4
5394	51418800	270	2^4*3^5*5^2*23^2
5395	51438240	324	2^5*3^8*5^1*7^2
5396	51494976	189	2^6*3^2*13^2*23^2
5397	51511250	90	2^1*5^4*7^2*29^2
5398	51581124	189	2^2*3^6*7^2*19^2
5399	51592827	54	3^1*11^2*13^2*29^2
5400	51653448	180	2^3*3^2*7^2*11^4
5401	51671040	156	2^12*3^1*5^1*29^2
5402	51673778	54	2^1*13^2*17^2*23^2
5403	51756250	108	2^1*5^5*7^2*13^2
5404	51838215	60	3^1*5^1*11^2*13^4
5405	51840000	275	2^10*3^4*5^4
5406	51847290	180	2^1*3^4*5^1*11^2*23^2
5407	51861600	360	2^5*3^3*5^2*7^4
5408	51866892	216	2^2*3^7*7^2*11^2
5409	51883209	27	3^2*7^8
5410	51916800	234	2^12*3^1*5^2*13^2
5411	51938432	120	2^7*7^4*13^2
5412	51984000	288	2^7*3^2*5^3*19^2
5413	52002816	96	2^15*3^1*23^2
5414	52005660	180	2^2*3^1*5^1*7^4*19^2
5415	52020000	270	2^5*3^2*5^4*17^2
5416	52041675	90	3^1*5^2*7^4*17^2
5417	52061535	60	3^9*5^1*23^2
5418	52081218	78	2^1*3^12*7^2
5419	52101632	90	2^9*11^2*29^2
5420	52128400	75	2^4*5^2*19^4
5421	52200625	25	5^4*17^4
5422	52316928	162	2^8*3^5*29^2
5423	52349440	180	2^9*5^1*11^2*13^2
5424	52417200	270	2^4*3^1*5^2*11^2*19^2
5425	52428800	66	2^21*5^2
5426	52453500	216	2^2*3^1*5^3*11^2*17^2
5427	52490025	135	3^4*5^2*7^2*23^2
5428	52498584	144	2^3*3^3*17^2*29^2
5429	52562500	63	2^2*5^6*29^2
5430	52565760	324	2^8*3^5*5^1*13^2
5431	52567788	162	2^2*3^1*7^2*13^2*23^2
5432	52633800	252	2^3*3^6*5^2*19^2
5433	52670250	168	2^1*3^6*5^3*17^2
5434	52707600	225	2^4*3^2*5^2*11^4
5435	52711776	216	2^5*3^3*13^2*19^2
5436	52734375	40	3^3*5^9
5437	52854010	60	2^1*5^1*11^4*19^2
5438	52894803	54	3^1*13^2*17^2*19^2
5439	52900000	108	2^5*5^5*23^2
5440	52920000	420	2^6*3^3*5^4*7^2
5441	52925400	288	2^3*3^7*5^2*11^2
5442	52942050	126	2^1*3^2*5^2*7^6
5443	52998400	243	2^8*5^2*7^2*13^2
5444	53003808	270	2^5*3^4*11^2*13^2
5445	53046075	30	3^1*5^2*29^4
5446	53072415	108	3^5*5^1*11^2*19^2
5447	53084160	180	2^17*3^4*5^1
5448	53086208	108	2^11*7^2*23^2
5449	53103750	180	2^1*3^1*5^4*7^2*17^2
5450	53144100	117	2^2*3^12*5^2
5451	53187849	81	3^2*11^2*13^2*17^2
5452	53222832	150	2^4*3^9*13^2
5453	53231616	135	2^14*3^2*19^2
5454	53298375	72	3^1*5^3*13^2*29^2
5455	53361000	432	2^3*3^2*5^3*7^2*11^2
5456	53406864	225	2^4*3^4*7^2*29^2
5457	53416448	90	2^9*17^2*19^2
5458	53453440	80	2^7*5^1*17^4
5459	53509225	81	5^2*7^2*11^2*19^2
5460	53526528	180	2^14*3^3*11^2
5461	53551875	50	3^1*5^4*13^4
5462	53561250	150	2^1*3^4*5^4*23^2
5463	53581500	288	2^2*3^7*5^3*7^2
5464	53640600	216	2^3*3^1*5^2*13^2*23^2
5465	53712384	180	2^9*3^1*11^2*17^2
5466	53729472	70	2^6*3^1*23^4
5467	53747712	126	2^13*3^8
5468	53805675	90	3^1*5^2*7^2*11^4
5469	53809938	162	2^1*3^2*7^2*13^2*19^2
5470	53824000	120	2^9*5^3*29^2
5471	53831569	27	11^2*23^2*29^2
5472	53934336	189	2^8*3^6*17^2
5473	54000000	224	2^7*3^3*5^6
5474	54022500	225	2^2*3^2*5^4*7^4
5475	54080000	150	2^9*5^4*13^2
5476	54108054	216	2^1*3^3*7^2*11^2*13^2
5477	54121608	100	2^3*3^4*17^4
5478	54150000	180	2^4*3^1*5^5*19^2
5479	54169600	117	2^12*5^2*23^2
5480	54187500	126	2^2*3^1*5^6*17^2
5481	54331641	81	3^8*7^2*13^2
5482	54340608	198	2^10*3^1*7^2*19^2
5483	54378240	324	2^8*3^1*5^1*7^2*17^2
5484	54496800	270	2^5*3^4*5^2*29^2
5485	54519507	60	3^3*7^4*29^2
5486	54577536	144	2^7*3^1*13^2*29^2
5487	54601250	90	2^1*5^4*11^2*19^2
5488	54641664	297	2^10*3^2*7^2*11^2
5489	54686025	81	3^2*5^2*17^2*29^2
5490	54756000	360	2^5*3^4*5^3*13^2
5491	54778815	120	3^3*5^1*7^4*13^2
5492	54826875	90	3^5*5^4*19^2
5493	54831392	162	2^5*7^2*11^2*17^2
5494	54848836	45	2^2*7^2*23^4
5495	54867456	240	2^9*3^7*7^2
5496	54903750	100	2^1*3^1*5^4*11^4
5497	54908100	243	2^2*3^2*5^2*13^2*19^2
5498	54950940	216	2^2*3^3*5^1*11^2*29^2
5499	54999072	162	2^5*3^2*19^2*23^2
5500	55037160	216	2^3*3^2*5^1*17^2*23^2
5501	55057968	270	2^4*3^5*7^2*17^2
5502	55115776	51	2^16*29^2
5503	55125000	252	2^3*3^2*5^6*7^2
5504	55130625	105	3^6*5^4*11^2
5505	55178010	108	2^1*3^8*5^1*29^2
5506	55190041	27	17^2*19^2*23^2
5507	55212300	324	2^2*3^3*5^2*11^2*13^2
5508	55294096	75	2^4*11^2*13^4
5509	55296000	240	2^14*3^3*5^3
5510	55303776	216	2^5*3^3*11^2*23^2
5511	55319040	300	2^9*3^2*5^1*7^4
5512	55440450	162	2^1*3^8*5^2*13^2
5513	55449600	216	2^11*3^1*5^2*19^2
5514	55472704	105	2^6*7^4*19^2
5515	55495803	54	3^1*11^2*17^2*23^2
5516	55522584	120	2^3*3^5*13^4
5517	55532304	135	2^4*3^8*23^2
5518	55584375	108	3^1*5^5*7^2*11^2
5519	55632150	216	2^1*3^3*5^2*7^2*29^2
5520	55714568	108	2^3*7^2*13^2*29^2
5521	55756800	324	2^11*3^2*5^2*11^2
5522	55780032	210	2^6*3^1*7^4*11^2
5523	55875625	45	5^4*13^2*23^2
5524	55950400	189	2^6*5^2*11^2*17^2
5525	55968200	60	2^3*5^2*23^4
5526	55979560	120	2^3*5^1*7^2*13^4
5527	55987200	264	2^10*3^7*5^2
5528	55989360	360	2^4*3^3*5^1*7^2*23^2
5529	56010528	210	2^5*3^6*7^4
5530	56070144	195	2^12*3^4*13^2
5531	56144886	108	2^1*3^1*7^2*19^2*23^2
5532	56181600	324	2^5*3^5*5^2*17^2
5533	56205009	75	3^4*7^4*17^2
5534	56221440	180	2^8*3^1*5^1*11^4
5535	56250000	135	2^4*3^2*5^8
5536	56264832	216	2^7*3^2*13^2*17^2
5537	56298672	100	2^4*3^3*19^4
5538	56337660	216	2^2*3^3*5^1*17^2*19^2
5539	56376675	60	3^3*5^2*17^4
5540	56406250	48	2^1*5^7*19^2
5541	56453760	336	2^7*3^6*5^1*11^2
5542	56455938	162	2^1*3^2*7^2*11^2*23^2
5543	56460196	45	2^2*13^2*17^4
5544	56604800	216	2^7*5^2*7^2*19^2
5545	56610576	225	2^4*3^4*11^2*19^2
5546	56623104	88	2^21*3^3
5547	56644000	216	2^5*5^3*7^2*17^2
5548	56687040	168	2^6*3^11*5^1
5549	56689227	72	3^7*7^2*23^2
5550	56689952	42	2^5*11^6
5551	56767500	180	2^2*3^3*5^4*29^2
5552	56819712	102	2^16*3^1*17^2
5553	56844504	120	2^3*3^9*19^2
5554	56851600	135	2^4*5^2*13^2*29^2
5555	56918400	432	2^7*3^1*5^2*7^2*11^2
5556	56924208	150	2^4*3^5*11^4
5557	56942116	63	2^2*7^6*11^2
5558	56945792	72	2^7*23^2*29^2
5559	57037500	216	2^2*3^3*5^5*13^2
5560	57153600	441	2^6*3^6*5^2*7^2
5561	57159432	132	2^3*3^10*11^2
5562	57177414	84	2^1*3^5*7^6
5563	57216640	144	2^7*5^1*13^2*23^2
5564	57238272	324	2^8*3^3*7^2*13^2
5565	57289761	25	3^4*29^4
5566	57290700	162	2^2*3^1*5^2*19^2*23^2
5567	57312360	360	2^3*3^4*5^1*7^2*19^2
5568	57330375	72	3^1*5^3*17^2*23^2
5569	57352050	270	2^1*3^4*5^2*7^2*17^2
5570	57395628	48	2^2*3^15
5571	57421875	54	3^1*5^8*7^2
5572	57437016	216	2^3*3^1*7^2*13^2*17^2
5573	57471561	45	3^2*7^2*19^4
5574	57600000	216	2^11*3^2*5^5
5575	57608100	243	2^2*3^2*5^2*11^2*23^2
5576	57624000	280	2^6*3^1*5^3*7^4
5577	57648010	36	2^1*5^1*7^8
5578	57760000	135	2^8*5^4*19^2
5579	57789963	108	3^3*7^2*11^2*19^2
5580	57802752	162	2^17*3^2*7^2
5581	57836025	75	3^4*5^2*13^4
5582	57846150	144	2^1*3^7*5^2*23^2
5583	57921708	42	2^2*3^1*13^6
5584	57931848	180	2^3*3^4*13^2*23^2
5585	58003456	117	2^12*7^2*17^2
5586	58080000	270	2^8*3^1*5^4*11^2
5587	58104200	180	2^3*5^2*7^4*11^2
5588	58110129	75	3^4*7^2*11^4
5589	58291392	126	2^6*3^1*19^2*29^2
5590	58320000	280	2^7*3^6*5^4
5591	58322250	216	2^1*3^2*5^3*7^2*23^2
5592	58331760	180	2^4*3^1*5^1*17^2*29^2
5593	58344300	270	2^2*3^5*5^2*7^4
5594	58406400	360	2^9*3^3*5^2*13^2
5595	58430736	225	2^4*3^2*7^4*13^2
5596	58492928	60	2^11*13^4
5597	58503168	156	2^12*3^3*23^2
5598	58522500	225	2^2*3^4*5^4*17^2
5599	58564000	120	2^5*5^3*11^4
5600	58568640	252	2^6*3^1*5^1*13^2*19^2
5601	58593750	44	2^1*3^1*5^10
5602	58609200	270	2^4*3^1*5^2*13^2*17^2
5603	58614336	189	2^6*3^2*11^2*29^2
5604	58644450	90	2^1*3^2*5^2*19^4
5605	58706304	144	2^7*3^1*17^2*23^2
5606	58806000	360	2^4*3^5*5^3*11^2
5607	58817858	54	2^1*11^2*17^2*29^2
5608	58856544	144	2^5*3^7*29^2
5609	58969350	216	2^1*3^3*5^2*11^2*19^2
5610	58982400	171	2^18*3^2*5^2
5611	59006976	140	2^13*3^1*7^4
5612	59049000	176	2^3*3^10*5^3
5613	59056712	108	2^3*11^2*13^2*19^2
5614	59060907	54	3^5*17^2*29^2
5615	59097610	108	2^1*5^1*11^2*13^2*17^2
5616	59146240	96	2^15*5^1*19^2
5617	59187200	126	2^13*5^2*17^2
5618	59213025	81	3^8*5^2*19^2
5619	59290000	225	2^4*5^4*7^2*11^2
5620	59296050	150	2^1*3^4*5^2*11^4
5621	59300748	162	2^2*3^5*13^2*19^2
5622	59340960	324	2^5*3^2*5^1*7^2*29^2
5623	59341815	108	3^5*5^1*13^2*17^2
5624	59383896	120	2^3*3^1*11^4*13^2
5625	59505796	81	2^2*7^2*19^2*29^2
5626	59535000	360	2^3*3^5*5^4*7^2
5627	59541075	90	3^9*5^2*11^2
5628	59623200	486	2^5*3^2*5^2*7^2*13^2
5629	59629284	189	2^2*3^6*11^2*13^2
5630	59648043	42	3^1*7^6*13^2
5631	59700375	144	3^3*5^3*7^2*19^2
5632	59721984	243	2^8*3^2*7^2*23^2
5633	59830225	81	5^2*7^2*13^2*17^2
5634	59835468	162	2^2*3^1*7^2*11^2*29^2
5635	59875686	72	2^1*3^11*13^2
5636	59885568	180	2^11*3^4*19^2
5637	59927040	300	2^9*3^4*5^1*17^2
5638	59929352	108	2^3*7^2*17^2*23^2
5639	59969536	65	2^12*11^4
5640	60000000	144	2^8*3^1*5^7
5641	60025000	120	2^3*5^5*7^4
5642	60060015	72	3^3*5^1*23^2*29^2
5643	60082722	126	2^1*3^6*7^2*29^2
5644	60093504	189	2^6*3^2*17^2*19^2
5645	60120060	324	2^2*3^1*5^1*7^2*11^2*13^2
5646	60211200	270	2^14*3^1*5^2*7^2
5647	60217344	216	2^11*3^5*11^2
5648	60236288	70	2^9*7^6
5649	60302162	30	2^1*17^4*19^2
5650	60345675	108	3^3*5^2*13^2*23^2
5651	60368490	252	2^1*3^6*5^1*7^2*13^2
5652	60426432	252	2^6*3^3*11^2*17^2
5653	60435076	45	2^2*13^4*23^2
5654	60445656	80	2^3*3^3*23^4
5655	60466176	121	2^10*3^10
5656	60500000	126	2^5*5^6*11^2
5657	60636246	60	2^1*3^1*11^2*17^4
5658	60676128	162	2^5*3^8*17^2
5659	60712960	216	2^11*5^1*7^2*11^2
5660	60720200	108	2^3*5^2*19^2*29^2
5661	60750000	210	2^4*3^5*5^6
5662	60762250	72	2^1*5^3*17^2*29^2
5663	60840000	315	2^6*3^2*5^4*13^2
5664	60865350	180	2^1*3^1*5^2*7^4*13^2
5665	60886809	35	3^6*17^4
5666	60940800	270	2^9*3^2*5^2*23^2
5667	60963840	396	2^10*3^5*5^1*7^2
5668	60966192	150	2^4*3^1*7^4*23^2
5669	61009000	144	2^3*5^3*13^2*19^2
5670	61051250	90	2^1*5^4*13^2*17^2
5671	61056600	216	2^3*3^1*5^2*11^2*29^2
5672	61133184	288	2^7*3^3*7^2*19^2
5673	61152400	135	2^4*5^2*17^2*23^2
5674	61256250	180	2^1*3^4*5^5*11^2
5675	61308900	189	2^2*3^6*5^2*29^2
5676	61345452	162	2^2*3^1*7^2*17^2*19^2
5677	61387935	60	3^1*5^1*7^2*17^4
5678	61399728	180	2^4*3^3*13^2*29^2
5679	61440000	160	2^15*3^1*5^4
5680	61448640	252	2^6*3^1*5^1*11^2*23^2
5681	61465600	165	2^10*5^2*7^4
5682	61471872	360	2^7*3^4*7^2*11^2
5683	61509375	60	3^9*5^5
5684	61685316	243	2^2*3^2*7^2*11^2*17^2
5685	61691760	200	2^4*3^3*5^1*13^4
5686	61702560	252	2^5*3^6*5^1*23^2
5687	61725888	210	2^6*3^9*7^2
5688	61813500	216	2^2*3^1*5^3*7^2*29^2
5689	61858225	45	5^2*11^4*13^2
5690	61863126	60	2^1*3^1*13^4*19^2
5691	61873956	135	2^2*3^4*19^2*23^2
5692	61940214	144	2^1*3^7*7^2*17^2
5693	61960712	60	2^3*11^4*23^2
5694	62005248	126	2^13*3^2*29^2
5695	62015625	105	3^4*5^6*7^2
5696	62107500	270	2^2*3^1*5^4*7^2*13^2
5697	62205858	90	2^1*3^2*11^2*13^4
5698	62210400	324	2^5*3^1*5^2*7^2*23^2
5699	62216748	162	2^2*3^5*11^2*23^2
5700	62220544	81	2^8*17^2*29^2
5701	62236321	21	7^6*23^2
5702	62300160	252	2^13*3^2*5^1*13^2
5703	62380800	324	2^8*3^3*5^2*19^2
5704	62406792	180	2^3*3^2*7^4*19^2
5705	62424000	336	2^6*3^3*5^3*17^2
5706	62450010	180	2^1*3^2*5^1*7^4*17^2
5707	62462907	40	3^7*13^4
5708	62473216	99	2^10*13^2*19^2
5709	62473842	66	2^1*3^10*23^2
5710	62500000	60	2^5*5^9
5711	62597400	216	2^3*3^1*5^2*17^2*19^2
5712	62678889	81	3^2*7^2*13^2*29^2
5713	62720000	180	2^11*5^4*7^2
5714	62726400	405	2^8*3^4*5^2*11^2
5715	62752536	240	2^3*3^3*7^4*11^2
5716	62819328	198	2^10*3^1*11^2*13^2
5717	62900640	324	2^5*3^2*5^1*11^2*19^2
5718	62914560	92	2^22*3^1*5^1
5719	62944200	324	2^3*3^2*5^2*11^2*17^2
5720	62964225	45	3^2*5^2*23^4
5721	62985600	240	2^7*3^9*5^2
5722	63011844	135	2^2*3^8*7^4
5723	63075364	45	2^2*11^2*19^4
5724	63078912	210	2^9*3^6*13^2
5725	63160560	240	2^4*3^7*5^1*19^2
5726	63204300	216	2^2*3^7*5^2*17^2
5727	63281250	90	2^1*3^4*5^8
5728	63297024	180	2^9*3^1*7^2*29^2
5729	63297936	225	2^4*3^4*13^2*17^2
5730	63336006	60	2^1*3^5*19^4
5731	63375000	168	2^3*3^1*5^6*13^2
5732	63424812	90	2^2*3^1*11^4*19^2
5733	63438848	60	2^19*11^2
5734	63468735	60	3^1*5^1*11^4*17^2
5735	63480000	210	2^6*3^1*5^4*23^2
5736	63504000	480	2^7*3^4*5^3*7^2
5737	63506450	90	2^1*5^2*7^4*23^2
5738	63530460	168	2^2*3^3*5^1*7^6
5739	63600625	45	5^4*11^2*29^2
5740	63655290	60	2^1*3^2*5^1*29^4
5741	63680400	405	2^4*3^2*5^2*7^2*19^2
5742	63686898	126	2^1*3^6*11^2*19^2
5743	63700992	114	2^18*3^5
5744	63776196	63	2^2*3^2*11^6
5745	63857290	60	2^1*5^1*7^2*19^4
5746	63922176	168	2^13*3^3*17^2
5747	63950067	36	3^11*19^2
5748	63958050	162	2^1*3^2*5^2*13^2*29^2
5749	64000000	91	2^12*5^6
5750	64009000	144	2^3*5^3*11^2*23^2
5751	64033200	540	2^4*3^3*5^2*7^2*11^2
5752	64039734	80	2^1*3^7*11^4
5753	64064016	135	2^4*3^2*23^2*29^2
5754	64128064	189	2^6*7^2*11^2*13^2
5755	64144128	90	2^8*3^1*17^4
5756	64262250	120	2^1*3^2*5^3*13^4
5757	64273500	216	2^2*3^5*5^3*23^2
5758	64297800	324	2^3*3^8*5^2*7^2
5759	64304361	39	3^12*11^2
5760	64393056	324	2^5*3^5*7^2*13^2
5761	64547522	54	2^1*13^2*19^2*23^2
5762	64566810	180	2^1*3^2*5^1*7^2*11^4
5763	64588800	198	2^10*3^1*5^2*29^2
5764	64615712	90	2^5*7^4*29^2
5765	64616643	108	3^3*7^2*13^2*17^2
5766	64802500	135	2^2*5^4*7^2*23^2
5767	64833615	144	3^7*5^1*7^2*11^2
5768	64896000	264	2^10*3^1*5^3*13^2
5769	64905126	108	2^1*3^1*11^2*13^2*23^2
5770	64923040	180	2^5*5^1*7^4*13^2
5771	64980000	270	2^5*3^2*5^4*19^2
5772	65007075	90	3^1*5^2*7^4*19^2
5773	65025000	216	2^3*3^2*5^5*17^2
5774	65028096	225	2^14*3^4*7^2
5775	65127040	144	2^7*5^1*11^2*29^2
5776	65173329	63	3^6*13^2*23^2
5777	65205625	45	5^4*17^2*19^2
5778	65253888	270	2^9*3^2*7^2*17^2
5779	65340000	360	2^5*3^3*5^4*11^2
5780	65367225	135	3^2*5^2*7^4*11^2
5781	65396160	252	2^6*3^5*5^1*29^2
5782	65398683	54	3^1*7^2*23^2*29^2
5783	65436800	216	2^7*5^2*11^2*13^2
5784	65480464	75	2^4*7^2*17^4
5785	65521500	216	2^2*3^1*5^3*11^2*19^2
5786	65536000	80	2^19*5^3
5787	65545216	99	2^10*11^2*23^2
5788	65566875	90	3^1*5^4*11^2*17^2
5789	65577816	144	2^3*3^3*19^2*29^2
5790	65610000	225	2^4*3^8*5^4
5791	65707200	378	2^6*3^5*5^2*13^2
5792	65709735	108	3^1*5^1*7^2*13^2*23^2
5793	65734578	150	2^1*3^4*7^4*13^2
5794	65792250	168	2^1*3^6*5^3*19^2
5795	65804544	135	2^8*3^2*13^4
5796	65816064	180	2^9*3^5*23^2
5797	65934400	189	2^6*5^2*7^2*29^2
5798	65935350	216	2^1*3^3*5^2*13^2*17^2
5799	65941128	180	2^3*3^4*11^2*29^2
5800	66015625	27	5^8*13^2
5801	66033032	60	2^3*13^4*17^2
5802	66044592	180	2^4*3^3*17^2*23^2
5803	66072747	30	3^1*13^2*19^4
5804	66125000	84	2^3*5^6*23^2
5805	66150000	360	2^4*3^3*5^5*7^2
5806	66213612	90	2^2*3^9*29^2
5807	66254760	360	2^3*3^4*5^1*11^2*13^2
5808	66333750	180	2^1*3^1*5^4*7^2*19^2
5809	66355200	240	2^15*3^4*5^2
5810	66357760	180	2^9*5^1*7^2*23^2
5811	66382848	220	2^10*3^3*7^4
5812	66438801	81	3^2*11^2*13^2*19^2
5813	66453504	108	2^17*3^1*13^2
5814	66528540	180	2^2*3^9*5^1*13^2
5815	66585600	297	2^10*3^2*5^2*17^2
5816	66613344	180	2^5*3^1*7^4*17^2
5817	66701250	270	2^1*3^2*5^4*7^2*11^2
5818	66724352	50	2^9*19^4
5819	66733350	108	2^1*3^1*5^2*23^2*29^2
5820	66770560	144	2^7*5^1*17^2*19^2
5821	66806883	60	3^3*11^4*13^2
5822	66816800	90	2^5*5^2*17^4
5823	66908160	312	2^12*3^3*5^1*11^2
5824	66976875	120	3^7*5^4*7^2
5825	67076100	405	2^2*3^4*5^2*7^2*13^2
5826	67094016	180	2^9*3^1*11^2*19^2
5827	67108864	27	2^26
5828	67161840	100	2^4*3^1*5^1*23^4
5829	67175472	150	2^4*3^1*7^2*13^4
5830	67184640	216	2^11*3^8*5^1
5831	67187232	270	2^5*3^4*7^2*23^2
5832	67280000	120	2^7*5^4*29^2
5833	67371264	189	2^8*3^6*19^2
5834	67420521	81	3^2*7^2*17^2*23^2
5835	67465728	150	2^9*3^2*11^4
5836	67600000	144	2^7*5^5*13^2
5837	67605192	180	2^3*3^4*17^2*19^2
5838	67652010	100	2^1*3^4*5^1*17^4
5839	67687500	126	2^2*3^1*5^6*19^2
5840	67699984	75	2^4*11^4*17^2
5841	67721522	30	2^1*11^2*23^4
5842	67734375	48	3^1*5^7*17^2
5843	67737600	432	2^11*3^3*5^2*7^2
5844	67744512	216	2^8*3^7*11^2
5845	67765824	147	2^6*3^2*7^6
5846	67837952	126	2^13*7^2*13^2
5847	67898976	60	2^5*3^1*29^4
5848	67925760	324	2^8*3^1*5^1*7^2*19^2
5849	67972800	378	2^6*3^1*5^2*7^2*17^2
5850	67979736	216	2^3*3^5*11^2*17^2
5851	68001122	42	2^1*7^6*17^2
5852	68001363	30	3^5*23^4
5853	68024448	104	2^7*3^12
5854	68062500	189	2^2*3^2*5^6*11^2
5855	68121000	240	2^3*3^4*5^3*29^2
5856	68260644	99	2^2*3^10*17^2
5857	68310225	81	3^2*5^2*19^2*29^2
5858	68343750	112	2^1*3^7*5^6
5859	68445000	300	2^3*3^4*5^4*13^2
5860	68491808	162	2^5*7^2*11^2*19^2
5861	68539240	216	2^3*5^1*7^2*11^2*17^2
5862	68546400	180	2^5*3^1*5^2*13^4
5863	68558400	315	2^6*3^4*5^2*23^2
5864	68574961	25	7^4*13^4
5865	68586966	120	2^1*3^3*7^4*23^2
5866	68659968	162	2^8*3^1*13^2*23^2
5867	68688675	108	3^3*5^2*11^2*29^2
5868	68748840	216	2^3*3^2*5^1*19^2*23^2
5869	68774832	270	2^4*3^5*7^2*19^2
5870	68790436	81	2^2*11^2*13^2*29^2
5871	68796450	162	2^1*3^2*5^2*17^2*23^2
5872	68822460	324	2^2*3^5*5^1*7^2*17^2
5873	68871264	180	2^5*3^1*7^2*11^4
5874	68906250	144	2^1*3^2*5^7*7^2
5875	68939809	15	19^4*23^2
5876	69015375	144	3^3*5^3*11^2*13^2
5877	69074694	108	2^1*3^5*13^2*29^2
5878	69120000	260	2^12*3^3*5^4
5879	69148800	360	2^7*3^2*5^2*7^4
5880	69155856	315	2^4*3^6*7^2*11^2
5881	69177612	54	2^2*3^1*7^8
5882	69222400	135	2^14*5^2*13^2
5883	69313538	30	2^1*7^2*29^4
5884	69321747	54	3^1*11^2*19^2*23^2
5885	69337088	54	2^17*23^2
5886	69360000	240	2^7*3^1*5^4*17^2
5887	69388900	135	2^2*5^2*7^4*17^2
5888	69441624	144	2^3*3^11*7^2
5889	69643210	108	2^1*5^1*7^2*13^2*29^2
5890	69696000	360	2^9*3^2*5^3*11^2
5891	69705801	45	3^2*11^4*23^2
5892	69725040	300	2^4*3^1*5^1*7^4*11^2
5893	69755904	165	2^10*3^4*29^2
5894	69889600	189	2^6*5^2*11^2*19^2
5895	69960250	40	2^1*5^3*23^4
5896	69974450	90	2^1*5^2*7^2*13^4
5897	69984000	288	2^8*3^7*5^3
5898	69986700	324	2^2*3^3*5^2*7^2*23^2
5899	69998112	162	2^5*3^2*17^2*29^2
5900	70013160	280	2^3*3^6*5^1*7^4
5901	70090384	135	2^4*7^2*13^2*23^2
5902	70178400	324	2^5*3^5*5^2*19^2
5903	70207641	75	3^4*7^4*19^2
5904	70241161	15	17^4*29^2
5905	70276800	210	2^6*3^1*5^2*11^4
5906	70282368	216	2^7*3^2*13^2*19^2
5907	70306082	50	2^1*7^4*11^4
5908	70331040	324	2^5*3^2*5^1*13^2*17^2
5909	70373340	120	2^2*3^3*5^1*19^4
5910	70422075	108	3^3*5^2*17^2*19^2
5911	70526404	81	2^2*13^2*17^2*19^2
5912	70560000	405	2^8*3^2*5^4*7^2
5913	70567200	378	2^5*3^6*5^2*11^2
5914	70589400	168	2^3*3^1*5^2*7^6
5915	70596603	90	3^5*7^4*11^2
5916	70671744	288	2^7*3^3*11^2*13^2
5917	70728100	45	2^2*5^2*29^4
5918	70756000	216	2^5*5^3*7^2*19^2
5919	70805000	180	2^3*5^4*7^2*17^2
5920	70812225	135	3^4*5^2*11^2*17^2
5921	70858800	180	2^4*3^11*5^2
5922	70862440	56	2^3*5^1*11^6
5923	70917132	162	2^2*3^1*11^2*13^2*17^2
5924	70959375	72	3^3*5^5*29^2
5925	70963776	189	2^6*3^8*13^2
5926	70975488	102	2^16*3^1*19^2
5927	71024640	180	2^14*3^1*5^1*17^2
5928	71155260	180	2^2*3^5*5^1*11^4
5929	71182240	108	2^5*5^1*23^2*29^2
5930	71209152	252	2^6*3^3*7^2*29^2
5931	71210178	126	2^1*3^6*13^2*17^2
5932	71296875	84	3^3*5^6*13^2
5933	71368704	153	2^16*3^2*11^2
5934	71402500	75	2^2*5^4*13^4
5935	71415000	240	2^3*3^3*5^4*23^2
5936	71449290	132	2^1*3^10*5^1*11^2
5937	71456406	108	2^1*3^1*7^2*17^2*29^2
5938	71520800	162	2^5*5^2*13^2*23^2
5939	71547840	504	2^6*3^3*5^1*7^2*13^2
5940	71613375	72	3^1*5^3*19^2*23^2
5941	71616512	108	2^11*11^2*17^2
5942	71639296	45	2^8*23^4
5943	71640450	270	2^1*3^4*5^2*7^2*19^2
5944	71663616	128	2^15*3^7
5945	71740900	135	2^2*5^2*7^2*11^4
5946	71744535	32	3^15*5^1
5947	71746584	216	2^3*3^1*7^2*13^2*19^2
5948	71912448	198	2^10*3^5*17^2
5949	72000000	210	2^9*3^2*5^6
5950	72030000	250	2^4*3^1*5^4*7^4
5951	72037350	324	2^1*3^5*5^2*7^2*11^2
5952	72059403	30	3^1*13^4*29^2
5953	72072018	90	2^1*3^4*23^2*29^2
5954	72144072	324	2^3*3^2*7^2*11^2*13^2
5955	72162144	120	2^5*3^3*17^4
5956	72250000	105	2^4*5^6*17^2
5957	72253440	288	2^15*3^2*5^1*7^2
5958	72335025	99	3^10*5^2*7^2
5959	72402135	28	3^1*5^1*13^6
5960	72412707	14	3^1*17^6
5961	72414810	180	2^1*3^4*5^1*13^2*23^2
5962	72442188	216	2^2*3^7*7^2*13^2
5963	72454144	117	2^12*7^2*19^2
5964	72600000	252	2^6*3^1*5^5*11^2
5965	72630250	120	2^1*5^3*7^4*11^2
5966	72662400	288	2^7*3^3*5^2*29^2
5967	72692676	135	2^2*3^2*7^4*29^2
5968	72770048	90	2^9*13^2*29^2
5969	72855552	234	2^12*3^1*7^2*11^2
5970	72864240	180	2^4*3^1*5^1*19^2*29^2
5971	72900000	252	2^5*3^6*5^5
5972	72914700	162	2^2*3^1*5^2*17^2*29^2
5973	72930375	120	3^5*5^3*7^4
5974	73102500	225	2^2*3^4*5^4*19^2
5975	73116160	100	2^9*5^1*13^4
5976	73128960	264	2^10*3^3*5^1*23^2
5977	73156608	252	2^11*3^6*7^2
5978	73205000	100	2^3*5^4*11^4
5979	73210800	270	2^4*3^1*5^2*13^2*19^2
5980	73261500	216	2^2*3^1*5^3*13^2*17^2
5981	73332096	144	2^7*3^1*19^2*23^2
5982	73410624	315	2^6*3^4*7^2*17^2
5983	73471442	54	2^1*11^2*19^2*29^2
5984	73500000	252	2^5*3^1*5^6*7^2
5985	73507500	270	2^2*3^5*5^4*11^2
5986	73530625	35	5^4*7^6
5987	73616400	405	2^4*3^2*5^2*11^2*13^2
5988	73665522	90	2^1*3^2*7^2*17^4
5989	73738368	216	2^7*3^2*11^2*23^2
5990	73775043	54	3^5*19^2*29^2
5991	73811250	110	2^1*3^10*5^4
5992	73820890	108	2^1*5^1*11^2*13^2*19^2
5993	73878486	60	2^1*3^1*11^4*29^2
5994	73920600	288	2^3*3^7*5^2*13^2
5995	73932800	126	2^13*5^2*19^2
5996	73984000	144	2^11*5^3*17^2
5997	73994404	81	2^2*11^2*17^2*23^2
5998	74030112	150	2^5*3^4*13^4
5999	74043072	168	2^6*3^7*23^2
6000	74125935	108	3^5*5^1*13^2*19^2
6001	74176200	324	2^3*3^2*5^2*7^2*29^2
6002	74183769	63	3^6*11^2*29^2
6003	74287161	45	3^2*13^4*17^2
6004	74300166	108	2^1*3^5*17^2*23^2
6005	74342400	252	2^13*3^1*5^2*11^2
6006	74373376	135	2^8*7^4*11^2
6007	74390625	63	3^2*5^6*23^2
6008	74529000	432	2^3*3^2*5^3*7^2*13^2
6009	74649600	273	2^12*3^6*5^2
6010	74680704	240	2^7*3^5*7^4
6011	74736025	81	5^2*7^2*13^2*19^2
6012	74760192	180	2^14*3^3*13^2
6013	74794335	108	3^1*5^1*7^2*11^2*29^2
6014	74856960	300	2^9*3^4*5^1*19^2
6015	74859848	108	2^3*7^2*19^2*23^2
6016	74908800	360	2^7*3^4*5^2*17^2
6017	74911690	108	2^1*5^1*7^2*17^2*23^2
6018	74940012	180	2^2*3^3*7^4*17^2
6019	75000000	126	2^6*3^1*5^8
6020	75019776	180	2^9*3^1*13^2*17^2
6021	75031250	70	2^1*5^6*7^4
6022	75064896	105	2^6*3^2*19^4
6023	75150075	162	3^1*5^2*7^2*11^2*13^2
6024	75168900	135	2^2*3^2*5^2*17^4
6025	75186241	27	13^2*23^2*29^2
6026	75264000	312	2^12*3^1*5^3*7^2
6027	75274584	216	2^3*3^1*7^2*11^2*23^2
6028	75295360	112	2^7*5^1*7^6
6029	75325538	30	2^1*17^2*19^4
6030	75480768	252	2^6*3^3*11^2*19^2
6031	75497472	72	2^23*3^2
6032	75533040	360	2^4*3^3*5^1*11^2*17^2
6033	75572406	120	2^1*3^3*7^2*13^4
6034	75585636	189	2^2*3^6*7^2*23^2
6035	75625000	96	2^3*5^7*11^2
6036	75690000	225	2^4*3^2*5^4*29^2
6037	75742854	108	2^1*3^1*11^2*17^2*19^2
6038	75759616	57	2^18*17^2
6039	75792672	162	2^5*3^8*19^2
6040	75845160	216	2^3*3^8*5^1*17^2
6041	75891200	270	2^9*5^2*7^2*11^2
6042	75898944	175	2^6*3^4*11^4
6043	75900250	72	2^1*5^3*19^2*29^2
6044	75937500	144	2^2*3^5*5^7
6045	76055841	63	3^6*17^2*19^2
6046	76162482	90	2^1*3^2*11^4*17^2
6047	76176000	288	2^7*3^2*5^3*23^2
6048	76204800	486	2^8*3^5*5^2*7^2
6049	76207740	180	2^2*3^1*5^1*7^4*23^2
6050	76212576	180	2^5*3^9*11^2
6051	76236552	140	2^3*3^4*7^6
6052	76261250	90	2^1*5^4*13^2*19^2
6053	76317696	297	2^10*3^2*7^2*13^2
6054	76386348	60	2^2*3^3*29^4
6055	76387600	135	2^4*5^2*19^2*23^2
6056	76469400	432	2^3*3^3*5^2*7^2*17^2
6057	76477203	72	3^7*11^2*17^2
6058	76527504	75	2^4*3^14
6059	76562500	81	2^2*5^8*7^2
6060	76582688	162	2^5*7^2*13^2*17^2
6061	76628748	90	2^2*3^1*7^2*19^4
6062	76681815	108	3^1*5^1*7^2*17^2*19^2
6063	76683750	180	2^1*3^1*5^4*11^2*13^2
6064	76749660	216	2^2*3^3*5^1*13^2*29^2
6065	76810800	270	2^4*3^1*5^2*11^2*23^2
6066	76839840	540	2^5*3^4*5^1*7^2*11^2
6067	77000625	105	3^6*5^4*13^2
6068	77053284	243	2^2*3^2*7^2*11^2*19^2
6069	77070336	120	2^19*3^1*7^2
6070	77114700	180	2^2*3^3*5^2*13^4
6071	77128200	252	2^3*3^6*5^2*23^2
6072	77157360	300	2^4*3^9*5^1*7^2
6073	77228944	35	2^4*13^6
6074	77242464	216	2^5*3^3*13^2*23^2
6075	77266875	90	3^1*5^4*7^2*29^2
6076	77371686	144	2^1*3^7*7^2*19^2
6077	77440000	165	2^10*5^4*11^2
6078	77450890	60	2^1*5^1*11^4*23^2
6079	77480172	180	2^2*3^3*7^2*11^4
6080	77506560	216	2^11*3^2*5^1*29^2
6081	77510667	54	3^1*13^2*17^2*23^2
6082	77634375	108	3^1*5^5*7^2*13^2
6083	77721856	81	2^8*19^2*29^2
6084	77760000	300	2^9*3^5*5^4
6085	77770935	108	3^5*5^1*11^2*23^2
6086	77792400	375	2^4*3^4*5^2*7^4
6087	77800338	162	2^1*3^8*7^2*11^2
6088	77875200	324	2^11*3^2*5^2*13^2
6089	77907648	210	2^6*3^1*7^4*13^2
6090	77976000	336	2^6*3^3*5^3*19^2
6091	78004224	135	2^14*3^2*23^2
6092	78008490	180	2^1*3^2*5^1*7^4*19^2
6093	78030000	300	2^4*3^3*5^4*17^2
6094	78121827	42	3^13*7^2
6095	78125000	44	2^3*5^10
6096	78145600	189	2^6*5^2*13^2*17^2
6097	78152448	162	2^8*3^1*11^2*29^2
6098	78192600	120	2^3*3^1*5^2*19^4
6099	78275072	90	2^9*17^2*23^2
6100	78400000	180	2^9*5^5*7^2
6101	78411025	81	5^2*7^2*11^2*23^2
6102	78475392	168	2^7*3^6*29^2
6103	78524160	324	2^8*3^1*5^1*11^2*13^2
6104	78625800	324	2^3*3^2*5^2*11^2*19^2
6105	78643200	126	2^20*3^1*5^2
6106	78675968	80	2^15*7^4
6107	78680250	216	2^1*3^2*5^3*11^2*17^2
6108	78747876	135	2^2*3^4*17^2*29^2
6109	78843750	84	2^1*3^1*5^6*29^2
6110	78848640	336	2^7*3^6*5^1*13^2
6111	78851682	162	2^1*3^2*7^2*13^2*23^2
6112	78950700	216	2^2*3^7*5^2*19^2
6113	79005375	96	3^7*5^3*17^2
6114	79061400	240	2^3*3^3*5^2*11^4
6115	79067664	225	2^4*3^4*13^2*19^2
6116	79178528	90	2^5*11^4*13^2
6117	79281015	60	3^1*5^1*11^4*19^2
6118	79298560	108	2^17*5^1*11^2
6119	79350000	180	2^4*3^1*5^5*23^2
6120	79380000	450	2^5*3^4*5^4*7^2
6121	79388100	243	2^2*3^8*5^2*11^2
6122	79413075	84	3^3*5^2*7^6
6123	79497600	432	2^7*3^1*5^2*7^2*13^2
6124	79505712	270	2^4*3^5*11^2*13^2
6125	79530724	63	2^2*7^6*13^2
6126	79626240	204	2^16*3^5*5^1
6127	79629312	198	2^10*3^1*7^2*23^2
6128	79655625	135	3^2*5^4*7^2*17^2
6129	79716150	84	2^1*3^13*5^2
6130	79780624	135	2^4*7^2*11^2*29^2
6131	79834248	132	2^3*3^10*13^2
6132	79847424	168	2^13*3^3*19^2
6133	80011250	90	2^1*5^4*11^2*23^2
6134	80041500	432	2^2*3^3*5^3*7^2*11^2
6135	80110296	216	2^3*3^5*7^2*29^2
6136	80124672	162	2^8*3^1*17^2*19^2
6137	80180160	140	2^6*3^1*5^1*17^4
6138	80281600	153	2^16*5^2*7^2
6139	80289792	210	2^13*3^4*11^2
6140	80341875	90	3^5*5^4*23^2
6141	80372250	216	2^1*3^8*5^3*7^2
6142	80460900	243	2^2*3^2*5^2*13^2*23^2
6143	80568576	243	2^8*3^2*11^2*17^2
6144	80594208	90	2^5*3^2*23^4
6145	80621568	130	2^12*3^9
6146	80714907	108	3^3*7^2*13^2*19^2
6147	80736000	216	2^8*3^1*5^3*29^2
6148	80769640	120	2^3*5^1*7^4*29^2
6149	80848328	60	2^3*11^2*17^4
6150	80874049	15	17^2*23^4
6151	80901504	192	2^7*3^7*17^2
6152	81000000	245	2^6*3^4*5^6
6153	81033750	200	2^1*3^3*5^4*7^4
6154	81120000	270	2^8*3^1*5^4*13^2
6155	81153800	180	2^3*5^2*7^4*13^2
6156	81162081	135	3^4*7^2*11^2*13^2
6157	81182412	90	2^2*3^5*17^4
6158	81225000	216	2^3*3^2*5^5*19^2
6159	81254400	216	2^11*3^1*5^2*23^2
6160	81281250	126	2^1*3^2*5^6*17^2
6161	81288256	105	2^6*7^4*23^2
6162	81408800	162	2^5*5^2*11^2*29^2
6163	81450625	25	5^4*19^4
6164	81510912	270	2^9*3^2*7^2*19^2
6165	81567360	432	2^7*3^2*5^1*7^2*17^2
6166	81745200	270	2^4*3^5*5^2*29^2
6167	81793936	135	2^4*7^2*17^2*19^2
6168	81796000	216	2^5*5^3*11^2*13^2
6169	81866304	189	2^6*3^2*13^2*29^2
6170	81901875	90	3^1*5^4*11^2*19^2
6171	81920000	90	2^17*5^4
6172	81962496	360	2^9*3^3*7^2*11^2
6173	82134000	360	2^4*3^5*5^3*13^2
6174	82150562	54	2^1*13^2*17^2*29^2
6175	82247088	270	2^4*3^1*7^2*11^2*17^2
6176	82273254	60	2^1*3^1*7^2*23^4
6177	82301184	243	2^8*3^8*7^2
6178	82355625	75	3^2*5^4*11^4
6179	82362150	216	2^1*3^3*5^2*13^2*19^2
6180	82426410	180	2^1*3^4*5^1*11^2*29^2
6181	82484168	60	2^3*13^4*19^2
6182	82498608	180	2^4*3^3*19^2*23^2
6183	82541290	60	2^1*5^1*13^4*17^2
6184	82555740	216	2^2*3^3*5^1*17^2*23^2
6185	82586952	252	2^3*3^6*7^2*17^2
6186	82656250	48	2^1*5^7*23^2
6187	82673664	96	2^15*3^1*29^2
6188	82687500	252	2^2*3^3*5^6*7^2
6189	82767015	60	3^9*5^1*29^2
6190	82810000	225	2^4*5^4*7^2*13^2
6191	82818450	270	2^1*3^4*5^2*11^2*13^2
6192	82941144	120	2^3*3^1*11^2*13^4
6193	82944000	280	2^13*3^4*5^3
6194	82947200	216	2^7*5^2*7^2*23^2
6195	82955664	225	2^4*3^4*11^2*23^2
6196	82978560	360	2^8*3^3*5^1*7^4
6197	83160675	90	3^9*5^2*13^2
6198	83174400	297	2^10*3^2*5^2*19^2
6199	83209056	180	2^5*3^1*7^4*19^2
6200	83283876	105	2^2*3^6*13^4
6201	83298456	120	2^3*3^9*23^2
6202	83405440	80	2^7*5^1*19^4
6203	83448225	135	3^4*5^2*7^2*29^2
6204	83463200	162	2^5*5^2*17^2*19^2
6205	83521000	80	2^3*5^3*17^4
6206	83571852	162	2^2*3^1*7^2*13^2*29^2
6207	83635200	396	2^10*3^3*5^2*11^2
6208	83670048	270	2^5*3^2*7^4*11^2
6209	83759104	117	2^12*11^2*13^2
6210	83925600	324	2^5*3^1*5^2*11^2*17^2
6211	83952300	90	2^2*3^1*5^2*23^4
6212	83960569	45	7^4*11^2*17^2
6213	83969340	180	2^2*3^1*5^1*7^2*13^4
6214	83980800	270	2^9*3^8*5^2
6215	83984040	360	2^3*3^4*5^1*7^2*23^2
6216	84015792	200	2^4*3^7*7^4
6217	84100000	108	2^5*5^5*29^2
6218	84105216	216	2^11*3^5*13^2
6219	84217329	81	3^2*7^2*19^2*23^2
6220	84272400	315	2^4*3^6*5^2*17^2
6221	84332160	240	2^7*3^2*5^1*11^4
6222	84375000	144	2^3*3^3*5^8
6223	84396032	108	2^11*7^2*29^2
6224	84397248	252	2^6*3^3*13^2*17^2
6225	84448008	100	2^3*3^4*19^4
6226	84500000	126	2^5*5^6*13^2
6227	84506490	180	2^1*3^4*5^1*17^2*19^2
6228	84566416	75	2^4*11^4*19^2
6229	84609375	48	3^1*5^7*19^2
6230	84640000	135	2^8*5^4*23^2
6231	84680640	336	2^6*3^7*5^1*11^2
6232	84683907	108	3^3*7^2*11^2*23^2
6233	84690294	60	2^1*3^1*13^2*17^4
6234	84797440	216	2^11*5^1*7^2*13^2
6235	84907200	378	2^6*3^1*5^2*7^2*19^2
6236	84915864	216	2^3*3^5*11^2*19^2
6237	84934656	105	2^20*3^4
6238	84942578	42	2^1*7^6*19^2
6239	84966000	360	2^4*3^1*5^3*7^2*17^2
6240	85030560	156	2^5*3^12*5^1
6241	85034928	70	2^4*3^1*11^6
6242	85151250	150	2^1*3^4*5^4*29^2
6243	85229568	144	2^15*3^2*17^2
6244	85266756	99	2^2*3^10*19^2
6245	85277400	216	2^3*3^1*5^2*13^2*29^2
6246	85377600	567	2^6*3^2*5^2*7^2*11^2
6247	85386312	140	2^3*3^6*11^4
6248	85413174	84	2^1*3^1*7^6*11^2
6249	85418688	126	2^6*3^1*23^2*29^2
6250	85525504	55	2^10*17^4
6251	85556250	180	2^1*3^4*5^5*13^2
6252	85581001	15	11^2*29^4
6253	85614760	216	2^3*5^1*7^2*11^2*19^2
6254	85674050	162	2^1*5^2*7^2*11^2*17^2
6255	85730400	432	2^5*3^7*5^2*7^2
6256	85739148	108	2^2*3^11*11^2
6257	85766121	49	3^6*7^6
6258	85824960	252	2^6*3^1*5^1*13^2*23^2
6259	85857408	360	2^7*3^4*7^2*13^2
6260	85936050	162	2^1*3^2*5^2*19^2*23^2
6261	85968540	324	2^2*3^5*5^1*7^2*19^2
6262	86028075	162	3^5*5^2*7^2*17^2
6263	86093442	34	2^1*3^16
6264	86118400	117	2^12*5^2*29^2
6265	86155524	243	2^2*3^2*7^2*13^2*17^2
6266	86397025	45	5^2*11^2*13^4
6267	86400000	264	2^10*3^3*5^5
6268	86412150	216	2^1*3^3*5^2*11^2*23^2
6269	86436000	360	2^5*3^2*5^3*7^4
6270	86472015	36	3^1*5^1*7^8
6271	86540168	108	2^3*11^2*13^2*23^2
6272	86640000	240	2^7*3^1*5^4*19^2
6273	86671360	96	2^15*5^1*23^2
6274	86676100	135	2^2*5^2*7^4*19^2
6275	86704128	204	2^16*3^3*7^2
6276	86769225	81	3^8*5^2*23^2
6277	86806489	21	7^2*11^6
6278	86882562	42	2^1*3^2*13^6
6279	86897772	162	2^2*3^5*13^2*23^2
6280	87005184	216	2^11*3^1*7^2*17^2
6281	87120000	360	2^7*3^2*5^4*11^2
6282	87156300	270	2^2*3^1*5^2*7^4*11^2
6283	87198244	81	2^2*7^2*23^2*29^2
6284	87422500	135	2^2*5^4*11^2*17^2
6285	87437088	162	2^5*3^2*19^2*29^2
6286	87480000	280	2^6*3^7*5^4
6287	87483375	144	3^3*5^3*7^2*23^2
6288	87497640	216	2^3*3^2*5^1*17^2*29^2
6289	87516450	210	2^1*3^6*5^2*7^4
6290	87609600	405	2^8*3^4*5^2*13^2
6291	87646104	240	2^3*3^3*7^4*13^2
6292	87739392	110	2^10*3^1*13^4
6293	87740689	27	17^2*19^2*29^2
6294	87754752	180	2^11*3^4*23^2
6295	87783750	180	2^1*3^5*5^4*17^2
6296	87846000	200	2^4*3^1*5^3*11^4
6297	87852960	324	2^5*3^2*5^1*13^2*19^2
6298	87890625	33	3^2*5^10
6299	87913800	324	2^3*3^2*5^2*13^2*17^2
6300	87921504	216	2^5*3^3*11^2*29^2
6301	87966675	60	3^3*5^2*19^4
6302	88059456	189	2^6*3^2*17^2*23^2
6303	88096996	45	2^2*13^2*19^4
6304	88209000	336	2^3*3^6*5^3*11^2
6305	88226787	54	3^1*11^2*17^2*29^2
6306	88284816	135	2^4*3^8*29^2
6307	88365218	30	2^1*17^4*23^2
6308	88445000	180	2^3*5^4*7^2*19^2
6309	88454025	135	3^4*5^2*11^2*19^2
6310	88473600	216	2^17*3^3*5^2
6311	88506250	108	2^1*5^5*7^2*17^2
6312	88510464	195	2^12*3^2*7^4
6313	88573500	144	2^2*3^11*5^3
6314	88578050	42	2^1*5^2*11^6
6315	88585068	162	2^2*3^1*11^2*13^2*19^2
6316	88604672	60	2^19*13^2
6317	88646415	108	3^1*5^1*11^2*13^2*17^2
6318	88719360	180	2^14*3^1*5^1*19^2
6319	88780800	234	2^12*3^1*5^2*17^2
6320	88817792	120	2^7*7^4*17^2
6321	88830625	45	5^4*13^2*29^2
6322	88935000	360	2^3*3^1*5^4*7^2*11^2
6323	88944075	90	3^5*5^2*11^4
6324	88951122	126	2^1*3^6*13^2*19^2
6325	88977800	108	2^3*5^2*23^2*29^2
6326	89011440	360	2^4*3^3*5^1*7^2*29^2
6327	89075844	135	2^2*3^2*11^4*13^2
6328	89258694	108	2^1*3^1*7^2*19^2*29^2
6329	89302500	315	2^2*3^6*5^4*7^2
6330	89401000	144	2^3*5^3*13^2*23^2
6331	89434800	540	2^4*3^3*5^2*7^2*13^2
6332	89443926	144	2^1*3^7*11^2*13^2
6333	89458688	108	2^11*11^2*19^2
6334	89520640	180	2^9*5^1*11^2*17^2
6335	89567296	105	2^6*7^2*13^4
6336	89582976	288	2^7*3^3*7^2*23^2
6337	89753202	162	2^1*3^2*7^2*11^2*29^2
6338	89813529	39	3^12*13^2
6339	89828352	198	2^10*3^5*19^2
6340	89890560	324	2^8*3^5*5^1*17^2
6341	89894028	162	2^2*3^1*7^2*17^2*23^2
6342	89954304	120	2^11*3^1*11^4
6343	90000000	192	2^7*3^2*5^7
6344	90037500	180	2^2*3^1*5^5*7^4
6345	90124083	72	3^7*7^2*29^2
6346	90140256	216	2^5*3^3*17^2*19^2
6347	90180090	324	2^1*3^2*5^1*7^2*11^2*13^2
6348	90250000	105	2^4*5^6*19^2
6349	90316800	378	2^13*3^2*5^2*7^2
6350	90326016	231	2^10*3^6*11^2
6351	90354432	126	2^8*3^1*7^6
6352	90453243	30	3^1*17^4*19^2
6353	90531968	40	2^7*29^4
6354	90552735	144	3^7*5^1*7^2*13^2
6355	90630400	243	2^8*5^2*7^2*17^2
6356	90639648	270	2^5*3^4*11^2*17^2
6357	90652614	60	2^1*3^1*13^4*23^2
6358	90668484	75	2^2*3^4*23^4
6359	90699264	120	2^9*3^11
6360	90750000	210	2^4*3^1*5^6*11^2
6361	90954369	45	3^2*11^2*17^4
6362	90962560	144	2^7*5^1*13^2*29^2
6363	91014192	150	2^4*3^9*17^2
6364	91069440	396	2^10*3^1*5^1*7^2*11^2
6365	91080300	162	2^2*3^1*5^2*19^2*29^2
6366	91125000	196	2^3*3^6*5^6
6367	91143375	72	3^1*5^3*17^2*29^2
6368	91260000	360	2^5*3^3*5^4*13^2
6369	91298025	135	3^2*5^2*7^4*13^2
6370	91395200	120	2^7*5^2*13^4
6371	91411200	324	2^8*3^3*5^2*23^2
6372	91445760	420	2^9*3^6*5^1*7^2
6373	91449288	180	2^3*3^2*7^4*23^2
6374	91506250	60	2^1*5^5*11^4
6375	91513500	216	2^2*3^1*5^3*13^2*19^2
6376	91546624	99	2^10*13^2*23^2
6377	91576875	90	3^1*5^4*13^2*17^2
6378	91584900	243	2^2*3^2*5^2*11^2*29^2
6379	91699776	315	2^6*3^4*7^2*19^2
6380	91728600	216	2^3*3^1*5^2*17^2*23^2
6381	91828352	120	2^7*7^2*11^4
6382	91884375	108	3^5*5^5*11^2
6383	91963350	144	2^1*3^7*5^2*29^2
6384	92018178	162	2^1*3^2*7^2*17^2*19^2
6385	92099592	180	2^3*3^4*13^2*29^2
6386	92160000	225	2^14*3^2*5^4
6387	92172960	324	2^5*3^2*5^1*11^2*23^2
6388	92198400	300	2^9*3^1*5^2*7^4
6389	92207808	378	2^6*3^5*7^2*11^2
6390	92236816	45	2^4*7^8
6391	92416000	144	2^11*5^3*19^2
6392	92428996	81	2^2*11^2*19^2*23^2
6393	92480000	150	2^9*5^4*17^2
6394	92527974	216	2^1*3^3*7^2*11^2*17^2
6395	92537640	200	2^3*3^4*5^1*13^4
6396	92553840	240	2^4*3^7*5^1*23^2
6397	92588832	198	2^5*3^10*7^2
6398	92640625	63	5^6*7^2*11^2
6399	92720250	216	2^1*3^2*5^3*7^2*29^2
6400	92794689	45	3^2*13^4*19^2
6401	92810934	108	2^1*3^5*19^2*23^2
6402	92910321	81	3^8*7^2*17^2
6403	92941068	90	2^2*3^1*11^4*23^2
6404	93007872	156	2^12*3^3*29^2
6405	93161250	270	2^1*3^2*5^4*7^2*13^2
6406	93308787	60	3^3*11^2*13^4
6407	93315600	405	2^4*3^2*5^2*7^2*23^2
6408	93325122	126	2^1*3^6*11^2*23^2
6409	93330816	144	2^7*3^1*17^2*29^2
6410	93450240	312	2^12*3^3*5^1*13^2
6411	93571200	360	2^7*3^4*5^2*19^2
6412	93574810	108	2^1*5^1*7^2*19^2*23^2
6413	93610188	180	2^2*3^3*7^4*19^2
6414	93636000	360	2^5*3^4*5^3*17^2
6415	93675015	120	3^3*5^1*7^4*17^2
6416	93702400	135	2^8*5^2*11^4
6417	93709824	180	2^9*3^1*13^2*19^2
6418	93710763	36	3^11*23^2
6419	93750000	100	2^4*3^1*5^9
6420	93896100	243	2^2*3^2*5^2*17^2*19^2
6421	94080000	330	2^10*3^1*5^4*7^2
6422	94089600	432	2^7*3^5*5^2*11^2
6423	94091762	14	2^1*19^6
6424	94119200	126	2^5*5^2*7^6
6425	94128804	225	2^2*3^4*7^4*11^2
6426	94228992	270	2^9*3^2*11^2*13^2
6427	94350960	360	2^4*3^3*5^1*11^2*19^2
6428	94371840	132	2^21*3^2*5^1
6429	94416300	324	2^2*3^3*5^2*11^2*17^2
6430	94478400	231	2^6*3^10*5^2
6431	94517766	100	2^1*3^9*7^4
6432	94531250	54	2^1*5^8*11^2
6433	94556176	135	2^4*11^2*13^2*17^2
6434	94586258	30	2^1*13^2*23^4
6435	94613046	60	2^1*3^1*11^2*19^4
6436	94618368	216	2^8*3^7*13^2
6437	94633984	57	2^18*19^2
6438	94740840	216	2^3*3^8*5^1*19^2
6439	94806450	162	2^1*3^8*5^2*17^2
6440	94864000	288	2^7*5^3*7^2*11^2
6441	94921875	54	3^5*5^8
6442	94945536	243	2^8*3^2*7^2*29^2
6443	94946904	216	2^3*3^5*13^2*17^2
6444	95004009	35	3^6*19^4
6445	95062500	189	2^2*3^2*5^6*13^2
6446	95137218	90	2^1*3^2*11^4*19^2
6447	95158272	114	2^18*3^1*11^2
6448	95220000	270	2^5*3^2*5^4*23^2
6449	95256000	504	2^6*3^5*5^3*7^2
6450	95259675	90	3^1*5^2*7^4*23^2
6451	95275208	108	2^3*7^2*17^2*29^2
6452	95295690	140	2^1*3^4*5^1*7^6
6453	95482935	40	3^3*5^1*29^4
6454	95520600	432	2^3*3^3*5^2*7^2*19^2
6455	95530347	72	3^7*11^2*19^2
6456	95550625	45	5^4*17^2*23^2
6457	95551488	126	2^17*3^6
6458	95662112	162	2^5*7^2*13^2*19^2
6459	95664294	56	2^1*3^3*11^6
6460	95728360	216	2^3*5^1*7^2*13^2*17^2
6461	95785935	60	3^1*5^1*7^2*19^4
6462	95883264	195	2^12*3^4*17^2
6463	95937075	108	3^3*5^2*13^2*29^2
6464	96000000	168	2^11*3^1*5^6
6465	96013500	216	2^2*3^1*5^3*11^2*23^2
6466	96040000	175	2^6*5^4*7^4
6467	96049800	540	2^3*3^4*5^2*7^2*11^2
6468	96059601	45	3^8*11^4
6469	96079204	45	2^2*13^4*29^2
6470	96096024	144	2^3*3^3*23^2*29^2
6471	96192096	324	2^5*3^1*7^2*11^2*13^2
6472	96216192	120	2^7*3^2*17^4
6473	96393375	80	3^3*5^3*13^4
6474	96410250	168	2^1*3^6*5^3*23^2
6475	96446700	270	2^2*3^9*5^2*7^2
6476	96550276	21	2^2*17^6
6477	96589584	315	2^4*3^6*7^2*13^2
6478	96821283	54	3^1*13^2*19^2*23^2
6479	96850215	120	3^3*5^1*7^2*11^4
6480	96883200	270	2^9*3^2*5^2*29^2
6481	96923568	150	2^4*3^1*7^4*29^2
6482	97140736	135	2^14*7^2*11^2
6483	97203750	180	2^1*3^1*5^4*7^2*23^2
6484	97219600	135	2^4*5^2*17^2*29^2
6485	97344000	360	2^9*3^2*5^3*13^2
6486	97357689	81	3^2*11^2*13^2*23^2
6487	97384560	300	2^4*3^1*5^1*7^4*13^2
6488	97470000	300	2^4*3^3*5^4*19^2
6489	97537500	216	2^2*3^3*5^5*17^2
6490	97542144	252	2^13*3^5*7^2
6491	97614400	189	2^6*5^2*13^2*19^2
6492	97656250	24	2^1*5^11
6493	97690560	252	2^6*3^1*5^1*11^2*29^2
6494	97776128	90	2^9*19^2*23^2
6495	97843840	144	2^7*5^1*17^2*23^2
6496	97880832	324	2^8*3^3*7^2*17^2
6497	98000000	168	2^7*5^6*7^2
6498	98010000	375	2^4*3^4*5^4*11^2
6499	98094240	252	2^5*3^6*5^1*29^2
6500	98155200	378	2^6*3^1*5^2*11^2*13^2
6501	98196098	90	2^1*7^4*11^2*13^2
6502	98220696	120	2^3*3^1*7^2*17^4
6503	98282250	216	2^1*3^2*5^3*11^2*19^2
6504	98304000	152	2^18*3^1*5^3
6505	98317824	180	2^9*3^1*11^2*23^2
6506	98344960	140	2^13*5^1*7^4
6507	98366724	135	2^2*3^4*19^2*29^2
6508	98415000	200	2^3*3^9*5^4
6509	98504648	60	2^3*11^4*29^2
6510	98560800	378	2^5*3^6*5^2*13^2
6511	98601867	90	3^5*7^4*13^2
6512	98688375	96	3^7*5^3*19^2
6513	98706816	160	2^7*3^3*13^4
6514	98724096	189	2^8*3^6*23^2
6515	98901600	324	2^5*3^1*5^2*7^2*29^2
6516	98903025	135	3^4*5^2*13^2*17^2
6517	98911692	162	2^2*3^5*11^2*29^2
6518	98942809	21	7^6*29^2
6519	98973160	120	2^3*5^1*11^4*13^2
6520	99049548	90	2^2*3^1*13^4*17^2
6521	99066888	180	2^3*3^4*17^2*23^2
6522	99123200	144	2^15*5^2*11^2
6523	99187500	126	2^2*3^1*5^6*23^2
6524	99225000	360	2^3*3^4*5^5*7^2
6525	99320418	66	2^1*3^10*29^2
6526	99382140	324	2^2*3^5*5^1*11^2*13^2
6527	99500625	135	3^2*5^4*7^2*19^2
6528	99532800	270	2^14*3^5*5^2
6529	99536640	324	2^8*3^1*5^1*7^2*23^2
6530	99574272	250	2^9*3^4*7^4
6531	99680256	153	2^16*3^2*13^2
6532	99792810	132	2^1*3^10*5^1*13^2
6533	99878400	360	2^9*3^3*5^2*17^2
6534	99920016	225	2^4*3^2*7^4*17^2
6535	100000000	81	2^8*5^8
6536	100026368	108	2^11*13^2*17^2
6537	100051875	180	3^3*5^4*7^2*11^2
6538	100086528	90	2^8*3^1*19^4
6539	100100025	81	3^2*5^2*23^2*29^2
6540	100155840	252	2^6*3^1*5^1*17^2*19^2
6541	100200100	243	2^2*5^2*7^2*11^2*13^2
6542	100225200	150	2^4*3^1*5^2*17^4
6543	100362240	360	2^11*3^4*5^1*11^2
6544	100366112	162	2^5*7^2*11^2*23^2
6545	100614150	324	2^1*3^5*5^2*7^2*13^2
6546	100641024	243	2^8*3^2*11^2*19^2
6547	100663296	52	2^25*3^1
6548	100742760	120	2^3*3^2*5^1*23^4
6549	100763208	180	2^3*3^2*7^2*13^4
6550	100776960	220	2^10*3^9*5^1
6551	100780848	270	2^4*3^5*7^2*23^2
6552	100920000	210	2^6*3^1*5^4*29^2
6553	100962050	90	2^1*5^2*7^4*29^2
6554	100990472	108	2^3*11^2*17^2*19^2
6555	101022601	15	19^2*23^4
6556	101056896	192	2^7*3^7*19^2
6557	101060410	60	2^1*5^1*11^2*17^4
6558	101198592	180	2^8*3^3*11^4
6559	101400000	252	2^6*3^1*5^5*13^2
6560	101407788	162	2^2*3^5*17^2*19^2
6561	101442250	120	2^1*5^3*7^4*13^2
6562	101478015	60	3^5*5^1*17^4
6563	101531250	126	2^1*3^2*5^6*19^2
6564	101549976	120	2^3*3^1*11^4*17^2
6565	101582283	30	3^1*11^2*23^4
6566	101606400	495	2^10*3^4*5^2*7^2
6567	101616768	216	2^7*3^8*11^2
6568	101648736	168	2^5*3^3*7^6
6569	101756928	234	2^12*3^1*7^2*13^2
6570	101761000	144	2^3*5^3*11^2*29^2
6571	101848464	75	2^4*3^2*29^4
6572	101888640	432	2^7*3^2*5^1*7^2*19^2
6573	101959200	486	2^5*3^2*5^2*7^2*17^2
6574	101969604	189	2^2*3^6*11^2*17^2
6575	102001683	42	3^1*7^6*17^2
6576	102036672	98	2^6*3^13
6577	102093750	168	2^1*3^3*5^6*11^2
6578	102171664	75	2^4*7^2*19^4
6579	102181500	216	2^2*3^5*5^3*29^2
6580	102245000	180	2^3*5^4*11^2*13^2
6581	102313225	45	5^2*7^2*17^4
6582	102390966	72	2^1*3^11*17^2
6583	102400000	96	2^15*5^5
6584	102414400	189	2^6*5^2*11^2*23^2
6585	102515625	63	3^8*5^6
6586	102617138	54	2^1*13^2*19^2*29^2
6587	102667500	270	2^2*3^5*5^4*13^2
6588	102737712	270	2^4*3^1*7^2*11^2*19^2
6589	102760448	66	2^21*7^2
6590	102808860	324	2^2*3^1*5^1*7^2*11^2*17^2
6591	102819600	225	2^4*3^2*5^2*13^4
6592	102837600	324	2^5*3^5*5^2*23^2
6593	102880449	75	3^4*7^4*23^2
6594	102989952	216	2^7*3^2*13^2*23^2
6595	103022500	135	2^2*5^4*7^2*29^2
6596	103105210	60	2^1*5^1*13^4*19^2
6597	103123260	216	2^2*3^3*5^1*19^2*23^2
6598	103162248	252	2^3*3^6*7^2*19^2
6599	103185654	108	2^1*3^1*11^2*13^2*29^2
6600	103194675	108	3^3*5^2*17^2*23^2
6601	103233690	252	2^1*3^6*5^1*7^2*17^2
6602	103306896	225	2^4*3^2*7^2*11^4
6603	103347556	81	2^2*13^2*17^2*23^2
6604	103359375	96	3^3*5^7*7^2
6605	103612041	63	3^6*13^2*29^2
6606	103680000	300	2^11*3^4*5^4
6607	103684000	216	2^5*5^3*7^2*23^2
6608	103723200	420	2^6*3^3*5^2*7^4
6609	103733784	288	2^3*3^7*7^2*11^2
6610	103766418	54	2^1*3^2*7^8
6611	103833600	252	2^13*3^1*5^2*13^2
6612	103876864	135	2^8*7^4*13^2
6613	103970307	30	3^1*7^2*29^4
6614	104005632	102	2^16*3^1*23^2
6615	104040000	315	2^6*3^2*5^4*17^2
6616	104083350	180	2^1*3^1*5^2*7^4*17^2
6617	104162436	117	2^2*3^12*7^2
6618	104203264	99	2^10*11^2*29^2
6619	104256800	90	2^5*5^2*19^4
6620	104329000	144	2^3*5^3*17^2*19^2
6621	104401250	50	2^1*5^4*17^4
6622	104464815	108	3^1*5^1*7^2*13^2*29^2
6623	104544000	432	2^8*3^3*5^3*11^2
6624	104587560	360	2^3*3^2*5^1*7^4*11^2
6625	104633856	180	2^9*3^5*29^2
6626	104834400	324	2^5*3^1*5^2*11^2*19^2
6627	104857600	69	2^22*5^2
6628	104878081	45	7^4*11^2*19^2
6629	104940375	40	3^1*5^3*23^4
6630	104961675	90	3^1*5^2*7^2*13^4
6631	104976000	288	2^7*3^8*5^3
6632	104980050	270	2^1*3^4*5^2*7^2*23^2
6633	104997168	180	2^4*3^3*17^2*29^2
6634	105019740	240	2^2*3^7*5^1*7^4
6635	105125000	84	2^3*5^6*29^2
6636	105135576	216	2^3*3^1*7^2*13^2*23^2
6637	105267600	315	2^4*3^6*5^2*19^2
6638	105415200	270	2^5*3^2*5^2*11^4
6639	105423552	252	2^6*3^3*13^2*19^2
6640	105459123	50	3^1*7^4*11^4
6641	105495040	180	2^9*5^1*7^2*29^2
6642	105496560	360	2^4*3^3*5^1*13^2*17^2
6643	105560010	100	2^1*3^4*5^1*19^4
6644	105625000	96	2^3*5^7*13^2
6645	105781225	45	5^2*11^4*17^2
6646	105789606	108	2^1*3^1*13^2*17^2*19^2
6647	105840000	480	2^7*3^3*5^4*7^2
6648	105850800	360	2^4*3^7*5^2*11^2
6649	105884100	189	2^2*3^2*5^2*7^6
6650	105996800	270	2^9*5^2*7^2*13^2
6651	106007616	315	2^6*3^4*11^2*13^2
6652	106092150	60	2^1*3^1*5^2*29^4
6653	106134000	360	2^4*3^1*5^3*7^2*19^2
6654	106172416	117	2^12*7^2*23^2
6655	106207500	270	2^2*3^1*5^4*7^2*17^2
6656	106288200	156	2^3*3^12*5^2
6657	106293660	84	2^2*3^1*5^1*11^6
6658	106375698	162	2^1*3^2*11^2*13^2*17^2
6659	106445664	180	2^5*3^9*13^2
6660	106463232	144	2^15*3^2*19^2
6661	106536960	252	2^13*3^2*5^1*17^2
6662	106732890	140	2^1*3^6*5^1*11^4
6663	106773360	180	2^4*3^1*5^1*23^2*29^2
6664	106813728	270	2^5*3^4*7^2*29^2
6665	106815267	72	3^7*13^2*17^2
6666	106832896	99	2^10*17^2*19^2
6667	107018450	162	2^1*5^2*7^2*11^2*19^2
6668	107053056	192	2^15*3^3*11^2
6669	107103750	100	2^1*3^1*5^4*13^4
6670	107122500	225	2^2*3^4*5^4*23^2
6671	107173935	72	3^11*5^1*11^2
6672	107184609	81	3^2*7^2*17^2*29^2
6673	107281200	270	2^4*3^1*5^2*13^2*23^2
6674	107321760	540	2^5*3^4*5^1*7^2*13^2
6675	107424768	198	2^10*3^1*11^2*17^2
6676	107458944	80	2^7*3^1*23^4
6677	107460675	162	3^5*5^2*7^2*19^2
6678	107495424	135	2^14*3^8
6679	107611350	180	2^1*3^1*5^2*7^2*11^4
6680	107619876	243	2^2*3^2*7^2*13^2*19^2
6681	107663138	54	2^1*11^2*23^2*29^2
6682	107868672	210	2^9*3^6*17^2
6683	108000000	252	2^8*3^3*5^6
6684	108045000	300	2^3*3^2*5^4*7^4
6685	108056025	189	3^6*5^2*7^2*11^2
6686	108108027	54	3^5*23^2*29^2
6687	108160000	165	2^10*5^4*13^2
6688	108175210	108	2^1*5^1*11^2*13^2*23^2
6689	108216108	324	2^2*3^3*7^2*11^2*13^2
6690	108243216	125	2^4*3^4*17^4
6691	108339200	126	2^13*5^2*23^2
6692	108375000	168	2^3*3^1*5^6*17^2
6693	108380160	360	2^14*3^3*5^1*7^2
6694	108622215	108	3^5*5^1*13^2*23^2
6695	108663282	162	2^1*3^8*7^2*13^2
6696	108681216	216	2^11*3^1*7^2*19^2
6697	108900000	324	2^5*3^2*5^5*11^2
6698	108945375	120	3^1*5^3*7^4*11^2
6699	108993600	315	2^6*3^4*5^2*29^2
6700	109039014	120	2^1*3^3*7^4*29^2
6701	109155072	162	2^8*3^1*13^2*29^2
6702	109202500	135	2^2*5^4*11^2*19^2
6703	109283328	324	2^11*3^2*7^2*11^2
6704	109296360	216	2^3*3^2*5^1*19^2*29^2
6705	109350000	240	2^4*3^7*5^5
6706	109372050	162	2^1*3^2*5^2*17^2*29^2
6707	109516225	81	5^2*7^2*13^2*23^2
6708	109599961	15	19^4*29^2
6709	109653750	180	2^1*3^5*5^4*19^2
6710	109662784	189	2^6*7^2*11^2*17^2
6711	109674240	180	2^8*3^1*5^1*13^4
6712	109693440	300	2^9*3^4*5^1*23^2
6713	109697672	60	2^3*7^2*23^4
6714	109734912	264	2^10*3^7*7^2
6715	109807500	150	2^2*3^1*5^4*11^4
6716	109816200	324	2^3*3^2*5^2*13^2*19^2
6717	109892250	216	2^1*3^2*5^3*13^2*17^2
6718	109998144	189	2^6*3^2*19^2*23^2
6719	110115936	324	2^5*3^5*7^2*17^2
6720	110207163	54	3^1*11^2*19^2*29^2
6721	110231552	54	2^17*29^2
6722	110250000	315	2^4*3^2*5^6*7^2
6723	110261250	210	2^1*3^6*5^4*11^2
6724	110380082	54	2^1*17^2*19^2*23^2
6725	110424600	432	2^3*3^3*5^2*11^2*13^2
6726	110498283	60	3^3*7^2*17^4
6727	110556250	108	2^1*5^5*7^2*19^2
6728	110588192	90	2^5*11^2*13^4
6729	110607552	252	2^6*3^3*11^2*23^2
6730	110716875	60	3^11*5^4
6731	110731335	108	3^1*5^1*11^2*13^2*19^2
6732	110755840	108	2^17*5^1*13^2
6733	110817729	45	3^2*11^4*29^2
6734	110880900	243	2^2*3^8*5^2*13^2
6735	110899200	234	2^12*3^1*5^2*19^2
6736	110945408	120	2^7*7^4*19^2
6737	110976000	264	2^10*3^1*5^3*17^2
6738	110991606	108	2^1*3^1*11^2*17^2*23^2
6739	111022240	180	2^5*5^1*7^4*17^2
6740	111045168	150	2^4*3^5*13^4
6741	111064608	162	2^5*3^8*23^2
6742	111222250	72	2^1*5^3*23^2*29^2
6743	111264300	324	2^2*3^3*5^2*7^2*29^2
6744	111429136	135	2^4*7^2*13^2*29^2
6745	111450249	63	3^6*17^2*23^2
6746	111513600	351	2^12*3^2*5^2*11^2
6747	111560064	240	2^7*3^1*7^4*11^2
6748	111751250	90	2^1*5^4*13^2*23^2
6749	111793500	432	2^2*3^3*5^3*7^2*13^2
6750	111823360	180	2^9*5^1*11^2*19^2
6751	111900800	216	2^7*5^2*11^2*17^2
6752	111936400	75	2^4*5^2*23^4
6753	111974400	288	2^11*3^7*5^2
6754	112021056	245	2^6*3^6*7^4
6755	112140288	210	2^13*3^4*13^2
6756	112285440	324	2^8*3^5*5^1*19^2
6757	112289772	162	2^2*3^1*7^2*19^2*23^2
6758	112363200	378	2^6*3^5*5^2*17^2
6759	112367535	108	3^1*5^1*7^2*17^2*23^2
6760	112410018	150	2^1*3^4*7^4*17^2
6761	112500000	162	2^5*3^2*5^8
6762	112529664	243	2^8*3^2*13^2*17^2
6763	112546875	70	3^1*5^6*7^4
6764	112597344	120	2^5*3^3*19^4
6765	112753350	120	2^1*3^3*5^2*17^4
6766	112890625	27	5^8*17^2
6767	112896000	432	2^11*3^2*5^3*7^2
6768	112911876	243	2^2*3^2*7^2*11^2*23^2
6769	112920392	60	2^3*13^2*17^4
6770	112943040	196	2^6*3^1*5^1*7^6
6771	112988307	30	3^1*17^2*19^4
6772	113164960	60	2^5*5^1*29^4
6773	113209600	243	2^8*5^2*7^2*19^2
6774	113221152	270	2^5*3^4*11^2*19^2
6775	113246208	92	2^22*3^3
6776	113299560	360	2^3*3^4*5^1*11^2*17^2
6777	113358609	75	3^4*7^2*13^4
6778	113378454	144	2^1*3^7*7^2*23^2
6779	113379904	49	2^6*11^6
6780	113437500	144	2^2*3^1*5^7*11^2
6781	113535000	240	2^3*3^3*5^4*29^2
6782	113614281	81	3^2*11^2*17^2*19^2
6783	113639424	108	2^17*3^1*17^2
6784	113689008	150	2^4*3^9*19^2
6785	113703200	162	2^5*5^2*13^2*29^2
6786	113767740	180	2^2*3^9*5^1*17^2
6787	113836800	486	2^8*3^1*5^2*7^2*11^2
6788	113848416	180	2^5*3^5*11^4
6789	113850375	72	3^1*5^3*19^2*29^2
6790	113884232	84	2^3*7^6*11^2
6791	113891584	81	2^8*23^2*29^2
6792	113906250	112	2^1*3^6*5^7
6793	114243723	60	3^3*11^4*17^2
6794	114244000	120	2^5*5^3*13^4
6795	114264000	336	2^6*3^3*5^3*23^2
6796	114307200	504	2^7*3^6*5^2*7^2
6797	114311610	180	2^1*3^2*5^1*7^4*23^2
6798	114318864	165	2^4*3^10*11^2
6799	114354828	126	2^2*3^5*7^6
6800	114391875	90	3^1*5^4*13^2*19^2
6801	114476544	360	2^9*3^3*7^2*13^2
6802	114579522	50	2^1*3^4*29^4
6803	114581400	216	2^3*3^1*5^2*19^2*23^2
6804	114704100	405	2^2*3^4*5^2*7^2*17^2
6805	114785440	180	2^5*5^1*7^2*11^4
6806	114791256	64	2^3*3^15
6807	114843750	108	2^1*3^1*5^8*7^2
6808	114874032	270	2^4*3^1*7^2*13^2*17^2
6809	114943122	90	2^1*3^2*7^2*19^4
6810	115025625	135	3^2*5^4*11^2*13^2
6811	115124490	180	2^1*3^4*5^1*13^2*29^2
6812	115216200	324	2^3*3^2*5^2*11^2*23^2
6813	115259760	540	2^4*3^5*5^1*7^2*11^2
6814	115520000	150	2^9*5^4*19^2
6815	115579926	216	2^1*3^3*7^2*11^2*19^2
6816	115600000	144	2^7*5^5*17^2
6817	115605504	171	2^18*3^2*7^2
6818	115672050	150	2^1*3^4*5^2*13^4
6819	115692300	216	2^2*3^7*5^2*23^2
6820	115736040	264	2^3*3^10*5^1*7^2
6821	115843416	56	2^3*3^1*13^6
6822	115863696	225	2^4*3^4*13^2*23^2
6823	116006912	126	2^13*7^2*17^2
6824	116057529	81	3^8*7^2*19^2
6825	116160000	300	2^9*3^1*5^4*11^2
6826	116176335	60	3^1*5^1*11^4*23^2
6827	116208400	225	2^4*5^2*7^4*11^2
6828	116220258	150	2^1*3^4*7^2*11^4
6829	116259840	264	2^10*3^3*5^1*29^2
6830	116582784	144	2^7*3^1*19^2*29^2
6831	116640000	315	2^8*3^6*5^4
6832	116688600	360	2^3*3^5*5^2*7^4
6833	116700507	90	3^9*7^2*11^2
6834	116812800	396	2^10*3^3*5^2*13^2
6835	116861472	270	2^5*3^2*7^4*13^2
6836	116964000	360	2^5*3^4*5^3*19^2
6837	116985856	65	2^12*13^4
6838	117006336	168	2^13*3^3*23^2
6839	117012735	120	3^3*5^1*7^4*19^2
6840	117045000	300	2^3*3^4*5^4*17^2
6841	117187500	66	2^2*3^1*5^10
6842	117218400	324	2^5*3^1*5^2*13^2*17^2
6843	117228672	216	2^7*3^2*11^2*29^2
6844	117267241	45	7^4*13^2*17^2
6845	117288900	135	2^2*3^2*5^2*19^4
6846	117412608	162	2^8*3^1*17^2*23^2
6847	117600000	324	2^8*3^1*5^5*7^2
6848	117635716	81	2^2*11^2*17^2*29^2
6849	117649000	112	2^3*5^3*7^6
6850	117713088	168	2^6*3^7*29^2
6851	117786240	432	2^7*3^2*5^1*11^2*13^2
6852	117938700	324	2^2*3^3*5^2*11^2*19^2
6853	117964800	180	2^19*3^2*5^2
6854	118013952	150	2^14*3^1*7^4
6855	118020375	144	3^3*5^3*11^2*17^2
6856	118113424	135	2^4*11^2*13^2*19^2
6857	118121814	108	2^1*3^5*17^2*29^2
6858	118265625	63	3^2*5^6*29^2
6859	118272960	336	2^6*3^7*5^1*13^2
6860	118277523	108	3^3*7^2*13^2*23^2
6861	118374400	135	2^14*5^2*17^2
6862	118426050	162	2^1*3^8*5^2*19^2
6863	118580000	270	2^5*5^4*7^2*11^2
6864	118592100	225	2^2*3^4*5^2*11^4
6865	118601496	216	2^3*3^5*13^2*19^2
6866	118767792	150	2^4*3^1*11^4*13^2
6867	118947840	204	2^16*3^1*5^1*11^2
6868	119011592	108	2^3*7^2*19^2*29^2
6869	119025000	216	2^3*3^2*5^5*23^2
6870	119070000	450	2^4*3^5*5^4*7^2
6871	119082150	180	2^1*3^9*5^2*11^2
6872	119094010	108	2^1*5^1*7^2*17^2*29^2
6873	119246400	567	2^6*3^2*5^2*7^2*13^2
6874	119258568	252	2^3*3^6*11^2*13^2
6875	119296086	84	2^1*3^1*7^6*13^2
6876	119355625	45	5^4*19^2*23^2
6877	119439360	224	2^15*3^6*5^1
6878	119443968	270	2^9*3^2*7^2*23^2
6879	119530489	15	13^2*29^4
6880	119574225	45	3^14*5^2
6881	119577640	216	2^3*5^1*7^2*13^2*19^2
6882	119660450	162	2^1*5^2*7^2*13^2*17^2
6883	119670936	216	2^3*3^1*7^2*11^2*29^2
6884	119751372	108	2^2*3^11*13^2
6885	119771136	195	2^12*3^4*19^2
6886	119858704	135	2^4*7^2*17^2*23^2
6887	119939072	70	2^13*11^4
6888	120016875	90	3^1*5^4*11^2*23^2
6889	120062250	360	2^1*3^4*5^3*7^2*11^2
6890	120165444	189	2^2*3^6*7^2*29^2
6891	120187008	216	2^7*3^2*17^2*19^2
6892	120270240	180	2^5*3^2*5^1*17^4
6893	120422400	288	2^15*3^1*5^2*7^2
6894	120434688	234	2^12*3^5*11^2
6895	120472576	77	2^10*7^6
6896	120558375	120	3^9*5^3*7^2
6897	120604324	45	2^2*17^4*19^2
6898	120670225	21	5^2*13^6
6899	120691350	216	2^1*3^3*5^2*13^2*23^2
6900	120852864	288	2^7*3^3*11^2*17^2
6901	120870152	60	2^3*13^4*23^2
6902	120891312	100	2^4*3^3*23^4
6903	120932352	132	2^11*3^10
6904	121000000	147	2^6*5^6*11^2
6905	121104000	288	2^7*3^2*5^3*29^2
6906	121154460	180	2^2*3^1*5^1*7^4*29^2
6907	121242121	45	7^2*11^4*13^2
6908	121272492	90	2^2*3^1*11^2*17^4
6909	121352256	189	2^6*3^8*17^2
6910	121440400	135	2^4*5^2*19^2*29^2
6911	121500000	252	2^5*3^5*5^6
6912	121550625	125	3^4*5^4*7^4
6913	121680000	360	2^7*3^2*5^4*13^2
6914	121730700	270	2^2*3^1*5^2*7^4*13^2
6915	121773618	70	2^1*3^6*17^4
6916	121837500	216	2^2*3^3*5^5*19^2
6917	121881600	297	2^10*3^2*5^2*23^2
6918	121921875	84	3^3*5^6*17^2
6919	121932384	180	2^5*3^1*7^4*23^2
6920	122102500	135	2^2*5^4*13^2*17^2
6921	122113200	270	2^4*3^1*5^2*11^2*29^2
6922	122220160	144	2^7*5^1*19^2*23^2
6923	122266368	324	2^8*3^3*7^2*19^2
6924	122304800	162	2^5*5^2*17^2*23^2
6925	122351040	504	2^6*3^3*5^1*7^2*17^2
6926	122500000	144	2^5*5^7*7^2
6927	122617800	252	2^3*3^6*5^2*29^2
6928	122690904	216	2^3*3^1*7^2*17^2*19^2
6929	122694000	360	2^4*3^1*5^3*11^2*13^2
6930	122799456	216	2^5*3^3*13^2*29^2
6931	122880000	170	2^16*3^1*5^4
6932	122931200	180	2^11*5^2*7^4
6933	122943744	405	2^8*3^4*7^2*11^2
6934	123130810	60	2^1*5^1*11^4*29^2
6935	123201000	336	2^3*3^6*5^3*13^2
6936	123225843	54	3^1*13^2*17^2*29^2
6937	123370632	324	2^3*3^2*7^2*11^2*17^2
6938	123409881	45	3^2*7^2*23^4
6939	123451776	240	2^7*3^9*7^2
6940	123543225	135	3^4*5^2*13^2*19^2
6941	123639615	108	3^5*5^1*11^2*29^2
6942	123716450	90	2^1*5^2*11^4*13^2
6943	123726252	90	2^2*3^1*13^4*19^2
6944	123747912	180	2^3*3^4*19^2*23^2
6945	123811935	60	3^1*5^1*13^4*17^2
6946	123833610	180	2^1*3^4*5^1*17^2*23^2
6947	123880428	216	2^2*3^7*7^2*17^2
6948	123904000	168	2^13*5^3*11^2
6949	123921424	75	2^4*11^4*23^2
6950	123984375	48	3^1*5^7*23^2
6951	124010496	135	2^14*3^2*29^2
6952	124031250	210	2^1*3^4*5^6*7^2
6953	124215000	360	2^3*3^1*5^4*7^2*13^2
6954	124227675	162	3^5*5^2*11^2*13^2
6955	124411716	135	2^2*3^2*11^2*13^4
6956	124416000	312	2^12*3^5*5^3
6957	124420800	378	2^6*3^1*5^2*7^2*23^2
6958	124433496	216	2^3*3^5*11^2*23^2
6959	124441088	90	2^9*17^2*29^2
6960	124467840	400	2^7*3^4*5^1*7^4
6961	124472642	42	2^1*7^6*23^2
6962	124657225	81	5^2*7^2*11^2*29^2
6963	124761600	360	2^9*3^3*5^2*19^2
6964	124813584	225	2^4*3^2*7^4*19^2
6965	124925814	80	2^1*3^7*13^4
6966	124946432	108	2^11*13^2*19^2
6967	124947684	99	2^2*3^10*23^2
6968	125032960	180	2^9*5^1*13^2*17^2
6969	125108160	140	2^6*3^1*5^1*19^4
6970	125194800	270	2^4*3^1*5^2*17^2*19^2
6971	125281500	120	2^2*3^1*5^3*17^4
6972	125357778	162	2^1*3^2*7^2*13^2*29^2
6973	125440000	195	2^12*5^4*7^2
6974	125452800	450	2^9*3^4*5^2*11^2
6975	125457640	216	2^3*5^1*7^2*11^2*23^2
6976	125505072	300	2^4*3^3*7^4*11^2
6977	125638656	216	2^11*3^1*11^2*13^2
6978	125888400	405	2^4*3^2*5^2*11^2*17^2
6979	125928450	90	2^1*3^2*5^2*23^4
6980	125954010	180	2^1*3^2*5^1*7^2*13^4
6981	125971200	270	2^8*3^9*5^2
6982	125976060	324	2^2*3^5*5^1*7^2*23^2
6983	126023688	180	2^3*3^8*7^4
6984	126150000	180	2^4*3^1*5^5*29^2
6985	126150728	60	2^3*11^2*19^4
6986	126157824	231	2^10*3^6*13^2
6987	126238090	108	2^1*5^1*11^2*17^2*19^2
6988	126408600	288	2^3*3^7*5^2*17^2
6989	126498240	280	2^6*3^3*5^1*11^4
6990	126562500	135	2^2*3^4*5^8
6991	126594048	198	2^10*3^1*7^2*29^2
6992	126595872	270	2^5*3^4*13^2*17^2
6993	126672012	90	2^2*3^5*19^4
6994	126750000	210	2^4*3^1*5^6*13^2
6995	126759735	108	3^5*5^1*17^2*19^2
6996	126849624	120	2^3*3^1*11^4*19^2
6997	126877696	63	2^20*11^2
6998	126960000	240	2^7*3^1*5^4*23^2
6999	127012900	135	2^2*5^2*7^4*23^2
7000	127020960	324	2^5*3^8*5^1*11^2
7001	127035441	45	3^2*13^2*17^4
7002	127196160	396	2^10*3^1*5^1*7^2*13^2
7003	127201250	90	2^1*5^4*11^2*29^2
7004	127360800	486	2^5*3^2*5^2*7^2*19^2
7005	127373796	189	2^2*3^6*11^2*19^2
7006	127401984	120	2^19*3^5
7007	127413867	42	3^1*7^6*19^2
7008	127449000	432	2^3*3^2*5^3*7^2*17^2
7009	127545840	140	2^4*3^13*5^1
7010	127552392	84	2^3*3^2*11^6
7011	127726875	90	3^5*5^4*29^2
7012	127803025	81	5^2*7^2*17^2*19^2
7013	127806250	108	2^1*5^5*11^2*13^2
7014	127844352	180	2^14*3^3*17^2
7015	127900134	72	2^1*3^11*19^2
7016	127916100	243	2^2*3^2*5^2*13^2*29^2
7017	128000000	98	2^13*5^6
7018	128066400	648	2^5*3^3*5^2*7^2*11^2
7019	128079468	120	2^2*3^7*11^4
7020	128119761	63	3^2*7^6*11^2
7021	128128032	162	2^5*3^2*23^2*29^2
7022	128256128	216	2^7*7^2*11^2*13^2
7023	128288256	100	2^9*3^1*17^4
7024	128334375	108	3^5*5^5*13^2
7025	128422140	324	2^2*3^1*5^1*7^2*11^2*19^2
7026	128450560	120	2^19*5^1*7^2
7027	128511075	162	3^1*5^2*7^2*11^2*17^2
7028	128572921	27	17^2*23^2*29^2
7029	128595600	405	2^4*3^8*5^2*7^2
7030	128608722	78	2^1*3^12*11^2
7031	128737440	324	2^5*3^2*5^1*13^2*23^2
7032	128786112	378	2^6*3^5*7^2*13^2
7033	128904075	108	3^3*5^2*19^2*23^2
7034	128952810	252	2^1*3^6*5^1*7^2*19^2
7035	129095044	81	2^2*13^2*19^2*23^2
7036	129140163	18	3^17
7037	129177600	216	2^11*3^1*5^2*29^2
7038	129231424	105	2^6*7^4*29^2
7039	129233286	216	2^1*3^3*7^2*13^2*17^2
7040	129390625	63	5^6*7^2*13^2
7041	129600000	300	2^9*3^4*5^5
7042	129605000	180	2^3*5^4*7^2*23^2
7043	129618225	135	3^4*5^2*11^2*23^2
7044	129654000	400	2^4*3^3*5^3*7^4
7045	129810252	162	2^2*3^1*11^2*13^2*23^2
7046	129960000	315	2^6*3^2*5^4*19^2
7047	130007040	180	2^14*3^1*5^1*23^2
7048	130014150	180	2^1*3^1*5^2*7^4*19^2
7049	130056192	240	2^15*3^4*7^2
7050	130321000	80	2^3*5^3*19^4
7051	130323843	28	3^3*13^6
7052	130346658	126	2^1*3^6*13^2*23^2
7053	130411250	90	2^1*5^4*17^2*19^2
7054	130507776	297	2^10*3^2*7^2*17^2
7055	130680000	420	2^6*3^3*5^4*11^2
7056	130734450	270	2^1*3^2*5^2*7^4*11^2
7057	130797366	108	2^1*3^1*7^2*23^2*29^2
7058	130873600	243	2^8*5^2*11^2*13^2
7059	130960928	90	2^5*7^2*17^4
7060	131090432	108	2^11*11^2*23^2
7061	131133750	180	2^1*3^1*5^4*11^2*17^2
7062	131155632	180	2^4*3^3*19^2*29^2
7063	131220000	270	2^5*3^8*5^4
7064	131246460	216	2^2*3^3*5^1*17^2*29^2
7065	131274675	120	3^7*5^2*7^4
7066	131406250	48	2^1*5^7*29^2
7067	131414400	432	2^7*3^5*5^2*13^2
7068	131469156	225	2^2*3^4*7^4*13^2
7069	131609088	150	2^9*3^2*13^4
7070	131632128	198	2^10*3^5*23^2
7071	131675625	105	3^6*5^4*17^2
7072	131769000	240	2^3*3^2*5^3*11^4
7073	131779440	360	2^4*3^3*5^1*13^2*19^2
7074	131868800	216	2^7*5^2*7^2*29^2
7075	131870700	324	2^2*3^3*5^2*13^2*17^2
7076	131882256	225	2^4*3^4*11^2*29^2
7077	132031250	54	2^1*5^8*13^2
7078	132066064	75	2^4*13^4*17^2
7079	132089184	216	2^5*3^3*17^2*23^2
7080	132135025	45	5^2*11^4*19^2
7081	132145494	60	2^1*3^1*13^2*19^4
7082	132250000	105	2^4*5^6*23^2
7083	132313500	288	2^2*3^7*5^3*11^2
7084	132427224	120	2^3*3^9*29^2
7085	132496000	288	2^7*5^3*7^2*13^2
7086	132547827	30	3^1*17^4*23^2
7087	132667500	270	2^2*3^1*5^4*7^2*19^2
7088	132710400	255	2^16*3^4*5^2
7089	132759375	108	3^1*5^5*7^2*17^2
7090	132765696	240	2^11*3^3*7^4
7091	132860250	104	2^1*3^12*5^3
7092	132867075	42	3^1*5^2*11^6
7093	132877602	162	2^1*3^2*11^2*13^2*19^2
7094	132907008	114	2^18*3^1*13^2
7095	133079040	252	2^13*3^2*5^1*19^2
7096	133171200	324	2^11*3^2*5^2*17^2
7097	133226688	210	2^6*3^1*7^4*17^2
7098	133402500	405	2^2*3^2*5^4*7^2*11^2
7099	133426683	72	3^7*13^2*19^2
7100	133448704	55	2^10*19^4
7101	133466700	162	2^2*3^1*5^2*23^2*29^2
7102	133517160	360	2^3*3^4*5^1*7^2*29^2
7103	133613766	120	2^1*3^3*11^4*13^2
7104	133633600	105	2^6*5^2*17^4
7105	133888041	81	3^2*7^2*19^2*29^2
7106	133953750	240	2^1*3^7*5^4*7^2
7107	134101500	216	2^2*3^1*5^3*13^2*23^2
7108	134152200	540	2^3*3^4*5^2*7^2*13^2
7109	134165889	81	3^8*11^2*13^2
7110	134188032	198	2^10*3^1*11^2*19^2
7111	134217728	28	2^27
7112	134280960	324	2^8*3^1*5^1*11^2*17^2
7113	134350944	180	2^5*3^1*7^2*13^4
7114	134374464	315	2^6*3^4*7^2*23^2
7115	134560000	135	2^8*5^4*29^2
7116	134629803	108	3^3*7^2*11^2*29^2
7117	134742528	210	2^9*3^6*19^2
7118	134835840	336	2^7*3^6*5^1*17^2
7119	134841042	162	2^1*3^2*7^2*17^2*23^2
7120	134931456	165	2^10*3^2*11^4
7121	135000000	224	2^6*3^3*5^7
7122	135056250	180	2^1*3^2*5^5*7^4
7123	135210384	225	2^4*3^4*17^2*19^2
7124	135270135	216	3^3*5^1*7^2*11^2*13^2
7125	135375000	168	2^3*3^1*5^6*19^2
7126	135399968	90	2^5*11^4*17^2
7127	135424000	144	2^11*5^3*23^2
7128	135443044	45	2^2*11^2*23^4
7129	135475200	468	2^12*3^3*5^2*7^2
7130	135489024	240	2^9*3^7*11^2
7131	135531648	168	2^7*3^2*7^6
7132	135675904	135	2^14*7^2*13^2
7133	135797952	70	2^6*3^1*29^4
7134	135945600	432	2^7*3^1*5^2*7^2*17^2
7135	135959472	270	2^4*3^5*11^2*17^2
7136	135978921	45	3^2*13^4*23^2
7137	136002244	63	2^2*7^6*17^2
7138	136002726	60	2^1*3^5*23^4
7139	136048896	117	2^8*3^12
7140	136125000	252	2^3*3^2*5^6*11^2
7141	136443840	252	2^6*3^1*5^1*13^2*29^2
7142	136521288	132	2^3*3^10*17^2
7143	136604160	540	2^9*3^2*5^1*7^2*11^2
7144	136620450	162	2^1*3^2*5^2*19^2*29^2
7145	136687500	168	2^2*3^7*5^6
7146	136890000	375	2^4*3^4*5^4*13^2
7147	136983616	189	2^6*7^2*11^2*19^2
7148	137092800	210	2^6*3^1*5^2*13^4
7149	137116800	360	2^7*3^4*5^2*23^2
7150	137122090	60	2^1*5^1*7^2*23^4
7151	137149922	50	2^1*7^4*13^4
7152	137168640	432	2^8*3^7*5^1*7^2
7153	137173932	180	2^2*3^3*7^4*23^2
7154	137259375	60	3^1*5^5*11^4
7155	137270250	216	2^1*3^2*5^3*13^2*19^2
7156	137319936	180	2^9*3^1*13^2*23^2
7157	137377350	216	2^1*3^3*5^2*11^2*29^2
7158	137549664	324	2^5*3^5*7^2*19^2
7159	137580872	108	2^3*11^2*13^2*29^2
7160	137592900	243	2^2*3^2*5^2*17^2*23^2
7161	137742528	210	2^6*3^1*7^2*11^4
7162	137789440	96	2^15*5^1*29^2
7163	137879618	30	2^1*19^4*23^2
7164	137945025	81	3^8*5^2*29^2
7165	138027267	108	3^3*7^2*17^2*19^2
7166	138149388	162	2^2*3^5*13^2*29^2
7167	138235240	120	2^3*5^1*11^2*13^4
7168	138240000	280	2^13*3^3*5^4
7169	138259440	360	2^4*3^3*5^1*11^2*23^2
7170	138297600	405	2^8*3^2*5^2*7^4
7171	138311712	378	2^5*3^6*7^2*11^2
7172	138355224	72	2^3*3^1*7^8
7173	138444800	144	2^15*5^2*13^2
7174	138624000	264	2^10*3^1*5^3*19^2
7175	138627076	45	2^2*7^2*29^4
7176	138643494	108	2^1*3^1*11^2*19^2*23^2
7177	138674176	57	2^18*23^2
7178	138681760	180	2^5*5^1*7^4*19^2
7179	138720000	270	2^8*3^1*5^4*17^2
7180	138777800	180	2^3*5^2*7^4*17^2
7181	138791961	135	3^4*7^2*11^2*17^2
7182	138806460	180	2^2*3^5*5^1*13^4
7183	138830760	216	2^3*3^8*5^1*23^2
7184	138883248	180	2^4*3^11*7^2
7185	139080375	144	3^3*5^3*7^2*29^2
7186	139216401	63	3^6*19^2*23^2
7187	139411602	90	2^1*3^2*11^4*23^2
7188	139511808	180	2^11*3^4*29^2
7189	139741875	180	3^3*5^4*7^2*13^2
7190	139779200	216	2^7*5^2*11^2*19^2
7191	139876000	216	2^5*5^3*11^2*17^2
7192	139948900	135	2^2*5^2*7^2*13^4
7193	139973400	432	2^3*3^3*5^2*7^2*23^2
7194	139987683	72	3^7*11^2*23^2
7195	139996224	189	2^6*3^2*17^2*29^2
7196	140175360	360	2^11*3^4*5^1*13^2
7197	140180768	162	2^5*7^2*13^2*23^2
7198	140356800	378	2^6*3^5*5^2*19^2
7199	140362215	108	3^1*5^1*7^2*19^2*23^2
7200	140415282	150	2^1*3^4*7^4*19^2
7201	140454000	360	2^4*3^5*5^3*17^2
7202	140482322	30	2^1*17^4*29^2
7203	140553600	240	2^7*3^1*5^2*11^4
7204	140564736	243	2^8*3^2*13^2*19^2
7205	140612164	75	2^2*7^4*11^4
7206	140625000	120	2^3*3^2*5^9
7207	140844150	216	2^1*3^3*5^2*17^2*19^2
7208	141015625	27	5^8*19^2
7209	141052808	108	2^3*13^2*17^2*19^2
7210	141120000	450	2^9*3^2*5^4*7^2
7211	141134400	441	2^6*3^6*5^2*11^2
7212	141137643	14	3^1*19^6
7213	141150490	60	2^1*5^1*13^2*17^4
7214	141178800	210	2^4*3^1*5^2*7^6
7215	141193206	180	2^1*3^5*7^4*11^2
7216	141343488	324	2^8*3^3*11^2*13^2
7217	141456200	60	2^3*5^2*29^4
7218	141526440	360	2^3*3^4*5^1*11^2*19^2
7219	141557760	168	2^20*3^3*5^1
7220	141610000	225	2^4*5^4*7^2*17^2
7221	141624450	270	2^1*3^4*5^2*11^2*17^2
7222	141717600	216	2^5*3^11*5^2
7223	141776649	55	3^10*7^4
7224	141796875	54	3^1*5^8*11^2
7225	141834264	216	2^3*3^1*11^2*13^2*17^2
7226	141879387	30	3^1*13^2*23^4
7227	141919569	45	3^2*11^2*19^4
7228	141927552	216	2^7*3^8*13^2
7229	141950976	108	2^17*3^1*19^2
7230	142111260	180	2^2*3^9*5^1*19^2
7231	142129000	144	2^3*5^3*13^2*29^2
7232	142209675	90	3^9*5^2*17^2
7233	142296000	504	2^6*3^1*5^3*7^2*11^2
7234	142355290	84	2^1*5^1*7^6*11^2
7235	142418304	288	2^7*3^3*7^2*29^2
7236	142420356	189	2^2*3^6*13^2*17^2
7237	142593750	168	2^1*3^3*5^6*13^2
7238	142705827	60	3^3*11^4*19^2
7239	142737408	162	2^17*3^2*11^2
7240	142805000	100	2^3*5^4*13^4
7241	142830000	300	2^4*3^3*5^4*23^2
7242	142884000	504	2^5*3^6*5^3*7^2
7243	142912812	162	2^2*3^1*7^2*17^2*29^2
7244	142943535	84	3^5*5^1*7^6
7245	143041600	189	2^6*5^2*13^2*23^2
7246	143233024	117	2^12*11^2*17^2
7247	143278592	50	2^9*23^4
7248	143280900	405	2^2*3^4*5^2*7^2*19^2
7249	143327232	136	2^16*3^7
7250	143481800	180	2^3*5^2*7^2*11^4
7251	143493168	270	2^4*3^1*7^2*13^2*19^2
7252	143496441	35	3^4*11^6
7253	143592540	324	2^2*3^1*5^1*7^2*13^2*17^2
7254	143824896	216	2^11*3^5*17^2
7255	144000000	231	2^10*3^2*5^6
7256	144020250	216	2^1*3^2*5^3*11^2*23^2
7257	144060000	300	2^5*3^1*5^4*7^4
7258	144074700	486	2^2*3^5*5^2*7^2*11^2
7259	144118806	60	2^1*3^1*13^4*29^2
7260	144120025	27	5^2*7^8
7261	144144036	135	2^2*3^4*23^2*29^2
7262	144288144	405	2^4*3^2*7^2*11^2*13^2
7263	144324288	140	2^6*3^3*17^4
7264	144400000	144	2^7*5^5*19^2
7265	144500000	126	2^5*5^6*17^2
7266	144615375	96	3^7*5^3*23^2
7267	144670050	198	2^1*3^10*5^2*7^2
7268	144825414	28	2^1*3^1*17^6
7269	144884376	288	2^3*3^7*7^2*13^2
7270	144908288	126	2^13*7^2*19^2
7271	145008640	216	2^11*5^1*7^2*17^2
7272	145324800	324	2^8*3^3*5^2*29^2
7273	145385352	180	2^3*3^2*7^4*29^2
7274	145540096	99	2^10*13^2*29^2
7275	145711104	252	2^13*3^1*7^2*11^2
7276	145805625	135	3^2*5^4*7^2*23^2
7277	145829400	216	2^3*3^1*5^2*17^2*29^2
7278	146016000	432	2^8*3^3*5^3*13^2
7279	146076840	360	2^3*3^2*5^1*7^4*13^2
7280	146205000	300	2^3*3^4*5^4*19^2
7281	146306250	180	2^1*3^4*5^5*17^2
7282	146313216	273	2^12*3^6*7^2
7283	146410000	125	2^4*5^4*11^4
7284	146421600	324	2^5*3^1*5^2*13^2*19^2
7285	146482609	45	7^4*13^2*19^2
7286	146484375	24	3^1*5^11
7287	146535840	324	2^5*3^2*5^1*11^2*29^2
7288	146664192	162	2^8*3^1*19^2*23^2
7289	146765760	252	2^6*3^1*5^1*17^2*23^2
7290	146821248	360	2^7*3^4*7^2*17^2
7291	146942884	81	2^2*11^2*19^2*29^2
7292	147000000	294	2^6*3^1*5^6*7^2
7293	147015000	360	2^3*3^5*5^4*11^2
7294	147061250	70	2^1*5^4*7^6
7295	147141360	240	2^4*3^7*5^1*29^2
7296	147232800	486	2^5*3^2*5^2*11^2*13^2
7297	147294147	90	3^1*7^4*11^2*13^2
7298	147331044	135	2^2*3^2*7^2*17^4
7299	147423375	144	3^3*5^3*11^2*19^2
7300	147456000	216	2^17*3^2*5^3
7301	147476736	243	2^8*3^2*11^2*23^2
7302	147517440	260	2^12*3^1*5^1*7^4
7303	147550086	108	2^1*3^5*19^2*29^2
7304	147622500	165	2^2*3^10*5^4
7305	147744025	81	5^2*11^2*13^2*17^2
7306	147756972	90	2^2*3^1*11^4*29^2
7307	147841200	360	2^4*3^7*5^2*13^2
7308	147865600	135	2^14*5^2*19^2
7309	147988808	108	2^3*11^2*17^2*23^2
7310	148035889	7	23^6
7311	148060224	175	2^6*3^4*13^4
7312	148086144	192	2^7*3^7*23^2
7313	148225000	216	2^3*5^5*7^2*11^2
7314	148352400	405	2^4*3^2*5^2*7^2*29^2
7315	148367538	126	2^1*3^6*11^2*29^2
7316	148459740	180	2^2*3^1*5^1*11^4*13^2
7317	148574322	90	2^1*3^2*13^4*17^2
7318	148600332	162	2^2*3^5*17^2*23^2
7319	148684800	270	2^14*3^1*5^2*11^2
7320	148746752	150	2^9*7^4*11^2
7321	148764490	108	2^1*5^1*7^2*19^2*29^2
7322	148781250	126	2^1*3^2*5^6*23^2
7323	148837500	324	2^2*3^5*5^5*7^2
7324	148980627	36	3^11*29^2
7325	149073210	252	2^1*3^6*5^1*11^2*13^2
7326	149299200	294	2^13*3^6*5^2
7327	149304960	432	2^7*3^2*5^1*7^2*23^2
7328	149361408	270	2^8*3^5*7^4
7329	149472050	162	2^1*5^2*7^2*13^2*19^2
7330	149520384	192	2^15*3^3*13^2
7331	149689215	72	3^11*5^1*13^2
7332	149719696	135	2^4*7^2*19^2*23^2
7333	149817600	405	2^8*3^4*5^2*17^2
7334	149880024	240	2^3*3^3*7^4*17^2
7335	149923840	120	2^11*5^1*11^4
7336	150000000	144	2^7*3^1*5^8
7337	150039552	198	2^10*3^1*13^2*17^2
7338	150062500	105	2^2*5^6*7^4
7339	150129792	120	2^7*3^2*19^4
7340	150233760	324	2^5*3^2*5^1*17^2*19^2
7341	150300150	324	2^1*3^1*5^2*7^2*11^2*13^2
7342	150337800	180	2^3*3^2*5^2*17^4
7343	150372482	54	2^1*13^2*23^2*29^2
7344	150543360	396	2^10*3^5*5^1*11^2
7345	150549168	270	2^4*3^1*7^2*11^2*23^2
7346	150651076	45	2^2*17^2*19^4
7347	150921225	189	3^6*5^2*7^2*13^2
7348	150961536	288	2^7*3^3*11^2*19^2
7349	150994944	75	2^24*3^2
7350	151087690	60	2^1*5^1*13^4*23^2
7351	151114140	120	2^2*3^3*5^1*23^4
7352	151144812	180	2^2*3^3*7^2*13^4
7353	151165440	220	2^9*3^10*5^1
7354	151171272	252	2^3*3^6*7^2*23^2
7355	151380000	270	2^5*3^2*5^4*29^2
7356	151443075	90	3^1*5^2*7^4*29^2
7357	151485708	162	2^2*3^1*11^2*17^2*19^2
7358	151519232	60	2^19*17^2
7359	151585344	189	2^6*3^8*19^2
7360	151590615	60	3^1*5^1*11^2*17^4
7361	151782400	297	2^10*5^2*7^2*11^2
7362	151797888	200	2^7*3^4*11^4
7363	151905625	45	5^4*17^2*29^2
7364	152100000	324	2^5*3^2*5^5*13^2
7365	152111682	126	2^1*3^6*17^2*19^2
7366	152163375	120	3^1*5^3*7^4*13^2
7367	152296875	84	3^3*5^6*19^2
7368	152324964	135	2^2*3^2*11^4*17^2
7369	152409600	540	2^9*3^5*5^2*7^2
7370	152425152	210	2^6*3^9*11^2
7371	152473104	175	2^4*3^4*7^6
7372	152522500	135	2^2*5^4*13^2*19^2
7373	152635392	324	2^11*3^2*7^2*13^2
7374	152641500	216	2^2*3^1*5^3*11^2*29^2
7375	152772696	80	2^3*3^3*29^4
7376	152775200	162	2^5*5^2*19^2*23^2
7377	152832960	504	2^6*3^3*5^1*7^2*19^2
7378	152881000	144	2^3*5^3*17^2*23^2
7379	152938800	540	2^4*3^3*5^2*7^2*17^2
7380	152954406	144	2^1*3^7*11^2*17^2
7381	153055008	90	2^5*3^14
7382	153125000	108	2^3*5^8*7^2
7383	153140625	105	3^4*5^6*11^2
7384	153165376	189	2^6*7^2*13^2*17^2
7385	153257496	120	2^3*3^1*7^2*19^4
7386	153272250	168	2^1*3^6*5^3*29^2
7387	153367500	270	2^2*3^1*5^4*11^2*13^2
7388	153586449	39	3^12*17^2
7389	153600000	180	2^14*3^1*5^5
7390	153621600	324	2^5*3^1*5^2*11^2*23^2
7391	153664000	200	2^9*5^3*7^4
7392	153685609	45	7^4*11^2*23^2
7393	153925707	54	3^1*13^2*19^2*29^2
7394	154001250	210	2^1*3^6*5^4*13^2
7395	154106568	324	2^3*3^2*7^2*11^2*19^2
7396	154140672	126	2^20*3^1*7^2
7397	154213290	324	2^1*3^2*5^1*7^2*11^2*17^2
7398	154229400	240	2^3*3^3*5^2*13^4
7399	154256400	315	2^4*3^6*5^2*23^2
7400	154457888	42	2^5*13^6
7401	154484928	252	2^6*3^3*13^2*23^2
7402	154533750	180	2^1*3^1*5^4*7^2*29^2
7403	154657815	60	3^1*5^1*13^4*19^2
7404	154684890	180	2^1*3^4*5^1*19^2*23^2
7405	154743372	216	2^2*3^7*7^2*19^2
7406	154778481	81	3^2*11^2*13^2*29^2
7407	154850535	144	3^7*5^1*7^2*17^2
7408	154880000	180	2^11*5^4*11^2
7409	154960344	240	2^3*3^3*7^2*11^4
7410	155021334	108	2^1*3^1*13^2*17^2*23^2
7411	155443712	90	2^9*19^2*29^2
7412	155520000	330	2^10*3^5*5^4
7413	155526000	360	2^4*3^1*5^3*7^2*23^2
7414	155551360	144	2^7*5^1*17^2*29^2
7415	155584800	450	2^5*3^4*5^2*7^4
7416	155600676	243	2^2*3^8*7^2*11^2
7417	155649627	36	3^3*7^8
7418	155750400	351	2^12*3^2*5^2*13^2
7419	155815296	240	2^7*3^1*7^4*13^2
7420	156008448	144	2^15*3^2*23^2
7421	156060000	360	2^5*3^3*5^4*17^2
7422	156125025	135	3^2*5^2*7^4*17^2
7423	156183040	180	2^9*5^1*13^2*19^2
7424	156243654	84	2^1*3^13*7^2
7425	156250000	55	2^4*5^10
7426	156291200	216	2^7*5^2*13^2*17^2
7427	156304896	180	2^9*3^1*11^2*29^2
7428	156385200	150	2^4*3^1*5^2*19^4
7429	156493500	216	2^2*3^1*5^3*17^2*19^2
7430	156550144	99	2^10*17^2*23^2
7431	156601875	50	3^1*5^4*17^4
7432	156816000	480	2^7*3^4*5^3*11^2
7433	156822050	162	2^1*5^2*7^2*11^2*23^2
7434	156881340	360	2^2*3^3*5^1*7^4*11^2
7435	156950784	189	2^8*3^6*29^2
7436	157251600	405	2^4*3^2*5^2*11^2*19^2
7437	157286400	132	2^21*3^1*5^2
7438	157351936	85	2^16*7^4
7439	157464000	280	2^6*3^9*5^3
7440	157470075	162	3^5*5^2*7^2*23^2
7441	157495752	180	2^3*3^4*17^2*29^2
7442	157529610	180	2^1*3^8*5^1*7^4
7443	157687500	126	2^2*3^1*5^6*29^2
7444	157688410	60	2^1*5^1*11^2*19^4
7445	157703364	243	2^2*3^2*7^2*13^2*23^2
7446	157901400	288	2^3*3^7*5^2*19^2
7447	158122800	300	2^4*3^3*5^2*11^4
7448	158135328	270	2^5*3^4*13^2*19^2
7449	158242560	324	2^8*3^1*5^1*7^2*29^2
7450	158244840	360	2^3*3^4*5^1*13^2*17^2
7451	158340015	60	3^5*5^1*19^4
7452	158357056	105	2^6*11^4*13^2
7453	158437500	144	2^2*3^1*5^7*13^2
7454	158684409	81	3^2*13^2*17^2*19^2
7455	158760000	525	2^6*3^4*5^4*7^2
7456	158776200	324	2^3*3^8*5^2*11^2
7457	158826150	168	2^1*3^3*5^2*7^6
7458	158995200	486	2^8*3^1*5^2*7^2*13^2
7459	159011424	324	2^5*3^5*11^2*13^2
7460	159061448	84	2^3*7^6*13^2
7461	159138225	45	3^2*5^2*29^4
7462	159201000	432	2^3*3^2*5^3*7^2*19^2
7463	159258624	216	2^11*3^1*7^2*23^2
7464	159311250	270	2^1*3^2*5^4*7^2*17^2
7465	159432300	126	2^2*3^13*5^2
7466	159440490	84	2^1*3^2*5^1*11^6
7467	159561248	162	2^5*7^2*11^2*29^2
7468	159563547	108	3^3*11^2*13^2*17^2
7469	159643225	45	5^2*7^2*19^4
7470	159668496	165	2^4*3^10*13^2
7471	159694848	180	2^14*3^3*19^2
7472	159805440	312	2^12*3^3*5^1*17^2
7473	160000000	96	2^11*5^7
7474	160022500	135	2^2*5^4*11^2*23^2
7475	160099335	80	3^7*5^1*11^4
7476	160160040	216	2^3*3^2*5^1*23^2*29^2
7477	160220592	270	2^4*3^5*7^2*29^2
7478	160249344	180	2^9*3^1*17^2*19^2
7479	160320160	324	2^5*5^1*7^2*11^2*13^2
7480	160527675	162	3^1*5^2*7^2*11^2*19^2
7481	160563200	162	2^17*5^2*7^2
7482	160579584	225	2^14*3^4*11^2
7483	160604929	27	19^2*23^2*29^2
7484	160655625	75	3^2*5^4*13^4
7485	160683750	180	2^1*3^5*5^4*23^2
7486	160921800	324	2^3*3^2*5^2*13^2*23^2
7487	160982640	540	2^4*3^5*5^1*7^2*13^2
7488	161137152	270	2^9*3^2*11^2*17^2
7489	161188416	105	2^6*3^2*23^4
7490	161243136	140	2^13*3^9
7491	161417025	135	3^2*5^2*7^2*11^4
7492	161429814	216	2^1*3^3*7^2*13^2*19^2
7493	161494707	54	3^1*11^2*23^2*29^2
7494	161696656	75	2^4*11^2*17^4
7495	161748098	30	2^1*17^2*23^4
7496	161803008	216	2^8*3^7*17^2
7497	162000000	280	2^7*3^4*5^6
7498	162006250	108	2^1*5^5*7^2*23^2
7499	162067500	300	2^2*3^3*5^4*7^4
7500	162240000	300	2^9*3^1*5^4*13^2
7501	162262815	108	3^1*5^1*11^2*13^2*23^2
7502	162307600	225	2^4*5^2*7^4*13^2
7503	162324162	270	2^1*3^4*7^2*11^2*13^2
7504	162364824	120	2^3*3^5*17^4
7505	162508800	234	2^12*3^1*5^2*23^2
7506	162562500	189	2^2*3^2*5^6*17^2
7507	162570240	420	2^13*3^4*5^1*7^2
7508	162576512	120	2^7*7^4*23^2
7509	162817600	189	2^6*5^2*11^2*29^2
7510	162901250	50	2^1*5^4*19^4
7511	162994923	90	3^9*7^2*13^2
7512	163021824	297	2^10*3^2*7^2*19^2
7513	163350000	360	2^4*3^3*5^5*11^2
7514	163490400	324	2^5*3^5*5^2*29^2
7515	163558521	75	3^4*7^4*29^2
7516	163587872	162	2^5*7^2*17^2*19^2
7517	163701160	120	2^3*5^1*7^2*17^4
7518	163732608	216	2^7*3^2*13^2*29^2
7519	163803750	180	2^1*3^1*5^4*11^2*19^2
7520	163840000	95	2^18*5^4
7521	163863040	180	2^9*5^1*11^2*23^2
7522	163924992	396	2^10*3^3*7^2*11^2
7523	163944540	216	2^2*3^3*5^1*19^2*29^2
7524	164025000	216	2^3*3^8*5^5
7525	164058075	108	3^3*5^2*17^2*29^2
7526	164301124	81	2^2*13^2*17^2*29^2
7527	164480625	105	3^6*5^4*19^2
7528	164494176	324	2^5*3^1*7^2*11^2*17^2
7529	164511360	240	2^7*3^2*5^1*13^4
7530	164540160	324	2^8*3^5*5^1*23^2
7531	164546508	90	2^2*3^1*7^2*23^4
7532	164602368	270	2^9*3^8*7^2
7533	164711250	150	2^1*3^2*5^4*11^4
7534	164724300	324	2^2*3^3*5^2*13^2*19^2
7535	164836000	216	2^5*5^3*7^2*29^2
7536	164838375	144	3^3*5^3*13^2*17^2
7537	164968336	75	2^4*13^4*19^2
7538	164997216	216	2^5*3^3*19^2*23^2
7539	165173904	315	2^4*3^6*7^2*17^2
7540	165347328	102	2^16*3^1*29^2
7541	165375000	336	2^3*3^3*5^6*7^2
7542	165391875	120	3^7*5^4*11^2
7543	165570123	54	3^1*17^2*19^2*23^2
7544	165620000	270	2^5*5^4*7^2*13^2
7545	165636900	405	2^2*3^4*5^2*11^2*13^2
7546	165834375	108	3^1*5^5*7^2*19^2
7547	165882288	150	2^4*3^1*11^2*13^4
7548	165894400	243	2^8*5^2*7^2*23^2
7549	165911328	270	2^5*3^4*11^2*23^2
7550	166133760	204	2^16*3^1*5^1*13^2
7551	166321350	180	2^1*3^9*5^2*13^2
7552	166348800	324	2^11*3^2*5^2*19^2
7553	166418112	210	2^6*3^1*7^4*19^2
7554	166464000	360	2^9*3^2*5^3*17^2
7555	166487409	81	3^2*11^2*17^2*23^2
7556	166533360	300	2^4*3^1*5^1*7^4*17^2
7557	166567752	140	2^3*3^6*13^4
7558	166596912	150	2^4*3^9*23^2
7559	166833375	72	3^1*5^3*23^2*29^2
7560	166896450	270	2^1*3^4*5^2*7^2*29^2
7561	166926400	189	2^6*5^2*17^2*19^2
7562	167143704	216	2^3*3^1*7^2*13^2*29^2
7563	167270400	432	2^11*3^3*5^2*11^2
7564	167340096	315	2^6*3^2*7^4*11^2
7565	167518208	126	2^13*11^2*13^2
7566	167626875	90	3^1*5^4*13^2*23^2
7567	167690250	360	2^1*3^4*5^3*7^2*13^2
7568	167735040	324	2^8*3^1*5^1*11^2*19^2
7569	167772160	52	2^25*5^1
7570	167851200	378	2^6*3^1*5^2*11^2*17^2
7571	167904600	120	2^3*3^1*5^2*23^4
7572	167921138	90	2^1*7^4*11^2*17^2
7573	167961600	297	2^10*3^8*5^2
7574	168031584	240	2^5*3^7*7^4
7575	168210432	234	2^12*3^5*13^2
7576	168428160	336	2^7*3^6*5^1*19^2
7577	168434658	162	2^1*3^2*7^2*19^2*23^2
7578	168544800	378	2^5*3^6*5^2*17^2
7579	168615027	90	3^5*7^4*17^2
7580	168750000	180	2^4*3^3*5^8
7581	168792064	117	2^12*7^2*29^2
7582	168794496	288	2^7*3^3*13^2*17^2
7583	168896016	125	2^4*3^4*19^4
7584	169000000	147	2^6*5^6*13^2
7585	169130025	75	3^4*5^2*17^4
7586	169132832	90	2^5*11^4*19^2
7587	169249960	120	2^3*5^1*11^4*17^2
7588	169280000	150	2^9*5^4*23^2
7589	169338169	45	7^2*11^2*13^4
7590	169344000	528	2^10*3^3*5^3*7^2
7591	169367814	216	2^1*3^3*7^2*11^2*23^2
7592	169380588	90	2^2*3^1*13^2*17^4
7593	169414560	252	2^5*3^2*5^1*7^6
7594	169747440	100	2^4*3^1*5^1*29^4
7595	169814400	432	2^7*3^1*5^2*7^2*19^2
7596	169831728	270	2^4*3^5*11^2*19^2
7597	169869312	110	2^21*3^4
7598	169885156	63	2^2*7^6*19^2
7599	169949340	324	2^2*3^5*5^1*11^2*17^2
7600	170067681	81	3^8*7^2*23^2
7601	170069856	84	2^5*3^1*11^6
7602	170156250	144	2^1*3^2*5^7*11^2
7603	170302500	225	2^2*3^4*5^4*29^2
7604	170459136	153	2^16*3^2*17^2
7605	170533512	132	2^3*3^10*19^2
7606	170554800	270	2^4*3^1*5^2*13^2*29^2
7607	170651610	132	2^1*3^10*5^1*17^2
7608	170755200	648	2^7*3^2*5^2*7^2*11^2
7609	170772624	175	2^4*3^6*11^4
7610	170826348	126	2^2*3^1*7^6*11^2
7611	170837376	144	2^7*3^1*23^2*29^2
7612	170859375	64	3^7*5^7
7613	171051008	60	2^11*17^4
7614	171162002	30	2^1*11^2*29^4
7615	171348100	243	2^2*5^2*7^2*11^2*17^2
7616	171366000	200	2^4*3^1*5^3*13^4
7617	171396000	360	2^5*3^4*5^3*23^2
7618	171460800	504	2^6*3^7*5^2*7^2
7619	171467415	120	3^3*5^1*7^4*23^2
7620	171478296	144	2^3*3^11*11^2
7621	171532242	98	2^1*3^6*7^6
7622	171714816	405	2^8*3^4*7^2*13^2
7623	171869283	30	3^5*29^4
7624	171872100	243	2^2*3^2*5^2*19^2*23^2
7625	171976090	108	2^1*5^1*11^2*13^2*29^2
7626	172056150	324	2^1*3^5*5^2*7^2*17^2
7627	172178160	300	2^4*3^1*5^1*7^2*11^4
7628	172186884	51	2^2*3^16
7629	172236800	126	2^13*5^2*29^2
7630	172265625	81	3^2*5^8*7^2
7631	172311048	324	2^3*3^2*7^2*13^2*17^2
7632	172414683	60	3^3*7^2*19^4
7633	172686735	108	3^5*5^1*13^2*29^2
7634	172794050	90	2^1*5^2*11^2*13^4
7635	172824300	324	2^2*3^3*5^2*11^2*23^2
7636	172889640	504	2^3*3^6*5^1*7^2*11^2
7637	173056000	168	2^13*5^3*13^2
7638	173080336	135	2^4*11^2*13^2*23^2
7639	173280000	270	2^8*3^1*5^4*19^2
7640	173352200	180	2^3*5^2*7^4*19^2
7641	173369889	135	3^4*7^2*11^2*19^2
7642	173400000	252	2^6*3^1*5^5*17^2
7643	173408256	216	2^17*3^3*7^2
7644	173472250	120	2^1*5^3*7^4*17^2
7645	173508075	90	3^5*5^2*13^4
7646	173538450	162	2^1*3^8*5^2*23^2
7647	173604060	216	2^2*3^11*5^1*7^2
7648	173612978	42	2^1*7^2*11^6
7649	173765124	63	2^2*3^2*13^6
7650	173795544	216	2^3*3^5*13^2*23^2
7651	174010368	234	2^12*3^1*7^2*17^2
7652	174108025	81	5^2*7^2*13^2*29^2
7653	174240000	405	2^8*3^2*5^4*11^2
7654	174312600	360	2^3*3^1*5^2*7^4*11^2
7655	174330387	90	3^5*7^2*11^4
7656	174389760	300	2^9*3^4*5^1*29^2
7657	174396488	108	2^3*7^2*23^2*29^2
7658	174724000	216	2^5*5^3*11^2*19^2
7659	174845000	180	2^3*5^4*11^2*17^2
7660	174874176	189	2^6*3^2*19^2*29^2
7661	174900625	25	5^4*23^4
7662	174960000	320	2^7*3^7*5^4
7663	175032900	315	2^2*3^6*5^2*7^4
7664	175219200	450	2^9*3^4*5^2*13^2
7665	175225960	216	2^3*5^1*7^2*13^2*23^2
7666	175292208	300	2^4*3^3*7^4*13^2
7667	175446000	360	2^4*3^5*5^3*19^2
7668	175478784	120	2^11*3^1*13^4
7669	175481378	54	2^1*17^2*19^2*29^2
7670	175509504	195	2^12*3^4*23^2
7671	175567500	270	2^2*3^5*5^4*17^2
7672	175781250	66	2^1*3^2*5^10
7673	175827600	405	2^4*3^2*5^2*13^2*17^2
7674	175843008	252	2^6*3^3*11^2*29^2
7675	175933350	120	2^1*3^3*5^2*19^4
7676	176118912	216	2^7*3^2*17^2*23^2
7677	176193992	60	2^3*13^2*19^4
7678	176316010	108	2^1*5^1*13^2*17^2*19^2
7679	176400000	432	2^7*3^2*5^5*7^2
7680	176453574	108	2^1*3^1*11^2*17^2*29^2
7681	176473500	168	2^2*3^1*5^3*7^6
7682	176569632	162	2^5*3^8*29^2
7683	176679360	504	2^6*3^3*5^1*11^2*13^2
7684	176730436	45	2^2*17^4*23^2
7685	176820250	40	2^1*5^3*29^4
7686	176890000	225	2^4*5^4*7^2*19^2
7687	176908050	270	2^1*3^4*5^2*11^2*19^2
7688	176947200	228	2^18*3^3*5^2
7689	177020928	210	2^13*3^2*7^4
7690	177156100	63	2^2*5^2*11^6
7691	177170136	216	2^3*3^1*11^2*13^2*19^2
7692	177182721	63	3^6*17^2*29^2
7693	177209344	63	2^20*13^2
7694	177409440	324	2^5*3^8*5^1*13^2
7695	177561600	252	2^13*3^1*5^2*17^2
7696	177635584	135	2^8*7^4*17^2
7697	177639075	90	3^9*5^2*19^2
7698	177661250	90	2^1*5^4*13^2*29^2
7699	177870000	450	2^4*3^1*5^4*7^2*11^2
7700	177888150	180	2^1*3^5*5^2*11^4
7701	177902244	189	2^2*3^6*13^2*19^2
7702	177955600	135	2^4*5^2*23^2*29^2
7703	178151688	180	2^3*3^2*11^4*13^2
7704	178421760	288	2^15*3^2*5^1*11^2
7705	178506250	60	2^1*5^5*13^4
7706	178517388	162	2^2*3^1*7^2*19^2*29^2
7707	178537500	216	2^2*3^3*5^5*23^2
7708	178605000	420	2^3*3^6*5^4*7^2
7709	178623225	99	3^10*5^2*11^2
7710	178641015	108	3^1*5^1*7^2*17^2*29^2
7711	178869600	648	2^5*3^3*5^2*7^2*13^2
7712	178887852	216	2^2*3^7*11^2*13^2
7713	178917376	117	2^12*11^2*19^2
7714	178944129	63	3^2*7^6*13^2
7715	179098240	80	2^7*5^1*23^4
7716	179134592	120	2^7*7^2*13^4
7717	179159040	240	2^14*3^7*5^1
7718	179165952	324	2^8*3^3*7^2*23^2
7719	179352250	120	2^1*5^3*7^2*11^4
7720	179366460	324	2^2*3^1*5^1*7^2*13^2*19^2
7721	179490675	162	3^1*5^2*7^2*13^2*17^2
7722	179506404	243	2^2*3^2*7^2*11^2*29^2
7723	179627058	78	2^1*3^12*13^2
7724	179656704	216	2^11*3^5*19^2
7725	179788056	216	2^3*3^1*7^2*17^2*23^2
7726	179908608	130	2^12*3^1*11^4
7727	180093375	216	3^5*5^3*7^2*11^2
7728	180248166	144	2^1*3^7*7^2*29^2
7729	180280512	252	2^6*3^3*17^2*19^2
7730	180405360	200	2^4*3^3*5^1*17^4
7731	180500000	126	2^5*5^6*19^2
7732	180625000	96	2^3*5^7*17^2
7733	180633600	405	2^14*3^2*5^2*7^2
7734	180652032	252	2^11*3^6*11^2
7735	180708864	140	2^9*3^1*7^6
7736	180906486	60	2^1*3^1*17^4*19^2
7737	181037025	135	3^4*5^2*13^2*23^2
7738	181063936	45	2^8*29^4
7739	181135360	216	2^11*5^1*7^2*19^2
7740	181260800	270	2^9*5^2*7^2*17^2
7741	181279296	315	2^6*3^4*11^2*17^2
7742	181305228	90	2^2*3^1*13^4*23^2
7743	181336968	100	2^3*3^4*23^4
7744	181398528	132	2^10*3^11
7745	181500000	252	2^5*3^1*5^6*11^2
7746	181575625	75	5^4*7^4*11^2
7747	181656000	336	2^6*3^3*5^3*29^2
7748	181731690	180	2^1*3^2*5^1*7^4*29^2
7749	181908738	90	2^1*3^2*11^2*17^4
7750	182028384	180	2^5*3^9*17^2
7751	182160600	216	2^3*3^1*5^2*19^2*29^2
7752	182250000	245	2^4*3^6*5^6
7753	182520000	420	2^6*3^3*5^4*13^2
7754	182596050	270	2^1*3^2*5^2*7^4*13^2
7755	182660427	40	3^7*17^4
7756	182756250	180	2^1*3^4*5^5*19^2
7757	182790400	135	2^8*5^2*13^4
7758	182822400	360	2^9*3^3*5^2*23^2
7759	182898576	225	2^4*3^2*7^4*23^2
7760	183093248	108	2^11*13^2*23^2
7761	183153750	180	2^1*3^1*5^4*13^2*17^2
7762	183169800	324	2^3*3^2*5^2*11^2*29^2
7763	183330240	252	2^6*3^1*5^1*19^2*23^2
7764	183399552	360	2^7*3^4*7^2*19^2
7765	183457200	270	2^4*3^1*5^2*17^2*23^2
7766	183526560	540	2^5*3^4*5^1*7^2*17^2
7767	183656704	135	2^8*7^2*11^4
7768	183750000	240	2^4*3^1*5^7*7^2
7769	183926700	216	2^2*3^7*5^2*29^2
7770	184036356	243	2^2*3^2*7^2*17^2*19^2
7771	184041000	432	2^3*3^2*5^3*11^2*13^2
7772	184199184	225	2^4*3^4*13^2*29^2
7773	184320000	240	2^15*3^2*5^4
7774	184396800	330	2^10*3^1*5^2*7^4
7775	184415616	432	2^7*3^5*7^2*11^2
7776	184473632	54	2^5*7^8
7777	184552225	81	5^2*11^2*13^2*19^2
7778	184696215	60	3^1*5^1*11^4*29^2
7779	184801500	288	2^2*3^7*5^3*13^2
7780	184857992	108	2^3*11^2*19^2*23^2
7781	184960000	165	2^10*5^4*17^2
7782	184986010	108	2^1*5^1*11^2*17^2*23^2
7783	185055948	324	2^2*3^3*7^2*11^2*17^2
7784	185177664	231	2^6*3^10*7^2
7785	185281250	126	2^1*5^6*7^2*11^2
7786	185574675	90	3^1*5^2*11^4*13^2
7787	185589378	90	2^1*3^2*13^4*19^2
7788	185621868	162	2^2*3^5*19^2*23^2
7789	185750415	108	3^5*5^1*17^2*23^2
7790	185820642	162	2^1*3^8*7^2*17^2
7791	185856000	312	2^12*3^1*5^3*11^2
7792	185882136	120	2^3*3^1*11^4*23^2
7793	185933440	240	2^7*5^1*7^4*11^2
7794	186015744	168	2^13*3^3*29^2
7795	186046875	126	3^5*5^6*7^2
7796	186322500	405	2^2*3^2*5^4*7^2*13^2
7797	186617574	120	2^1*3^3*11^2*13^4
7798	186624000	336	2^11*3^6*5^3
7799	186631200	486	2^5*3^2*5^2*7^2*23^2
7800	186650244	189	2^2*3^6*11^2*23^2
7801	186661632	162	2^8*3^1*17^2*29^2
7802	186701760	420	2^6*3^5*5^1*7^4
7803	186708963	42	3^1*7^6*23^2
7804	187142400	405	2^8*3^4*5^2*19^2
7805	187220376	240	2^3*3^3*7^4*19^2
7806	187279225	81	5^2*7^2*17^2*23^2
7807	187388721	45	3^8*13^4
7808	187404800	150	2^9*5^2*11^4
7809	187419648	198	2^10*3^1*13^2*19^2
7810	187421526	72	2^1*3^11*23^2
7811	187549440	324	2^8*3^1*5^1*13^2*17^2
7812	187662240	180	2^5*3^2*5^1*19^4
7813	187792200	324	2^3*3^2*5^2*17^2*19^2
7814	187922250	120	2^1*3^2*5^3*17^4
7815	188036667	108	3^3*7^2*13^2*29^2
7816	188160000	360	2^11*3^1*5^4*7^2
7817	188179200	486	2^8*3^5*5^2*11^2
7818	188183524	21	2^2*19^6
7819	188186460	324	2^2*3^1*5^1*7^2*11^2*23^2
7820	188238400	147	2^6*5^2*7^6
7821	188257608	300	2^3*3^4*7^4*11^2
7822	188457984	297	2^10*3^2*11^2*13^2
7823	188832600	432	2^3*3^3*5^2*11^2*17^2
7824	188892675	60	3^3*5^2*23^4
7825	188931015	120	3^3*5^1*7^2*13^4
7826	188956800	264	2^7*3^10*5^2
7827	188964090	252	2^1*3^6*5^1*7^2*23^2
7828	189035532	150	2^2*3^9*7^4
7829	189062500	81	2^2*5^8*11^2
7830	189112352	162	2^5*11^2*13^2*17^2
7831	189172516	45	2^2*13^2*23^4
7832	189225000	216	2^3*3^2*5^5*29^2
7833	189226092	90	2^2*3^1*11^2*19^4
7834	189236736	240	2^9*3^7*13^2
7835	189267968	60	2^19*19^2
7836	189357135	108	3^1*5^1*11^2*17^2*19^2
7837	189399040	108	2^17*5^1*17^2
7838	189612900	243	2^2*3^8*5^2*17^2
7839	189747360	300	2^5*3^4*5^1*11^4
7840	189750625	45	5^4*19^2*29^2
7841	189843750	108	2^1*3^5*5^8
7842	189891072	270	2^9*3^2*7^2*29^2
7843	189893808	270	2^4*3^5*13^2*17^2
7844	190008018	70	2^1*3^6*19^4
7845	190125000	252	2^3*3^2*5^6*13^2
7846	190274436	135	2^2*3^2*11^4*19^2
7847	190316544	120	2^19*3^1*11^2
7848	190440000	315	2^6*3^2*5^4*23^2
7849	190519350	180	2^1*3^1*5^2*7^4*23^2
7850	190531440	300	2^4*3^9*5^1*11^2
7851	190550416	135	2^4*7^2*17^2*29^2
7852	190794240	540	2^9*3^2*5^1*7^2*13^2
7853	190801875	90	3^1*5^4*11^2*29^2
7854	190969000	144	2^3*5^3*19^2*23^2
7855	191041200	540	2^4*3^3*5^2*7^2*19^2
7856	191060694	144	2^1*3^7*11^2*19^2
7857	191101250	90	2^1*5^4*17^2*23^2
7858	191102976	133	2^18*3^6
7859	191173500	432	2^2*3^3*5^3*7^2*17^2
7860	191318760	120	2^3*3^14*5^1
7861	191324224	189	2^6*7^2*13^2*19^2
7862	191328588	84	2^2*3^3*11^6
7863	191406250	60	2^1*5^9*7^2
7864	191709375	108	3^1*5^5*11^2*13^2
7865	191766528	210	2^13*3^4*17^2
7866	191850201	39	3^12*19^2
7867	191874150	216	2^1*3^3*5^2*13^2*29^2
7868	192000000	182	2^12*3^1*5^6
7869	192080000	200	2^7*5^4*7^4
7870	192099600	675	2^4*3^4*5^2*7^2*11^2
7871	192119202	90	2^1*3^8*11^4
7872	192158408	60	2^3*13^4*29^2
7873	192192048	180	2^4*3^3*23^2*29^2
7874	192384192	378	2^6*3^1*7^2*11^2*13^2
7875	192432384	135	2^8*3^2*17^4
7876	192633210	324	2^1*3^2*5^1*7^2*11^2*19^2
7877	192675840	228	2^18*3^1*5^1*7^2
7878	192893400	360	2^3*3^9*5^2*7^2
7879	192913083	42	3^13*11^2
7880	193072360	56	2^3*5^1*13^6
7881	193100552	28	2^3*17^6
7882	193106160	360	2^4*3^3*5^1*13^2*23^2
7883	193179168	378	2^5*3^6*7^2*13^2
7884	193429215	144	3^7*5^1*7^2*19^2
7885	193600000	180	2^9*5^5*11^2
7886	193627225	45	5^2*11^4*23^2
7887	193642566	108	2^1*3^1*13^2*19^2*23^2
7888	193766400	297	2^10*3^2*5^2*29^2
7889	193847136	180	2^5*3^1*7^4*29^2
7890	193849929	135	3^4*7^2*13^2*17^2
7891	194281472	144	2^15*7^2*11^2
7892	194304640	144	2^7*5^1*19^2*29^2
7893	194400000	324	2^8*3^5*5^5
7894	194407500	270	2^2*3^1*5^4*7^2*23^2
7895	194439200	162	2^5*5^2*17^2*29^2
7896	194481000	400	2^3*3^4*5^3*7^4
7897	194715378	162	2^1*3^2*11^2*13^2*23^2
7898	194940000	360	2^5*3^3*5^4*19^2
7899	195010560	252	2^13*3^2*5^1*23^2
7900	195021225	135	3^2*5^2*7^4*19^2
7901	195084288	270	2^14*3^5*7^2
7902	195228800	216	2^7*5^2*13^2*19^2
7903	195364000	216	2^5*5^3*13^2*17^2
7904	195481500	120	2^2*3^1*5^3*19^4
7905	195519987	72	3^7*13^2*23^2
7906	195552256	99	2^10*19^2*23^2
7907	195616875	90	3^1*5^4*17^2*19^2
7908	195761664	360	2^9*3^3*7^2*17^2
7909	196000000	189	2^8*5^6*7^2
7910	196020000	450	2^5*3^4*5^4*11^2
7911	196101675	180	3^3*5^2*7^4*11^2
7912	196196049	81	3^2*7^2*23^2*29^2
7913	196310400	432	2^7*3^1*5^2*11^2*13^2
7914	196392196	135	2^2*7^4*11^2*13^2
7915	196441392	150	2^4*3^1*7^2*17^4
7916	196635648	198	2^10*3^1*11^2*23^2
7917	196700625	135	3^2*5^4*11^2*17^2
7918	196733448	180	2^3*3^4*19^2*29^2
7919	196830000	250	2^4*3^9*5^4
7920	196869690	180	2^1*3^4*5^1*17^2*29^2
7921	197009296	75	2^4*11^4*29^2
7922	197109375	48	3^1*5^7*29^2
7923	197121600	441	2^6*3^6*5^2*13^2
7924	197203734	180	2^1*3^5*7^4*13^2
7925	197413632	180	2^8*3^3*13^4
7926	197448192	210	2^9*3^6*23^2
7927	197653500	240	2^2*3^3*5^3*11^4
7928	197669160	360	2^3*3^4*5^1*13^2*19^2
7929	197803200	378	2^6*3^1*5^2*7^2*29^2
7930	197806050	270	2^1*3^4*5^2*13^2*17^2
7931	197823384	216	2^3*3^5*11^2*29^2
7932	197885618	42	2^1*7^6*29^2
7933	198046875	54	3^1*5^8*13^2
7934	198099096	120	2^3*3^1*13^4*17^2
7935	198133776	225	2^4*3^4*17^2*23^2
7936	198218241	45	3^2*13^2*19^4
7937	198246400	153	2^16*5^2*11^2
7938	198375000	168	2^3*3^1*5^6*23^2
7939	198470250	216	2^1*3^8*5^3*11^2
7940	198640836	99	2^2*3^10*29^2
7941	198744000	504	2^6*3^1*5^3*7^2*13^2
7942	198826810	84	2^1*5^1*7^6*13^2
7943	199001250	270	2^1*3^2*5^4*7^2*19^2
7944	199065600	288	2^15*3^5*5^2
7945	199148544	275	2^10*3^4*7^4
7946	199290375	56	3^13*5^3
7947	199316403	108	3^3*11^2*13^2*19^2
7948	199360512	162	2^17*3^2*13^2
7949	199451560	216	2^3*5^1*7^2*11^2*29^2
7950	199618560	312	2^12*3^3*5^1*19^2
7951	199756800	396	2^10*3^3*5^2*17^2
7952	199840032	270	2^5*3^2*7^4*17^2
7953	200000000	90	2^9*5^8
7954	200052736	117	2^12*13^2*17^2
7955	200103750	360	2^1*3^3*5^4*7^2*11^2
7956	200173056	100	2^9*3^1*19^4
7957	200200050	162	2^1*3^2*5^2*23^2*29^2
7958	200275740	324	2^2*3^5*5^1*7^2*29^2
7959	200400200	324	2^3*5^2*7^2*11^2*13^2
7960	200420649	75	3^4*11^4*13^2
7961	200450400	180	2^5*3^1*5^2*17^4
7962	200533921	25	7^4*17^4
7963	200704000	192	2^15*5^3*7^2
7964	200732224	189	2^6*7^2*11^2*23^2
7965	200930625	135	3^8*5^4*7^2
7966	201152250	216	2^1*3^2*5^3*13^2*23^2
7967	201228300	486	2^2*3^5*5^2*7^2*13^2
7968	201282048	270	2^9*3^2*11^2*19^2
7969	201326592	54	2^26*3^1
7970	201421440	432	2^7*3^2*5^1*11^2*17^2
7971	201526416	225	2^4*3^2*7^2*13^4
7972	201561696	324	2^5*3^5*7^2*23^2
7973	201840000	240	2^7*3^1*5^4*29^2
7974	201924100	135	2^2*5^2*7^4*29^2
7975	201980944	135	2^4*11^2*17^2*19^2
7976	202045202	30	2^1*19^2*23^4
7977	202113792	216	2^8*3^7*19^2
7978	202253760	336	2^6*3^7*5^1*17^2
7979	202261563	108	3^3*7^2*17^2*23^2
7980	202397184	200	2^9*3^3*11^4
7981	202500000	240	2^5*3^4*5^7
7982	202584375	120	3^3*5^5*7^4
7983	202815576	216	2^3*3^5*17^2*19^2
7984	203062500	189	2^2*3^2*5^6*19^2
7985	203099952	150	2^4*3^1*11^4*17^2
7986	203136000	264	2^10*3^1*5^3*23^2
7987	203164566	60	2^1*3^1*11^2*23^4
7988	203212800	540	2^11*3^4*5^2*7^2
7989	203220640	180	2^5*5^1*7^4*23^2
7990	203233536	243	2^8*3^8*11^2
7991	203297472	196	2^6*3^3*7^6
7992	203513856	252	2^13*3^1*7^2*13^2
7993	203696928	90	2^5*3^2*29^4
7994	203918400	567	2^6*3^2*5^2*7^2*17^2
7995	203939208	252	2^3*3^6*11^2*17^2
7996	204003366	84	2^1*3^1*7^6*17^2
7997	204004089	35	3^6*23^4
7998	204073344	112	2^7*3^13
7999	204187500	252	2^2*3^3*5^6*11^2
8000	204343328	90	2^5*7^2*19^4
8001	204404209	15	17^2*29^4
8002	204484840	216	2^3*5^1*7^2*17^2*19^2
8003	204490000	225	2^4*5^4*11^2*13^2
8004	204626450	90	2^1*5^2*7^2*17^4
8005	204665760	324	2^5*3^2*5^1*13^2*29^2
8006	204781932	108	2^2*3^11*17^2
8007	204828800	216	2^7*5^2*11^2*23^2
8008	204906240	648	2^8*3^3*5^1*7^2*11^2
8009	204930675	108	3^3*5^2*19^2*29^2
8010	205031250	126	2^1*3^8*5^6
8011	205234276	81	2^2*13^2*19^2*29^2
8012	205335000	360	2^3*3^5*5^4*13^2
8013	205475424	324	2^5*3^1*7^2*11^2*19^2
8014	205520896	69	2^22*7^2
8015	205639200	270	2^5*3^2*5^2*13^4
8016	205675200	378	2^6*3^5*5^2*23^2
8017	205683135	60	3^1*5^1*7^2*23^4
8018	205724883	50	3^1*7^4*13^4
8019	205752960	432	2^7*3^8*5^1*7^2
8020	205760898	150	2^1*3^4*7^4*23^2
8021	205905375	144	3^3*5^3*13^2*19^2
8022	205979904	243	2^8*3^2*13^2*23^2
8023	206045000	180	2^3*5^4*7^2*29^2
8024	206066025	135	3^4*5^2*11^2*29^2
8025	206324496	315	2^4*3^6*7^2*19^2
8026	206353225	45	5^2*13^4*17^2
8027	206371308	162	2^2*3^1*11^2*13^2*29^2
8028	206389350	216	2^1*3^3*5^2*17^2*23^2
8029	206613792	270	2^5*3^2*7^2*11^4
8030	206640625	27	5^8*23^2
8031	206684160	180	2^14*3^1*5^1*29^2
8032	206695112	108	2^3*13^2*17^2*23^2
8033	206819427	30	3^1*19^4*23^2
8034	207025000	216	2^3*5^5*7^2*13^2
8035	207224082	126	2^1*3^6*13^2*29^2
8036	207331201	45	7^2*11^4*17^2
8037	207352860	180	2^2*3^1*5^1*11^2*13^4
8038	207360000	325	2^12*3^4*5^4
8039	207389160	360	2^3*3^4*5^1*11^2*23^2
8040	207446400	480	2^7*3^3*5^2*7^4
8041	207467568	360	2^4*3^7*7^2*11^2
8042	207532836	81	2^2*3^2*7^8
8043	207667200	270	2^14*3^1*5^2*13^2
8044	207753728	150	2^9*7^4*13^2
8045	207936000	360	2^9*3^2*5^3*19^2
8046	207940614	60	2^1*3^1*7^2*29^4
8047	207965241	81	3^2*11^2*19^2*23^2
8048	208011264	108	2^17*3^1*23^2
8049	208022640	300	2^4*3^1*5^1*7^4*19^2
8050	208080000	360	2^7*3^2*5^4*17^2
8051	208166700	270	2^2*3^1*5^2*7^4*17^2
8052	208209690	140	2^1*3^6*5^1*13^4
8053	208246140	180	2^2*3^9*5^1*23^2
8054	208324872	156	2^3*3^12*7^2
8055	208406528	108	2^11*11^2*29^2
8056	208513600	105	2^6*5^2*19^4
8057	208802500	75	2^2*5^4*17^4
8058	209117403	60	3^3*11^4*23^2
8059	209267712	198	2^10*3^5*29^2
8060	209397760	216	2^11*5^1*11^2*13^2
8061	209668800	378	2^6*3^1*5^2*11^2*19^2
8062	209715200	72	2^23*5^2
8063	209756162	90	2^1*7^4*11^2*19^2
8064	209814000	360	2^4*3^1*5^3*11^2*17^2
8065	209923350	180	2^1*3^1*5^2*7^2*13^4
8066	209960100	405	2^2*3^4*5^2*7^2*23^2
8067	209994336	216	2^5*3^3*17^2*29^2
8068	210250000	105	2^4*5^6*29^2
8069	210263040	396	2^10*3^5*5^1*13^2
8070	210271152	270	2^4*3^1*7^2*13^2*23^2
8071	210535200	378	2^5*3^6*5^2*19^2
8072	210622923	90	3^5*7^4*19^2
8073	210681000	336	2^3*3^6*5^3*17^2
8074	210723483	30	3^1*17^4*29^2
8075	210830400	315	2^6*3^2*5^2*11^4
8076	210847104	288	2^7*3^3*13^2*19^2
8077	210918246	100	2^1*3^1*7^4*11^4
8078	210937500	120	2^2*3^3*5^9
8079	211266225	135	3^4*5^2*17^2*19^2
8080	211416040	120	2^3*5^1*11^4*19^2
8081	211562450	90	2^1*5^2*11^4*17^2
8082	211579212	162	2^2*3^1*13^2*17^2*19^2
8083	211600000	144	2^7*5^5*23^2
8084	211680000	540	2^8*3^3*5^4*7^2
8085	211701600	432	2^5*3^7*5^2*11^2
8086	211725735	60	3^1*5^1*13^2*17^4
8087	211768200	252	2^3*3^2*5^2*7^6
8088	211789809	105	3^6*7^4*11^2
8089	211993600	297	2^10*5^2*7^2*13^2
8090	212015232	360	2^7*3^4*11^2*13^2
8091	212184300	90	2^2*3^1*5^2*29^4
8092	212289660	324	2^2*3^5*5^1*11^2*19^2
8093	212336640	200	2^19*3^4*5^1
8094	212344832	126	2^13*7^2*23^2
8095	212415000	360	2^3*3^1*5^4*7^2*17^2
8096	212436675	162	3^5*5^2*11^2*17^2
8097	212576400	195	2^4*3^12*5^2
8098	212751396	243	2^2*3^2*11^2*13^2*17^2
8099	212891328	210	2^6*3^9*13^2
8100	212926464	153	2^16*3^2*19^2
8101	213166890	132	2^1*3^10*5^1*19^2
8102	213193500	216	2^2*3^1*5^3*13^2*29^2
8103	213444000	648	2^5*3^2*5^3*7^2*11^2
8104	213532935	84	3^1*5^1*7^6*11^2
8105	213627456	315	2^6*3^4*7^2*29^2
8106	213630534	144	2^1*3^7*13^2*17^2
8107	213665792	108	2^11*17^2*19^2
8108	213813760	100	2^9*5^1*17^4
8109	213890625	105	3^4*5^6*13^2
8110	214036900	243	2^2*5^2*7^2*11^2*19^2
8111	214106112	204	2^16*3^3*11^2
8112	214207500	150	2^2*3^1*5^4*13^4
8113	214245000	300	2^3*3^4*5^4*23^2
8114	214326000	480	2^4*3^7*5^3*7^2
8115	214358881	9	11^8
8116	214369218	162	2^1*3^2*7^2*17^2*29^2
8117	214562400	324	2^5*3^1*5^2*13^2*23^2
8118	214651801	45	7^4*13^2*23^2
8119	214849536	216	2^11*3^1*11^2*17^2
8120	214917888	90	2^8*3^1*23^4
8121	214921350	324	2^1*3^5*5^2*7^2*19^2
8122	214990848	144	2^15*3^8
8123	215222700	270	2^2*3^1*5^2*7^2*11^4
8124	215239752	324	2^3*3^2*7^2*13^2*19^2
8125	215296000	144	2^11*5^3*29^2
8126	215326276	81	2^2*11^2*23^2*29^2
8127	215388810	324	2^1*3^2*5^1*7^2*13^2*17^2
8128	215737344	231	2^10*3^6*17^2
8129	216000000	280	2^9*3^3*5^6
8130	216030375	144	3^3*5^3*11^2*23^2
8131	216090000	375	2^4*3^2*5^4*7^4
8132	216112050	378	2^1*3^6*5^2*7^2*11^2
8133	216178209	45	3^2*13^4*29^2
8134	216216054	108	2^1*3^5*23^2*29^2
8135	216320000	180	2^11*5^4*13^2
8136	216432216	432	2^3*3^3*7^2*11^2*13^2
8137	216486432	150	2^5*3^4*17^4
8138	216600000	252	2^6*3^1*5^5*19^2
8139	216678400	135	2^14*5^2*23^2
8140	216690250	120	2^1*5^3*7^4*19^2
8141	216750000	210	2^4*3^1*5^6*17^2
8142	217005075	108	3^11*5^2*7^2
8143	217238121	21	3^2*17^6
8144	217326564	243	2^2*3^8*7^2*13^2
8145	217362432	234	2^12*3^1*7^2*19^2
8146	217512960	396	2^10*3^1*5^1*7^2*17^2
8147	217987200	360	2^7*3^4*5^2*29^2
8148	217995610	108	2^1*5^1*7^2*23^2*29^2
8149	218078028	180	2^2*3^3*7^4*29^2
8150	218310144	180	2^9*3^1*13^2*29^2
8151	218405000	180	2^3*5^4*11^2*19^2
8152	218556250	108	2^1*5^5*11^2*17^2
8153	218566656	351	2^12*3^2*7^2*11^2
8154	218744100	243	2^2*3^2*5^2*17^2*29^2
8155	219024000	480	2^7*3^4*5^3*13^2
8156	219032450	162	2^1*5^2*7^2*13^2*23^2
8157	219115260	360	2^2*3^3*5^1*7^4*13^2
8158	219199922	30	2^1*19^4*29^2
8159	219307500	270	2^2*3^5*5^4*19^2
8160	219325568	216	2^7*7^2*11^2*17^2
8161	219395344	75	2^4*7^2*23^4
8162	219459375	108	3^5*5^5*17^2
8163	219469824	288	2^11*3^7*7^2
8164	219615000	200	2^3*3^1*5^4*11^4
8165	219632400	405	2^4*3^2*5^2*13^2*19^2
8166	219803760	360	2^4*3^3*5^1*11^2*29^2
8167	219996288	216	2^7*3^2*19^2*23^2
8168	220148640	324	2^5*3^2*5^1*17^2*23^2
8169	220231872	378	2^6*3^5*7^2*17^2
8170	220242490	60	2^1*5^1*13^2*19^4
8171	220414326	108	2^1*3^1*11^2*19^2*29^2
8172	220463104	57	2^18*29^2
8173	220500000	378	2^5*3^2*5^6*7^2
8174	220522500	315	2^2*3^6*5^4*11^2
8175	220591875	70	3^1*5^4*7^6
8176	220712040	216	2^3*3^8*5^1*29^2
8177	220760164	81	2^2*17^2*19^2*23^2
8178	220849200	540	2^4*3^3*5^2*11^2*13^2
8179	220996566	120	2^1*3^3*7^2*17^4
8180	221176384	105	2^6*11^2*13^4
8181	221184000	272	2^16*3^3*5^3
8182	221215104	288	2^7*3^3*11^2*23^2
8183	221265625	63	5^6*7^2*17^2
8184	221276160	360	2^11*3^2*5^1*7^4
8185	221325129	63	3^6*19^2*29^2
8186	221433750	120	2^1*3^11*5^4
8187	221635458	90	2^1*3^2*11^4*29^2
8188	221761800	324	2^3*3^8*5^2*13^2
8189	221798400	252	2^13*3^1*5^2*19^2
8190	221890816	135	2^8*7^4*19^2
8191	221983212	162	2^2*3^1*11^2*17^2*23^2
8192	222090336	180	2^5*3^5*13^4
8193	222129216	189	2^6*3^8*23^2
8194	222337500	324	2^2*3^1*5^5*7^2*11^2
8195	222528600	432	2^3*3^3*5^2*7^2*29^2
8196	222551307	72	3^7*11^2*29^2
8197	222689610	180	2^1*3^2*5^1*11^4*13^2
8198	222858272	162	2^5*7^2*13^2*29^2
8199	222861483	60	3^3*13^4*17^2
8200	222900498	126	2^1*3^6*17^2*23^2
8201	223027200	378	2^13*3^2*5^2*11^2
8202	223120128	270	2^8*3^1*7^4*11^2
8203	223146735	108	3^1*5^1*7^2*19^2*29^2
8204	223171875	84	3^3*5^6*23^2
8205	223256250	252	2^1*3^6*5^5*7^2
8206	223502500	135	2^2*5^4*13^2*23^2
8207	223609815	144	3^7*5^1*11^2*13^2
8208	223801600	243	2^8*5^2*11^2*17^2
8209	223872800	90	2^5*5^2*23^4
8210	223918240	180	2^5*5^1*7^2*13^4
8211	223948800	312	2^12*3^7*5^2
8212	223957440	504	2^6*3^3*5^1*7^2*23^2
8213	224042112	280	2^7*3^6*7^4
8214	224208075	162	3^1*5^2*7^2*13^2*19^2
8215	224280576	225	2^14*3^4*13^2
8216	224579544	216	2^3*3^1*7^2*19^2*23^2
8217	224726400	432	2^7*3^5*5^2*17^2
8218	224820036	225	2^2*3^4*7^4*17^2
8219	224885760	220	2^10*3^1*5^1*11^4
8220	225000000	189	2^6*3^2*5^8
8221	225059328	270	2^9*3^2*13^2*17^2
8222	225093750	140	2^1*3^1*5^6*7^4
8223	225194688	140	2^6*3^3*19^4
8224	225350640	360	2^4*3^3*5^1*17^2*19^2
8225	225450225	243	3^2*5^2*7^2*11^2*13^2
8226	225506700	180	2^2*3^3*5^2*17^4
8227	225558723	54	3^1*13^2*23^2*29^2
8228	225625000	96	2^3*5^7*19^2
8229	225781250	54	2^1*5^8*17^2
8230	225815040	420	2^9*3^6*5^1*11^2
8231	225823752	324	2^3*3^2*7^2*11^2*23^2
8232	225840784	75	2^4*13^2*17^4
8233	225976614	60	2^1*3^1*17^2*19^4
8234	226419200	270	2^9*5^2*7^2*19^2
8235	226442304	315	2^6*3^4*11^2*19^2
8236	226492416	96	2^23*3^3
8237	226576000	288	2^7*5^3*7^2*17^2
8238	226631535	60	3^1*5^1*13^4*23^2
8239	226671210	100	2^1*3^4*5^1*23^4
8240	226717218	150	2^1*3^4*7^2*13^4
8241	226748160	216	2^8*3^11*5^1
8242	226756908	216	2^2*3^7*7^2*23^2
8243	226759808	56	2^7*11^6
8244	227070000	300	2^4*3^3*5^4*29^2
8245	227228562	162	2^1*3^2*11^2*17^2*19^2
8246	227278848	114	2^18*3^1*17^2
8247	227378016	180	2^5*3^9*19^2
8248	227406400	189	2^6*5^2*13^2*29^2
8249	227673600	540	2^9*3^1*5^2*7^2*11^2
8250	227696832	210	2^6*3^5*11^4
8251	227768464	105	2^4*7^6*11^2
8252	227783168	90	2^9*23^2*29^2
8253	228150000	360	2^4*3^3*5^5*13^2
8254	228167523	72	3^7*17^2*19^2
8255	228487446	120	2^1*3^3*11^4*17^2
8256	228614400	567	2^8*3^6*5^2*7^2
8257	228637728	198	2^5*3^10*11^2
8258	228709656	168	2^3*3^5*7^6
8259	228765625	35	5^6*11^4
8260	228783750	180	2^1*3^1*5^4*13^2*19^2
8261	228866560	180	2^9*5^1*13^2*23^2
8262	228953088	396	2^10*3^3*7^2*13^2
8263	228962250	216	2^1*3^2*5^3*11^2*29^2
8264	229159044	75	2^2*3^4*29^4
8265	229162800	270	2^4*3^1*5^2*19^2*23^2
8266	229249440	540	2^5*3^4*5^1*7^2*19^2
8267	229321500	216	2^2*3^1*5^3*17^2*23^2
8268	229408200	540	2^3*3^4*5^2*7^2*17^2
8269	229431609	81	3^8*11^2*17^2
8270	229582512	80	2^4*3^15
8271	229687500	162	2^2*3^1*5^8*7^2
8272	229748064	324	2^5*3^1*7^2*13^2*17^2
8273	229886244	135	2^2*3^2*7^2*19^4
8274	229908375	96	3^7*5^3*29^2
8275	230051250	270	2^1*3^2*5^4*11^2*13^2
8276	230400000	252	2^13*3^2*5^5
8277	230432400	405	2^4*3^2*5^2*11^2*23^2
8278	230496000	360	2^8*3^1*5^3*7^4
8279	230592040	72	2^3*5^1*7^8
8280	231001875	120	3^7*5^4*13^2
8281	231040000	165	2^10*5^4*19^2
8282	231072490	108	2^1*5^1*11^2*19^2*23^2
8283	231159852	324	2^2*3^3*7^2*11^2*19^2
8284	231211008	180	2^19*3^2*7^2
8285	231319935	216	3^3*5^1*7^2*11^2*17^2
8286	231344100	225	2^2*3^4*5^2*13^4
8287	231384600	288	2^3*3^7*5^2*23^2
8288	231686832	70	2^4*3^1*13^6
8289	231727392	270	2^5*3^4*13^2*23^2
8290	231800625	135	3^2*5^4*7^2*29^2
8291	232013824	135	2^14*7^2*17^2
8292	232027335	108	3^5*5^1*19^2*23^2
8293	232115058	162	2^1*3^8*7^2*19^2
8294	232320000	330	2^10*3^1*5^4*11^2
8295	232416800	270	2^5*5^2*7^4*11^2
8296	232440516	225	2^2*3^4*7^2*11^4
8297	232532001	81	3^2*13^2*17^2*23^2
8298	233165568	162	2^8*3^1*19^2*29^2
8299	233280000	350	2^9*3^6*5^4
8300	233289000	432	2^3*3^2*5^3*7^2*23^2
8301	233327040	252	2^6*3^1*5^1*17^2*29^2
8302	233377200	450	2^4*3^5*5^2*7^4
8303	233401014	180	2^1*3^9*7^2*11^2
8304	233625600	432	2^11*3^3*5^2*13^2
8305	233722944	315	2^6*3^2*7^4*13^2
8306	233937025	81	5^2*7^2*19^2*23^2
8307	233971712	70	2^13*13^4
8308	234012672	180	2^14*3^3*23^2
8309	234090000	375	2^4*3^4*5^4*17^2
8310	234256000	160	2^7*5^3*11^4
8311	234274560	324	2^8*3^1*5^1*13^2*19^2
8312	234365481	45	3^14*7^2
8313	234375000	88	2^3*3^1*5^10
8314	234436800	378	2^6*3^1*5^2*13^2*17^2
8315	234457344	243	2^8*3^2*11^2*29^2
8316	234534482	90	2^1*7^4*13^2*17^2
8317	234577800	180	2^3*3^2*5^2*19^4
8318	234740250	216	2^1*3^2*5^3*17^2*19^2
8319	234825216	180	2^9*3^1*17^2*23^2
8320	235224000	504	2^6*3^5*5^3*11^2
8321	235233075	162	3^1*5^2*7^2*11^2*23^2
8322	235271432	108	2^3*11^2*17^2*29^2
8323	235322010	300	2^1*3^4*5^1*7^4*11^2
8324	235346281	15	23^4*29^2
8325	235426176	192	2^7*3^7*29^2
8326	235877400	432	2^3*3^3*5^2*11^2*19^2
8327	235929600	189	2^20*3^2*5^2
8328	236027904	160	2^15*3^1*7^4
8329	236196000	264	2^5*3^10*5^3
8330	236226848	162	2^5*11^2*13^2*19^2
8331	236243628	162	2^2*3^5*17^2*29^2
8332	236294415	100	3^9*5^1*7^4
8333	236390440	216	2^3*5^1*11^2*13^2*17^2
8334	236513641	21	7^2*13^6
8335	236531250	126	2^1*3^2*5^6*29^2
8336	236532615	60	3^1*5^1*11^2*19^4
8337	236555046	216	2^1*3^3*7^2*13^2*23^2
8338	236584960	108	2^17*5^1*19^2
8339	236748800	144	2^15*5^2*17^2
8340	236852100	243	2^2*3^8*5^2*19^2
8341	237160000	315	2^6*5^4*7^2*11^2
8342	237184200	300	2^3*3^4*5^2*11^4
8343	237202992	270	2^4*3^5*13^2*19^2
8344	237363840	432	2^7*3^2*5^1*7^2*29^2
8345	237367260	324	2^2*3^5*5^1*13^2*17^2
8346	237535584	180	2^5*3^1*11^4*13^2
8347	237656250	144	2^1*3^2*5^7*13^2
8348	238023184	135	2^4*7^2*19^2*29^2
8349	238140000	540	2^5*3^5*5^4*7^2
8350	238164300	270	2^2*3^9*5^2*11^2
8351	238239225	105	3^4*5^2*7^6
8352	238492800	648	2^7*3^2*5^2*7^2*13^2
8353	238517136	315	2^4*3^6*11^2*13^2
8354	238592172	126	2^2*3^1*7^6*13^2
8355	238711250	90	2^1*5^4*19^2*23^2
8356	238801500	432	2^2*3^3*5^3*7^2*19^2
8357	238887936	297	2^10*3^2*7^2*23^2
8358	238966875	180	3^3*5^4*7^2*17^2
8359	239060978	30	2^1*13^2*29^4
8360	239148450	90	2^1*3^14*5^2
8361	239160735	56	3^3*5^1*11^6
8362	239320900	243	2^2*5^2*7^2*13^2*17^2
8363	239341872	270	2^4*3^1*7^2*11^2*29^2
8364	239502744	144	2^3*3^11*13^2
8365	239542272	210	2^13*3^4*19^2
8366	239708160	360	2^11*3^4*5^1*17^2
8367	239717408	162	2^5*7^2*17^2*23^2
8368	239878144	75	2^14*11^4
8369	240000000	176	2^10*3^1*5^7
8370	240033750	180	2^1*3^1*5^4*11^2*23^2
8371	240100000	180	2^5*5^5*7^4
8372	240198010	60	2^1*5^1*13^4*29^2
8373	240240060	216	2^2*3^3*5^1*23^2*29^2
8374	240330888	252	2^3*3^6*7^2*29^2
8375	240374016	243	2^8*3^2*17^2*19^2
8376	240480240	540	2^4*3^1*5^1*7^2*11^2*13^2
8377	240844800	306	2^16*3^1*5^2*7^2
8378	240869376	252	2^13*3^5*11^2
8379	240945152	84	2^11*7^6
8380	241025625	105	3^6*5^4*23^2
8381	241208648	60	2^3*17^4*19^2
8382	241340450	42	2^1*5^2*13^6
8383	241375690	28	2^1*5^1*17^6
8384	241382700	324	2^2*3^3*5^2*13^2*23^2
8385	241473960	504	2^3*3^6*5^1*7^2*13^2
8386	241705728	324	2^8*3^3*11^2*17^2
8387	241740304	75	2^4*13^4*23^2
8388	241782624	120	2^5*3^3*23^4
8389	241864704	143	2^12*3^10
8390	242000000	168	2^7*5^6*11^2
8391	242144721	135	3^4*7^2*13^2*19^2
8392	242484242	90	2^1*7^2*11^4*13^2
8393	242544984	120	2^3*3^1*11^2*17^4
8394	242622147	30	3^1*17^2*23^4
8395	242704512	216	2^7*3^8*17^2
8396	242851840	252	2^13*5^1*7^2*11^2
8397	242880800	162	2^5*5^2*19^2*29^2
8398	243000000	294	2^6*3^5*5^6
8399	243009375	108	3^1*5^5*7^2*23^2
8400	243049000	144	2^3*5^3*17^2*29^2
8401	243101250	250	2^1*3^4*5^4*7^4
8402	243360000	405	2^8*3^2*5^4*13^2
8403	243461400	360	2^3*3^1*5^2*7^4*13^2
8404	243486243	162	3^5*7^2*11^2*13^2
8405	243547236	105	2^2*3^6*17^4
8406	243763200	324	2^11*3^2*5^2*23^2
8407	243843750	168	2^1*3^3*5^6*17^2
8408	243855360	468	2^12*3^5*5^1*7^2
8409	243864768	210	2^6*3^1*7^4*23^2
8410	244036000	216	2^5*5^3*13^2*19^2
8411	244140625	13	5^12
8412	244205000	180	2^3*5^4*13^2*17^2
8413	244226400	324	2^5*3^1*5^2*11^2*29^2
8414	244328161	45	7^4*11^2*29^2
8415	244351875	50	3^1*5^4*19^4
8416	244532736	360	2^9*3^3*7^2*19^2
8417	244609600	189	2^6*5^2*17^2*23^2
8418	245025000	360	2^3*3^4*5^5*11^2
8419	245235600	315	2^4*3^6*5^2*29^2
8420	245381808	270	2^4*3^1*7^2*17^2*19^2
8421	245551740	180	2^2*3^1*5^1*7^2*17^4
8422	245598912	252	2^6*3^3*13^2*29^2
8423	245705625	135	3^2*5^4*11^2*19^2
8424	245760000	180	2^17*3^1*5^4
8425	245794560	324	2^8*3^1*5^1*11^2*23^2
8426	245862400	195	2^12*5^2*7^4
8427	245887488	450	2^9*3^4*7^2*11^2
8428	245916810	180	2^1*3^4*5^1*19^2*29^2
8429	246037500	180	2^2*3^9*5^5
8430	246451686	108	2^1*3^1*13^2*17^2*29^2
8431	246741264	405	2^4*3^2*7^2*11^2*17^2
8432	246767040	280	2^6*3^3*5^1*13^4
8433	246810240	336	2^7*3^6*5^1*23^2
8434	246819762	90	2^1*3^2*7^2*23^4
8435	246903552	270	2^8*3^9*7^2
8436	247066875	100	3^3*5^4*11^4
8437	247086450	270	2^1*3^4*5^2*13^2*19^2
8438	247254000	360	2^4*3^1*5^3*7^2*29^2
8439	247432900	135	2^2*5^2*11^4*13^2
8440	247452504	120	2^3*3^1*13^4*19^2
8441	247495824	225	2^4*3^4*19^2*23^2
8442	247760856	288	2^3*3^7*7^2*17^2
8443	247842848	90	2^5*11^4*23^2
8444	248020992	144	2^15*3^2*29^2
8445	248062500	315	2^2*3^4*5^6*7^2
8446	248430000	450	2^4*3^1*5^4*7^2*13^2
8447	248455350	324	2^1*3^5*5^2*11^2*13^2
8448	248823432	180	2^3*3^2*11^2*13^4
8449	248841600	432	2^7*3^1*5^2*7^2*23^2
8450	248866992	270	2^4*3^5*11^2*23^2
8451	248882176	99	2^10*17^2*29^2
8452	248945284	63	2^2*7^6*23^2
8453	249200640	288	2^15*3^2*5^1*13^2
8454	249314450	162	2^1*5^2*7^2*11^2*29^2
8455	249482025	99	3^10*5^2*13^2
8456	249523200	396	2^10*3^3*5^2*19^2
8457	249627168	270	2^5*3^2*7^4*19^2
8458	249696000	432	2^8*3^3*5^3*17^2
8459	249800040	360	2^3*3^2*5^1*7^4*17^2
8460	249851628	120	2^2*3^7*13^4
8461	249892864	117	2^12*13^2*19^2
8462	249895368	132	2^3*3^10*23^2
8463	250000000	80	2^7*5^9
8464	250344675	162	3^5*5^2*7^2*29^2
8465	250389600	324	2^5*3^1*5^2*17^2*19^2
8466	250493929	45	7^4*17^2*19^2
8467	250500250	216	2^1*5^3*7^2*11^2*13^2
8468	250715556	243	2^2*3^2*7^2*13^2*29^2
8469	250880000	210	2^13*5^4*7^2
8470	250905600	495	2^10*3^4*5^2*11^2
8471	251010144	360	2^5*3^3*7^4*11^2
8472	251277312	234	2^12*3^1*11^2*13^2
8473	251535375	216	3^5*5^3*7^2*13^2
8474	251602560	432	2^7*3^2*5^1*11^2*19^2
8475	251658240	100	2^24*3^1*5^1
8476	251776800	486	2^5*3^2*5^2*11^2*17^2
8477	251856900	135	2^2*3^2*5^2*23^4
8478	251881707	90	3^1*7^4*11^2*17^2
8479	251942400	300	2^9*3^9*5^2
8480	252047376	225	2^4*3^8*7^4
8481	252301456	75	2^4*11^2*19^4
8482	252315648	252	2^11*3^6*13^2
8483	252642240	336	2^6*3^7*5^1*19^2
8484	252651025	45	5^2*11^2*17^4
8485	252651987	108	3^3*7^2*19^2*23^2
8486	252817200	360	2^4*3^7*5^2*17^2
8487	253125000	180	2^3*3^4*5^8
8488	253188096	216	2^11*3^1*7^2*29^2
8489	253191744	315	2^6*3^4*13^2*17^2
8490	253344024	120	2^3*3^5*19^4
8491	253500000	252	2^5*3^1*5^6*13^2
8492	253605625	75	5^4*7^4*13^2
8493	253699248	150	2^4*3^1*11^4*19^2
8494	253755392	66	2^21*11^2
8495	253874940	180	2^2*3^1*5^1*11^4*17^2
8496	253920000	270	2^8*3^1*5^4*23^2
8497	254016000	600	2^9*3^4*5^3*7^2
8498	254025800	180	2^3*5^2*7^4*23^2
8499	254051721	135	3^4*7^2*11^2*23^2
8500	254070882	90	2^1*3^2*13^2*17^4
8501	254121840	280	2^4*3^3*5^1*7^6
8502	254402500	135	2^2*5^4*11^2*29^2
8503	254621160	120	2^3*3^2*5^1*29^4
8504	254721600	567	2^6*3^2*5^2*7^2*19^2
8505	254747592	252	2^3*3^6*11^2*19^2
8506	254803968	126	2^20*3^5
8507	254827734	84	2^1*3^1*7^6*19^2
8508	254924010	252	2^1*3^6*5^1*11^2*17^2
8509	255104784	105	2^4*3^2*11^6
8510	255234375	96	3^3*5^7*11^2
8511	255328441	15	19^2*29^4
8512	255429160	120	2^3*5^1*7^2*19^4
8513	255453750	180	2^1*3^5*5^4*29^2
8514	255606050	162	2^1*5^2*7^2*17^2*19^2
8515	255688704	192	2^15*3^3*17^2
8516	255800268	108	2^2*3^11*19^2
8517	255832200	324	2^3*3^2*5^2*13^2*29^2
8518	255977415	72	3^11*5^1*17^2
8519	256000000	105	2^14*5^6
8520	256036000	216	2^5*5^3*11^2*23^2
8521	256132800	756	2^6*3^3*5^2*7^2*11^2
8522	256158936	160	2^3*3^7*11^4
8523	256239522	126	2^1*3^2*7^6*11^2
8524	256256064	189	2^6*3^2*23^2*29^2
8525	256512256	243	2^8*7^2*11^2*13^2
8526	256576512	110	2^10*3^1*17^4
8527	256743003	30	3^1*11^2*29^4
8528	257022150	324	2^1*3^1*5^2*7^2*11^2*17^2
8529	257049000	240	2^3*3^2*5^3*13^4
8530	257094000	360	2^4*3^5*5^3*23^2
8531	257145842	54	2^1*17^2*23^2*29^2
8532	257191200	486	2^5*3^8*5^2*7^2
8533	257217444	117	2^2*3^12*11^2
8534	257298363	56	3^7*7^6
8535	257556250	108	2^1*5^5*7^2*29^2
8536	257572224	432	2^7*3^5*7^2*13^2
8537	257763025	45	5^2*13^4*19^2
8538	257808150	216	2^1*3^3*5^2*19^2*23^2
8539	257964135	108	3^1*5^1*11^2*13^2*29^2
8540	258084225	189	3^6*5^2*7^2*17^2
8541	258190088	108	2^3*13^2*19^2*23^2
8542	258267240	360	2^3*3^2*5^1*7^2*11^4
8543	258280326	36	2^1*3^17
8544	258355200	234	2^12*3^1*5^2*29^2
8545	258368890	108	2^1*5^1*13^2*17^2*23^2
8546	258462848	120	2^7*7^4*29^2
8547	258466572	324	2^2*3^3*7^2*13^2*17^2
8548	258781250	126	2^1*5^6*7^2*13^2
8549	258984649	45	7^2*11^4*19^2
8550	259191075	90	3^1*5^2*11^2*13^4
8551	259210000	225	2^4*5^4*7^2*23^2
8552	259236450	270	2^1*3^4*5^2*11^2*23^2
8553	259334460	432	2^2*3^7*5^1*7^2*11^2
8554	259584000	312	2^12*3^1*5^3*13^2
8555	259620504	216	2^3*3^1*11^2*13^2*23^2
8556	259692160	240	2^7*5^1*7^4*13^2
8557	259920000	360	2^7*3^2*5^4*19^2
8558	260028300	270	2^2*3^1*5^2*7^4*19^2
8559	260100000	324	2^5*3^2*5^5*17^2
8560	260112384	255	2^16*3^4*7^2
8561	260208375	120	3^1*5^3*7^4*17^2
8562	260307675	90	3^9*5^2*23^2
8563	260406090	156	2^1*3^12*5^1*7^2
8564	260419467	42	3^1*7^2*11^6
8565	260508160	180	2^9*5^1*11^2*29^2
8566	260647686	56	2^1*3^3*13^6
8567	260693316	189	2^2*3^6*13^2*23^2
8568	260822500	135	2^2*5^4*17^2*19^2
8569	261015552	324	2^11*3^2*7^2*17^2
8570	261360000	480	2^7*3^3*5^4*11^2
8571	261468900	405	2^2*3^2*5^2*7^4*11^2
8572	261584640	324	2^8*3^5*5^1*29^2
8573	261594732	162	2^2*3^1*7^2*23^2*29^2
8574	261747200	270	2^9*5^2*11^2*13^2
8575	261921856	105	2^6*7^2*17^4
8576	262086000	360	2^4*3^1*5^3*11^2*19^2
8577	262144000	88	2^21*5^3
8578	262180864	117	2^12*11^2*23^2
8579	262267500	270	2^2*3^1*5^4*11^2*17^2
8580	262311264	216	2^5*3^3*19^2*29^2
8581	262440000	315	2^6*3^8*5^4
8582	262549350	240	2^1*3^7*5^2*7^4
8583	262828800	486	2^8*3^5*5^2*13^2
8584	262838940	324	2^2*3^1*5^1*7^2*13^2*23^2
8585	262938312	300	2^3*3^4*7^4*13^2
8586	263169000	336	2^3*3^6*5^3*19^2
8587	263218176	165	2^10*3^2*13^4
8588	263222067	54	3^1*17^2*19^2*29^2
8589	263264256	216	2^11*3^5*23^2
8590	263351250	210	2^1*3^6*5^4*17^2
8591	263671875	44	3^3*5^10
8592	263737600	243	2^8*5^2*7^2*29^2
8593	263741400	432	2^3*3^3*5^2*13^2*17^2
8594	263764512	270	2^5*3^4*11^2*29^2
8595	263900025	75	3^4*5^2*19^4
8596	264062500	81	2^2*5^8*13^2
8597	264132128	90	2^5*13^4*17^2
8598	264178368	252	2^6*3^3*17^2*23^2
8599	264270050	90	2^1*5^2*11^4*19^2
8600	264290988	90	2^2*3^1*13^2*19^4
8601	264474015	108	3^1*5^1*13^2*17^2*19^2
8602	264500000	126	2^5*5^6*23^2
8603	264600000	504	2^6*3^3*5^5*7^2
8604	264680361	81	3^2*11^2*17^2*29^2
8605	264710250	168	2^1*3^2*5^3*7^6
8606	264854448	150	2^4*3^9*29^2
8607	265019040	540	2^5*3^4*5^1*11^2*13^2
8608	265095654	60	2^1*3^1*17^4*23^2
8609	265230375	40	3^1*5^3*29^4
8610	265335000	360	2^3*3^1*5^4*7^2*19^2
8611	265362075	162	3^5*5^2*11^2*19^2
8612	265420800	270	2^17*3^4*5^2
8613	265431040	216	2^11*5^1*7^2*23^2
8614	265531392	260	2^12*3^3*7^4
8615	265734150	84	2^1*3^1*5^2*11^6
8616	265755204	243	2^2*3^2*11^2*13^2*19^2
8617	265814016	120	2^19*3^1*13^2
8618	266114160	300	2^4*3^9*5^1*13^2
8619	266342400	351	2^12*3^2*5^2*17^2
8620	266453376	240	2^7*3^1*7^4*17^2
8621	266491875	90	3^1*5^4*13^2*29^2
8622	266805000	540	2^3*3^2*5^4*7^2*11^2
8623	266832225	105	3^6*5^2*11^4
8624	266853366	144	2^1*3^7*13^2*19^2
8625	266897408	60	2^11*19^4
8626	266933400	216	2^3*3^1*5^2*23^2*29^2
8627	267082240	180	2^9*5^1*17^2*19^2
8628	267227532	180	2^2*3^3*11^4*13^2
8629	267267200	120	2^7*5^2*17^4
8630	267632640	360	2^14*3^3*5^1*11^2
8631	267759375	60	3^1*5^5*13^4
8632	267776082	162	2^1*3^2*7^2*19^2*29^2
8633	267806250	180	2^1*3^4*5^5*23^2
8634	267907500	360	2^2*3^7*5^4*7^2
8635	268304400	675	2^4*3^4*5^2*7^2*13^2
8636	268331778	162	2^1*3^8*11^2*13^2
8637	268376064	216	2^11*3^1*11^2*19^2
8638	268435456	29	2^28
8639	268647360	140	2^6*3^1*5^1*23^4
8640	268701888	210	2^6*3^1*7^2*13^4
8641	268738560	252	2^13*3^8*5^1
8642	268748928	360	2^7*3^4*7^2*23^2
8643	269028375	120	3^1*5^3*7^2*11^4
8644	269049690	324	2^1*3^2*5^1*7^2*13^2*19^2
8645	269120000	150	2^9*5^4*29^2
8646	269259606	216	2^1*3^3*7^2*11^2*29^2
8647	269440587	42	3^13*13^2
8648	269485056	231	2^10*3^6*19^2
8649	269682084	243	2^2*3^2*7^2*17^2*23^2
8650	269862912	180	2^11*3^2*11^4
8651	270372249	81	3^8*7^2*29^2
8652	270400000	180	2^9*5^5*13^2
8653	270420768	270	2^5*3^4*17^2*19^2
8654	270438025	81	5^2*11^2*13^2*23^2
8655	270608040	200	2^3*3^4*5^1*17^4
8656	270750000	210	2^4*3^1*5^6*19^2
8657	270799936	105	2^6*11^4*17^2
8658	270886088	60	2^3*11^2*23^4
8659	270937500	144	2^2*3^1*5^7*17^2
8660	270950400	504	2^13*3^3*5^2*7^2
8661	270978048	264	2^10*3^7*11^2
8662	271063296	189	2^8*3^2*7^6
8663	271351808	144	2^15*7^2*13^2
8664	271359729	45	3^2*17^4*19^2
8665	271595904	80	2^7*3^1*29^4
8666	271703040	396	2^10*3^1*5^1*7^2*19^2
8667	271891200	486	2^8*3^1*5^2*7^2*17^2
8668	271918944	324	2^5*3^5*11^2*17^2
8669	271957842	90	2^1*3^2*13^4*23^2
8670	272004488	84	2^3*7^6*17^2
8671	272005452	90	2^2*3^5*23^4
8672	272097792	130	2^9*3^12
8673	272250000	315	2^4*3^2*5^6*11^2
8674	272484000	360	2^5*3^4*5^3*29^2
8675	272597535	120	3^3*5^1*7^4*29^2
8676	272863107	60	3^3*11^2*17^4
8677	273006250	108	2^1*5^5*11^2*19^2
8678	273042576	165	2^4*3^10*17^2
8679	273240900	243	2^2*3^2*5^2*19^2*29^2
8680	273375000	224	2^3*3^7*5^6
8681	273780000	450	2^5*3^4*5^4*13^2
8682	273894075	180	3^3*5^2*7^4*13^2
8683	273967232	216	2^7*7^2*11^2*19^2
8684	274134375	108	3^5*5^5*19^2
8685	274156960	324	2^5*5^1*7^2*11^2*17^2
8686	274185600	240	2^7*3^1*5^2*13^4
8687	274233600	405	2^8*3^4*5^2*23^2
8688	274299844	75	2^2*7^4*13^4
8689	274347864	240	2^3*3^3*7^4*23^2
8690	274639872	198	2^10*3^1*13^2*23^2
8691	274730625	135	3^2*5^4*13^2*17^2
8692	274754700	324	2^2*3^3*5^2*11^2*29^2
8693	274995360	324	2^5*3^2*5^1*19^2*23^2
8694	275099328	378	2^6*3^5*7^2*19^2
8695	275161744	135	2^4*11^2*13^2*29^2
8696	275185800	324	2^3*3^2*5^2*17^2*23^2
8697	275289840	540	2^4*3^5*5^1*7^2*17^2
8698	275485056	240	2^7*3^1*7^2*11^4
8699	275625000	288	2^3*3^2*5^7*7^2
8700	275759236	45	2^2*19^4*23^2
8701	275890050	162	2^1*3^8*5^2*29^2
8702	276054534	216	2^1*3^3*7^2*17^2*19^2
8703	276061500	432	2^2*3^3*5^3*11^2*13^2
8704	276298776	216	2^3*3^5*13^2*29^2
8705	276390625	63	5^6*7^2*19^2
8706	276480000	300	2^14*3^3*5^4
8707	276595200	450	2^9*3^2*5^2*7^4
8708	276623424	441	2^6*3^6*7^2*11^2
8709	276710448	90	2^4*3^1*7^8
8710	276889600	153	2^16*5^2*13^2
8711	277202250	216	2^1*3^8*5^3*13^2
8712	277254152	60	2^3*7^2*29^4
8713	277286988	162	2^2*3^1*11^2*19^2*23^2
8714	277348352	60	2^19*23^2
8715	277440000	300	2^9*3^1*5^4*17^2
8716	277479015	108	3^1*5^1*11^2*17^2*23^2
8717	277555600	225	2^4*5^2*7^4*17^2
8718	277583922	270	2^1*3^4*7^2*11^2*17^2
8719	277766496	216	2^5*3^11*7^2
8720	277921875	126	3^1*5^6*7^2*11^2
8721	278055625	45	5^4*23^2*29^2
8722	278384067	60	3^3*13^4*19^2
8723	278432802	126	2^1*3^6*19^2*23^2
8724	278572840	216	2^3*5^1*7^2*13^2*29^2
8725	278730963	90	3^9*7^2*17^2
8726	278784000	432	2^11*3^2*5^3*11^2
8727	278823204	135	2^2*3^2*11^4*23^2
8728	278900160	420	2^6*3^1*5^1*7^4*11^2
8729	279023616	195	2^12*3^4*29^2
8730	279483750	360	2^1*3^3*5^4*7^2*13^2
8731	279558400	243	2^8*5^2*11^2*19^2
8732	279841000	80	2^3*5^3*23^4
8733	279897800	180	2^3*5^2*7^2*13^4
8734	279926361	75	3^4*11^2*13^4
8735	279936000	352	2^10*3^7*5^3
8736	279946800	540	2^4*3^3*5^2*7^2*23^2
8737	279975366	144	2^1*3^7*11^2*23^2
8738	279992448	216	2^7*3^2*17^2*29^2
8739	280052640	420	2^5*3^6*5^1*7^4
8740	280361536	189	2^6*7^2*13^2*23^2
8741	280713600	432	2^7*3^5*5^2*19^2
8742	280830564	225	2^2*3^4*7^4*19^2
8743	280964644	45	2^2*17^4*29^2
8744	281107200	270	2^8*3^1*5^2*11^4
8745	281129472	270	2^9*3^2*13^2*19^2
8746	281132289	39	3^12*23^2
8747	281224328	100	2^3*7^4*11^4
8748	281324160	432	2^7*3^2*5^1*13^2*17^2
8749	281493360	200	2^4*3^3*5^1*19^4
8750	281688300	324	2^2*3^3*5^2*17^2*19^2
8751	281883375	80	3^3*5^3*17^4
8752	282031250	54	2^1*5^8*19^2
8753	282105616	135	2^4*13^2*17^2*19^2
8754	282240000	495	2^10*3^2*5^4*7^2
8755	282268800	504	2^7*3^6*5^2*11^2
8756	282275286	28	2^1*3^1*19^6
8757	282279690	324	2^1*3^2*5^1*7^2*11^2*23^2
8758	282357600	252	2^5*3^1*5^2*7^6
8759	282386412	270	2^2*3^5*7^4*11^2
8760	282475249	11	7^10
8761	282686976	360	2^9*3^3*11^2*13^2
8762	282912400	75	2^4*5^2*29^4
8763	283024000	288	2^7*5^3*7^2*19^2
8764	283220000	270	2^5*5^4*7^2*17^2
8765	283248900	405	2^2*3^4*5^2*11^2*17^2
8766	283435200	252	2^6*3^11*5^2
8767	283446135	144	3^7*5^1*7^2*23^2
8768	283449760	84	2^5*5^1*11^6
8769	283553298	110	2^1*3^10*7^4
8770	283593750	108	2^1*3^1*5^8*11^2
8771	283668528	270	2^4*3^1*11^2*13^2*17^2
8772	283758774	60	2^1*3^1*13^2*23^4
8773	283837500	216	2^2*3^3*5^5*29^2
8774	283839138	90	2^1*3^2*11^2*19^4
8775	283855104	243	2^8*3^8*13^2
8776	283901952	114	2^18*3^1*19^2
8777	284098560	204	2^16*3^1*5^1*17^2
8778	284419350	180	2^1*3^9*5^2*17^2
8779	284621040	300	2^4*3^5*5^1*11^4
8780	284728960	144	2^7*5^1*23^2*29^2
8781	284765625	63	3^6*5^8
8782	284836608	324	2^8*3^3*7^2*29^2
8783	284840712	252	2^3*3^6*13^2*17^2
8784	285012027	40	3^7*19^4
8785	285187500	252	2^2*3^3*5^6*13^2
8786	285411654	120	2^1*3^3*11^4*19^2
8787	285474816	171	2^18*3^2*11^2
8788	285610000	125	2^4*5^4*13^4
8789	285660000	360	2^5*3^3*5^4*23^2
8790	285779025	135	3^2*5^2*7^4*23^2
8791	285797160	264	2^3*3^10*5^1*11^2
8792	285825624	216	2^3*3^1*7^2*17^2*29^2
8793	286083200	216	2^7*5^2*13^2*23^2
8794	286191360	648	2^8*3^3*5^1*7^2*13^2
8795	286453500	216	2^2*3^1*5^3*19^2*23^2
8796	286466048	126	2^13*11^2*17^2
8797	286557184	55	2^10*23^4
8798	286561800	540	2^3*3^4*5^2*7^2*19^2
8799	286591041	81	3^8*11^2*19^2
8800	286651875	90	3^1*5^4*17^2*23^2
8801	286654464	144	2^17*3^7
8802	286760250	360	2^1*3^4*5^3*7^2*17^2
8803	286963600	225	2^4*5^2*7^2*11^4
8804	286978140	96	2^2*3^15*5^1
8805	286986336	324	2^5*3^1*7^2*13^2*19^2
8806	286992882	70	2^1*3^4*11^6
8807	287109375	60	3^1*5^9*7^2
8808	287649792	234	2^12*3^5*17^2
8809	287811225	135	3^4*5^2*13^2*29^2
8810	288000000	252	2^11*3^2*5^6
8811	288120000	350	2^6*3^1*5^4*7^4
8812	288149400	648	2^3*3^5*5^2*7^2*11^2
8813	288178803	50	3^9*11^4
8814	288237612	90	2^2*3^1*13^4*29^2
8815	288240050	54	2^1*5^2*7^8
8816	288288072	180	2^3*3^4*23^2*29^2
8817	288576288	486	2^5*3^2*7^2*11^2*13^2
8818	288648576	160	2^7*3^3*17^4
8819	288949815	216	3^3*5^1*7^2*11^2*19^2
8820	289000000	147	2^6*5^6*17^2
8821	289013760	324	2^17*3^2*5^1*7^2
8822	289340100	297	2^2*3^10*5^2*7^2
8823	289578289	81	7^2*11^2*13^2*17^2
8824	289608540	84	2^2*3^1*5^1*13^6
8825	289650828	42	2^2*3^1*17^6
8826	289659240	360	2^3*3^4*5^1*13^2*23^2
8827	289768752	360	2^4*3^7*7^2*13^2
8828	289816576	135	2^14*7^2*19^2
8829	290400000	324	2^8*3^1*5^5*11^2
8830	290463849	81	3^2*13^2*19^2*23^2
8831	290521000	240	2^3*5^3*7^4*11^2
8832	290649600	360	2^9*3^3*5^2*29^2
8833	290770704	225	2^4*3^2*7^4*29^2
8834	291080192	108	2^11*13^2*29^2
8835	291422208	270	2^14*3^1*7^2*11^2
8836	291456960	252	2^6*3^1*5^1*19^2*29^2
8837	291600000	336	2^7*3^6*5^5
8838	291611250	270	2^1*3^2*5^4*7^2*23^2
8839	291658800	270	2^4*3^1*5^2*17^2*29^2
8840	291721500	360	2^2*3^5*5^3*7^4
8841	292073067	108	3^3*11^2*13^2*23^2
8842	292410000	375	2^4*3^4*5^4*19^2
8843	292464640	120	2^11*5^1*13^4
8844	292515840	312	2^12*3^3*5^1*23^2
8845	292626432	294	2^13*3^6*7^2
8846	292820000	150	2^5*5^4*11^4
8847	292843200	378	2^6*3^1*5^2*13^2*19^2
8848	292965218	90	2^1*7^4*13^2*19^2
8849	293046000	360	2^4*3^1*5^3*13^2*17^2
8850	293222250	120	2^1*3^2*5^3*19^4
8851	293328384	180	2^9*3^1*19^2*23^2
8852	293642496	405	2^8*3^4*7^2*17^2
8853	293885768	108	2^3*11^2*19^2*29^2
8854	294000000	336	2^7*3^1*5^6*7^2
8855	294030000	450	2^4*3^5*5^4*11^2
8856	294089290	108	2^1*5^1*11^2*17^2*29^2
8857	294122500	105	2^2*5^4*7^6
8858	294465600	567	2^6*3^2*5^2*11^2*13^2
8859	294588294	180	2^1*3^1*7^4*11^2*13^2
8860	294662088	180	2^3*3^2*7^2*17^4
8861	294953472	270	2^9*3^2*11^2*23^2
8862	295100172	162	2^2*3^5*19^2*29^2
8863	295245000	220	2^3*3^10*5^4
8864	295283560	216	2^3*5^1*11^2*13^2*19^2
8865	295304535	108	3^5*5^1*17^2*29^2
8866	295488050	162	2^1*5^2*11^2*13^2*17^2
8867	295513944	120	2^3*3^1*11^4*29^2
8868	295682400	432	2^5*3^7*5^2*13^2
8869	295731200	144	2^15*5^2*19^2
8870	295805601	105	3^6*7^4*13^2
8871	295936000	168	2^13*5^3*17^2
8872	295977616	135	2^4*11^2*17^2*23^2
8873	296071778	14	2^1*23^6
8874	296120448	200	2^7*3^4*13^4
8875	296172288	216	2^8*3^7*23^2
8876	296480250	200	2^1*3^4*5^3*11^4
8877	296503740	324	2^2*3^5*5^1*13^2*19^2
8878	296704800	486	2^5*3^2*5^2*7^2*29^2
8879	296709075	162	3^5*5^2*13^2*17^2
8880	296735076	189	2^2*3^6*11^2*29^2
8881	296828427	42	3^1*7^6*29^2
8882	297148644	135	2^2*3^2*13^4*17^2
8883	297200664	216	2^3*3^5*17^2*23^2
8884	297369600	288	2^15*3^1*5^2*11^2
8885	297493504	165	2^10*7^4*11^2
8886	297562500	189	2^2*3^2*5^6*23^2
8887	297705375	120	3^9*5^3*11^2
8888	297735025	81	5^2*7^2*17^2*29^2
8889	297961254	72	2^1*3^11*29^2
8890	298116000	648	2^5*3^2*5^3*7^2*13^2
8891	298240215	84	3^1*5^1*7^6*13^2
8892	298501875	180	3^3*5^4*7^2*19^2
8893	298598400	315	2^14*3^6*5^2
8894	298722816	300	2^9*3^5*7^4
8895	298944100	243	2^2*5^2*7^2*13^2*19^2
8896	299040768	204	2^16*3^3*13^2
8897	299177340	324	2^2*3^1*5^1*7^2*11^2*29^2
8898	299393809	21	11^6*13^2
8899	299427840	360	2^11*3^4*5^1*19^2
8900	299439392	162	2^5*7^2*19^2*23^2
8901	299635200	450	2^9*3^4*5^2*17^2
8902	299646760	216	2^3*5^1*7^2*17^2*23^2
8903	299760048	300	2^4*3^3*7^4*17^2
8904	300000000	162	2^8*3^1*5^8
8905	300079104	216	2^11*3^1*13^2*17^2
8906	300125000	140	2^3*5^6*7^4
8907	300155625	225	3^4*5^4*7^2*11^2
8908	300259584	135	2^8*3^2*19^4
8909	300300075	108	3^3*5^2*23^2*29^2
8910	300413610	252	2^1*3^6*5^1*7^2*29^2
8911	300600300	486	2^2*3^1*5^2*7^2*11^2*13^2
8912	300675600	225	2^4*3^2*5^2*17^4
8913	300744964	81	2^2*13^2*23^2*29^2
8914	301056000	360	2^14*3^1*5^3*7^2
8915	301098336	324	2^5*3^1*7^2*11^2*23^2
8916	301181440	140	2^9*5^1*7^6
8917	301302152	60	2^3*17^2*19^4
8918	301510810	60	2^1*5^1*17^4*19^2
8919	301728375	144	3^3*5^3*13^2*23^2
8920	301842450	378	2^1*3^6*5^2*7^2*13^2
8921	301923072	324	2^8*3^3*11^2*19^2
8922	301989888	78	2^25*3^2
8923	302132160	504	2^6*3^3*5^1*11^2*17^2
8924	302289624	240	2^3*3^3*7^2*13^4
8925	302342544	315	2^4*3^6*7^2*23^2
8926	302500000	144	2^5*5^7*11^2
8927	302760000	315	2^6*3^2*5^4*29^2
8928	302886150	180	2^1*3^1*5^2*7^4*29^2
8929	302971416	216	2^3*3^1*11^2*17^2*19^2
8930	303038464	63	2^20*17^2
8931	303067803	30	3^1*19^2*23^4
8932	303170688	216	2^7*3^8*19^2
8933	303380640	324	2^5*3^8*5^1*17^2
8934	303564800	324	2^11*5^2*7^2*11^2
8935	303595776	225	2^8*3^4*11^4
8936	303601000	144	2^3*5^3*19^2*29^2
8937	303750000	240	2^4*3^5*5^7
8938	303811250	90	2^1*5^4*17^2*29^2
8939	304223364	189	2^2*3^6*17^2*19^2
8940	304593750	168	2^1*3^3*5^6*19^2
8941	304649928	180	2^3*3^2*11^4*17^2
8942	304704000	360	2^9*3^2*5^3*23^2
8943	304746849	45	3^2*11^2*23^4
8944	304819200	594	2^10*3^5*5^2*7^2
8945	304830960	300	2^4*3^1*5^1*7^4*23^2
8946	304850304	240	2^7*3^9*11^2
8947	304946208	210	2^5*3^4*7^6
8948	305045000	180	2^3*5^4*13^2*19^2
8949	305256250	108	2^1*5^5*13^2*17^2
8950	305270784	351	2^12*3^2*7^2*13^2
8951	305545392	100	2^4*3^3*29^4
8952	305550400	189	2^6*5^2*19^2*23^2
8953	305877600	648	2^5*3^3*5^2*7^2*17^2
8954	305908812	216	2^2*3^7*11^2*17^2
8955	306005049	63	3^2*7^6*17^2
8956	306110016	105	2^6*3^14
8957	306250000	135	2^4*5^8*7^2
8958	306281250	210	2^1*3^4*5^6*11^2
8959	306330752	216	2^7*7^2*13^2*17^2
8960	306514992	150	2^4*3^1*7^2*19^4
8961	306727260	324	2^2*3^1*5^1*7^2*17^2*19^2
8962	306735000	360	2^3*3^1*5^4*11^2*13^2
8963	306939675	90	3^1*5^2*7^2*17^4
8964	306998640	360	2^4*3^3*5^1*13^2*29^2
8965	307172898	78	2^1*3^12*17^2
8966	307243200	378	2^6*3^1*5^2*11^2*23^2
8967	307359360	720	2^7*3^4*5^1*7^2*11^2
8968	307371218	90	2^1*7^4*11^2*23^2
8969	307546875	70	3^9*5^6
8970	307827025	45	5^2*11^4*29^2
8971	307851414	108	2^1*3^1*13^2*19^2*29^2
8972	308002500	315	2^2*3^6*5^4*13^2
8973	308213136	405	2^4*3^2*7^2*11^2*19^2
8974	308281344	132	2^21*3^1*7^2
8975	308458800	300	2^4*3^3*5^2*13^4
8976	308512800	378	2^5*3^6*5^2*23^2
8977	308629440	420	2^6*3^9*5^1*7^2
8978	308641347	90	3^5*7^4*23^2
8979	308915776	49	2^6*13^6
8980	308969856	288	2^7*3^3*13^2*23^2
8981	309067500	270	2^2*3^1*5^4*7^2*29^2
8982	309486744	288	2^3*3^7*7^2*19^2
8983	309556962	162	2^1*3^2*11^2*13^2*29^2
8984	309584025	135	3^4*5^2*17^2*23^2
8985	309760000	195	2^12*5^4*11^2
8986	309803560	120	2^3*5^1*11^4*23^2
8987	309920688	300	2^4*3^3*7^2*11^4
8988	310026240	252	2^13*3^2*5^1*29^2
8989	310042668	162	2^2*3^1*13^2*17^2*23^2
8990	310537500	324	2^2*3^1*5^5*7^2*13^2
8991	310836123	72	3^7*13^2*29^2
8992	310887424	99	2^10*19^2*29^2
8993	311029290	180	2^1*3^2*5^1*11^2*13^4
8994	311040000	360	2^11*3^5*5^4
8995	311083740	324	2^2*3^5*5^1*11^2*23^2
8996	311169600	525	2^6*3^4*5^2*7^4
8997	311201352	324	2^3*3^8*7^2*11^2
8998	311299254	72	2^1*3^3*7^8
8999	311500800	378	2^13*3^2*5^2*13^2
9000	311630592	270	2^8*3^1*7^4*13^2
9001	311904000	432	2^8*3^3*5^3*19^2
9002	311910921	45	3^2*7^2*29^4
9003	312016896	153	2^16*3^2*23^2
9004	312033960	360	2^3*3^2*5^1*7^4*19^2
9005	312120000	420	2^6*3^3*5^4*17^2
9006	312250050	270	2^1*3^2*5^2*7^4*17^2
9007	312314535	80	3^7*5^1*13^4
9008	312369210	132	2^1*3^10*5^1*23^2
9009	312487308	126	2^2*3^13*7^2
9010	312500000	66	2^5*5^10
9011	312582400	243	2^8*5^2*13^2*17^2
9012	312609792	198	2^10*3^1*11^2*29^2
9013	312770400	180	2^5*3^1*5^2*19^4
9014	312900721	25	7^4*19^4
9015	313100288	108	2^11*17^2*23^2
9016	313203750	100	2^1*3^1*5^4*17^4
9017	313600000	216	2^11*5^5*7^2
9018	313644100	243	2^2*5^2*7^2*11^2*23^2
9019	313901568	210	2^9*3^6*29^2
9020	314096640	396	2^10*3^1*5^1*11^2*13^2
9021	314503200	486	2^5*3^2*5^2*11^2*19^2
9022	314572800	138	2^22*3^1*5^2
9023	314634243	90	3^1*7^4*11^2*19^2
9024	314703872	90	2^17*7^4
9025	314721000	432	2^3*3^2*5^3*11^2*17^2
9026	314885025	135	3^2*5^2*7^2*13^4
9027	314940150	324	2^1*3^5*5^2*7^2*23^2
9028	314991504	225	2^4*3^4*17^2*29^2
9029	315375000	168	2^3*3^1*5^6*29^2
9030	315394560	420	2^9*3^6*5^1*13^2
9031	315406728	324	2^3*3^2*7^2*13^2*23^2
9032	315595225	81	5^2*11^2*17^2*19^2
9033	315802800	360	2^4*3^7*5^2*19^2
9034	316021500	288	2^2*3^7*5^3*17^2
9035	316245600	360	2^5*3^3*5^2*11^4
9036	316270656	315	2^6*3^4*13^2*19^2
9037	316377369	75	3^2*7^4*11^4
9038	316406250	100	2^1*3^4*5^9
9039	316714112	120	2^7*11^4*13^2
9040	317124060	180	2^2*3^1*5^1*11^4*19^2
9041	317194240	120	2^19*5^1*11^2
9042	317343675	90	3^1*5^2*11^4*17^2
9043	317368818	162	2^1*3^2*13^2*17^2*19^2
9044	317400000	252	2^6*3^1*5^5*23^2
9045	317520000	600	2^7*3^4*5^4*7^2
9046	317532250	120	2^1*5^3*7^4*23^2
9047	317552400	405	2^4*3^8*5^2*11^2
9048	317652300	252	2^2*3^3*5^2*7^6
9049	317990400	540	2^9*3^1*5^2*7^2*13^2
9050	318022848	378	2^6*3^5*11^2*13^2
9051	318122896	105	2^4*7^6*13^2
9052	318276450	90	2^1*3^2*5^2*29^4
9053	318434490	252	2^1*3^6*5^1*11^2*19^2
9054	318504960	228	2^18*3^5*5^1
9055	318517248	234	2^12*3^1*7^2*23^2
9056	318622500	405	2^2*3^2*5^4*7^2*17^2
9057	318864600	168	2^3*3^13*5^2
9058	319122496	189	2^6*7^2*11^2*29^2
9059	319127094	216	2^1*3^3*11^2*13^2*17^2
9060	319286450	90	2^1*5^2*7^2*19^4
9061	319336992	198	2^5*3^10*13^2
9062	319389696	192	2^15*3^3*19^2
9063	319515625	63	5^6*11^2*13^2
9064	319750335	72	3^11*5^1*19^2
9065	319790250	216	2^1*3^2*5^3*13^2*29^2
9066	320045000	180	2^3*5^4*11^2*23^2
9067	320166000	720	2^4*3^3*5^3*7^2*11^2
9068	320441184	324	2^5*3^5*7^2*29^2
9069	320445801	81	3^8*13^2*17^2
9070	320498688	198	2^10*3^1*17^2*19^2
9071	320720640	180	2^8*3^1*5^1*17^4
9072	321055350	324	2^1*3^1*5^2*7^2*11^2*19^2
9073	321126400	171	2^18*5^2*7^2
9074	321159168	240	2^15*3^4*11^2
9075	321209858	54	2^1*19^2*23^2*29^2
9076	321311250	150	2^1*3^2*5^4*13^4
9077	321367500	270	2^2*3^5*5^4*23^2
9078	321489000	432	2^3*3^8*5^3*7^2
9079	321553827	108	3^3*7^2*17^2*29^2
9080	321843600	405	2^4*3^2*5^2*13^2*23^2
9081	322274304	297	2^10*3^2*11^2*17^2
9082	322376832	120	2^7*3^2*23^4
9083	322382025	189	3^6*5^2*7^2*19^2
9084	322486272	150	2^14*3^9
9085	322737610	108	2^1*5^1*13^2*19^2*23^2
9086	322834050	270	2^1*3^2*5^2*7^2*11^4
9087	322859628	324	2^2*3^3*7^2*13^2*19^2
9088	322944000	264	2^10*3^1*5^3*29^2
9089	322989414	108	2^1*3^1*11^2*23^2*29^2
9090	323078560	180	2^5*5^1*7^4*29^2
9091	323083215	216	3^3*5^1*7^2*13^2*17^2
9092	323393312	90	2^5*11^2*17^4
9093	323496196	45	2^2*17^2*23^4
9094	323606016	240	2^9*3^7*17^2
9095	324000000	315	2^8*3^4*5^6
9096	324135000	400	2^3*3^3*5^4*7^4
9097	324168075	216	3^7*5^2*7^2*11^2
9098	324324081	63	3^6*23^2*29^2
9099	324480000	330	2^10*3^1*5^4*13^2
9100	324615200	270	2^5*5^2*7^4*13^2
9101	324648324	405	2^2*3^4*7^2*11^2*13^2
9102	324729648	150	2^4*3^5*17^4
9103	324900000	324	2^5*3^2*5^5*19^2
9104	325017600	252	2^13*3^1*5^2*23^2
9105	325035375	120	3^1*5^3*7^4*19^2
9106	325125000	252	2^3*3^2*5^6*17^2
9107	325153024	135	2^8*7^4*23^2
9108	325635200	216	2^7*5^2*11^2*29^2
9109	325802500	75	2^2*5^4*19^4
9110	325989846	180	2^1*3^9*7^2*13^2
9111	326043648	324	2^11*3^2*7^2*19^2
9112	326269440	540	2^9*3^2*5^1*7^2*17^2
9113	326980800	378	2^6*3^5*5^2*29^2
9114	326993415	108	3^1*5^1*7^2*23^2*29^2
9115	327117042	150	2^1*3^4*7^4*29^2
9116	327175744	189	2^6*7^2*17^2*19^2
9117	327184000	288	2^7*5^3*11^2*13^2
9118	327465216	243	2^8*3^2*13^2*29^2
9119	327607500	270	2^2*3^1*5^4*11^2*19^2
9120	327680000	100	2^19*5^4
9121	327834375	108	3^1*5^5*11^2*17^2
9122	327849984	432	2^11*3^3*7^2*11^2
9123	328116150	216	2^1*3^3*5^2*17^2*29^2
9124	328515625	27	5^8*29^2
9125	328536000	504	2^6*3^5*5^3*13^2
9126	328548675	162	3^1*5^2*7^2*13^2*23^2
9127	328602248	108	2^3*13^2*17^2*29^2
9128	328672890	300	2^1*3^4*5^1*7^4*13^2
9129	328799883	30	3^1*19^4*29^2
9130	328961250	210	2^1*3^6*5^4*19^2
9131	328988352	378	2^6*3^1*7^2*11^2*17^2
9132	329093016	120	2^3*3^1*7^2*23^4
9133	329204736	297	2^10*3^8*7^2
9134	329422500	225	2^2*3^2*5^4*11^4
9135	329448600	432	2^3*3^3*5^2*13^2*19^2
9136	329705640	360	2^3*3^4*5^1*11^2*29^2
9137	329936672	90	2^5*13^4*19^2
9138	329994432	252	2^6*3^3*19^2*23^2
9139	330165160	120	2^3*5^1*13^4*17^2
9140	330222960	360	2^4*3^3*5^1*17^2*23^2
9141	330347808	378	2^5*3^6*7^2*17^2
9142	330363735	60	3^1*5^1*13^2*19^4
9143	330621489	81	3^2*11^2*19^2*29^2
9144	330625000	96	2^3*5^7*23^2
9145	330694656	108	2^17*3^1*29^2
9146	330750000	420	2^4*3^3*5^6*7^2
9147	330783750	240	2^1*3^7*5^4*11^2
9148	331068060	180	2^2*3^9*5^1*29^2
9149	331140246	108	2^1*3^1*17^2*19^2*23^2
9150	331240000	315	2^6*5^4*7^2*13^2
9151	331273800	540	2^3*3^4*5^2*11^2*13^2
9152	331494849	75	3^4*7^2*17^4
9153	331764576	180	2^5*3^1*11^2*13^4
9154	331776000	320	2^15*3^4*5^3
9155	331788800	270	2^9*5^2*7^2*23^2
9156	331822656	315	2^6*3^4*11^2*23^2
9157	331914240	440	2^10*3^3*5^1*7^4
9158	332150625	65	3^12*5^4
9159	332453187	60	3^3*11^4*29^2
9160	332642700	270	2^2*3^9*5^2*13^2
9161	332697600	351	2^12*3^2*5^2*19^2
9162	332836224	240	2^7*3^1*7^4*19^2
9163	332974818	162	2^1*3^2*11^2*17^2*23^2
9164	333135504	175	2^4*3^6*13^4
9165	333193824	180	2^5*3^9*23^2
9166	333506250	324	2^1*3^2*5^5*7^2*11^2
9167	333621760	100	2^9*5^1*19^4
9168	333792900	405	2^2*3^4*5^2*7^2*29^2
9169	333852800	216	2^7*5^2*17^2*19^2
9170	334034415	120	3^3*5^1*11^4*13^2
9171	334084000	120	2^5*5^3*17^4
9172	334287408	270	2^4*3^1*7^2*13^2*29^2
9173	334350747	72	3^7*17^2*23^2
9174	334540800	468	2^12*3^3*5^2*11^2
9175	334680192	360	2^7*3^2*7^4*11^2
9176	334884375	144	3^7*5^5*7^2
9177	335036416	135	2^14*11^2*13^2
9178	335253750	180	2^1*3^1*5^4*13^2*23^2
9179	335702400	432	2^7*3^1*5^2*11^2*17^2
9180	335809200	150	2^4*3^1*5^2*23^4
9181	335842276	135	2^2*7^4*11^2*17^2
9182	335877360	300	2^4*3^1*5^1*7^2*13^4
9183	335923200	324	2^11*3^8*5^2
9184	335936160	540	2^5*3^4*5^1*7^2*23^2
9185	336063168	280	2^6*3^7*7^4
9186	336400000	144	2^7*5^5*29^2
9187	336420864	252	2^13*3^5*13^2
9188	336869316	243	2^2*3^2*7^2*19^2*23^2
9189	337089600	441	2^6*3^6*5^2*17^2
9190	337230054	180	2^1*3^5*7^4*17^2
9191	337328640	300	2^9*3^2*5^1*11^4
9192	337500000	216	2^5*3^3*5^8
9193	337584128	126	2^13*7^2*29^2
9194	337588992	324	2^8*3^3*13^2*17^2
9195	337640625	105	3^2*5^6*7^4
9196	337792032	150	2^5*3^4*19^4
9197	338000000	168	2^7*5^6*13^2
9198	338025960	360	2^3*3^4*5^1*17^2*19^2
9199	338260050	150	2^1*3^4*5^2*17^4
9200	338265664	105	2^6*11^4*19^2
9201	338437500	144	2^2*3^1*5^7*19^2
9202	338560000	165	2^10*5^4*23^2
9203	338607610	60	2^1*5^1*11^2*23^4
9204	338671875	54	3^1*5^8*17^2
9205	338676338	90	2^1*7^2*11^2*13^4
9206	338722560	432	2^8*3^7*5^1*11^2
9207	338735628	324	2^2*3^3*7^2*11^2*23^2
9208	338761176	120	2^3*3^1*13^2*17^4
9209	338964921	45	3^2*17^2*19^4
9210	339189760	252	2^13*5^1*7^2*13^2
9211	339628800	486	2^8*3^1*5^2*7^2*19^2
9212	339663456	324	2^5*3^5*11^2*19^2
9213	339738624	115	2^22*3^4
9214	339770312	84	2^3*7^6*19^2
9215	339864000	504	2^6*3^1*5^3*7^2*17^2
9216	340005610	84	2^1*5^1*7^6*17^2
9217	340006815	60	3^5*5^1*23^4
9218	340075827	90	3^5*7^2*13^4
9219	340122240	208	2^7*3^12*5^1
9220	340135362	162	2^1*3^8*7^2*23^2
9221	340139712	98	2^6*3^1*11^6
9222	340605000	300	2^3*3^4*5^4*29^2
9223	340842843	108	3^3*11^2*17^2*19^2
9224	340918272	162	2^17*3^2*17^2
9225	341067024	165	2^4*3^10*19^2
9226	341109600	324	2^5*3^1*5^2*13^2*29^2
9227	341251729	45	7^4*13^2*29^2
9228	341510400	729	2^8*3^2*5^2*7^2*11^2
9229	341545248	210	2^5*3^6*11^4
9230	341652696	168	2^3*3^1*7^6*11^2
9231	341674752	162	2^8*3^1*23^2*29^2
9232	342102016	65	2^12*17^4
9233	342225000	360	2^3*3^4*5^5*13^2
9234	342324004	45	2^2*11^2*29^4
9235	342459040	324	2^5*5^1*7^2*11^2*19^2
9236	342696200	324	2^3*5^2*7^2*11^2*17^2
9237	342731169	75	3^4*11^4*17^2
9238	342805225	45	5^2*7^2*23^4
9239	342921600	576	2^7*3^7*5^2*7^2
9240	342956592	180	2^4*3^11*11^2
9241	343064484	147	2^2*3^6*7^6
9242	343175625	135	3^2*5^4*13^2*19^2
9243	343299840	324	2^8*3^1*5^1*13^2*23^2
9244	343429632	450	2^9*3^4*7^2*13^2
9245	343443375	144	3^3*5^3*11^2*29^2
9246	343738566	60	2^1*3^5*29^4
9247	343744200	324	2^3*3^2*5^2*19^2*23^2
9248	343874160	540	2^4*3^5*5^1*7^2*19^2
9249	343982250	216	2^1*3^2*5^3*17^2*23^2
9250	344112300	486	2^2*3^5*5^2*7^2*17^2
9251	344373768	68	2^3*3^16
9252	344473600	135	2^14*5^2*29^2
9253	344531250	162	2^1*3^2*5^8*7^2
9254	344622096	405	2^4*3^2*7^2*13^2*17^2
9255	344829366	120	2^1*3^3*7^2*19^4
9256	345076875	180	3^3*5^4*11^2*13^2
9257	345588100	135	2^2*5^2*11^2*13^4
9258	345600000	312	2^12*3^3*5^5
9259	345648600	432	2^3*3^3*5^2*11^2*23^2
9260	345744000	480	2^7*3^2*5^3*7^4
9261	345888060	108	2^2*3^1*5^1*7^8
9262	346160672	162	2^5*11^2*13^2*23^2
9263	346560000	300	2^9*3^1*5^4*19^2
9264	346567690	60	2^1*5^1*7^2*29^4
9265	346608735	108	3^1*5^1*11^2*19^2*23^2
9266	346685440	108	2^17*5^1*23^2
9267	346704400	225	2^4*5^2*7^4*19^2
9268	346739778	270	2^1*3^4*7^2*11^2*19^2
9269	346816512	228	2^18*3^3*7^2
9270	347016150	180	2^1*3^5*5^2*13^4
9271	347076900	243	2^2*3^8*5^2*23^2
9272	347225956	63	2^2*7^2*11^6
9273	347530248	84	2^3*3^2*13^6
9274	347591088	270	2^4*3^5*13^2*23^2
9275	348020736	252	2^13*3^1*7^2*17^2
9276	348172587	90	3^9*7^2*19^2
9277	348216050	162	2^1*5^2*7^2*13^2*29^2
9278	348480000	450	2^9*3^2*5^4*11^2
9279	348625200	450	2^4*3^1*5^2*7^4*11^2
9280	348660774	180	2^1*3^5*7^2*11^4
9281	348792976	135	2^4*7^2*23^2*29^2
9282	349690000	225	2^4*5^4*11^2*17^2
9283	349748352	216	2^7*3^2*19^2*29^2
9284	349801250	50	2^1*5^4*23^4
9285	349872250	120	2^1*5^3*7^2*13^4
9286	349920000	360	2^8*3^7*5^4
9287	349933500	432	2^2*3^3*5^3*7^2*23^2
9288	349990560	324	2^5*3^2*5^1*17^2*29^2
9289	350065800	420	2^3*3^6*5^2*7^4
9290	350101521	99	3^10*7^2*11^2
9291	350438400	495	2^10*3^4*5^2*13^2
9292	350584416	360	2^5*3^3*7^4*13^2
9293	350957568	130	2^12*3^1*13^4
9294	350962756	81	2^2*17^2*19^2*29^2
9295	351019008	210	2^13*3^4*23^2
9296	351135000	360	2^3*3^5*5^4*17^2
9297	351384000	280	2^6*3^1*5^3*11^4
9298	351411840	432	2^7*3^2*5^1*13^2*19^2
9299	351530410	100	2^1*5^1*7^4*11^4
9300	351562500	99	2^2*3^2*5^10
9301	351655200	486	2^5*3^2*5^2*13^2*17^2
9302	351686016	288	2^7*3^3*11^2*29^2
9303	351801723	90	3^1*7^4*13^2*17^2
9304	351866700	180	2^2*3^3*5^2*19^4
9305	352110375	144	3^3*5^3*17^2*19^2
9306	352237824	243	2^8*3^2*17^2*23^2
9307	352387984	75	2^4*13^2*19^4
9308	352836000	504	2^5*3^6*5^3*11^2
9309	352876225	45	5^2*13^2*17^4
9310	352907148	162	2^2*3^1*11^2*17^2*29^2
9311	352983015	180	3^5*5^1*7^4*11^2
9312	353139264	189	2^6*3^8*29^2
9313	353460872	60	2^3*17^4*23^2
9314	353780000	270	2^5*5^4*7^2*19^2
9315	353816100	405	2^2*3^4*5^2*11^2*19^2
9316	353894400	240	2^19*3^3*5^2
9317	354025000	216	2^3*5^5*7^2*17^2
9318	354041856	225	2^14*3^2*7^4
9319	354294000	240	2^4*3^11*5^3
9320	354312200	84	2^3*5^2*11^6
9321	354340272	270	2^4*3^1*11^2*13^2*19^2
9322	354365442	126	2^1*3^6*17^2*29^2
9323	354418688	66	2^21*13^2
9324	354585660	324	2^2*3^1*5^1*11^2*13^2*17^2
9325	354796875	84	3^3*5^6*29^2
9326	354832569	135	3^4*7^2*13^2*23^2
9327	354877440	204	2^16*3^1*5^1*19^2
9328	355123200	270	2^14*3^1*5^2*17^2
9329	355271168	150	2^9*7^4*17^2
9330	355278150	180	2^1*3^9*5^2*19^2
9331	355322500	135	2^2*5^4*13^2*29^2
9332	355740000	540	2^5*3^1*5^4*7^2*11^2
9333	355776300	270	2^2*3^5*5^2*11^4
9334	355804488	252	2^3*3^6*13^2*19^2
9335	355888225	63	5^2*7^6*11^2
9336	355911200	162	2^5*5^2*23^2*29^2
9337	356045760	504	2^6*3^3*5^1*7^2*29^2
9338	356050890	252	2^1*3^6*5^1*13^2*17^2
9339	356303376	225	2^4*3^2*11^4*13^2
9340	356484375	96	3^3*5^7*13^2
9341	357034776	216	2^3*3^1*7^2*19^2*29^2
9342	357210000	525	2^4*3^6*5^4*7^2
9343	357246450	198	2^1*3^10*5^2*11^2
9344	357604000	216	2^5*5^3*13^2*23^2
9345	357739200	756	2^6*3^3*5^2*7^2*13^2
9346	357775704	288	2^3*3^7*11^2*13^2
9347	357834752	126	2^13*11^2*19^2
9348	357888258	126	2^1*3^2*7^6*13^2
9349	358066875	90	3^1*5^4*19^2*23^2
9350	358082560	216	2^11*5^1*11^2*17^2
9351	358202250	360	2^1*3^4*5^3*7^2*19^2
9352	358269184	135	2^8*7^2*13^4
9353	358331904	360	2^9*3^3*7^2*23^2
9354	358591467	30	3^1*13^2*29^4
9355	358722675	48	3^15*5^2
9356	358981350	324	2^1*3^1*5^2*7^2*13^2*17^2
9357	359012808	324	2^3*3^2*7^2*11^2*29^2
9358	359254116	117	2^2*3^12*13^2
9359	359313408	234	2^12*3^5*19^2
9360	359562240	396	2^10*3^5*5^1*17^2
9361	359576112	270	2^4*3^1*7^2*17^2*23^2
9362	359817216	140	2^13*3^1*11^4
9363	360000000	240	2^9*3^2*5^7
9364	360050625	135	3^2*5^4*11^2*23^2
9365	360150000	300	2^4*3^1*5^5*7^4
9366	360297015	60	3^1*5^1*13^4*29^2
9367	360360090	180	2^1*3^4*5^1*23^2*29^2
9368	360496332	216	2^2*3^7*7^2*29^2
9369	360561024	288	2^7*3^3*17^2*19^2
9370	360720360	648	2^3*3^2*5^1*7^2*11^2*13^2
9371	361000000	147	2^6*5^6*19^2
9372	361267200	432	2^15*3^2*5^2*7^2
9373	361304064	273	2^12*3^6*11^2
9374	361417728	154	2^10*3^1*7^6
9375	361722361	81	7^2*11^2*13^2*19^2
9376	361812972	90	2^2*3^1*17^4*19^2
9377	362010675	42	3^1*5^2*13^6
9378	362063535	28	3^1*5^1*17^6
9379	362074050	270	2^1*3^4*5^2*13^2*23^2
9380	362127872	50	2^9*29^4
9381	362210940	432	2^2*3^7*5^1*7^2*13^2
9382	362521600	297	2^10*5^2*7^2*17^2
9383	362558592	360	2^7*3^4*11^2*17^2
9384	362610456	120	2^3*3^1*13^4*23^2
9385	362673936	125	2^4*3^4*23^4
9386	362797056	144	2^11*3^11
9387	363000000	294	2^6*3^1*5^6*11^2
9388	363151250	150	2^1*5^4*7^4*11^2
9389	363726363	90	3^1*7^2*11^4*13^2
9390	363817476	135	2^2*3^2*11^2*17^4
9391	363850240	180	2^9*5^1*13^2*29^2
9392	364056768	210	2^6*3^9*17^2
9393	364277760	468	2^12*3^1*5^1*7^2*11^2
9394	364321200	270	2^4*3^1*5^2*19^2*29^2
9395	364500000	294	2^5*3^6*5^6
9396	364573500	216	2^2*3^1*5^3*17^2*29^2
9397	364651875	150	3^5*5^4*7^4
9398	365040000	480	2^7*3^3*5^4*13^2
9399	365192100	405	2^2*3^2*5^2*7^4*13^2
9400	365320854	80	2^1*3^7*17^4
9401	365580800	150	2^9*5^2*13^4
9402	365644800	396	2^10*3^3*5^2*23^2
9403	365765625	105	3^4*5^6*17^2
9404	365783040	504	2^11*3^6*5^1*7^2
9405	365797152	270	2^5*3^2*7^4*23^2
9406	366025000	120	2^3*5^5*11^4
9407	366054000	360	2^4*3^1*5^3*13^2*19^2
9408	366186496	117	2^12*13^2*23^2
9409	366307500	270	2^2*3^1*5^4*13^2*17^2
9410	366339600	405	2^4*3^2*5^2*11^2*29^2
9411	366799104	405	2^8*3^4*7^2*19^2
9412	366914400	324	2^5*3^1*5^2*17^2*23^2
9413	367067281	45	7^4*17^2*23^2
9414	367313408	150	2^9*7^2*11^4
9415	367357210	108	2^1*5^1*11^2*19^2*29^2
9416	367537500	324	2^2*3^5*5^5*11^2
9417	367853400	288	2^3*3^7*5^2*29^2
9418	368072712	324	2^3*3^2*7^2*17^2*19^2
9419	368327610	180	2^1*3^2*5^1*7^2*17^4
9420	368398368	270	2^5*3^4*13^2*29^2
9421	368640000	255	2^16*3^2*5^4
9422	368691840	432	2^7*3^2*5^1*11^2*23^2
9423	368793600	360	2^11*3^1*5^2*7^4
9424	368831232	486	2^8*3^5*7^2*11^2
9425	368875215	108	3^5*5^1*19^2*29^2
9426	368947264	63	2^6*7^8
9427	369056250	132	2^1*3^10*5^5
9428	369104450	162	2^1*5^2*11^2*13^2*19^2
9429	369664000	168	2^13*5^3*19^2
9430	369677529	81	3^2*13^2*17^2*29^2
9431	369715984	135	2^4*11^2*19^2*23^2
9432	369920000	180	2^11*5^4*17^2
9433	370111896	432	2^3*3^3*7^2*11^2*17^2
9434	370150560	300	2^5*3^4*5^1*13^4
9435	370215360	336	2^6*3^7*5^1*23^2
9436	370229643	60	3^3*7^2*23^4
9437	370355328	264	2^7*3^10*7^2
9438	370562500	189	2^2*5^6*7^2*11^2
9439	370629675	162	3^5*5^2*13^2*19^2
9440	370881000	432	2^3*3^2*5^3*7^2*29^2
9441	371149350	180	2^1*3^1*5^2*11^4*13^2
9442	371178756	135	2^2*3^2*13^4*19^2
9443	371243736	216	2^3*3^5*19^2*23^2
9444	371641284	243	2^2*3^8*7^2*17^2
9445	371764272	150	2^4*3^1*11^4*23^2
9446	371911225	81	5^2*7^2*19^2*29^2
9447	372031488	180	2^14*3^3*29^2
9448	372093750	252	2^1*3^5*5^6*7^2
9449	372645000	540	2^3*3^2*5^4*7^2*13^2
9450	372683025	189	3^6*5^2*11^2*13^2
9451	373235148	180	2^2*3^3*11^2*13^4
9452	373262400	567	2^6*3^2*5^2*7^2*23^2
9453	373300488	252	2^3*3^6*11^2*23^2
9454	373323264	180	2^9*3^1*17^2*29^2
9455	373417926	84	2^1*3^1*7^6*23^2
9456	373800960	360	2^14*3^3*5^1*13^2
9457	373971675	162	3^1*5^2*7^2*11^2*29^2
9458	374151649	15	23^2*29^4
9459	374284800	450	2^9*3^4*5^2*19^2
9460	374299240	216	2^3*5^1*7^2*19^2*23^2
9461	374440752	300	2^4*3^3*7^4*19^2
9462	374544000	480	2^7*3^4*5^3*17^2
9463	374558450	162	2^1*5^2*7^2*17^2*23^2
9464	374700060	360	2^2*3^3*5^1*7^4*17^2
9465	374777442	90	2^1*3^8*13^4
9466	374809600	165	2^10*5^2*11^4
9467	374839296	216	2^11*3^1*13^2*19^2
9468	374843052	108	2^2*3^11*23^2
9469	375000000	140	2^6*3^1*5^9
9470	375156250	80	2^1*5^7*7^4
9471	375584400	405	2^4*3^2*5^2*17^2*19^2
9472	375750375	216	3^1*5^3*7^2*11^2*13^2
9473	376073334	216	2^1*3^3*7^2*13^2*29^2
9474	376320000	390	2^12*3^1*5^4*7^2
9475	376358400	540	2^9*3^5*5^2*11^2
9476	376367048	28	2^3*19^6
9477	376476800	168	2^7*5^2*7^6
9478	376515216	375	2^4*3^4*7^4*11^2
9479	376627690	60	2^1*5^1*17^2*19^4
9480	376915968	324	2^11*3^2*11^2*13^2
9481	377403840	504	2^6*3^3*5^1*11^2*19^2
9482	377487360	144	2^23*3^2*5^1
9483	377665200	540	2^4*3^3*5^2*11^2*17^2
9484	377719225	45	5^2*13^4*23^2
9485	377785350	120	2^1*3^3*5^2*23^4
9486	377913600	297	2^8*3^10*5^2
9487	378071064	200	2^3*3^9*7^4
9488	378125000	108	2^3*5^8*11^2
9489	378224704	189	2^6*11^2*13^2*17^2
9490	378345032	60	2^3*13^2*23^4
9491	378452184	120	2^3*3^1*11^2*19^4
9492	378473472	264	2^10*3^7*13^2
9493	378535936	63	2^20*19^2
9494	378963360	324	2^5*3^8*5^1*19^2
9495	379225800	324	2^3*3^8*5^2*17^2
9496	379456000	360	2^9*5^3*7^2*11^2
9497	379501250	90	2^1*5^4*19^2*29^2
9498	379509361	45	7^2*11^4*23^2
9499	379687500	162	2^2*3^5*5^8
9500	379782144	297	2^10*3^2*7^2*29^2
9501	379787616	324	2^5*3^5*13^2*17^2
9502	380016036	105	2^2*3^6*19^4
9503	380250000	315	2^4*3^2*5^6*13^2
9504	380548872	180	2^3*3^2*11^4*19^2
9505	380633088	126	2^20*3^1*11^2
9506	380812410	180	2^1*3^2*5^1*11^4*17^2
9507	380880000	360	2^7*3^2*5^4*23^2
9508	381024000	648	2^8*3^5*5^3*7^2
9509	381038700	270	2^2*3^1*5^2*7^4*23^2
9510	381100832	162	2^5*7^2*17^2*29^2
9511	381106323	60	3^3*13^2*17^4
9512	381182760	280	2^3*3^4*5^1*7^6
9513	381306250	108	2^1*5^5*13^2*19^2
9514	381603750	180	2^1*3^1*5^4*11^2*29^2
9515	381931740	120	2^2*3^3*5^1*29^4
9516	382082400	648	2^5*3^3*5^2*7^2*19^2
9517	382121388	216	2^2*3^7*11^2*19^2
9518	382202500	135	2^2*5^4*17^2*23^2
9519	382205952	140	2^19*3^6
9520	382241601	63	3^2*7^6*19^2
9521	382386015	144	3^7*5^1*11^2*17^2
9522	382648448	216	2^7*7^2*13^2*19^2
9523	382657176	112	2^3*3^3*11^6
9524	382913440	324	2^5*5^1*7^2*13^2*17^2
9525	383143740	180	2^2*3^1*5^1*7^2*19^4
9526	383180625	105	3^6*5^4*29^2
9527	383409075	162	3^1*5^2*7^2*17^2*19^2
9528	383533056	225	2^14*3^4*17^2
9529	383700402	78	2^1*3^12*19^2
9530	383748300	324	2^2*3^3*5^2*13^2*29^2
9531	384000000	196	2^13*3^1*5^6
9532	384054000	360	2^4*3^1*5^3*11^2*23^2
9533	384160000	225	2^8*5^4*7^4
9534	384199200	810	2^5*3^4*5^2*7^2*11^2
9535	384238404	135	2^2*3^8*11^4
9536	384316816	75	2^4*13^4*29^2
9537	384359283	84	3^3*7^6*11^2
9538	384384096	216	2^5*3^3*23^2*29^2
9539	384768384	432	2^7*3^1*7^2*11^2*13^2
9540	384864768	150	2^9*3^2*17^4
9541	385533225	243	3^2*5^2*7^2*11^2*17^2
9542	385573500	240	2^2*3^3*5^3*13^4
9543	385641000	336	2^3*3^6*5^3*23^2
9544	385718763	54	3^1*17^2*23^2*29^2
9545	385786800	450	2^4*3^9*5^2*7^2
9546	385826166	84	2^1*3^13*11^2
9547	386201104	35	2^4*17^6
9548	386334375	108	3^1*5^5*7^2*29^2
9549	386358336	441	2^6*3^6*7^2*13^2
9550	386712225	135	3^4*5^2*19^2*23^2
9551	387254450	90	2^1*5^2*11^4*23^2
9552	387285132	162	2^2*3^1*13^2*19^2*23^2
9553	387400860	360	2^2*3^3*5^1*7^2*11^4
9554	387420489	19	3^18
9555	387532800	324	2^11*3^2*5^2*29^2
9556	387553335	108	3^1*5^1*13^2*17^2*23^2
9557	387694272	210	2^6*3^1*7^4*29^2
9558	387699858	270	2^1*3^4*7^2*13^2*17^2
9559	388171875	126	3^1*5^6*7^2*13^2
9560	388562944	153	2^16*7^2*11^2
9561	388815000	360	2^3*3^1*5^4*7^2*23^2
9562	388854675	162	3^5*5^2*11^2*23^2
9563	388878400	189	2^6*5^2*17^2*29^2
9564	389001690	324	2^1*3^8*5^1*7^2*11^2
9565	389376000	432	2^11*3^2*5^3*13^2
9566	389430756	243	2^2*3^2*11^2*13^2*23^2
9567	389538240	420	2^6*3^1*5^1*7^4*13^2
9568	389880000	420	2^6*3^3*5^4*19^2
9569	390042450	270	2^1*3^2*5^2*7^4*19^2
9570	390150000	360	2^4*3^3*5^5*17^2
9571	390168576	288	2^15*3^5*7^2
9572	390457600	243	2^8*5^2*13^2*19^2
9573	390609135	84	3^13*5^1*7^2
9574	390625000	48	2^3*5^11
9575	390762240	324	2^8*3^1*5^1*11^2*29^2
9576	390971529	35	3^4*13^6
9577	391039974	144	2^1*3^7*13^2*23^2
9578	391104512	108	2^11*19^2*23^2
9579	391233750	180	2^1*3^1*5^4*17^2*19^2
9580	391375360	180	2^9*5^1*17^2*23^2
9581	391523328	396	2^10*3^3*7^2*17^2
9582	392000000	210	2^9*5^6*7^2
9583	392040000	525	2^6*3^4*5^4*11^2
9584	392203350	360	2^1*3^3*5^2*7^4*11^2
9585	392376960	336	2^7*3^6*5^1*29^2
9586	392392098	162	2^1*3^2*7^2*23^2*29^2
9587	392620800	486	2^8*3^1*5^2*11^2*13^2
9588	392784392	180	2^3*7^4*11^2*13^2
9589	392882784	180	2^5*3^1*7^2*17^4
9590	393129000	432	2^3*3^2*5^3*11^2*19^2
9591	393216000	168	2^20*3^1*5^3
9592	393271296	216	2^11*3^1*11^2*23^2
9593	393379840	160	2^15*5^1*7^4
9594	393401250	270	2^1*3^2*5^4*11^2*17^2
9595	393466896	225	2^4*3^4*19^2*29^2
9596	393660000	300	2^5*3^9*5^4
9597	393824025	135	3^8*5^2*7^4
9598	394018592	90	2^5*11^4*29^2
9599	394221025	45	5^2*11^2*19^4
9600	394243200	504	2^7*3^6*5^2*13^2
9601	394258410	324	2^1*3^2*5^1*7^2*13^2*23^2
9602	394407468	270	2^2*3^5*7^4*13^2
9603	394753500	288	2^2*3^7*5^3*19^2
9604	394827264	200	2^9*3^3*13^4
9605	394896384	231	2^10*3^6*23^2
9606	395026875	120	3^7*5^4*17^2
9607	395606400	432	2^7*3^1*5^2*7^2*29^2
9608	395612100	405	2^2*3^4*5^2*13^2*17^2
9609	395646768	270	2^4*3^5*11^2*29^2
9610	395771236	63	2^2*7^6*29^2
9611	395892640	180	2^5*5^1*11^4*13^2
9612	396093750	108	2^1*3^1*5^8*13^2
9613	396198192	150	2^4*3^1*13^4*17^2
9614	396267552	270	2^5*3^4*17^2*23^2
9615	396405075	90	3^1*5^2*11^4*19^2
9616	396436482	90	2^1*3^2*13^2*19^4
9617	396492800	162	2^17*5^2*11^2
9618	396750000	210	2^4*3^1*5^6*23^2
9619	396900000	540	2^5*3^4*5^5*7^2
9620	397065375	112	3^3*5^3*7^6
9621	397281672	132	2^3*3^10*29^2
9622	397528560	540	2^4*3^5*5^1*11^2*13^2
9623	397643481	45	3^2*17^4*23^2
9624	398002500	405	2^2*3^2*5^4*7^2*19^2
9625	398131200	306	2^16*3^5*5^2
9626	398146560	396	2^10*3^1*5^1*7^2*23^2
9627	398297088	300	2^11*3^4*7^4
9628	398601225	63	3^2*5^2*11^6
9629	398632806	216	2^1*3^3*11^2*13^2*19^2
9630	398721024	171	2^18*3^2*13^2
9631	399171240	264	2^3*3^10*5^1*13^2
9632	399513600	432	2^11*3^3*5^2*17^2
9633	399680064	315	2^6*3^2*7^4*17^2
9634	400000000	99	2^10*5^8
9635	400056250	108	2^1*5^5*11^2*23^2
9636	400105472	126	2^13*13^2*17^2
9637	400207500	540	2^2*3^3*5^4*7^2*11^2
9638	400280049	81	3^8*13^2*19^2
9639	400346112	110	2^10*3^1*19^4
9640	400400100	243	2^2*3^2*5^2*23^2*29^2
9641	400623360	324	2^8*3^1*5^1*17^2*19^2
9642	400800400	405	2^4*5^2*7^2*11^2*13^2
9643	400841298	150	2^1*3^4*11^4*13^2
9644	400900800	210	2^6*3^1*5^2*17^4
9645	401067842	50	2^1*7^4*17^4
9646	401448960	420	2^13*3^4*5^1*11^2
9647	401464448	216	2^7*7^2*11^2*23^2
9648	401664123	108	3^3*7^2*19^2*29^2
9649	401709375	108	3^5*5^5*23^2
9650	401861250	270	2^1*3^8*5^4*7^2
9651	402456600	648	2^3*3^5*5^2*7^2*13^2
9652	402497667	90	3^9*11^2*13^2
9653	402564096	297	2^10*3^2*11^2*19^2
9654	402653184	56	2^27*3^1
9655	402971040	180	2^5*3^2*5^1*23^4
9656	403052832	270	2^5*3^2*7^2*13^4
9657	403107840	260	2^12*3^9*5^1
9658	403123392	378	2^6*3^5*7^2*23^2
9659	403574535	216	3^3*5^1*7^2*13^2*19^2
9660	403680000	270	2^8*3^1*5^4*29^2
9661	403848200	180	2^3*5^2*7^4*29^2
9662	403889409	135	3^4*7^2*11^2*29^2
9663	403961888	162	2^5*11^2*17^2*19^2
9664	404090404	45	2^2*19^2*23^4
9665	404227584	240	2^9*3^7*19^2
9666	404241640	120	2^3*5^1*11^2*17^4
9667	404452321	45	7^2*13^4*17^2
9668	404523126	216	2^1*3^3*7^2*17^2*23^2
9669	404794368	220	2^10*3^3*11^4
9670	405015625	63	5^6*7^2*23^2
9671	405600000	324	2^8*3^1*5^5*13^2
9672	405631152	270	2^4*3^5*17^2*19^2
9673	405769000	240	2^3*5^3*7^4*13^2
9674	405912060	180	2^2*3^5*5^1*17^4
9675	406125000	252	2^3*3^2*5^6*19^2
9676	406199904	180	2^5*3^1*11^4*17^2
9677	406329132	90	2^2*3^1*11^2*23^4
9678	406406250	144	2^1*3^2*5^7*17^2
9679	406425600	585	2^12*3^4*5^2*7^2
9680	406467072	270	2^9*3^8*11^2
9681	406594944	224	2^7*3^3*7^6
9682	407027712	270	2^14*3^1*7^2*13^2
9683	407044000	216	2^5*5^3*11^2*29^2
9684	407393856	105	2^6*3^2*29^4
9685	407554560	540	2^9*3^2*5^1*7^2*19^2
9686	407836800	648	2^7*3^2*5^2*7^2*17^2
9687	407878416	315	2^4*3^6*11^2*17^2
9688	407936763	60	3^3*13^4*23^2
9689	408006732	126	2^2*3^1*7^6*17^2
9690	408008178	70	2^1*3^6*23^4
9691	408146688	126	2^8*3^13
9692	408375000	336	2^3*3^3*5^6*11^2
9693	408686656	105	2^6*7^2*19^4
9694	408726000	360	2^4*3^5*5^3*29^2
9695	408808418	30	2^1*17^2*29^4
9696	408980000	270	2^5*5^4*11^2*13^2
9697	409252900	135	2^2*5^2*7^2*17^4
9698	409509375	108	3^1*5^5*11^2*19^2
9699	409563864	144	2^3*3^11*17^2
9700	409600000	108	2^17*5^5
9701	409657600	243	2^8*5^2*11^2*23^2
9702	409861350	216	2^1*3^3*5^2*19^2*29^2
9703	410062500	189	2^2*3^8*5^6
9704	410468552	108	2^3*13^2*19^2*29^2
9705	410670000	450	2^4*3^5*5^4*13^2
9706	410752810	108	2^1*5^1*13^2*17^2*29^2
9707	410950848	378	2^6*3^1*7^2*11^2*19^2
9708	411041792	72	2^23*7^2
9709	411235440	540	2^4*3^1*5^1*7^2*11^2*17^2
9710	411278400	315	2^6*3^2*5^2*13^4
9711	411350400	432	2^7*3^5*5^2*23^2
9712	411449766	100	2^1*3^1*7^4*13^4
9713	411521796	225	2^2*3^4*7^4*23^2
9714	411959808	270	2^9*3^2*13^2*23^2
9715	412090000	225	2^4*5^4*7^2*29^2
9716	412132050	270	2^1*3^4*5^2*11^2*29^2
9717	412420840	120	2^3*5^1*13^4*19^2
9718	412493040	360	2^4*3^3*5^1*19^2*23^2
9719	412648992	378	2^5*3^6*7^2*19^2
9720	412706450	90	2^1*5^2*13^4*17^2
9721	412742616	216	2^3*3^1*11^2*13^2*29^2
9722	412778700	324	2^2*3^3*5^2*17^2*23^2
9723	412934760	504	2^3*3^6*5^1*7^2*17^2
9724	413227584	315	2^6*3^2*7^2*11^4
9725	413281250	54	2^1*5^8*23^2
9726	413390224	135	2^4*13^2*17^2*23^2
9727	413437500	288	2^2*3^3*5^7*7^2
9728	413638854	60	2^1*3^1*19^4*23^2
9729	413835075	90	3^9*5^2*29^2
9730	414081801	135	3^4*7^2*17^2*19^2
9731	414092250	360	2^1*3^4*5^3*11^2*13^2
9732	414448164	189	2^2*3^6*13^2*29^2
9733	414662402	90	2^1*7^2*11^4*17^2
9734	414720000	350	2^13*3^4*5^4
9735	414736000	288	2^7*5^3*7^2*23^2
9736	414892800	540	2^8*3^3*5^2*7^4
9737	414935136	432	2^5*3^7*7^2*11^2
9738	415065672	108	2^3*3^2*7^8
9739	415334400	288	2^15*3^1*5^2*13^2
9740	415507456	165	2^10*7^4*13^2
9741	415803375	120	3^9*5^3*13^2
9742	415881228	90	2^2*3^1*7^2*29^4
9743	415930482	162	2^1*3^2*11^2*19^2*23^2
9744	416022528	114	2^18*3^1*23^2
9745	416160000	405	2^8*3^2*5^4*17^2
9746	416333400	360	2^3*3^1*5^2*7^4*17^2
9747	416375883	162	3^5*7^2*11^2*17^2
9748	416649744	195	2^4*3^12*7^2
9749	416813056	117	2^12*11^2*29^2
9750	417027200	120	2^7*5^2*19^4
9751	417316000	216	2^5*5^3*17^2*19^2
9752	417605000	100	2^3*5^4*17^4
9753	417649203	72	3^7*19^2*23^2
9754	417859260	324	2^2*3^1*5^1*7^2*13^2*29^2
9755	418161601	25	11^4*13^4
9756	418176000	528	2^10*3^3*5^3*11^2
9757	418234806	120	2^1*3^3*11^4*23^2
9758	418350240	540	2^5*3^2*5^1*7^4*11^2
9759	418535424	216	2^11*3^5*29^2
9760	419225625	225	3^4*5^4*7^2*13^2
9761	419337600	432	2^7*3^1*5^2*11^2*19^2
9762	419430400	75	2^24*5^2
9763	419512324	135	2^2*7^4*11^2*19^2
9764	419761500	120	2^2*3^1*5^3*23^4
9765	419846700	270	2^2*3^1*5^2*7^2*13^4
9766	419904000	360	2^9*3^8*5^3
9767	419920200	540	2^3*3^4*5^2*7^2*23^2
9768	419963049	81	3^8*11^2*23^2
9769	419988672	252	2^6*3^3*17^2*29^2
9770	420078960	400	2^4*3^7*5^1*7^4
9771	420500000	126	2^5*5^6*29^2
9772	420542304	324	2^5*3^1*7^2*13^2*23^2
9773	421070400	441	2^6*3^6*5^2*19^2
9774	421245846	180	2^1*3^5*7^4*19^2
9775	421446966	60	2^1*3^1*17^4*29^2
9776	421660800	360	2^7*3^2*5^2*11^4
9777	421694208	324	2^8*3^3*13^2*19^2
9778	421836492	150	2^2*3^1*7^4*11^4
9779	421980160	216	2^11*5^1*7^2*29^2
9780	421986240	504	2^6*3^3*5^1*13^2*17^2
9781	422240040	200	2^3*3^4*5^1*19^4
9782	422500000	144	2^5*5^7*13^2
9783	422532450	270	2^1*3^4*5^2*17^2*19^2
9784	423046875	54	3^1*5^8*19^2
9785	423124900	135	2^2*5^2*11^4*17^2
9786	423158424	216	2^3*3^1*13^2*17^2*19^2
9787	423360000	600	2^9*3^3*5^4*7^2
9788	423403200	504	2^6*3^7*5^2*11^2
9789	423412929	21	3^2*19^6
9790	423419535	216	3^3*5^1*7^2*11^2*23^2
9791	423536400	315	2^4*3^2*5^2*7^6
9792	423579618	210	2^1*3^6*7^4*11^2
9793	423987200	324	2^11*5^2*7^2*13^2
9794	424030464	405	2^8*3^4*11^2*13^2
9795	424368600	120	2^3*3^1*5^2*29^4
9796	424536000	504	2^6*3^1*5^3*7^2*19^2
9797	424689664	135	2^14*7^2*23^2
9798	424712890	84	2^1*5^1*7^6*19^2
9799	424830000	450	2^4*3^1*5^4*7^2*17^2
9800	424873350	324	2^1*3^5*5^2*11^2*17^2
9801	425152800	234	2^5*3^12*5^2
9802	425174640	140	2^4*3^1*5^1*11^6
9803	425329947	60	3^11*7^4
9804	425390625	81	3^2*5^8*11^2
9805	425502792	324	2^3*3^2*11^2*13^2*17^2
9806	425638161	45	3^2*13^2*23^4
9807	425756250	180	2^1*3^4*5^5*29^2
9808	425758707	60	3^3*11^2*19^4
9809	425782656	240	2^7*3^9*13^2
9810	425852928	162	2^17*3^2*19^2
9811	426147840	288	2^15*3^2*5^1*17^2
9812	426629025	99	3^10*5^2*17^2
9813	426931560	280	2^3*3^6*5^1*11^4
9814	427093440	252	2^6*3^1*5^1*23^2*29^2
9815	427254912	360	2^7*3^4*7^2*29^2
9816	427261068	216	2^2*3^7*13^2*17^2
9817	427331584	117	2^12*17^2*19^2
9818	427781250	210	2^1*3^4*5^6*13^2
9819	428073800	324	2^3*5^2*7^2*11^2*19^2
9820	428117481	75	3^4*11^4*19^2
9821	428212224	216	2^17*3^3*11^2
9822	428370250	216	2^1*5^3*7^2*11^2*17^2
9823	428415000	200	2^3*3^1*5^4*13^4
9824	428490000	375	2^4*3^4*5^4*23^2
9825	428695740	216	2^2*3^11*5^1*11^2
9826	428717762	18	2^1*11^8
9827	428738436	243	2^2*3^2*7^2*17^2*29^2
9828	429124800	378	2^6*3^1*5^2*13^2*23^2
9829	429287040	720	2^7*3^4*5^1*7^2*13^2
9830	429303602	90	2^1*7^4*13^2*23^2
9831	429680250	216	2^1*3^2*5^3*19^2*23^2
9832	429699072	234	2^12*3^1*11^2*17^2
9833	429835776	100	2^9*3^1*23^4
9834	429842700	486	2^2*3^5*5^2*7^2*19^2
9835	429940225	81	5^2*11^2*13^2*29^2
9836	429981696	153	2^16*3^8
9837	430140375	216	3^5*5^3*7^2*17^2
9838	430445400	360	2^3*3^1*5^2*7^2*11^4
9839	430467210	68	2^1*3^16*5^1
9840	430479504	405	2^4*3^2*7^2*13^2*19^2
9841	430489323	42	3^5*11^6
9842	430652552	108	2^3*11^2*23^2*29^2
9843	431474688	252	2^11*3^6*17^2
9844	432000000	308	2^10*3^3*5^6
9845	432180000	450	2^5*3^2*5^4*7^4
9846	432224100	567	2^2*3^6*5^2*7^2*11^2
9847	432356418	90	2^1*3^2*13^4*29^2
9848	432360075	54	3^1*5^2*7^8
9849	432432108	162	2^2*3^5*23^2*29^2
9850	432640000	195	2^12*5^4*13^2
9851	432700840	216	2^3*5^1*11^2*13^2*23^2
9852	432864432	540	2^4*3^3*7^2*11^2*13^2
9853	432972864	175	2^6*3^4*17^4
9854	433356800	144	2^15*5^2*23^2
9855	433500000	252	2^5*3^1*5^6*17^2
9856	433520640	408	2^16*3^3*5^1*7^2
9857	433680625	75	5^4*7^4*17^2
9858	434010150	216	2^1*3^11*5^2*7^2
9859	434412810	84	2^1*3^2*5^1*13^6
9860	434476242	42	2^1*3^2*17^6
9861	434488860	324	2^2*3^5*5^1*13^2*23^2
9862	434653128	324	2^3*3^8*7^2*13^2
9863	434724864	252	2^13*3^1*7^2*19^2
9864	435600000	432	2^7*3^2*5^5*11^2
9865	435781500	360	2^2*3^1*5^3*7^4*11^2
9866	435974400	405	2^8*3^4*5^2*29^2
9867	436156056	240	2^3*3^3*7^4*29^2
9868	436620288	198	2^10*3^1*13^2*29^2
9869	436810000	225	2^4*5^4*11^2*19^2
9870	437133312	378	2^13*3^2*7^2*11^2
9871	437185440	324	2^5*3^2*5^1*19^2*29^2
9872	437400000	336	2^6*3^7*5^5
9873	437416875	180	3^3*5^4*7^2*23^2
9874	437488200	324	2^3*3^2*5^2*17^2*29^2
9875	437582250	280	2^1*3^6*5^3*7^4
9876	438064900	243	2^2*5^2*7^2*13^2*23^2
9877	438399844	45	2^2*19^4*29^2
9878	438615000	360	2^3*3^5*5^4*19^2
9879	438651136	243	2^8*7^2*11^2*17^2
9880	438696960	220	2^10*3^1*5^1*13^4
9881	438773760	360	2^11*3^4*5^1*23^2
9882	438790688	90	2^5*7^2*23^4
9883	438939648	312	2^12*3^7*7^2
9884	439230000	250	2^4*3^1*5^4*11^4
9885	439264800	486	2^5*3^2*5^2*13^2*19^2
9886	439447827	90	3^1*7^4*13^2*19^2
9887	439569000	432	2^3*3^2*5^3*13^2*17^2
9888	439833375	80	3^3*5^3*19^4
9889	439992576	243	2^8*3^2*19^2*23^2
9890	440463744	432	2^7*3^5*7^2*17^2
9891	440790025	81	5^2*13^2*17^2*19^2
9892	440828652	162	2^2*3^1*11^2*19^2*29^2
9893	440926208	60	2^19*29^2
9894	441000000	441	2^6*3^2*5^6*7^2
9895	441045000	420	2^3*3^6*5^4*11^2
9896	441133935	108	3^1*5^1*11^2*17^2*29^2
9897	441183750	140	2^1*3^1*5^4*7^6
9898	441520328	108	2^3*17^2*19^2*23^2
9899	441698400	648	2^5*3^3*5^2*11^2*13^2
9900	441826090	60	2^1*5^1*17^4*23^2
9901	441882441	135	3^2*7^4*11^2*13^2
9902	441993132	180	2^2*3^3*7^2*17^4
9903	442050625	25	5^4*29^4
9904	442225000	216	2^3*5^5*7^2*19^2
9905	442352768	120	2^7*11^2*13^4
9906	442430208	324	2^8*3^3*11^2*23^2
9907	442531250	126	2^1*5^6*7^2*17^2
9908	442650258	126	2^1*3^6*19^2*29^2
9909	442867500	180	2^2*3^11*5^4
9910	442890250	56	2^1*5^3*11^6
9911	442925340	324	2^2*3^1*5^1*11^2*13^2*19^2
9912	443023360	120	2^19*5^1*13^2
9913	443232075	162	3^1*5^2*11^2*13^2*17^2
9914	443270916	135	2^2*3^2*11^4*29^2
9915	443523600	405	2^4*3^8*5^2*13^2
9916	443596800	270	2^14*3^1*5^2*19^2
9917	443781632	150	2^9*7^4*19^2
9918	443904000	312	2^12*3^1*5^3*17^2
9919	443966424	216	2^3*3^1*11^2*17^2*23^2
9920	444088960	240	2^7*5^1*7^4*17^2
9921	444107667	14	3^1*23^6
9922	444180672	210	2^6*3^5*13^4
9923	444258432	216	2^7*3^8*23^2
9924	444720375	120	3^5*5^3*11^4
9925	444755610	252	2^1*3^6*5^1*13^2*19^2
9926	444889000	144	2^3*5^3*23^2*29^2
9927	445057200	540	2^4*3^3*5^2*7^2*29^2
9928	445102614	144	2^1*3^7*11^2*29^2
9929	445716544	189	2^6*7^2*13^2*29^2
9930	445722966	120	2^1*3^3*13^4*17^2
9931	445800996	189	2^2*3^6*17^2*23^2
9932	446054400	405	2^14*3^2*5^2*11^2
9933	446240256	300	2^9*3^1*7^4*11^2
9934	446265625	35	5^6*13^4
9935	446343750	168	2^1*3^3*5^6*23^2
9936	446941881	39	3^12*29^2
9937	447005000	180	2^3*5^4*13^2*23^2
9938	447174000	720	2^4*3^3*5^3*7^2*13^2
9939	447293440	216	2^11*5^1*11^2*19^2
9940	447603200	270	2^9*5^2*11^2*17^2
9941	447745600	105	2^6*5^2*23^4
9942	447897600	336	2^13*3^7*5^2
9943	448084224	315	2^8*3^6*7^4
9944	448380625	75	5^4*7^2*11^4
9945	448416150	324	2^1*3^1*5^2*7^2*13^2*19^2
9946	448561152	240	2^15*3^4*13^2
9947	448766010	324	2^1*3^2*5^1*7^2*11^2*29^2
9948	449141760	396	2^10*3^5*5^1*19^2
9949	449159088	270	2^4*3^1*7^2*19^2*23^2
9950	449452800	486	2^8*3^5*5^2*17^2
9951	449470140	324	2^2*3^1*5^1*7^2*17^2*23^2
9952	449640072	300	2^3*3^4*7^4*17^2
9953	450000000	216	2^7*3^2*5^8
9954	450118656	297	2^10*3^2*13^2*17^2
9955	450187500	210	2^2*3^1*5^6*7^4
9956	450389376	160	2^7*3^3*19^4
9957	450620415	144	3^7*5^1*7^2*29^2
9958	450900450	486	2^1*3^2*5^2*7^2*11^2*13^2
9959	451013400	240	2^3*3^3*5^2*17^4
9960	451117446	108	2^1*3^1*13^2*23^2*29^2
9961	451562500	81	2^2*5^8*17^2
9962	451584000	504	2^13*3^2*5^3*7^2
9963	451647504	405	2^4*3^2*7^2*11^2*23^2
9964	451681568	90	2^5*13^2*17^4
9965	451772160	252	2^8*3^1*5^1*7^6
9966	451953228	90	2^2*3^1*17^2*19^4
9967	452266215	60	3^1*5^1*17^4*19^2
9968	452659840	80	2^7*5^1*29^4
9969	452763675	216	3^7*5^2*7^2*13^2
9970	452838400	297	2^10*5^2*7^2*19^2
9971	452884608	360	2^7*3^4*11^2*19^2
9972	452984832	100	2^24*3^3
9973	453198240	540	2^5*3^4*5^1*11^2*17^2
9974	453434436	225	2^2*3^4*7^2*13^4
9975	453513816	288	2^3*3^7*7^2*23^2
9976	453519616	63	2^8*11^6
9977	453750000	240	2^4*3^1*5^7*11^2
9978	454140000	360	2^5*3^3*5^4*29^2
9979	454329225	135	3^2*5^2*7^4*29^2
9980	454457124	243	2^2*3^2*11^2*17^2*19^2
9981	454557696	120	2^19*3^1*17^2
9982	454756032	210	2^6*3^9*19^2
9983	454812800	216	2^7*5^2*13^2*29^2
9984	455070960	300	2^4*3^9*5^1*17^2
9985	455347200	594	2^10*3^1*5^2*7^2*11^2
9986	455393664	240	2^7*3^5*11^4
9987	455401500	216	2^2*3^1*5^3*19^2*29^2
9988	455536928	126	2^5*7^6*11^2
9989	455566336	99	2^10*23^2*29^2
9990	455625000	224	2^3*3^6*5^7
9991	455716875	90	3^1*5^4*17^2*29^2
9992	456335046	144	2^1*3^7*17^2*19^2
9993	456890625	105	3^4*5^6*19^2
9994	456974892	180	2^2*3^3*11^4*17^2
9995	456976000	160	2^7*5^3*13^4
9996	457056000	432	2^8*3^3*5^3*23^2
9997	457228800	630	2^9*3^6*5^2*7^2
9998	457246440	360	2^3*3^2*5^1*7^4*23^2
9999	457275456	231	2^6*3^10*11^2
10000	457419312	210	2^4*3^5*7^6
10001	457531250	70	2^1*5^6*11^4
10002	457567500	270	2^2*3^1*5^4*13^2*19^2
10003	457884375	108	3^1*5^5*13^2*17^2
10004	457906176	432	2^11*3^3*7^2*13^2
10005	458318088	100	2^3*3^4*29^4
10006	458325600	324	2^5*3^1*5^2*19^2*23^2
10007	458516569	45	7^4*19^2*23^2
10008	458816400	675	2^4*3^4*5^2*7^2*17^2
10009	458863218	162	2^1*3^8*11^2*17^2
10010	459141760	240	2^7*5^1*7^2*11^4
10011	459165024	96	2^5*3^15
10012	459375000	216	2^3*3^1*5^8*7^2
10013	459421875	126	3^5*5^6*11^2
10014	459496128	378	2^6*3^1*7^2*13^2*17^2
10015	459772488	180	2^3*3^2*7^2*19^4
10016	460090890	324	2^1*3^2*5^1*7^2*17^2*19^2
10017	460102500	405	2^2*3^2*5^4*11^2*13^2
10018	460497960	360	2^3*3^4*5^1*13^2*29^2
10019	460759347	42	3^13*17^2
10020	460864800	486	2^5*3^2*5^2*11^2*23^2
10021	461039040	756	2^6*3^5*5^1*7^2*11^2
10022	461056827	90	3^1*7^4*11^2*23^2
10023	461777121	81	3^2*13^2*19^2*29^2
10024	462003750	240	2^1*3^7*5^4*13^2
10025	462080000	180	2^11*5^4*19^2
10026	462319704	432	2^3*3^3*7^2*11^2*19^2
10027	462400000	180	2^9*5^5*17^2
10028	462422016	189	2^20*3^2*7^2
10029	462465025	81	5^2*11^2*17^2*23^2
10030	462688200	300	2^3*3^4*5^2*13^4
10031	462769200	360	2^4*3^7*5^2*23^2
10032	462944160	396	2^5*3^10*5^1*7^2
10033	463373664	84	2^5*3^1*13^6
10034	463454784	315	2^6*3^4*13^2*23^2
10035	463601250	270	2^1*3^2*5^4*7^2*29^2
10036	464027648	144	2^15*7^2*17^2
10037	464230116	243	2^2*3^8*7^2*19^2
10038	464335443	108	3^3*11^2*13^2*29^2
10039	464640000	360	2^11*3^1*5^4*11^2
10040	464705340	180	2^2*3^1*5^1*11^4*23^2
10041	464833600	315	2^6*5^2*7^4*11^2
10042	464881032	300	2^3*3^4*7^2*11^4
10043	465039360	312	2^12*3^3*5^1*29^2
10044	465064002	162	2^1*3^2*13^2*17^2*23^2
10045	465806250	324	2^1*3^2*5^5*7^2*13^2
10046	466331136	180	2^9*3^1*19^2*29^2
10047	466543935	120	3^3*5^1*11^2*13^4
10048	466560000	385	2^10*3^6*5^4
10049	466625610	252	2^1*3^6*5^1*11^2*23^2
10050	466754400	540	2^5*3^5*5^2*7^4
10051	466802028	270	2^2*3^9*7^2*11^2
10052	466948881	45	3^4*7^8
10053	467251200	468	2^12*3^3*5^2*13^2
10054	467445888	360	2^7*3^2*7^4*13^2
10055	467856000	480	2^7*3^4*5^3*19^2
10056	467874050	162	2^1*5^2*7^2*19^2*23^2
10057	467943424	75	2^14*13^4
10058	468025344	192	2^15*3^3*23^2
10059	468050940	360	2^2*3^3*5^1*7^4*19^2
10060	468180000	450	2^5*3^4*5^4*17^2
10061	468375075	180	3^3*5^2*7^4*17^2
10062	468553815	72	3^11*5^1*23^2
10063	468730962	90	2^1*3^14*7^2
10064	468750000	110	2^4*3^1*5^10
10065	468873600	432	2^7*3^1*5^2*13^2*17^2
10066	468914688	270	2^9*3^2*11^2*29^2
10067	469068964	135	2^2*7^4*13^2*17^2
10068	469155600	225	2^4*3^2*5^2*19^4
10069	469650432	198	2^10*3^1*17^2*23^2
10070	469805625	75	3^2*5^4*17^4
10071	470400000	396	2^10*3^1*5^5*7^2
10072	470458810	28	2^1*5^1*19^6
10073	470466150	324	2^1*3^1*5^2*7^2*11^2*23^2
10074	470542864	135	2^4*11^2*17^2*29^2
10075	470596000	168	2^5*5^3*7^6
10076	470692562	30	2^1*23^4*29^2
10077	470852352	216	2^8*3^7*29^2
10078	471144960	540	2^9*3^2*5^1*11^2*13^2
10079	471754800	540	2^4*3^3*5^2*11^2*19^2
10080	471859200	198	2^21*3^2*5^2
10081	472055808	170	2^16*3^1*7^4
10082	472081500	432	2^2*3^3*5^3*11^2*17^2
10083	472410225	189	3^6*5^2*7^2*23^2
10084	472453696	189	2^6*11^2*13^2*19^2
10085	472487256	216	2^3*3^5*17^2*29^2
10086	472656250	60	2^1*5^9*11^2
10087	472931290	60	2^1*5^1*13^2*23^4
10088	473027282	42	2^1*7^2*13^6
10089	473062500	189	2^2*3^2*5^6*29^2
10090	473091840	432	2^8*3^7*5^1*13^2
10091	473110092	324	2^2*3^3*7^2*13^2*23^2
10092	473497600	153	2^16*5^2*17^2
10093	473704200	324	2^3*3^8*5^2*19^2
10094	474032250	216	2^1*3^8*5^3*17^2
10095	474320000	360	2^7*5^4*7^2*11^2
10096	474368400	375	2^4*3^4*5^2*11^4
10097	474405984	324	2^5*3^5*13^2*19^2
10098	474609375	60	3^5*5^9
10099	475071168	210	2^6*3^1*11^4*13^2
10100	475686090	180	2^1*3^2*5^1*11^4*19^2
10101	475791360	228	2^18*3^1*5^1*11^2
10102	476046368	162	2^5*7^2*19^2*29^2
10103	476053227	108	3^3*13^2*17^2*19^2
10104	476100000	324	2^5*3^2*5^5*23^2
10105	476280000	630	2^6*3^5*5^4*7^2
10106	476298375	120	3^1*5^3*7^4*23^2
10107	476328600	360	2^3*3^9*5^2*11^2
10108	476376040	216	2^3*5^1*7^2*17^2*29^2
10109	476478450	210	2^1*3^4*5^2*7^6
10110	476985600	729	2^8*3^2*5^2*7^2*13^2
10111	477034272	378	2^5*3^6*11^2*13^2
10112	477184344	168	2^3*3^1*7^6*13^2
10113	477414675	60	3^3*5^2*29^4
10114	477422500	135	2^2*5^4*19^2*23^2
10115	477651735	144	3^7*5^1*11^2*19^2
10116	477757440	252	2^17*3^6*5^1
10117	477775872	324	2^11*3^2*7^2*23^2
10118	477933750	360	2^1*3^3*5^4*7^2*17^2
10119	478121956	45	2^2*13^2*29^4
10120	478296900	135	2^2*3^14*5^2
10121	478310560	324	2^5*5^1*7^2*13^2*19^2
10122	478515625	33	5^10*7^2
10123	478641800	324	2^3*5^2*7^2*13^2*17^2
10124	478683744	324	2^5*3^1*7^2*11^2*29^2
10125	478690641	135	3^4*11^2*13^2*17^2
10126	478929675	90	3^1*5^2*7^2*19^4
10127	479005488	180	2^4*3^11*13^2
10128	479084544	225	2^14*3^4*19^2
10129	479434816	189	2^6*7^2*17^2*23^2
10130	479685375	144	3^3*5^3*13^2*29^2
10131	479756288	80	2^15*11^4
10132	480067500	270	2^2*3^1*5^4*11^2*23^2
10133	480249000	720	2^3*3^4*5^3*7^2*11^2
10134	480661776	315	2^4*3^6*7^2*29^2
10135	480748032	270	2^9*3^2*17^2*19^2
10136	481080960	240	2^7*3^2*5^1*17^4
10137	481583025	243	3^2*5^2*7^2*11^2*19^2
10138	481689600	324	2^17*3^1*5^2*7^2
10139	481738752	270	2^14*3^5*11^2
10140	481814787	54	3^1*19^2*23^2*29^2
10141	481890304	91	2^12*7^6
10142	481966875	100	3^3*5^4*13^4
10143	482051250	210	2^1*3^6*5^4*23^2
10144	482233500	360	2^2*3^9*5^3*7^2
10145	482417296	75	2^4*17^4*19^2
10146	482680900	63	2^2*5^2*13^6
10147	482765400	432	2^3*3^3*5^2*13^2*23^2
10148	483411456	360	2^9*3^3*11^2*17^2
10149	483480608	90	2^5*13^4*23^2
10150	483565248	140	2^6*3^3*23^4
10151	483729408	154	2^13*3^10
10152	484000000	189	2^8*5^6*11^2
10153	484106415	108	3^1*5^1*13^2*19^2*23^2
10154	484251075	180	3^3*5^2*7^2*11^4
10155	484289442	270	2^1*3^4*7^2*13^2*19^2
10156	484416000	360	2^9*3^2*5^3*29^2
10157	484484121	81	3^2*11^2*23^2*29^2
10158	484617840	300	2^4*3^1*5^1*7^4*29^2
10159	484968484	135	2^2*7^2*11^4*13^2
10160	485089968	150	2^4*3^1*11^2*17^4
10161	485244294	60	2^1*3^1*17^2*23^4
10162	485409024	243	2^8*3^8*17^2
10163	485761600	189	2^6*5^2*19^2*29^2
10164	486000000	336	2^7*3^5*5^6
10165	486202500	375	2^2*3^4*5^4*7^4
10166	486720000	450	2^9*3^2*5^4*13^2
10167	486922800	450	2^4*3^1*5^2*7^4*13^2
10168	486972486	324	2^1*3^5*7^2*11^2*13^2
10169	487094472	140	2^3*3^6*17^4
10170	487350000	360	2^4*3^3*5^5*19^2
10171	487526400	351	2^12*3^2*5^2*23^2
10172	487687500	252	2^2*3^3*5^6*17^2
10173	487729536	240	2^7*3^1*7^4*23^2
10174	488281250	26	2^1*5^12
10175	488410000	225	2^4*5^4*13^2*17^2
10176	488452800	378	2^6*3^1*5^2*11^2*29^2
10177	488656322	90	2^1*7^4*11^2*29^2
10178	488703750	100	2^1*3^1*5^4*19^4
10179	488880640	180	2^9*5^1*19^2*23^2
10180	488984769	99	3^10*7^2*13^2
10181	489065472	396	2^10*3^3*7^2*19^2
10182	489219200	216	2^7*5^2*17^2*23^2
10183	489404160	648	2^8*3^3*5^1*7^2*17^2
10184	490000000	192	2^7*5^7*7^2
10185	490471200	378	2^5*3^6*5^2*29^2
10186	490675563	90	3^5*7^4*29^2
10187	490763616	324	2^5*3^1*7^2*17^2*19^2
10188	490776000	504	2^6*3^1*5^3*11^2*13^2
10189	490980490	180	2^1*5^1*7^4*11^2*13^2
10190	491197824	288	2^7*3^3*13^2*29^2
10191	491411250	270	2^1*3^2*5^4*11^2*19^2
10192	491520000	190	2^18*3^1*5^4
10193	491724800	210	2^13*5^2*7^4
10194	491774976	495	2^10*3^4*7^2*11^2
10195	492174225	135	3^4*5^2*17^2*29^2
10196	492523240	120	2^3*5^1*11^4*29^2
10197	492804000	504	2^5*3^6*5^3*13^2
10198	492903372	162	2^2*3^1*13^2*17^2*29^2
10199	493009335	180	3^5*5^1*7^4*13^2
10200	493441875	120	3^7*5^4*19^2
10201	493482528	486	2^5*3^2*7^2*11^2*17^2
10202	493639524	135	2^2*3^2*7^2*23^4
10203	493807104	300	2^9*3^9*7^2
10204	494133750	200	2^1*3^3*5^4*11^4
10205	494172900	405	2^2*3^4*5^2*13^2*19^2
10206	494558460	324	2^2*3^5*5^1*11^2*29^2
10207	494865800	180	2^3*5^2*11^4*13^2
10208	494905008	150	2^4*3^1*13^4*19^2
10209	494991648	270	2^5*3^4*19^2*23^2
10210	495196009	45	7^2*11^2*17^4
10211	495247740	180	2^2*3^1*5^1*13^4*17^2
10212	495334440	360	2^3*3^4*5^1*17^2*23^2
10213	495521712	360	2^4*3^7*7^2*17^2
10214	495616000	192	2^15*5^3*11^2
10215	495685696	105	2^6*11^4*23^2
10216	495937500	144	2^2*3^1*5^7*23^2
10217	496041984	153	2^16*3^2*29^2
10218	496125000	420	2^3*3^4*5^6*7^2
10219	496175625	135	3^8*5^4*11^2
10220	496602090	132	2^1*3^10*5^1*29^2
10221	496710369	81	3^2*17^2*19^2*23^2
10222	496860000	540	2^5*3^1*5^4*7^2*13^2
10223	496910700	486	2^2*3^5*5^2*11^2*13^2
10224	497067025	63	5^2*7^6*13^2
10225	497646864	225	2^4*3^2*11^2*13^4
10226	497664000	360	2^14*3^5*5^3
10227	497683200	486	2^8*3^1*5^2*7^2*23^2
10228	497733984	324	2^5*3^5*11^2*23^2
10229	497764352	108	2^11*17^2*29^2
10230	497871360	500	2^9*3^4*5^1*7^4
10231	497890568	84	2^3*7^6*23^2
10232	498628900	243	2^2*5^2*7^2*11^2*29^2
10233	498964050	198	2^1*3^10*5^2*13^2
10234	499046400	432	2^11*3^3*5^2*19^2
10235	499254336	315	2^6*3^2*7^4*19^2
10236	499462227	108	3^3*11^2*17^2*23^2
10237	499703256	160	2^3*3^7*13^4
10238	499785728	126	2^13*13^2*19^2
10239	499790736	165	2^4*3^10*23^2
10240	500131840	216	2^11*5^1*13^2*17^2
10241	500259375	216	3^3*5^5*7^2*11^2
10242	500432640	180	2^8*3^1*5^1*19^4
10243	500689350	324	2^1*3^5*5^2*7^2*29^2
10244	500779200	378	2^6*3^1*5^2*17^2*19^2
10245	500987858	90	2^1*7^4*17^2*19^2
10246	501126000	200	2^4*3^1*5^3*17^4
10247	501431112	324	2^3*3^2*7^2*13^2*29^2
10248	501760000	225	2^14*5^4*7^2
10249	501811200	540	2^11*3^4*5^2*11^2
10250	501830560	324	2^5*5^1*7^2*11^2*23^2
10251	502020288	420	2^6*3^3*7^4*11^2
10252	502554624	252	2^13*3^1*11^2*13^2
10253	502880625	135	3^2*5^4*13^2*23^2
10254	503553600	567	2^6*3^2*5^2*11^2*17^2
10255	503713800	180	2^3*3^2*5^2*23^4
10256	503763414	180	2^1*3^1*7^4*11^2*17^2
10257	503816040	360	2^3*3^2*5^1*7^2*13^4
10258	503884800	330	2^10*3^9*5^2
10259	503904240	540	2^4*3^5*5^1*7^2*23^2
10260	504094752	270	2^5*3^8*7^4
10261	504600000	252	2^6*3^1*5^5*29^2
10262	504602912	90	2^5*11^2*19^4
10263	504631296	273	2^12*3^6*13^2
10264	504810250	120	2^1*5^3*7^4*29^2
10265	504952360	216	2^3*5^1*11^2*17^2*19^2
10266	505215529	45	7^2*13^4*19^2
10267	505302050	90	2^1*5^2*11^2*17^4
10268	505303974	216	2^1*3^3*7^2*19^2*23^2
10269	505634400	432	2^5*3^7*5^2*17^2
10270	505845081	105	3^6*7^4*17^2
10271	505992960	360	2^8*3^3*5^1*11^4
10272	506250000	225	2^4*3^4*5^8
10273	506376192	234	2^12*3^1*7^2*29^2
10274	506383488	360	2^7*3^4*13^2*17^2
10275	506688048	150	2^4*3^5*19^4
10276	507000000	294	2^6*3^1*5^6*13^2
10277	507038940	324	2^2*3^5*5^1*17^2*19^2
10278	507211250	150	2^1*5^4*7^4*13^2
10279	507390075	90	3^5*5^2*17^4
10280	507398496	180	2^5*3^1*11^4*19^2
10281	507510784	69	2^22*11^2
10282	507656250	144	2^1*3^2*5^7*19^2
10283	507840000	300	2^9*3^1*5^4*23^2
10284	507911415	60	3^1*5^1*11^2*23^4
10285	508014507	90	3^1*7^2*11^2*13^4
10286	508051600	225	2^4*5^2*7^4*23^2
10287	508083840	432	2^7*3^8*5^1*11^2
10288	508103442	270	2^1*3^4*7^2*11^2*23^2
10289	508141764	135	2^2*3^2*13^2*17^4
10290	508784640	468	2^12*3^1*5^1*7^2*13^2
10291	508805000	180	2^3*5^4*11^2*29^2
10292	509443200	648	2^7*3^2*5^2*7^2*19^2
10293	509495184	315	2^4*3^6*11^2*19^2
10294	509607936	132	2^21*3^5
10295	509655468	126	2^2*3^1*7^6*19^2
10296	509796000	648	2^5*3^2*5^3*7^2*17^2
10297	510008415	84	3^1*5^1*7^6*17^2
10298	510183360	196	2^6*3^13*5^1
10299	510203043	90	3^9*7^2*23^2
10300	510209568	126	2^5*3^2*11^6
10301	510656882	30	2^1*19^2*29^4
10302	510907500	270	2^2*3^5*5^4*29^2
10303	511212100	243	2^2*5^2*7^2*17^2*19^2
10304	511225000	216	2^3*5^5*11^2*13^2
10305	511377408	204	2^16*3^3*17^2
10306	511600536	144	2^3*3^11*19^2
10307	511664400	405	2^4*3^2*5^2*13^2*29^2
10308	511981129	21	11^6*17^2
10309	512000000	112	2^15*5^6
10310	512265600	864	2^7*3^3*5^2*7^2*11^2
10311	512317872	200	2^4*3^7*11^4
10312	512479044	189	2^2*3^2*7^6*11^2
10313	512512128	216	2^7*3^2*23^2*29^2
10314	513024512	270	2^9*7^2*11^2*13^2
10315	513085690	108	2^1*5^1*13^2*19^2*29^2
10316	513153024	120	2^11*3^1*17^4
10317	513337500	324	2^2*3^5*5^5*13^2
10318	513486006	60	2^1*3^1*11^2*29^4
10319	513688560	540	2^4*3^1*5^1*7^2*11^2*19^2
10320	513802240	132	2^21*5^1*7^2
10321	514044300	486	2^2*3^1*5^2*7^2*11^2*17^2
10322	514291684	81	2^2*17^2*23^2*29^2
10323	514382400	567	2^6*3^8*5^2*7^2
10324	514434888	156	2^3*3^12*11^2
10325	514596726	112	2^1*3^7*7^6
10326	514949760	432	2^7*3^2*5^1*13^2*23^2
10327	515144448	486	2^8*3^5*7^2*13^2
10328	515526050	90	2^1*5^2*13^4*19^2
10329	515607849	35	3^6*29^4
10330	515616300	324	2^2*3^3*5^2*19^2*23^2
10331	515811240	504	2^3*3^6*5^1*7^2*19^2
10332	515973375	144	3^3*5^3*17^2*23^2
10333	516168450	378	2^1*3^6*5^2*7^2*17^2
10334	516380176	135	2^4*13^2*19^2*23^2
10335	516560652	54	2^2*3^17
10336	516710400	252	2^13*3^1*5^2*29^2
10337	516796875	108	3^3*5^8*7^2
10338	516925696	135	2^8*7^4*29^2
10339	516933144	432	2^3*3^3*7^2*13^2*17^2
10340	517244049	75	3^4*7^2*19^4
10341	517562500	189	2^2*5^6*7^2*13^2
10342	517969298	90	2^1*7^2*11^4*19^2
10343	518382150	180	2^1*3^1*5^2*11^2*13^4
10344	518400000	360	2^11*3^4*5^5
10345	518420000	270	2^5*5^4*7^2*23^2
10346	518472900	405	2^2*3^4*5^2*11^2*23^2
10347	518616000	560	2^6*3^3*5^3*7^4
10348	518832090	108	2^1*3^2*5^1*7^8
10349	519241008	270	2^4*3^1*11^2*13^2*23^2
10350	519840000	405	2^8*3^2*5^4*19^2
10351	519851535	60	3^1*5^1*7^2*29^4
10352	520028160	204	2^16*3^1*5^1*23^2
10353	520056600	360	2^3*3^1*5^2*7^4*19^2
10354	520109667	162	3^5*7^2*11^2*19^2
10355	520224768	270	2^17*3^4*7^2
10356	520524225	105	3^6*5^2*13^4
10357	520615350	180	2^1*3^9*5^2*23^2
10358	520838934	84	2^1*3^1*7^2*11^6
10359	521284000	120	2^5*5^3*19^4
10360	521295372	84	2^2*3^3*13^6
10361	521386632	252	2^3*3^6*13^2*23^2
10362	521645000	180	2^3*5^4*17^2*19^2
10363	522006250	60	2^1*5^5*17^4
10364	522031104	351	2^12*3^2*7^2*17^2
10365	522324075	162	3^1*5^2*7^2*13^2*29^2
10366	522720000	540	2^8*3^3*5^4*11^2
10367	522937800	540	2^3*3^2*5^2*7^4*11^2
10368	522991161	105	3^6*7^2*11^4
10369	523189464	216	2^3*3^1*7^2*23^2*29^2
10370	523494400	297	2^10*5^2*11^2*13^2
10371	523843712	120	2^7*7^2*17^4
10372	524361728	126	2^13*11^2*23^2
10373	524535000	360	2^3*3^1*5^4*11^2*17^2
10374	524622528	252	2^6*3^3*19^2*29^2
10375	524701875	50	3^1*5^4*23^4
10376	524808375	120	3^1*5^3*7^2*13^4
10377	524880000	360	2^7*3^8*5^4
10378	524900250	360	2^1*3^4*5^3*7^2*23^2
10379	524985840	360	2^4*3^3*5^1*17^2*29^2
10380	525098700	360	2^2*3^7*5^2*7^4
10381	525625000	96	2^3*5^7*29^2
10382	525657600	540	2^9*3^5*5^2*13^2
10383	525876624	375	2^4*3^4*7^4*13^2
10384	526436352	180	2^11*3^2*13^4
10385	526444134	108	2^1*3^1*17^2*19^2*29^2
10386	526528512	234	2^12*3^5*23^2
10387	526702500	315	2^2*3^6*5^4*17^2
10388	527076000	360	2^5*3^2*5^3*11^4
10389	527117760	504	2^6*3^3*5^1*13^2*19^2
10390	527295615	100	3^1*5^1*7^4*11^4
10391	527343750	88	2^1*3^3*5^10
10392	527475200	270	2^9*5^2*7^2*29^2
10393	527482800	540	2^4*3^3*5^2*13^2*17^2
10394	527529024	315	2^6*3^4*11^2*29^2
10395	527800050	150	2^1*3^4*5^2*19^4
10396	528125000	108	2^3*5^8*13^2
10397	528264256	105	2^6*13^4*17^2
10398	528356736	288	2^7*3^3*17^2*23^2
10399	528540100	135	2^2*5^2*11^4*19^2
10400	528581976	120	2^3*3^1*13^2*19^4
10401	529000000	147	2^6*5^6*23^2
10402	529254000	480	2^4*3^7*5^3*11^2
10403	529360722	162	2^1*3^2*11^2*17^2*29^2
10404	529708896	180	2^5*3^9*29^2
10405	529984000	360	2^9*5^3*7^2*13^2
10406	530058529	81	7^2*11^2*13^2*23^2
10407	530191308	90	2^2*3^1*17^4*23^2
10408	530670000	450	2^4*3^1*5^4*7^2*19^2
10409	530724150	324	2^1*3^5*5^2*11^2*19^2
10410	530841600	285	2^18*3^4*5^2
10411	531037500	324	2^2*3^1*5^5*7^2*17^2
10412	531062784	280	2^13*3^3*7^4
10413	531441000	208	2^3*3^12*5^3
10414	531468300	126	2^2*3^1*5^2*11^6
10415	531510408	324	2^3*3^2*11^2*13^2*19^2
10416	531548163	72	3^7*17^2*29^2
10417	531628032	126	2^20*3^1*13^2
10418	531878490	324	2^1*3^2*5^1*11^2*13^2*17^2
10419	532316160	288	2^15*3^2*5^1*19^2
10420	532684800	378	2^13*3^2*5^2*17^2
10421	532906752	270	2^8*3^1*7^4*17^2
10422	532917225	99	3^10*5^2*19^2
10423	532983750	180	2^1*3^1*5^4*13^2*29^2
10424	533610000	675	2^4*3^2*5^4*7^2*11^2
10425	533664450	210	2^1*3^6*5^2*11^4
10426	533706732	216	2^2*3^7*13^2*19^2
10427	533794816	65	2^12*19^4
10428	533866800	270	2^4*3^1*5^2*23^2*29^2
10429	534068640	540	2^5*3^4*5^1*7^2*29^2
10430	534076335	144	3^7*5^1*13^2*17^2
10431	534455064	240	2^3*3^3*11^4*13^2
10432	534534400	135	2^8*5^2*17^4
10433	535092250	216	2^1*5^3*7^2*11^2*19^2
10434	535552164	243	2^2*3^2*7^2*19^2*29^2
10435	535815000	480	2^3*3^7*5^4*7^2
10436	535869675	108	3^11*5^2*11^2
10437	536406000	360	2^4*3^1*5^3*13^2*23^2
10438	536608800	810	2^5*3^4*5^2*7^2*13^2
10439	536663556	243	2^2*3^8*11^2*13^2
10440	536752128	234	2^12*3^1*11^2*19^2
10441	536832387	84	3^3*7^6*13^2
10442	536870912	30	2^29
10443	537123840	396	2^10*3^1*5^1*11^2*17^2
10444	537303375	216	3^5*5^3*7^2*19^2
10445	537403776	240	2^7*3^1*7^2*13^4
10446	537497856	405	2^8*3^4*7^2*23^2
10447	538240000	165	2^10*5^4*29^2
10448	538315690	108	2^1*5^1*11^2*23^2*29^2
10449	538472025	243	3^2*5^2*7^2*13^2*17^2
10450	538519212	324	2^2*3^3*7^2*11^2*29^2
10451	538881174	84	2^1*3^13*13^2
10452	538970112	252	2^11*3^6*19^2
10453	539343360	420	2^9*3^6*5^1*17^2
10454	539364168	324	2^3*3^2*7^2*17^2*23^2
10455	539725824	195	2^12*3^2*11^4
10456	540000000	288	2^8*3^3*5^7
10457	540225000	360	2^3*3^2*5^5*7^4
10458	540540135	108	3^5*5^1*23^2*29^2
10459	540744498	162	2^1*3^8*7^2*29^2
10460	540841536	315	2^6*3^4*17^2*19^2
10461	540876050	162	2^1*5^2*11^2*13^2*23^2
10462	541080540	648	2^2*3^3*5^1*7^2*11^2*13^2
10463	541500000	252	2^5*3^1*5^6*19^2
10464	541599872	120	2^7*11^4*17^2
10465	541696000	168	2^13*5^3*23^2
10466	541725625	75	5^4*7^4*19^2
10467	541772176	75	2^4*11^2*23^4
10468	541900800	540	2^14*3^3*5^2*7^2
10469	541956096	288	2^11*3^7*11^2
10470	542126592	210	2^9*3^2*7^6
10471	542703616	153	2^16*7^2*13^2
10472	542719458	90	2^1*3^2*17^4*19^2
10473	543111075	162	3^5*5^2*13^2*23^2
10474	543191808	90	2^8*3^1*29^4
10475	543316410	324	2^1*3^8*5^1*7^2*13^2
10476	543782400	540	2^9*3^1*5^2*7^2*17^2
10477	543837888	378	2^6*3^5*11^2*17^2
10478	543915684	135	2^2*3^2*13^4*23^2
10479	544008976	105	2^4*7^6*17^2
10480	544010904	120	2^3*3^5*23^4
10481	544195584	143	2^10*3^12
10482	544500000	378	2^5*3^2*5^6*11^2
10483	544726875	150	3^1*5^4*7^4*11^2
10484	544989025	81	5^2*7^2*23^2*29^2
10485	545726214	120	2^1*3^3*11^2*17^4
10486	545775360	324	2^8*3^1*5^1*13^2*29^2
10487	546085152	198	2^5*3^10*17^2
10488	546390625	63	5^6*11^2*17^2
10489	546416640	648	2^11*3^2*5^1*7^2*11^2
10490	546481800	324	2^3*3^2*5^2*19^2*29^2
10491	546750000	280	2^4*3^7*5^6
10492	546860250	216	2^1*3^2*5^3*17^2*29^2
10493	547560000	525	2^6*3^4*5^4*13^2
10494	547788150	360	2^1*3^3*5^2*7^4*13^2
10495	547934464	243	2^8*7^2*11^2*19^2
10496	547981281	45	3^8*17^4
10497	548371200	270	2^8*3^1*5^2*13^4
10498	548467200	450	2^9*3^4*5^2*23^2
10499	548488360	120	2^3*5^1*7^2*23^4
10500	548599688	100	2^3*7^4*13^4
10501	548674560	528	2^10*3^7*5^1*7^2
10502	548695728	300	2^4*3^3*7^4*23^2
10503	549037500	180	2^2*3^1*5^5*11^4
10504	549081000	432	2^3*3^2*5^3*13^2*19^2
10505	549279744	216	2^11*3^1*13^2*23^2
10506	549461250	270	2^1*3^2*5^4*13^2*17^2
10507	549509400	432	2^3*3^3*5^2*11^2*29^2
10508	550198656	432	2^7*3^5*7^2*19^2
10509	550323488	162	2^5*11^2*13^2*29^2
10510	550371600	405	2^4*3^2*5^2*17^2*23^2
10511	550606225	45	5^2*13^2*19^4
10512	550970112	270	2^8*3^1*7^2*11^4
10513	551035815	108	3^1*5^1*11^2*19^2*29^2
10514	551157760	108	2^17*5^1*29^2
10515	551306250	252	2^1*3^6*5^5*11^2
10516	551518472	60	2^3*19^4*23^2
10517	551780100	243	2^2*3^8*5^2*29^2
10518	551900410	108	2^1*5^1*17^2*19^2*23^2
10519	552109068	324	2^2*3^3*7^2*17^2*19^2
10520	552491415	120	3^3*5^1*7^2*17^4
10521	552597552	270	2^4*3^5*13^2*29^2
10522	552781250	126	2^1*5^6*7^2*19^2
10523	552940960	180	2^5*5^1*11^2*13^4
10524	552960000	320	2^15*3^3*5^4
10525	553037760	504	2^6*3^3*5^1*11^2*23^2
10526	553190400	495	2^10*3^2*5^2*7^4
10527	553246848	504	2^7*3^6*7^2*11^2
10528	553420896	108	2^5*3^1*7^8
10529	553584375	72	3^11*5^5
10530	553656675	162	3^1*5^2*11^2*13^2*19^2
10531	553779200	162	2^17*5^2*13^2
10532	554496000	312	2^12*3^1*5^3*19^2
10533	554508304	75	2^4*7^2*29^4
10534	554573976	216	2^3*3^1*11^2*19^2*23^2
10535	554696704	63	2^20*23^2
10536	554727040	240	2^7*5^1*7^4*19^2
10537	554880000	330	2^10*3^1*5^4*17^2
10538	555111200	270	2^5*5^2*7^4*17^2
10539	555167844	405	2^2*3^4*7^2*11^2*17^2
10540	555225840	300	2^4*3^5*5^1*13^4
10541	555323040	324	2^5*3^8*5^1*23^2
10542	555532992	252	2^6*3^11*7^2
10543	555843750	252	2^1*3^1*5^6*7^2*11^2
10544	556111250	90	2^1*5^4*23^2*29^2
10545	556321500	432	2^2*3^3*5^3*7^2*29^2
10546	556724025	135	3^2*5^2*11^4*13^2
10547	556768134	120	2^1*3^3*13^4*19^2
10548	556865604	189	2^2*3^6*19^2*23^2
10549	557461926	180	2^1*3^9*7^2*17^2
10550	557646408	180	2^3*3^2*11^4*23^2
10551	558047232	210	2^13*3^4*29^2
10552	558140625	147	3^6*5^6*7^2
10553	558756250	108	2^1*5^5*13^2*23^2
10554	558967500	540	2^2*3^3*5^4*7^2*13^2
10555	559116800	270	2^9*5^2*11^2*19^2
10556	559504000	288	2^7*5^3*11^2*17^2
10557	559795600	225	2^4*5^2*7^2*13^4
10558	559852722	150	2^1*3^4*11^2*13^4
10559	559893600	648	2^5*3^3*5^2*7^2*23^2
10560	559950732	216	2^2*3^7*11^2*23^2
10561	559984896	243	2^8*3^2*17^2*29^2
10562	560126889	63	3^2*7^6*23^2
10563	560701440	420	2^13*3^4*5^1*13^2
10564	560723072	216	2^7*7^2*13^2*23^2
10565	561427200	486	2^8*3^5*5^2*19^2
10566	561448860	324	2^2*3^1*5^1*7^2*19^2*23^2
10567	561661128	300	2^3*3^4*7^4*19^2
10568	561816000	504	2^6*3^5*5^3*17^2
10569	561837675	162	3^1*5^2*7^2*17^2*23^2
10570	561929288	60	2^3*17^4*29^2
10571	562050090	300	2^1*3^4*5^1*7^4*17^2
10572	562166163	50	3^9*13^4
10573	562214400	300	2^9*3^1*5^2*11^4
10574	562258944	297	2^10*3^2*13^2*19^2
10575	562264578	78	2^1*3^12*23^2
10576	562448656	125	2^4*7^4*11^4
10577	562500000	180	2^5*3^2*5^9
10578	562734375	80	3^1*5^7*7^4
10579	563376600	432	2^3*3^3*5^2*17^2*19^2
10580	564062500	81	2^2*5^8*19^2
10581	564110001	135	3^4*7^2*13^2*29^2
10582	564211232	162	2^5*13^2*17^2*19^2
10583	564480000	540	2^11*3^2*5^4*7^2
10584	564537600	567	2^8*3^6*5^2*11^2
10585	564550572	42	2^2*3^1*19^6
10586	564601960	120	2^3*5^1*13^2*17^4
10587	564715200	294	2^6*3^1*5^2*7^6
10588	564772824	360	2^3*3^5*7^4*11^2
10589	564941535	60	3^1*5^1*17^2*19^4
10590	564950498	22	2^1*7^10
10591	565373952	396	2^10*3^3*11^2*13^2
10592	565824800	90	2^5*5^2*29^4
10593	566105760	540	2^5*3^4*5^1*11^2*19^2
10594	566231040	184	2^22*3^3*5^1
10595	566440000	315	2^6*5^4*7^2*17^2
10596	566497800	540	2^3*3^4*5^2*11^2*17^2
10597	566678025	75	3^4*5^2*23^4
10598	566870400	288	2^7*3^11*5^2
10599	567106596	165	2^2*3^10*7^4
10600	567187500	162	2^2*3^1*5^8*11^2
10601	567337056	324	2^5*3^1*11^2*13^2*17^2
10602	567517548	90	2^2*3^1*13^2*23^4
10603	567678276	135	2^2*3^2*11^2*19^4
10604	567710208	270	2^9*3^8*13^2
10605	567803904	120	2^19*3^1*19^2
10606	568445040	300	2^4*3^9*5^1*19^2
10607	568516000	216	2^5*5^3*13^2*29^2
10608	568838700	270	2^2*3^9*5^2*17^2
10609	569184000	648	2^8*3^1*5^3*7^2*11^2
10610	569251875	90	3^1*5^4*19^2*29^2
10611	569421160	168	2^3*5^1*7^6*11^2
10612	569531250	126	2^1*3^6*5^8
10613	569673216	360	2^9*3^3*7^2*29^2
10614	569681424	315	2^4*3^6*13^2*17^2
10615	570024054	80	2^1*3^7*19^4
10616	570375000	336	2^3*3^3*5^6*13^2
10617	570823308	180	2^2*3^3*11^4*19^2
10618	570949632	180	2^19*3^2*11^2
10619	571218615	120	3^3*5^1*11^4*17^2
10620	571220000	150	2^5*5^4*13^4
10621	571320000	420	2^6*3^3*5^4*23^2
10622	571536000	672	2^7*3^6*5^3*7^2
10623	571558050	270	2^1*3^2*5^2*7^4*23^2
10624	571651248	270	2^4*3^1*7^2*17^2*29^2
10625	571774140	252	2^2*3^5*5^1*7^6
10626	571959375	108	3^1*5^5*13^2*19^2
10627	572166400	243	2^8*5^2*13^2*23^2
10628	572405625	135	3^2*5^4*11^2*29^2
10629	572897610	100	2^1*3^4*5^1*29^4
10630	572932096	135	2^14*11^2*17^2
10631	573114368	60	2^11*23^4
10632	573123600	675	2^4*3^4*5^2*7^2*19^2
10633	573182082	162	2^1*3^8*11^2*19^2
10634	573303750	180	2^1*3^1*5^4*17^2*23^2
10635	573308928	152	2^18*3^7
10636	573927200	270	2^5*5^2*7^2*11^4
10637	573972672	378	2^6*3^1*7^2*13^2*19^2
10638	573985764	105	2^2*3^4*11^6
10639	574370160	540	2^4*3^1*5^1*7^2*13^2*17^2
10640	574715610	180	2^1*3^2*5^1*7^2*19^4
10641	575299584	252	2^13*3^5*17^2
10642	575550603	42	3^13*19^2
10643	575622450	270	2^1*3^4*5^2*13^2*29^2
10644	576000000	273	2^12*3^2*5^6
10645	576081000	432	2^3*3^2*5^3*11^2*23^2
10646	576240000	400	2^7*3^1*5^4*7^4
10647	576298800	810	2^4*3^5*5^2*7^2*11^2
10648	576357606	100	2^1*3^9*11^4
10649	576475224	120	2^3*3^1*13^4*29^2
10650	576480100	81	2^2*5^2*7^8
10651	576576144	225	2^4*3^4*23^2*29^2
10652	577152576	567	2^6*3^2*7^2*11^2*13^2
10653	577297152	180	2^8*3^3*17^4
10654	577600000	180	2^9*5^5*19^2
10655	577681225	81	5^2*11^2*19^2*23^2
10656	578000000	168	2^7*5^6*17^2
10657	578360250	200	2^1*3^4*5^3*13^4
10658	578461500	288	2^2*3^7*5^3*23^2
10659	578680200	396	2^3*3^10*5^2*7^2
10660	578739249	45	3^14*11^2
10661	579156578	162	2^1*7^2*11^2*13^2*17^2
10662	579301656	56	2^3*3^1*17^6
10663	579537504	432	2^5*3^7*7^2*13^2
10664	579633152	144	2^15*7^2*19^2
10665	580034560	252	2^13*5^1*7^2*17^2
10666	580881675	90	3^1*5^2*11^4*23^2
10667	580927698	162	2^1*3^2*13^2*19^2*23^2
10668	581101290	300	2^1*3^4*5^1*7^2*11^4
10669	581299200	396	2^10*3^3*5^2*29^2
10670	581541408	270	2^5*3^2*7^4*29^2
10671	581549787	162	3^5*7^2*13^2*17^2
10672	582160384	117	2^12*13^2*29^2
10673	582844416	288	2^15*3^1*7^2*11^2
10674	583222500	405	2^2*3^2*5^4*7^2*23^2
10675	583317600	324	2^5*3^1*5^2*17^2*29^2
10676	583502535	180	3^9*5^1*7^2*11^2
10677	583560649	45	7^4*17^2*29^2
10678	584043889	21	11^2*13^6
10679	584064000	528	2^10*3^3*5^3*13^2
10680	584146134	216	2^1*3^3*11^2*13^2*23^2
10681	584307360	540	2^5*3^2*5^1*7^4*13^2
10682	584820000	450	2^5*3^4*5^4*19^2
10683	585063675	180	3^3*5^2*7^4*19^2
10684	585225000	360	2^3*3^4*5^5*17^2
10685	585252864	315	2^14*3^6*7^2
10686	585640000	175	2^6*5^4*11^4
10687	585686400	432	2^7*3^1*5^2*13^2*19^2
10688	585930436	135	2^2*7^4*13^2*19^2
10689	585937500	72	2^2*3^1*5^11
10690	586143360	432	2^7*3^2*5^1*11^2*29^2
10691	586559961	81	3^8*13^2*23^2
10692	586656768	198	2^10*3^1*19^2*23^2
10693	586850625	135	3^2*5^4*17^2*19^2
10694	587063040	324	2^8*3^1*5^1*17^2*23^2
10695	587284992	450	2^9*3^4*7^2*17^2
10696	587771536	135	2^4*11^2*19^2*29^2
10697	588000000	378	2^8*3^1*5^6*7^2
10698	588060000	540	2^5*3^5*5^4*11^2
10699	588245000	140	2^3*5^4*7^6
10700	588305025	225	3^4*5^2*7^4*11^2
10701	588565440	336	2^6*3^7*5^1*29^2
10702	588588147	108	3^3*7^2*23^2*29^2
10703	588931200	648	2^7*3^2*5^2*11^2*13^2
10704	589176588	270	2^2*3^1*7^4*11^2*13^2
10705	589324176	225	2^4*3^2*7^2*17^4
10706	589693500	432	2^2*3^3*5^3*11^2*19^2
10707	589824000	240	2^19*3^2*5^3
10708	589906944	297	2^10*3^2*11^2*23^2
10709	590069760	300	2^14*3^1*5^1*7^4
10710	590101875	180	3^3*5^4*11^2*17^2
10711	590200344	216	2^3*3^5*19^2*29^2
10712	590490000	275	2^4*3^10*5^4
10713	590976100	243	2^2*5^2*11^2*13^2*17^2
10714	591027888	150	2^4*3^1*11^4*29^2
10715	591364800	504	2^6*3^7*5^2*13^2
10716	591387615	216	3^3*5^1*7^2*13^2*23^2
10717	591462400	153	2^16*5^2*19^2
10718	591611202	210	2^1*3^6*7^4*13^2
10719	591955232	162	2^5*11^2*17^2*23^2
10720	592130250	216	2^1*3^8*5^3*19^2
10721	592143556	21	2^2*23^6
10722	592240896	225	2^8*3^4*13^4
10723	592344576	240	2^9*3^7*23^2
10724	592900000	324	2^5*5^5*7^2*11^2
10725	593409600	567	2^6*3^2*5^2*7^2*29^2
10726	593418150	324	2^1*3^5*5^2*13^2*17^2
10727	593470152	252	2^3*3^6*11^2*29^2
10728	593656854	84	2^1*3^1*7^6*29^2
10729	593838960	300	2^4*3^1*5^1*11^4*13^2
10730	594140625	81	3^2*5^8*13^2
10731	594297288	180	2^3*3^2*13^4*17^2
10732	594401328	270	2^4*3^5*17^2*23^2
10733	594654723	60	3^3*13^2*19^4
10734	594739200	306	2^16*3^1*5^2*11^2
10735	594823321	7	29^6
10736	594987008	180	2^11*7^4*11^2
10737	595057960	216	2^3*5^1*7^2*19^2*29^2
10738	595125000	252	2^3*3^2*5^6*23^2
10739	595350000	540	2^4*3^5*5^5*7^2
10740	595470050	162	2^1*5^2*7^2*17^2*29^2
10741	595922508	108	2^2*3^11*29^2
10742	596292840	504	2^3*3^6*5^1*11^2*13^2
10743	597003750	360	2^1*3^3*5^4*7^2*19^2
10744	597196800	336	2^15*3^6*5^2
10745	597219840	540	2^9*3^2*5^1*7^2*23^2
10746	597445632	330	2^10*3^5*7^4
10747	597888200	324	2^3*5^2*7^2*13^2*19^2
10748	597949209	135	3^4*11^2*13^2*19^2
10749	598081536	216	2^17*3^3*13^2
10750	598302250	216	2^1*5^3*7^2*13^2*17^2
10751	598756860	216	2^2*3^11*5^1*13^2
10752	598787618	42	2^1*11^6*13^2
10753	598878784	189	2^6*7^2*19^2*23^2
10754	599270400	495	2^10*3^4*5^2*17^2
10755	599520096	360	2^5*3^3*7^4*17^2
10756	599695360	140	2^13*5^1*11^4
10757	600000000	180	2^9*3^1*5^8
10758	600084375	108	3^1*5^5*11^2*23^2
10759	600158208	234	2^12*3^1*13^2*17^2
10760	600250000	175	2^4*5^6*7^4
10761	600311250	450	2^1*3^4*5^4*7^2*11^2
10762	600495025	45	5^2*13^4*29^2
10763	600519168	150	2^9*3^2*19^4
10764	600600150	216	2^1*3^3*5^2*23^2*29^2
10765	600935040	432	2^7*3^2*5^1*17^2*19^2
10766	601200600	648	2^3*3^1*5^2*7^2*11^2*13^2
10767	601261947	90	3^5*11^4*13^2
10768	601351200	270	2^5*3^2*5^2*17^4
10769	601489928	108	2^3*13^2*23^2*29^2
10770	601601763	50	3^1*7^4*17^4
10771	602173440	468	2^12*3^5*5^1*11^2
10772	602196672	378	2^6*3^1*7^2*11^2*23^2
10773	602604304	75	2^4*17^2*19^4
10774	602791875	150	3^9*5^4*7^2
10775	603340969	45	7^2*11^4*29^2
10776	603439225	21	5^2*17^6
10777	603684900	567	2^2*3^6*5^2*7^2*13^2
10778	603846144	360	2^9*3^3*11^2*19^2
10779	603979776	81	2^26*3^2
10780	604350760	120	2^3*5^1*13^4*23^2
10781	604456560	200	2^4*3^3*5^1*23^4
10782	604579248	300	2^4*3^3*7^2*13^4
10783	604661760	264	2^11*3^10*5^1
10784	604685088	378	2^5*3^6*7^2*23^2
10785	605520000	360	2^7*3^2*5^4*29^2
10786	605772300	270	2^2*3^1*5^2*7^4*29^2
10787	605942832	270	2^4*3^1*11^2*17^2*19^2
10788	606076928	66	2^21*17^2
10789	606135606	60	2^1*3^1*19^2*23^4
10790	606341376	243	2^8*3^8*19^2
10791	606362460	180	2^2*3^1*5^1*11^2*17^4
10792	606784689	135	3^4*7^2*17^2*23^2
10793	607129600	351	2^12*5^2*7^2*11^2
10794	607191552	250	2^9*3^4*11^4
10795	607622500	135	2^2*5^4*17^2*29^2
10796	608400000	432	2^7*3^2*5^5*13^2
10797	608446728	252	2^3*3^6*17^2*19^2
10798	608653500	360	2^2*3^1*5^3*7^4*13^2
10799	608868090	140	2^1*3^6*5^1*17^4
10800	609187500	252	2^2*3^3*5^6*19^2
10801	609299856	225	2^4*3^2*11^4*17^2
10802	609493698	90	2^1*3^2*11^2*23^4
10803	609609375	96	3^3*5^7*17^2
10804	609638400	648	2^11*3^5*5^2*7^2
10805	609700608	270	2^8*3^9*11^2
10806	609892416	245	2^6*3^4*7^6
10807	610090000	225	2^4*5^4*13^2*19^2
10808	610541568	378	2^13*3^2*7^2*13^2
10809	610566000	360	2^4*3^1*5^3*11^2*29^2
10810	611090784	120	2^5*3^3*29^4
10811	611100800	216	2^7*5^2*19^2*23^2
10812	611331840	648	2^8*3^3*5^1*7^2*19^2
10813	611524000	216	2^5*5^3*17^2*23^2
10814	611755200	756	2^6*3^3*5^2*7^2*17^2
10815	611817624	288	2^3*3^7*11^2*17^2
10816	612010098	126	2^1*3^2*7^6*17^2
10817	612012267	40	3^7*23^4
10818	612220032	120	2^7*3^14
10819	612500000	162	2^5*5^8*7^2
10820	612562500	315	2^2*3^4*5^6*11^2
10821	612661504	243	2^8*7^2*13^2*17^2
10822	613029984	180	2^5*3^1*7^2*19^4
10823	613089000	336	2^3*3^6*5^3*29^2
10824	613212627	30	3^1*17^2*29^4
10825	613470000	450	2^4*3^1*5^4*11^2*13^2
10826	613879350	180	2^1*3^1*5^2*7^2*17^4
10827	614345796	117	2^2*3^12*17^2
10828	614400000	204	2^16*3^1*5^5
10829	614486400	432	2^7*3^1*5^2*11^2*23^2
10830	614656000	240	2^11*5^3*7^4
10831	614742436	135	2^2*7^4*11^2*23^2
10832	614792025	135	3^4*5^2*19^2*29^2
10833	615093750	140	2^1*3^9*5^6
10834	615654050	90	2^1*5^2*11^4*29^2
10835	615702828	162	2^2*3^1*13^2*19^2*29^2
10836	616005000	420	2^3*3^6*5^4*13^2
10837	616129215	108	3^1*5^1*13^2*17^2*29^2
10838	616426272	486	2^5*3^2*7^2*11^2*19^2
10839	616562688	138	2^22*3^1*7^2
10840	616853160	648	2^3*3^2*5^1*7^2*11^2*17^2
10841	616917600	360	2^5*3^3*5^2*13^4
10842	617025600	441	2^6*3^6*5^2*23^2
10843	617174649	75	3^2*7^4*13^4
10844	617282694	180	2^1*3^5*7^4*23^2
10845	617831552	56	2^7*13^6
10846	617939712	324	2^8*3^3*13^2*23^2
10847	618135000	360	2^3*3^1*5^4*7^2*29^2
10848	618198075	162	3^5*5^2*11^2*29^2
10849	618566641	81	7^2*11^2*17^2*19^2
10850	618582250	120	2^1*5^3*11^4*13^2
10851	618631260	180	2^2*3^1*5^1*13^4*19^2
10852	618739560	360	2^3*3^4*5^1*19^2*23^2
10853	618973488	360	2^4*3^7*7^2*19^2
10854	619059675	90	3^1*5^2*13^4*17^2
10855	619113924	243	2^2*3^2*11^2*13^2*29^2
10856	619168050	270	2^1*3^4*5^2*17^2*23^2
10857	619402140	432	2^2*3^7*5^1*7^2*17^2
10858	619520000	210	2^13*5^4*11^2
10859	619841376	360	2^5*3^3*7^2*11^4
10860	619921875	54	3^1*5^8*23^2
10861	620085336	216	2^3*3^1*13^2*17^2*23^2
10862	620156250	240	2^1*3^4*5^7*7^2
10863	620458281	45	3^2*19^4*23^2
10864	621138375	216	3^5*5^3*11^2*13^2
10865	621672246	144	2^1*3^7*13^2*29^2
10866	621774848	108	2^11*19^2*29^2
10867	621993603	90	3^1*7^2*11^4*17^2
10868	622080000	390	2^12*3^5*5^4
10869	622104000	504	2^6*3^1*5^3*7^2*23^2
10870	622205440	180	2^9*5^1*17^2*29^2
10871	622339200	600	2^7*3^4*5^2*7^4
10872	622363210	84	2^1*5^1*7^6*23^2
10873	622402704	405	2^4*3^8*7^2*11^2
10874	622598508	108	2^2*3^3*7^8
10875	623001600	405	2^14*3^2*5^2*13^2
10876	623261184	300	2^9*3^1*7^4*13^2
10877	623821842	90	2^1*3^2*7^2*29^4
10878	623895723	108	3^3*11^2*19^2*23^2
10879	624033792	162	2^17*3^2*23^2
10880	624240000	480	2^7*3^3*5^4*17^2
10881	624500100	405	2^2*3^2*5^2*7^4*17^2
10882	624732160	216	2^11*5^1*13^2*19^2
10883	624974616	168	2^3*3^13*7^2
10884	625000000	77	2^6*5^10
10885	625164800	270	2^9*5^2*13^2*17^2
10886	625219584	216	2^11*3^1*11^2*29^2
10887	625540800	210	2^6*3^1*5^2*19^4
10888	625801442	50	2^1*7^4*19^4
10889	625974000	360	2^4*3^1*5^3*17^2*19^2
10890	626200576	117	2^12*17^2*23^2
10891	626250625	135	5^4*7^2*11^2*13^2
10892	626407500	150	2^2*3^1*5^4*17^4
10893	626788890	324	2^1*3^2*5^1*7^2*13^2*29^2
10894	627264000	600	2^9*3^4*5^3*11^2
10895	627288200	324	2^3*5^2*7^2*11^2*23^2
10896	627352209	75	3^4*11^4*23^2
10897	627525360	600	2^4*3^3*5^1*7^4*11^2
10898	627803136	231	2^10*3^6*29^2
10899	629006400	567	2^6*3^2*5^2*11^2*19^2
10900	629145600	144	2^23*3^1*5^2
10901	629268486	180	2^1*3^1*7^4*11^2*19^2
10902	629407744	95	2^18*7^4
10903	629642250	120	2^1*3^2*5^3*23^4
10904	629770050	270	2^1*3^2*5^2*7^2*13^4
10905	629856000	360	2^8*3^9*5^3
10906	629880300	486	2^2*3^5*5^2*7^2*23^2
10907	629983008	270	2^5*3^4*17^2*29^2
10908	630118440	360	2^3*3^8*5^1*7^4
10909	630750000	210	2^4*3^1*5^6*29^2
10910	630753640	120	2^3*5^1*11^2*19^4
10911	630813456	405	2^4*3^2*7^2*13^2*23^2
10912	631190450	162	2^1*5^2*11^2*17^2*19^2
10913	631605600	432	2^5*3^7*5^2*19^2
10914	631868769	105	3^6*7^4*19^2
10915	632170449	45	3^2*17^4*29^2
10916	632491200	420	2^6*3^3*5^2*11^4
10917	632541312	360	2^7*3^4*13^2*19^2
10918	632754738	150	2^1*3^2*7^4*11^4
10919	632970240	396	2^10*3^1*5^1*7^2*29^2
10920	632979360	540	2^5*3^4*5^1*13^2*17^2
10921	633360060	180	2^2*3^5*5^1*19^4
10922	633428224	135	2^8*11^4*13^2
10923	633750000	240	2^4*3^1*5^7*13^2
10924	633798675	162	3^5*5^2*17^2*19^2
10925	634687350	180	2^1*3^1*5^2*11^4*17^2
10926	634737636	243	2^2*3^2*13^2*17^2*19^2
10927	635040000	675	2^8*3^4*5^4*7^2
10928	635104800	486	2^5*3^8*5^2*11^2
10929	635304600	336	2^3*3^3*5^2*7^6
10930	635369427	120	3^7*7^4*11^2
10931	635980800	594	2^10*3^1*5^2*7^2*13^2
10932	636006250	108	2^1*5^5*11^2*29^2
10933	636045696	432	2^7*3^5*11^2*13^2
10934	636245792	126	2^5*7^6*13^2
10935	636552900	135	2^2*3^2*5^2*29^4
10936	636804000	648	2^5*3^2*5^3*7^2*19^2
10937	637034496	252	2^13*3^1*7^2*23^2
10938	637069335	84	3^1*5^1*7^6*19^2
10939	637245000	540	2^3*3^2*5^4*7^2*17^2
10940	637310025	189	3^6*5^2*11^2*17^2
10941	637729200	210	2^4*3^13*5^2
10942	637761960	168	2^3*3^2*5^1*11^6
10943	638244992	216	2^7*7^2*11^2*29^2
10944	638254188	324	2^2*3^3*11^2*13^2*17^2
10945	638572900	135	2^2*5^2*7^2*19^4
10946	638634375	108	3^5*5^5*29^2
10947	638673984	231	2^6*3^10*13^2
10948	638779392	204	2^16*3^3*19^2
10949	639031250	126	2^1*5^6*11^2*13^2
10950	639221760	360	2^14*3^3*5^1*17^2
10951	639533521	21	11^6*19^2
10952	640000000	112	2^13*5^7
10953	640090000	225	2^4*5^4*11^2*23^2
10954	640397340	240	2^2*3^7*5^1*11^4
10955	640640160	324	2^5*3^2*5^1*23^2*29^2
10956	640882368	378	2^6*3^5*7^2*29^2
10957	640891602	162	2^1*3^8*13^2*17^2
10958	640997376	216	2^11*3^1*17^2*19^2
10959	641280640	432	2^7*5^1*7^2*11^2*13^2
10960	641671875	126	3^5*5^6*13^2
10961	642110700	486	2^2*3^1*5^2*7^2*11^2*19^2
10962	642252800	180	2^19*5^2*7^2
10963	642318336	255	2^16*3^4*11^2
10964	642419716	81	2^2*19^2*23^2*29^2
10965	642555375	216	3^1*5^3*7^2*11^2*17^2
10966	642622500	225	2^2*3^2*5^4*13^4
10967	642735000	360	2^3*3^5*5^4*23^2
10968	643043610	156	2^1*3^12*5^1*11^2
10969	643076643	18	3^1*11^8
10970	643107654	216	2^1*3^3*7^2*17^2*29^2
10971	643687200	486	2^5*3^2*5^2*13^2*23^2
10972	643890625	63	5^6*7^2*29^2
10973	643930560	756	2^6*3^5*5^1*7^2*13^2
10974	643955403	90	3^1*7^4*13^2*23^2
10975	644520375	144	3^3*5^3*19^2*23^2
10976	644548608	324	2^11*3^2*11^2*17^2
10977	644753664	135	2^8*3^2*23^4
10978	644764050	378	2^1*3^6*5^2*7^2*19^2
10979	644972544	160	2^15*3^9
10980	645668100	405	2^2*3^2*5^2*7^2*11^4
10981	645700815	36	3^17*5^1
10982	645719256	432	2^3*3^3*7^2*13^2*19^2
10983	645922225	81	5^2*13^2*17^2*23^2
10984	645978828	162	2^2*3^1*11^2*23^2*29^2
10985	646786624	105	2^6*11^2*17^4
10986	646992392	60	2^3*17^2*23^4
10987	647212032	264	2^10*3^7*17^2
10988	648000000	350	2^9*3^4*5^6
10989	648025000	216	2^3*5^5*7^2*23^2
10990	648270000	500	2^4*3^3*5^4*7^4
10991	648336150	432	2^1*3^7*5^2*7^2*11^2
10992	648534627	60	3^3*13^4*29^2
10993	648648162	126	2^1*3^6*23^2*29^2
10994	648960000	360	2^11*3^1*5^4*13^2
10995	649051260	324	2^2*3^1*5^1*11^2*13^2*23^2
10996	649230400	315	2^6*5^2*7^4*13^2
10997	649296648	540	2^3*3^4*7^2*11^2*13^2
10998	649459296	180	2^5*3^5*17^4
10999	650035200	270	2^14*3^1*5^2*23^2
11000	650250000	315	2^4*3^2*5^6*17^2
11001	650280960	480	2^15*3^4*5^1*7^2
11002	650306048	150	2^9*7^4*23^2
11003	651015225	117	3^12*5^2*7^2
11004	651270400	243	2^8*5^2*11^2*29^2
11005	651605000	100	2^3*5^4*19^4
11006	651619215	56	3^3*5^1*13^6
11007	651714363	28	3^3*17^6
11008	651733290	252	2^1*3^6*5^1*13^2*23^2
11009	651979692	270	2^2*3^9*7^2*13^2
11010	652056250	108	2^1*5^5*17^2*19^2
11011	652087296	351	2^12*3^2*7^2*19^2
11012	653400000	504	2^6*3^3*5^5*11^2
11013	653672250	360	2^1*3^2*5^3*7^4*11^2
11014	653961600	432	2^7*3^5*5^2*29^2
11015	654234084	225	2^2*3^4*7^4*29^2
11016	654351488	216	2^7*7^2*17^2*19^2
11017	654804640	180	2^5*5^1*7^2*17^4
11018	654930432	270	2^9*3^2*13^2*29^2
11019	655215000	360	2^3*3^1*5^4*11^2*19^2
11020	655360000	105	2^20*5^4
11021	655452160	216	2^11*5^1*11^2*23^2
11022	655699968	468	2^12*3^3*7^2*11^2
11023	655778160	360	2^4*3^3*5^1*19^2*29^2
11024	656100000	324	2^5*3^8*5^5
11025	656232300	324	2^2*3^3*5^2*17^2*29^2
11026	656373375	160	3^7*5^3*7^4
11027	657031250	54	2^1*5^8*29^2
11028	657097350	324	2^1*3^1*5^2*7^2*13^2*23^2
11029	657204496	135	2^4*13^2*17^2*29^2
11030	657599766	60	2^1*3^1*19^4*29^2
11031	657922500	315	2^2*3^6*5^4*19^2
11032	657976704	432	2^7*3^1*7^2*11^2*17^2
11033	658045440	300	2^9*3^2*5^1*13^4
11034	658160640	396	2^10*3^5*5^1*23^2
11035	658186032	150	2^4*3^1*7^2*23^4
11036	658409472	324	2^11*3^8*7^2
11037	658845000	300	2^3*3^2*5^4*11^4
11038	658897200	540	2^4*3^3*5^2*13^2*19^2
11039	659344000	288	2^7*5^3*7^2*29^2
11040	659353500	432	2^2*3^3*5^3*13^2*17^2
11041	659873344	105	2^6*13^4*19^2
11042	659988864	288	2^7*3^3*19^2*23^2
11043	660156250	60	2^1*5^9*13^2
11044	660695616	441	2^6*3^6*7^2*17^2
11045	661242978	162	2^1*3^2*11^2*19^2*29^2
11046	661389312	114	2^18*3^1*29^2
11047	661500000	504	2^5*3^3*5^6*7^2
11048	661567500	360	2^2*3^7*5^4*11^2
11049	661775625	105	3^2*5^4*7^6
11050	662280492	162	2^2*3^1*17^2*19^2*23^2
11051	662480000	360	2^7*5^4*7^2*13^2
11052	662547600	675	2^4*3^4*5^2*11^2*13^2
11053	662739135	60	3^1*5^1*17^4*23^2
11054	662989698	150	2^1*3^4*7^2*17^4
11055	663337500	324	2^2*3^1*5^5*7^2*19^2
11056	663529152	210	2^6*3^1*11^2*13^4
11057	663577600	297	2^10*5^2*7^2*23^2
11058	663645312	360	2^7*3^4*11^2*23^2
11059	663796875	126	3^1*5^6*7^2*17^2
11060	663975387	72	3^7*19^2*29^2
11061	664301250	130	2^1*3^12*5^4
11062	664335375	56	3^1*5^3*11^6
11063	664388010	324	2^1*3^2*5^1*11^2*13^2*19^2
11064	664535040	228	2^18*3^1*5^1*13^2
11065	664906374	120	2^1*3^3*11^4*29^2
11066	665285400	360	2^3*3^9*5^2*13^2
11067	665395200	378	2^13*3^2*5^2*19^2
11068	665672448	270	2^8*3^1*7^4*19^2
11069	665856000	432	2^11*3^2*5^3*17^2
11070	665949636	243	2^2*3^2*11^2*17^2*23^2
11071	666133440	420	2^6*3^1*5^1*7^4*17^2
11072	666271008	210	2^5*3^6*13^4
11073	666387648	210	2^6*3^9*23^2
11074	667133415	144	3^7*5^1*13^2*19^2
11075	667333500	216	2^2*3^1*5^3*23^2*29^2
11076	667585800	540	2^3*3^4*5^2*7^2*29^2
11077	667653921	81	3^8*11^2*29^2
11078	667705600	243	2^8*5^2*17^2*19^2
11079	668574816	324	2^5*3^1*7^2*13^2*29^2
11080	668584449	75	3^4*13^4*17^2
11081	668701494	144	2^1*3^7*17^2*23^2
11082	669081600	504	2^13*3^3*5^2*11^2
11083	669360384	405	2^8*3^2*7^4*11^2
11084	669515625	105	3^4*5^6*23^2
11085	670072832	144	2^15*11^2*13^2
11086	670507500	270	2^2*3^1*5^4*13^2*23^2
11087	670761000	720	2^3*3^4*5^3*7^2*13^2
11088	670940160	396	2^10*3^1*5^1*11^2*19^2
11089	671088640	56	2^27*5^1
11090	671404800	486	2^8*3^1*5^2*11^2*17^2
11091	671618400	180	2^5*3^1*5^2*23^4
11092	671684552	180	2^3*7^4*11^2*17^2
11093	671846400	351	2^12*3^8*5^2
11094	671898241	25	7^4*23^4
11095	672126336	320	2^7*3^7*7^4
11096	672624225	243	3^2*5^2*7^2*13^2*19^2
11097	672841728	270	2^14*3^5*13^2
11098	673149015	216	3^3*5^1*7^2*11^2*29^2
11099	673712640	420	2^9*3^6*5^1*19^2
11100	673738632	324	2^3*3^2*7^2*19^2*23^2
11101	674179200	504	2^7*3^6*5^2*17^2
11102	674205210	324	2^1*3^2*5^1*7^2*17^2*23^2
11103	674460108	270	2^2*3^5*7^4*17^2
11104	675000000	252	2^6*3^3*5^8
11105	675168256	135	2^14*7^2*29^2
11106	675177984	360	2^9*3^3*13^2*17^2
11107	675281250	210	2^1*3^2*5^6*7^4
11108	675584064	175	2^6*3^4*19^4
11109	676000000	189	2^8*5^6*13^2
11110	676350675	324	3^3*5^2*7^2*11^2*13^2
11111	676520100	225	2^2*3^4*5^2*17^4
11112	676531328	120	2^7*11^4*19^2
11113	676676169	81	3^2*13^2*23^2*29^2
11114	676999840	180	2^5*5^1*11^4*17^2
11115	677120000	180	2^11*5^4*23^2
11116	677343750	108	2^1*3^1*5^8*17^2
11117	677352676	135	2^2*7^2*11^2*13^4
11118	677376000	624	2^12*3^3*5^3*7^2
11119	677471256	432	2^3*3^3*7^2*11^2*23^2
11120	677522352	150	2^4*3^1*13^2*17^4
11121	677658240	336	2^7*3^2*5^1*7^6
11122	677929842	90	2^1*3^2*17^2*19^4
11123	678989760	140	2^6*3^1*5^1*29^4
11124	679257600	540	2^9*3^1*5^2*7^2*19^2
11125	679326912	378	2^6*3^5*11^2*19^2
11126	679477248	120	2^23*3^4
11127	679540624	105	2^4*7^6*19^2
11128	679797360	540	2^4*3^5*5^1*11^2*17^2
11129	680151654	180	2^1*3^5*7^2*13^4
11130	680270724	243	2^2*3^8*7^2*23^2
11131	680279424	112	2^7*3^1*11^6
11132	680625000	288	2^3*3^2*5^7*11^2
11133	681210000	375	2^4*3^4*5^4*29^2
11134	681685686	216	2^1*3^3*11^2*17^2*19^2
11135	681836544	171	2^18*3^2*17^2
11136	682134048	198	2^5*3^10*19^2
11137	682219200	378	2^6*3^1*5^2*13^2*29^2
11138	682503458	90	2^1*7^4*13^2*29^2
11139	682515625	63	5^6*11^2*19^2
11140	682606440	264	2^3*3^10*5^1*17^2
11141	683020800	810	2^9*3^2*5^2*7^2*11^2
11142	683090496	245	2^6*3^6*11^4
11143	683102250	216	2^1*3^2*5^3*19^2*29^2
11144	683305392	210	2^4*3^1*7^6*11^2
11145	683349504	180	2^9*3^1*23^2*29^2
11146	683437500	192	2^2*3^7*5^7
11147	684204032	70	2^13*17^4
11148	684502569	81	3^8*17^2*19^2
11149	684648008	60	2^3*11^2*29^4
11150	685392400	405	2^4*5^2*7^2*11^2*17^2
11151	685462338	150	2^1*3^4*11^4*17^2
11152	685464000	280	2^6*3^1*5^3*13^4
11153	685584000	480	2^7*3^4*5^3*23^2
11154	685610450	90	2^1*5^2*7^2*23^4
11155	685749610	100	2^1*5^1*7^4*13^4
11156	685843200	648	2^8*3^7*5^2*7^2
11157	685869660	360	2^2*3^3*5^1*7^4*23^2
11158	685913184	216	2^5*3^11*11^2
11159	686128968	196	2^3*3^6*7^6
11160	686296875	70	3^1*5^6*11^4
11161	686351250	270	2^1*3^2*5^4*13^2*19^2
11162	686859264	495	2^10*3^4*7^2*13^2
11163	687477132	90	2^2*3^5*29^4
11164	687488400	405	2^4*3^2*5^2*19^2*23^2
11165	687904360	216	2^3*5^1*11^2*13^2*29^2
11166	688224600	648	2^3*3^5*5^2*7^2*17^2
11167	688294827	90	3^9*11^2*17^2
11168	688712640	420	2^6*3^1*5^1*7^2*11^4
11169	688747536	85	2^4*3^16
11170	688947200	144	2^15*5^2*29^2
11171	689062500	243	2^2*3^2*5^8*7^2
11172	689244192	486	2^5*3^2*7^2*13^2*17^2
11173	689398090	60	2^1*5^1*19^4*23^2
11174	689658732	180	2^2*3^3*7^2*19^4
11175	690136335	216	3^3*5^1*7^2*17^2*19^2
11176	690153750	360	2^1*3^3*5^4*11^2*13^2
11177	690746940	324	2^2*3^5*5^1*13^2*29^2
11178	691176200	180	2^3*5^2*11^2*13^4
11179	691297200	540	2^4*3^3*5^2*11^2*23^2
11180	691558560	756	2^5*3^6*5^1*7^2*11^2
11181	691637401	45	7^2*13^2*17^4
11182	692224000	192	2^15*5^3*13^2
11183	692321344	189	2^6*11^2*13^2*23^2
11184	693005625	135	3^8*5^4*13^2
11185	693120000	330	2^10*3^1*5^4*19^2
11186	693408800	270	2^5*5^2*7^4*19^2
11187	693479556	405	2^2*3^4*7^2*11^2*19^2
11188	693600000	324	2^8*3^1*5^5*17^2
11189	693633024	240	2^19*3^3*7^2
11190	693889000	240	2^3*5^3*7^4*17^2
11191	694032300	270	2^2*3^5*5^2*13^4
11192	694153800	324	2^3*3^8*5^2*23^2
11193	694416240	360	2^4*3^11*5^1*7^2
11194	694451912	84	2^3*7^2*11^6
11195	695060496	105	2^4*3^2*13^6
11196	695182176	324	2^5*3^5*13^2*23^2
11197	695401875	180	3^3*5^4*7^2*29^2
11198	696041472	270	2^14*3^1*7^2*17^2
11199	696345174	180	2^1*3^9*7^2*19^2
11200	696432100	243	2^2*5^2*7^2*13^2*29^2
11201	696960000	495	2^10*3^2*5^4*11^2
11202	697058010	180	2^1*3^2*5^1*11^4*23^2
11203	697250400	540	2^5*3^1*5^2*7^4*11^2
11204	697321548	270	2^2*3^5*7^2*11^4
11205	697540921	27	7^8*11^2
11206	697559040	360	2^11*3^4*5^1*29^2
11207	697585952	162	2^5*7^2*23^2*29^2
11208	697596003	108	3^3*13^2*17^2*23^2
11209	698709375	216	3^3*5^5*7^2*13^2
11210	698896000	288	2^7*5^3*11^2*19^2
11211	699380000	270	2^5*5^4*11^2*17^2
11212	699496704	243	2^8*3^2*19^2*29^2
11213	699602500	75	2^2*5^4*23^4
11214	699840000	400	2^9*3^7*5^4
11215	699938415	144	3^7*5^1*11^2*23^2
11216	700131600	525	2^4*3^6*5^2*7^4
11217	700203042	198	2^1*3^10*7^2*11^2
11218	700876800	540	2^11*3^4*5^2*13^2
11219	700903840	324	2^5*5^1*7^2*13^2*23^2
11220	701168832	420	2^6*3^3*7^4*13^2
11221	701784000	504	2^6*3^5*5^3*19^2
11222	701811075	162	3^1*5^2*7^2*19^2*23^2
11223	701915136	140	2^13*3^1*13^4
11224	701925512	108	2^3*17^2*19^2*29^2
11225	702038016	225	2^14*3^4*23^2
11226	702076410	300	2^1*3^4*5^1*7^4*19^2
11227	702270000	450	2^4*3^5*5^4*17^2
11228	702411610	60	2^1*5^1*17^4*29^2
11229	703096443	48	3^15*7^2
11230	703125000	132	2^3*3^2*5^10
11231	703310400	567	2^6*3^2*5^2*13^2*17^2
11232	703372032	324	2^8*3^3*11^2*29^2
11233	703603446	180	2^1*3^1*7^4*13^2*17^2
11234	703733400	240	2^3*3^3*5^2*19^4
11235	704475648	270	2^9*3^2*17^2*23^2
11236	704775968	90	2^5*13^2*19^4
11237	705264040	216	2^3*5^1*13^2*17^2*19^2
11238	705600000	540	2^9*3^2*5^5*7^2
11239	705688215	28	3^1*5^1*19^6
11240	705699225	243	3^2*5^2*7^2*11^2*23^2
11241	705752450	90	2^1*5^2*13^2*17^4
11242	705814296	216	2^3*3^1*11^2*17^2*29^2
11243	705894000	280	2^4*3^1*5^3*7^6
11244	706038843	30	3^1*23^4*29^2
11245	706278528	216	2^7*3^8*29^2
11246	706717440	648	2^8*3^3*5^1*11^2*13^2
11247	706921744	75	2^4*17^4*23^2
11248	707281000	80	2^3*5^3*29^4
11249	707560000	315	2^6*5^4*7^2*19^2
11250	707632200	540	2^3*3^4*5^2*11^2*19^2
11251	707788800	252	2^20*3^3*5^2
11252	708083712	240	2^15*3^2*7^4
11253	708122250	360	2^1*3^4*5^3*11^2*17^2
11254	708624400	105	2^4*5^2*11^6
11255	708680544	324	2^5*3^1*11^2*13^2*19^2
11256	708730884	189	2^2*3^6*17^2*29^2
11257	708837376	69	2^22*13^2
11258	708984375	60	3^1*5^9*11^2
11259	709396935	60	3^1*5^1*13^2*23^4
11260	709540923	42	3^1*7^2*13^6
11261	709593750	168	2^1*3^3*5^6*29^2
11262	709637760	432	2^7*3^8*5^1*13^2
11263	709665138	270	2^1*3^4*7^2*13^2*23^2
11264	710246400	288	2^15*3^1*5^2*17^2
11265	710542336	165	2^10*7^4*17^2
11266	710556300	270	2^2*3^9*5^2*19^2
11267	710645000	180	2^3*5^4*13^2*29^2
11268	711048375	120	3^9*5^3*17^2
11269	711480000	630	2^6*3^1*5^4*7^2*11^2
11270	711552600	360	2^3*3^5*5^2*11^4
11271	711608976	315	2^4*3^6*13^2*19^2
11272	711776450	126	2^1*5^2*7^6*11^2
11273	711822400	189	2^6*5^2*23^2*29^2
11274	712606752	270	2^5*3^2*11^4*13^2
11275	713529135	120	3^3*5^1*11^4*19^2
11276	713687040	324	2^17*3^2*5^1*11^2
11277	714025000	120	2^3*5^5*13^4
11278	714069552	270	2^4*3^1*7^2*19^2*29^2
11279	714150000	360	2^4*3^3*5^5*23^2
11280	714420000	630	2^5*3^6*5^4*7^2
11281	714492900	297	2^2*3^10*5^2*11^2
11282	714564060	324	2^2*3^1*5^1*7^2*17^2*29^2
11283	714717675	126	3^5*5^2*7^6
11284	715081081	45	11^4*13^2*17^2
11285	715478400	864	2^7*3^3*5^2*7^2*13^2
11286	715551408	360	2^4*3^7*11^2*13^2
11287	715669504	135	2^14*11^2*19^2
11288	715776516	189	2^2*3^2*7^6*13^2
11289	716133750	180	2^1*3^1*5^4*19^2*23^2
11290	716392960	100	2^9*5^1*23^4
11291	716538368	150	2^9*7^2*13^4
11292	716636160	272	2^16*3^7*5^1
11293	716663808	396	2^10*3^3*7^2*23^2
11294	716900625	225	3^4*5^4*7^2*17^2
11295	717182934	60	2^1*3^1*13^2*29^4
11296	717409000	240	2^3*5^3*7^2*11^4
11297	717445350	96	2^1*3^15*5^2
11298	717465840	540	2^4*3^1*5^1*7^2*13^2*19^2
11299	717962700	486	2^2*3^1*5^2*7^2*13^2*17^2
11300	718025616	405	2^4*3^2*7^2*11^2*29^2
11301	718508232	156	2^3*3^12*13^2
11302	718626816	252	2^13*3^5*19^2
11303	719152224	324	2^5*3^1*7^2*17^2*23^2
11304	719634432	150	2^14*3^1*11^4
11305	720101250	270	2^1*3^2*5^4*11^2*23^2
11306	720373500	648	2^2*3^5*5^3*7^2*11^2
11307	720992664	288	2^3*3^7*7^2*29^2
11308	721122048	324	2^8*3^3*17^2*19^2
11309	721621440	280	2^6*3^3*5^1*17^4
11310	722000000	168	2^7*5^6*19^2
11311	722500000	144	2^5*5^7*17^2
11312	722534400	459	2^16*3^2*5^2*7^2
11313	722608128	294	2^13*3^6*11^2
11314	722835456	168	2^11*3^1*7^6
11315	723076875	120	3^7*5^4*23^2
11316	723350250	264	2^1*3^10*5^3*7^2
11317	723444722	162	2^1*7^2*11^2*13^2*19^2
11318	723625944	120	2^3*3^1*17^4*19^2
11319	724021350	84	2^1*3^1*5^2*13^6
11320	724148100	405	2^2*3^4*5^2*13^2*23^2
11321	724255744	55	2^10*29^4
11322	724541440	252	2^13*5^1*7^2*19^2
11323	725043200	324	2^11*5^2*7^2*17^2
11324	725117184	405	2^8*3^4*11^2*17^2
11325	725220912	150	2^4*3^1*13^4*23^2
11326	725347872	150	2^5*3^4*23^4
11327	725594112	156	2^12*3^11
11328	726000000	336	2^7*3^1*5^6*11^2
11329	726302500	225	2^2*5^4*7^4*11^2
11330	726434163	162	3^5*7^2*13^2*19^2
11331	726624000	432	2^8*3^3*5^3*29^2
11332	726926760	360	2^3*3^2*5^1*7^4*29^2
11333	727452726	180	2^1*3^1*7^2*11^4*13^2
11334	727634952	180	2^3*3^2*11^2*17^4
11335	727866441	45	3^2*17^2*23^4
11336	728113536	240	2^7*3^9*17^2
11337	728642400	324	2^5*3^1*5^2*19^2*29^2
11338	728946001	45	7^4*19^2*29^2
11339	729000000	343	2^6*3^6*5^6
11340	729303750	300	2^1*3^5*5^4*7^4
11341	730080000	540	2^8*3^3*5^4*13^2
11342	730384200	540	2^3*3^2*5^2*7^4*13^2
11343	730458729	189	3^6*7^2*11^2*13^2
11344	730641708	120	2^2*3^7*17^4
11345	731025000	360	2^3*3^4*5^5*19^2
11346	731161600	165	2^10*5^2*13^4
11347	731289600	432	2^11*3^3*5^2*23^2
11348	731531250	210	2^1*3^4*5^6*17^2
11349	731594304	315	2^6*3^2*7^4*23^2
11350	732372992	126	2^13*13^2*23^2
11351	732421875	26	3^1*5^12
11352	732615000	360	2^3*3^1*5^4*13^2*17^2
11353	732679200	486	2^5*3^2*5^2*11^2*29^2
11354	732984483	90	3^1*7^4*11^2*29^2
11355	733055625	75	3^2*5^4*19^4
11356	733320960	324	2^8*3^1*5^1*19^2*23^2
11357	733598208	450	2^9*3^4*7^2*19^2
11358	733828800	378	2^6*3^1*5^2*17^2*23^2
11359	734106240	720	2^7*3^4*5^1*7^2*17^2
11360	734134562	90	2^1*7^4*17^2*23^2
11361	734626816	165	2^10*7^2*11^4
11362	735000000	336	2^6*3^1*5^7*7^2
11363	735223225	81	5^2*11^2*17^2*29^2
11364	735306250	84	2^1*5^5*7^6
11365	735706800	360	2^4*3^7*5^2*29^2
11366	736145424	405	2^4*3^2*7^2*17^2*19^2
11367	736164000	648	2^5*3^2*5^3*11^2*13^2
11368	736470735	180	3^1*5^1*7^4*11^2*13^2
11369	736796736	315	2^6*3^4*13^2*29^2
11370	737116875	180	3^3*5^4*11^2*19^2
11371	737280000	270	2^17*3^2*5^4
11372	737587200	390	2^12*3^1*5^2*7^4
11373	737662464	540	2^9*3^5*7^2*11^2
11374	737894528	72	2^7*7^8
11375	738208900	243	2^2*5^2*11^2*13^2*19^2
11376	738784860	180	2^2*3^1*5^1*11^4*29^2
11377	739206000	480	2^4*3^7*5^3*13^2
11378	739355058	162	2^1*3^2*13^2*17^2*29^2
11379	739431968	162	2^5*11^2*19^2*23^2
11380	739840000	195	2^12*5^4*17^2
11381	739944040	216	2^3*5^1*11^2*17^2*23^2
11382	740223792	540	2^4*3^3*7^2*11^2*17^2
11383	740329681	45	7^2*13^4*23^2
11384	740459286	120	2^1*3^3*7^2*23^4
11385	740710656	297	2^8*3^10*7^2
11386	741125000	252	2^3*5^6*7^2*11^2
11387	741200625	125	3^4*5^4*11^4
11388	741259350	324	2^1*3^5*5^2*13^2*19^2
11389	741837690	252	2^1*3^6*5^1*11^2*29^2
11390	742298700	270	2^2*3^1*5^2*11^4*13^2
11391	742357512	180	2^3*3^2*13^4*19^2
11392	742487472	270	2^4*3^5*19^2*23^2
11393	742871610	180	2^1*3^2*5^1*13^4*17^2
11394	743001660	324	2^2*3^5*5^1*17^2*23^2
11395	743282568	324	2^3*3^8*7^2*17^2
11396	743424000	360	2^14*3^1*5^3*11^2
11397	743528544	180	2^5*3^1*11^4*23^2
11398	743733760	300	2^9*5^1*7^4*11^2
11399	743822450	162	2^1*5^2*7^2*19^2*29^2
11400	743906250	144	2^1*3^2*5^7*23^2
11401	744062976	192	2^15*3^3*29^2
11402	744187500	378	2^2*3^5*5^6*7^2
11403	744903135	72	3^11*5^1*29^2
11404	745290000	675	2^4*3^2*5^4*7^2*13^2
11405	745366050	378	2^1*3^6*5^2*11^2*13^2
11406	746470296	240	2^3*3^3*11^2*13^4
11407	746496000	392	2^13*3^6*5^3
11408	746524800	648	2^7*3^2*5^2*7^2*23^2
11409	746600976	315	2^4*3^6*11^2*23^2
11410	746646528	198	2^10*3^1*17^2*29^2
11411	746807040	540	2^8*3^5*5^1*7^4
11412	746835852	126	2^2*3^1*7^6*23^2
11413	747360250	216	2^1*5^3*7^2*13^2*19^2
11414	747943350	324	2^1*3^1*5^2*7^2*11^2*29^2
11415	748303298	30	2^1*23^2*29^4
11416	748446075	108	3^11*5^2*13^2
11417	748569600	495	2^10*3^4*5^2*19^2
11418	748881504	360	2^5*3^3*7^4*19^2
11419	749116900	243	2^2*5^2*7^2*17^2*23^2
11420	749554884	135	2^2*3^8*13^4
11421	749619200	180	2^11*5^2*11^4
11422	749678592	234	2^12*3^1*13^2*19^2
11423	749686104	144	2^3*3^11*23^2
11424	750197760	396	2^10*3^1*5^1*13^2*17^2
11425	750648960	240	2^7*3^2*5^1*19^4
11426	751034025	189	3^6*5^2*7^2*29^2
11427	751168800	486	2^5*3^2*5^2*17^2*19^2
11428	751481787	90	3^1*7^4*17^2*19^2
11429	751689000	240	2^3*3^2*5^3*17^4
11430	751862410	108	2^1*5^1*13^2*23^2*29^2
11431	752146668	324	2^2*3^3*7^2*13^2*29^2
11432	752640000	420	2^13*3^1*5^4*7^2
11433	752716800	594	2^10*3^5*5^2*11^2
11434	752734096	35	2^4*19^6
11435	752745840	540	2^4*3^1*5^1*7^2*11^2*23^2
11436	752953600	189	2^8*5^2*7^6
11437	753030432	450	2^5*3^4*7^4*11^2
11438	753777025	45	5^2*17^4*19^2
11439	753831936	351	2^12*3^2*11^2*13^2
11440	755330400	648	2^5*3^3*5^2*11^2*17^2
11441	755438450	90	2^1*5^2*13^4*23^2
11442	755570700	180	2^2*3^3*5^2*23^4
11443	755645121	135	3^2*7^4*11^2*17^2
11444	755724060	360	2^2*3^3*5^1*7^2*13^4
11445	755827200	330	2^9*3^10*5^2
11446	755856360	504	2^3*3^6*5^1*7^2*23^2
11447	756142128	250	2^4*3^9*7^4
11448	756250000	135	2^4*5^8*11^2
11449	756449408	216	2^7*11^2*13^2*17^2
11450	756690064	75	2^4*13^2*23^4
11451	756900000	324	2^5*3^2*5^5*29^2
11452	756904368	150	2^4*3^1*11^2*19^4
11453	756946944	288	2^11*3^7*13^2
11454	757071872	66	2^21*19^2
11455	757215375	120	3^1*5^3*7^4*29^2
11456	757428540	324	2^2*3^1*5^1*11^2*17^2*19^2
11457	757596160	120	2^19*5^1*17^2
11458	757953075	90	3^1*5^2*11^2*17^4
11459	757955961	135	3^4*7^2*19^2*23^2
11460	758451600	405	2^4*3^8*5^2*17^2
11461	758989440	400	2^7*3^4*5^1*11^4
11462	759002500	135	2^2*5^4*19^2*29^2
11463	759018722	90	2^1*7^2*11^4*23^2
11464	759375000	216	2^3*3^5*5^8
11465	759564288	324	2^11*3^2*7^2*29^2
11466	759575232	378	2^6*3^5*13^2*17^2
11467	760032072	140	2^3*3^6*19^4
11468	760500000	378	2^5*3^2*5^6*13^2
11469	760558410	252	2^1*3^6*5^1*17^2*19^2
11470	760816875	150	3^1*5^4*7^4*13^2
11471	761097744	225	2^4*3^2*11^4*19^2
11472	761266176	132	2^21*3^1*11^2
11473	761484375	96	3^3*5^7*19^2
11474	761760000	405	2^8*3^2*5^4*23^2
11475	762077400	360	2^3*3^1*5^2*7^4*23^2
11476	762125760	420	2^6*3^9*5^1*11^2
11477	762155163	162	3^5*7^2*11^2*23^2
11478	762201664	189	2^6*7^2*17^2*29^2
11479	762212646	120	2^1*3^3*13^2*17^4
11480	763140625	63	5^6*13^2*17^2
11481	763176960	648	2^11*3^2*5^1*7^2*13^2
11482	763207500	270	2^2*3^1*5^4*11^2*29^2
11483	763876000	216	2^5*5^3*19^2*23^2
11484	764164800	756	2^6*3^3*5^2*7^2*19^2
11485	764242776	288	2^3*3^7*11^2*19^2
11486	764405000	180	2^3*5^4*17^2*23^2
11487	764411904	147	2^20*3^6
11488	764483202	126	2^1*3^2*7^6*19^2
11489	764694000	720	2^4*3^3*5^3*7^2*17^2
11490	765275040	180	2^5*3^14*5^1
11491	765296896	243	2^8*7^2*13^2*19^2
11492	765314352	140	2^4*3^3*11^6
11493	765625000	120	2^3*5^9*7^2
11494	765985323	30	3^1*19^2*29^4
11495	766361250	210	2^1*3^6*5^4*29^2
11496	766818150	324	2^1*3^1*5^2*7^2*17^2*19^2
11497	766837500	324	2^2*3^1*5^5*11^2*13^2
11498	767066112	240	2^15*3^4*17^2
11499	767400804	117	2^2*3^12*19^2
11500	767496600	432	2^3*3^3*5^2*13^2*29^2
11501	768000000	210	2^14*3^1*5^6
11502	768320000	250	2^9*5^4*7^4
11503	768398400	945	2^6*3^4*5^2*7^2*11^2
11504	768476808	180	2^3*3^8*11^4
11505	768633632	90	2^5*13^4*29^2
11506	768718566	168	2^1*3^3*7^6*11^2
11507	768768192	252	2^6*3^3*23^2*29^2
11508	769536768	486	2^8*3^1*7^2*11^2*13^2
11509	769628535	108	3^1*5^1*13^2*19^2*29^2
11510	769729536	165	2^10*3^2*17^4
11511	770006250	252	2^1*3^6*5^5*13^2
11512	770229009	45	3^2*11^2*29^4
11513	770532840	648	2^3*3^2*5^1*7^2*11^2*19^2
11514	770703360	252	2^20*3^1*5^1*7^2
11515	771066450	486	2^1*3^2*5^2*7^2*11^2*17^2
11516	771437526	108	2^1*3^1*17^2*23^2*29^2
11517	771573600	540	2^5*3^9*5^2*7^2
11518	771652332	126	2^2*3^13*11^2
11519	771895089	63	3^8*7^6
11520	772289440	84	2^5*5^1*13^6
11521	772402208	42	2^5*17^6
11522	772424640	504	2^6*3^3*5^1*13^2*23^2
11523	772673209	45	7^2*11^2*19^4
11524	772716672	504	2^7*3^6*7^2*13^2
11525	773289075	90	3^1*5^2*13^4*19^2
11526	773424450	270	2^1*3^4*5^2*19^2*23^2
11527	773716860	432	2^2*3^7*5^1*7^2*19^2
11528	774252675	216	3^7*5^2*7^2*17^2
11529	774400000	216	2^11*5^5*11^2
11530	774508900	135	2^2*5^2*11^4*23^2
11531	774570264	216	2^3*3^1*13^2*19^2*23^2
11532	774840978	38	2^1*3^18
11533	775065600	351	2^12*3^2*5^2*29^2
11534	775388544	240	2^7*3^1*7^4*29^2
11535	775399716	405	2^2*3^4*7^2*13^2*17^2
11536	776343750	252	2^1*3^1*5^6*7^2*13^2
11537	776953947	90	3^1*7^2*11^4*19^2
11538	777125888	162	2^17*7^2*11^2
11539	777218560	180	2^9*5^1*19^2*29^2
11540	777573225	135	3^2*5^2*11^2*13^4
11541	777600000	396	2^10*3^5*5^5
11542	777630000	450	2^4*3^1*5^4*7^2*23^2
11543	777709350	324	2^1*3^5*5^2*11^2*23^2
11544	777756800	216	2^7*5^2*17^2*29^2
11545	777924000	600	2^5*3^4*5^3*7^4
11546	778248135	72	3^3*5^1*7^8
11547	778861512	324	2^3*3^2*11^2*13^2*23^2
11548	779760000	480	2^7*3^3*5^4*19^2
11549	780042240	288	2^15*3^2*5^1*23^2
11550	780084900	405	2^2*3^2*5^2*7^4*19^2
11551	780337152	306	2^16*3^5*7^2
11552	780915200	270	2^9*5^2*13^2*19^2
11553	780923025	99	3^10*5^2*23^2
11554	781258401	63	3^2*7^2*11^6
11555	781456000	288	2^7*5^3*13^2*17^2
11556	781926000	200	2^4*3^1*5^3*19^4
11557	781943058	70	2^1*3^4*13^6
11558	782079948	216	2^2*3^7*13^2*23^2
11559	782209024	117	2^12*19^2*23^2
11560	782467500	270	2^2*3^1*5^4*17^2*19^2
11561	783009375	60	3^1*5^5*17^4
11562	783046656	432	2^11*3^3*7^2*17^2
11563	784000000	231	2^10*5^6*7^2
11564	784080000	600	2^7*3^4*5^4*11^2
11565	784110250	216	2^1*5^3*7^2*11^2*23^2
11566	784406700	540	2^2*3^3*5^2*7^4*11^2
11567	784784196	243	2^2*3^2*7^2*23^2*29^2
11568	785241600	540	2^9*3^1*5^2*11^2*13^2
11569	785568784	225	2^4*7^4*11^2*13^2
11570	785765568	210	2^6*3^1*7^2*17^4
11571	786542592	234	2^12*3^1*11^2*23^2
11572	786802500	405	2^2*3^2*5^4*11^2*17^2
11573	786933792	270	2^5*3^4*19^2*29^2
11574	787320000	350	2^6*3^9*5^4
11575	787350375	216	3^5*5^3*7^2*23^2
11576	787478760	360	2^3*3^4*5^1*17^2*29^2
11577	787648050	270	2^1*3^8*5^2*7^4
11578	788037184	105	2^6*11^4*29^2
11579	788437500	144	2^2*3^1*5^7*29^2
11580	788442050	90	2^1*5^2*11^2*19^4
11581	788486400	567	2^8*3^6*5^2*13^2
11582	788814936	360	2^3*3^5*7^4*13^2
11583	789654528	220	2^10*3^3*13^4
11584	789666201	81	3^2*17^2*19^2*29^2
11585	789792768	252	2^11*3^6*23^2
11586	790053750	240	2^1*3^7*5^4*17^2
11587	790614000	400	2^4*3^3*5^3*11^4
11588	790676640	540	2^5*3^4*5^1*13^2*19^2
11589	791015625	55	3^4*5^10
11590	791212800	486	2^8*3^1*5^2*7^2*29^2
11591	791224200	540	2^3*3^4*5^2*13^2*17^2
11592	791293536	324	2^5*3^5*11^2*29^2
11593	791542472	84	2^3*7^6*29^2
11594	791700075	90	3^5*5^2*19^4
11595	792187500	162	2^2*3^1*5^8*13^2
11596	792396384	180	2^5*3^1*13^4*17^2
11597	792535104	315	2^6*3^4*17^2*23^2
11598	792810150	180	2^1*3^1*5^2*11^4*19^2
11599	792872964	135	2^2*3^2*13^2*19^4
11600	792985600	171	2^18*5^2*11^2
11601	793500000	252	2^5*3^1*5^6*23^2
11602	793830625	75	5^4*7^4*23^2
11603	793881000	432	2^3*3^8*5^3*11^2
11604	794041083	108	3^3*11^2*17^2*29^2
11605	794563344	165	2^4*3^10*29^2
11606	794976000	648	2^8*3^1*5^3*7^2*13^2
11607	795286962	90	2^1*3^2*17^4*23^2
11608	795307240	168	2^3*5^1*7^6*13^2
11609	796005000	540	2^3*3^2*5^4*7^2*19^2
11610	796086225	189	3^6*5^2*11^2*19^2
11611	796262400	324	2^17*3^5*5^2
11612	796556250	324	2^1*3^2*5^5*7^2*17^2
11613	796594176	325	2^12*3^4*7^4
11614	797161500	168	2^2*3^13*5^3
11615	797202450	126	2^1*3^2*5^2*11^6
11616	797265612	324	2^2*3^3*11^2*13^2*19^2
11617	797442048	180	2^19*3^2*13^2
11618	797806240	324	2^5*5^1*7^2*11^2*29^2
11619	797817735	216	3^3*5^1*11^2*13^2*17^2
11620	798474240	360	2^14*3^3*5^1*19^2
11621	799027200	468	2^12*3^3*5^2*17^2
11622	799360128	360	2^7*3^2*7^4*17^2
11623	799475625	135	3^2*5^4*13^2*29^2
11624	800000000	108	2^11*5^8
11625	800210944	135	2^14*13^2*17^2
11626	800415000	720	2^3*3^3*5^4*7^2*11^2
11627	800496675	120	3^7*5^2*11^4
11628	800560098	162	2^1*3^8*13^2*19^2
11629	800692224	120	2^11*3^1*19^4
11630	800800200	324	2^3*3^2*5^2*23^2*29^2
11631	801102960	540	2^4*3^5*5^1*7^2*29^2
11632	801600800	486	2^5*5^2*7^2*11^2*13^2
11633	801682596	225	2^2*3^4*11^4*13^2
11634	801801600	240	2^7*3^1*5^2*17^4
11635	802135684	75	2^2*7^4*17^4
11636	802638375	216	3^1*5^3*7^2*11^2*19^2
11637	802816000	216	2^17*5^3*7^2
11638	802928896	243	2^8*7^2*11^2*23^2
11639	803328246	216	2^1*3^3*7^2*19^2*29^2
11640	803722500	405	2^2*3^8*5^4*7^2
11641	804609000	432	2^3*3^2*5^3*13^2*23^2
11642	804913200	810	2^4*3^5*5^2*7^2*13^2
11643	804995334	180	2^1*3^9*11^2*13^2
11644	805128192	324	2^11*3^2*11^2*19^2
11645	805306368	58	2^28*3^1
11646	805685760	540	2^9*3^2*5^1*11^2*17^2
11647	806105664	315	2^6*3^2*7^2*13^4
11648	806246784	432	2^7*3^5*7^2*23^2
11649	806844025	81	5^2*13^2*19^2*23^2
11650	807360000	300	2^9*3^1*5^4*29^2
11651	807473535	108	3^1*5^1*11^2*23^2*29^2
11652	807696400	225	2^4*5^2*7^4*29^2
11653	807778818	270	2^1*3^4*7^2*11^2*29^2
11654	807923776	189	2^6*11^2*17^2*19^2
11655	808180808	60	2^3*19^2*23^4
11656	808321761	45	3^14*13^2
11657	808455168	264	2^10*3^7*19^2
11658	808740490	60	2^1*5^1*17^2*23^4
11659	808904642	90	2^1*7^2*13^4*17^2
11660	809015040	432	2^8*3^7*5^1*17^2
11661	809046252	324	2^2*3^3*7^2*17^2*23^2
11662	809588736	240	2^11*3^3*11^4
11663	810000000	320	2^7*3^4*5^7
11664	810031250	126	2^1*5^6*7^2*23^2
11665	810337500	360	2^2*3^3*5^5*7^4
11666	811116747	90	3^9*7^2*29^2
11667	811262304	324	2^5*3^5*17^2*19^2
11668	811314075	162	3^1*5^2*11^2*13^2*23^2
11669	811620810	540	2^1*3^4*5^1*7^2*11^2*13^2
11670	812250000	315	2^4*3^2*5^6*19^2
11671	812399808	210	2^6*3^1*11^4*17^2
11672	812544000	312	2^12*3^1*5^3*23^2
11673	812658264	120	2^3*3^1*11^2*23^4
11674	812851200	630	2^13*3^4*5^2*7^2
11675	812882560	240	2^7*5^1*7^4*23^2
11676	812934144	297	2^10*3^8*11^2
11677	813189888	252	2^8*3^3*7^6
11678	814055424	288	2^15*3^1*7^2*13^2
11679	814079187	60	3^3*17^4*19^2
11680	814506250	60	2^1*5^5*19^4
11681	814787712	120	2^7*3^2*29^4
11682	814974615	180	3^9*5^1*7^2*13^2
11683	815673600	729	2^8*3^2*5^2*7^2*17^2
11684	815730721	9	13^8
11685	815756832	378	2^5*3^6*11^2*17^2
11686	815873526	120	2^1*3^3*13^4*23^2
11687	816013464	168	2^3*3^1*7^6*17^2
11688	816016356	105	2^2*3^6*23^4
11689	816293376	140	2^9*3^13
11690	816750000	420	2^4*3^3*5^6*11^2
11691	817373312	120	2^7*7^2*19^4
11692	817616836	45	2^2*17^2*29^4
11693	817939360	324	2^5*5^1*7^2*17^2*19^2
11694	817960000	315	2^6*5^4*11^2*13^2
11695	818505800	180	2^3*5^2*7^2*17^4
11696	818589321	75	3^4*11^2*17^4
11697	818663040	432	2^7*3^2*5^1*13^2*29^2
11698	819127728	180	2^4*3^11*17^2
11699	819315200	270	2^9*5^2*11^2*23^2
11700	819624960	792	2^10*3^3*5^1*7^2*11^2
11701	819722700	324	2^2*3^3*5^2*19^2*29^2
11702	820125000	252	2^3*3^8*5^6
11703	820290375	144	3^3*5^3*17^2*29^2
11704	820937104	135	2^4*13^2*19^2*29^2
11705	821340000	540	2^5*3^5*5^4*13^2
11706	821682225	225	3^4*5^2*7^4*13^2
11707	821901696	432	2^7*3^1*7^2*11^2*19^2
11708	822083584	75	2^24*7^2
11709	822556800	360	2^7*3^2*5^2*13^4
11710	822700800	486	2^8*3^5*5^2*23^2
11711	822732540	180	2^2*3^1*5^1*7^2*23^4
11712	822899532	150	2^2*3^1*7^4*13^4
11713	823011840	540	2^9*3^8*5^1*7^2
11714	823043592	300	2^3*3^4*7^4*23^2
11715	823556250	180	2^1*3^2*5^5*11^4
11716	823621500	432	2^2*3^3*5^3*13^2*19^2
11717	823919616	297	2^10*3^2*13^2*23^2
11718	824180000	270	2^5*5^4*7^2*29^2
11719	824191875	180	3^3*5^4*13^2*17^2
11720	824264100	405	2^2*3^4*5^2*11^2*29^2
11721	825297984	441	2^6*3^6*7^2*19^2
11722	825412900	135	2^2*5^2*13^4*17^2
11723	825485232	270	2^4*3^1*11^2*13^2*29^2
11724	825557400	432	2^3*3^3*5^2*17^2*23^2
11725	826455168	360	2^7*3^2*7^2*11^4
11726	826562500	81	2^2*5^8*23^2
11727	826736640	204	2^16*3^1*5^1*29^2
11728	826780448	162	2^5*13^2*17^2*23^2
11729	826959375	144	3^7*5^5*11^2
11730	827277708	90	2^2*3^1*19^4*23^2
11731	827670150	180	2^1*3^9*5^2*29^2
11732	827850615	108	3^1*5^1*17^2*19^2*23^2
11733	828100000	324	2^5*5^5*7^2*13^2
11734	828163602	270	2^1*3^4*7^2*17^2*19^2
11735	828896328	252	2^3*3^6*13^2*29^2
11736	829171875	126	3^1*5^6*7^2*19^2
11737	829324804	135	2^2*7^2*11^4*17^2
11738	829411440	300	2^4*3^1*5^1*11^2*13^4
11739	829440000	375	2^14*3^4*5^4
11740	829556640	540	2^5*3^4*5^1*11^2*23^2
11741	829785600	600	2^9*3^3*5^2*7^4
11742	829870272	504	2^6*3^7*7^2*11^2
11743	830131344	135	2^4*3^2*7^8
11744	830668800	306	2^16*3^1*5^2*13^2
11745	831014912	180	2^11*7^4*13^2
11746	831744000	432	2^11*3^2*5^3*19^2
11747	831762456	120	2^3*3^1*7^2*29^4
11748	831860964	243	2^2*3^2*11^2*19^2*23^2
11749	832045056	120	2^19*3^1*23^2
11750	832090560	420	2^6*3^1*5^1*7^4*19^2
11751	832320000	450	2^9*3^2*5^4*17^2
11752	832666800	450	2^4*3^1*5^2*7^4*17^2
11753	832751766	324	2^1*3^5*7^2*11^2*17^2
11754	832838760	280	2^3*3^6*5^1*13^4
11755	832984560	300	2^4*3^9*5^1*23^2
11756	833299488	234	2^5*3^12*7^2
11757	833626112	126	2^13*11^2*29^2
11758	833765625	189	3^2*5^6*7^2*11^2
11759	834054400	135	2^8*5^2*19^4
11760	834166875	90	3^1*5^4*23^2*29^2
11761	834482250	360	2^1*3^4*5^3*7^2*29^2
11762	835152201	75	3^4*13^4*19^2
11763	835210000	125	2^4*5^4*17^4
11764	835298406	144	2^1*3^7*19^2*23^2
11765	836192889	99	3^10*7^2*17^2
11766	836323202	50	2^1*11^4*13^4
11767	836469612	180	2^2*3^3*11^4*23^2
11768	837070848	234	2^12*3^5*29^2
11769	837591040	252	2^13*5^1*11^2*13^2
11770	838134375	108	3^1*5^5*13^2*23^2
11771	838451250	450	2^1*3^4*5^4*7^2*13^2
11772	838675200	486	2^8*3^1*5^2*11^2*19^2
11773	838860800	78	2^25*5^2
11774	839024648	180	2^3*7^4*11^2*19^2
11775	839256000	504	2^6*3^1*5^3*11^2*17^2
11776	839605690	180	2^1*5^1*7^4*11^2*17^2
11777	839693400	360	2^3*3^1*5^2*7^2*13^4
11778	839779083	90	3^5*11^2*13^4
11779	839840400	675	2^4*3^4*5^2*7^2*23^2
11780	839926098	162	2^1*3^8*11^2*23^2
11781	839977344	288	2^7*3^3*17^2*29^2
11782	841000000	147	2^6*5^6*29^2
11783	841052160	468	2^12*3^5*5^1*13^2
11784	841084608	378	2^6*3^1*7^2*13^2*23^2
11785	842140800	504	2^7*3^6*5^2*19^2
11786	842173290	324	2^1*3^2*5^1*7^2*19^2*23^2
11787	842491692	270	2^2*3^5*7^4*19^2
11788	842682841	81	7^2*11^2*13^2*29^2
11789	842724000	504	2^5*3^6*5^3*17^2
11790	842893932	90	2^2*3^1*17^4*29^2
11791	843075135	180	3^5*5^1*7^4*17^2
11792	843321600	405	2^8*3^2*5^2*11^4
11793	843388416	360	2^9*3^3*13^2*19^2
11794	843396867	42	3^13*23^2
11795	843672984	200	2^3*3^1*7^4*11^4
11796	843750000	200	2^4*3^3*5^9
11797	845064900	405	2^2*3^4*5^2*17^2*19^2
11798	845664160	180	2^5*5^1*11^4*19^2
11799	846093750	108	2^1*3^1*5^8*19^2
11800	846249800	180	2^3*5^2*11^4*17^2
11801	846316848	270	2^4*3^1*13^2*17^2*19^2
11802	846400000	180	2^9*5^5*23^2
11803	846519025	45	5^2*11^2*23^4
11804	846720000	660	2^10*3^3*5^4*7^2
11805	846806400	576	2^7*3^7*5^2*11^2
11806	846825858	42	2^1*3^2*19^6
11807	846902940	180	2^2*3^1*5^1*13^2*17^4
11808	847072800	378	2^5*3^2*5^2*7^6
11809	847159236	315	2^2*3^6*7^4*11^2
11810	847425747	22	3^1*7^10
11811	847974400	351	2^12*5^2*7^2*13^2
11812	848060928	450	2^9*3^4*11^2*13^2
11813	848737200	150	2^4*3^1*5^2*29^4
11814	849158640	540	2^4*3^5*5^1*11^2*19^2
11815	849346560	220	2^21*3^4*5^1
11816	849379328	144	2^15*7^2*23^2
11817	849660000	540	2^5*3^1*5^4*7^2*17^2
11818	849746700	486	2^2*3^5*5^2*11^2*17^2
11819	850014025	63	5^2*7^6*17^2
11820	850305600	273	2^6*3^12*5^2
11821	850659894	120	2^1*3^11*7^4
11822	850781250	162	2^1*3^2*5^8*11^2
11823	851005584	405	2^4*3^2*11^2*13^2*17^2
11824	851276322	90	2^1*3^2*13^2*23^4
11825	851517414	120	2^1*3^3*11^2*19^4
11826	851565312	270	2^8*3^9*13^2
11827	851705856	171	2^18*3^2*19^2
11828	852667560	264	2^3*3^10*5^1*19^2
11829	852774000	360	2^4*3^1*5^3*13^2*29^2
11830	853258050	198	2^1*3^10*5^2*17^2
11831	853776000	864	2^7*3^2*5^3*7^2*11^2
11832	854131740	252	2^2*3^1*5^1*7^6*11^2
11833	854296875	72	3^7*5^8
11834	854509824	405	2^8*3^4*7^2*29^2
11835	854522136	288	2^3*3^7*13^2*17^2
11836	854663168	126	2^13*17^2*19^2
11837	855036081	45	3^8*19^4
11838	855255040	120	2^11*5^1*17^4
11839	855562500	315	2^2*3^4*5^6*13^2
11840	855810010	60	2^1*5^1*11^2*29^4
11841	856147600	405	2^4*5^2*7^2*11^2*19^2
11842	856234962	150	2^1*3^4*11^4*19^2
11843	856424448	228	2^18*3^3*11^2
11844	856830000	250	2^4*3^1*5^4*13^4
11845	856980000	450	2^5*3^4*5^4*23^2
11846	857304000	672	2^6*3^7*5^3*7^2
11847	857337075	180	3^3*5^2*7^4*23^2
11848	857435524	27	2^2*11^8
11849	857476872	324	2^3*3^2*7^2*17^2*29^2
11850	857661210	196	2^1*3^6*5^1*7^6
11851	858249600	432	2^7*3^1*5^2*13^2*23^2
11852	858607204	135	2^2*7^4*13^2*23^2
11853	859346415	60	3^5*5^1*29^4
11854	859398144	252	2^13*3^1*11^2*17^2
11855	859671552	110	2^10*3^1*23^4
11856	859685400	648	2^3*3^5*5^2*7^2*19^2
11857	859773123	90	3^9*11^2*19^2
11858	859880450	162	2^1*5^2*11^2*13^2*29^2
11859	859955625	135	3^2*5^4*17^2*23^2
11860	859963392	162	2^17*3^8
11861	860890800	450	2^4*3^1*5^2*7^2*11^4
11862	860959008	486	2^5*3^2*7^2*13^2*19^2
11863	860978646	84	2^1*3^5*11^6
11864	861184000	168	2^13*5^3*29^2
11865	861305104	135	2^4*11^2*23^2*29^2
11866	861555240	648	2^3*3^2*5^1*7^2*13^2*17^2
11867	862073415	120	3^3*5^1*7^2*19^4
11868	862949376	273	2^12*3^6*17^2
11869	863433675	162	3^5*5^2*13^2*29^2
11870	863948449	81	7^2*13^2*17^2*19^2
11871	863970250	120	2^1*5^3*11^2*13^4
11872	864000000	336	2^11*3^3*5^6
11873	864121500	432	2^2*3^3*5^3*11^2*23^2
11874	864360000	525	2^6*3^2*5^4*7^4
11875	864448200	756	2^3*3^6*5^2*7^2*11^2
11876	864536409	55	3^10*11^4
11877	864712836	135	2^2*3^2*13^4*29^2
11878	864720150	108	2^1*3^1*5^2*7^8
11879	864864216	216	2^3*3^5*23^2*29^2
11880	865280000	210	2^13*5^4*13^2
11881	865728864	648	2^5*3^3*7^2*11^2*13^2
11882	865945728	200	2^7*3^4*17^4
11883	866400000	324	2^8*3^1*5^5*19^2
11884	866419225	45	5^2*7^2*29^4
11885	866713600	153	2^16*5^2*23^2
11886	866761000	240	2^3*5^3*7^4*19^2
11887	867000000	294	2^6*3^1*5^6*17^2
11888	867361250	150	2^1*5^4*7^4*17^2
11889	867540375	120	3^5*5^3*13^4
11890	867692250	216	2^1*3^8*5^3*23^2
11891	868020300	324	2^2*3^11*5^2*7^2
11892	868064890	84	2^1*5^1*7^2*11^6
11893	868734867	162	3^1*7^2*11^2*13^2*17^2
11894	868952484	63	2^2*3^2*17^6
11895	869306256	405	2^4*3^8*7^2*13^2
11896	869449728	270	2^14*3^1*7^2*19^2
11897	870051840	468	2^12*3^1*5^1*7^2*17^2
11898	871391547	108	3^3*13^2*19^2*23^2
11899	871651935	180	3^5*5^1*7^2*11^4
11900	871948800	450	2^9*3^4*5^2*29^2
11901	871982440	216	2^3*5^1*7^2*23^2*29^2
11902	872312112	300	2^4*3^3*7^4*29^2
11903	873240576	216	2^11*3^1*13^2*29^2
11904	873620000	270	2^5*5^4*11^2*19^2
11905	874225000	216	2^3*5^5*11^2*17^2
11906	874266624	405	2^14*3^2*7^2*11^2
11907	874680625	75	5^4*7^2*13^4
11908	874833750	360	2^1*3^3*5^4*7^2*23^2
11909	874976400	405	2^4*3^2*5^2*17^2*29^2
11910	876096000	600	2^9*3^4*5^3*13^2
11911	876129800	324	2^3*5^2*7^2*13^2*23^2
11912	876219201	135	3^4*11^2*13^2*23^2
11913	876461040	600	2^4*3^3*5^1*7^4*13^2
11914	876799688	60	2^3*19^4*29^2
11915	877230000	450	2^4*3^5*5^4*19^2
11916	877302272	270	2^9*7^2*11^2*17^2
11917	877406890	108	2^1*5^1*17^2*19^2*29^2
11918	877581376	105	2^6*7^2*23^4
11919	877837500	324	2^2*3^5*5^5*17^2
11920	877879296	336	2^13*3^7*7^2
11921	878460000	300	2^5*3^1*5^4*11^4
11922	878529600	567	2^6*3^2*5^2*13^2*19^2
11923	878826025	75	5^2*7^4*11^4
11924	878895654	180	2^1*3^1*7^4*13^2*19^2
11925	878906250	72	2^1*3^2*5^11
11926	879215040	504	2^6*3^3*5^1*11^2*29^2
11927	879985152	270	2^9*3^2*19^2*23^2
11928	880594560	432	2^7*3^2*5^1*17^2*23^2
11929	880927488	486	2^8*3^5*7^2*17^2
11930	880969960	120	2^3*5^1*13^2*19^4
11931	881580050	162	2^1*5^2*13^2*17^2*19^2
11932	881657304	216	2^3*3^1*11^2*19^2*29^2
11933	881852416	63	2^20*29^2
11934	882000000	504	2^7*3^2*5^6*7^2
11935	882090000	525	2^4*3^6*5^4*11^2
11936	882367500	210	2^2*3^1*5^4*7^6
11937	882848160	324	2^5*3^8*5^1*29^2
11938	883040656	135	2^4*17^2*19^2*23^2
11939	883396800	756	2^6*3^3*5^2*11^2*13^2
11940	883764882	270	2^1*3^2*7^4*11^2*13^2
11941	883986264	240	2^3*3^3*7^2*17^4
11942	884101250	50	2^1*5^4*29^4
11943	884540250	360	2^1*3^4*5^3*11^2*19^2
11944	884705536	135	2^8*11^2*13^4
11945	884736000	304	2^18*3^3*5^3
11946	884860416	360	2^9*3^3*11^2*23^2
11947	885062500	189	2^2*5^6*7^2*17^2
11948	885104640	420	2^13*3^2*5^1*7^4
11949	885300516	189	2^2*3^6*19^2*29^2
11950	885735000	240	2^3*3^11*5^4
11951	886464150	324	2^1*3^1*5^2*11^2*13^2*17^2
11952	886541832	180	2^3*3^2*11^4*29^2
11953	887047200	486	2^5*3^8*5^2*13^2
11954	887193600	288	2^15*3^1*5^2*19^2
11955	887416803	120	3^7*7^4*13^2
11956	887563264	165	2^10*7^4*19^2
11957	887932848	270	2^4*3^1*11^2*17^2*23^2
11958	888195375	120	3^9*5^3*19^2
11959	888215334	28	2^1*3^1*23^6
11960	888306250	108	2^1*5^5*13^2*29^2
11961	888361344	240	2^7*3^5*13^4
11962	888516864	243	2^8*3^8*23^2
11963	889350000	540	2^4*3^1*5^5*7^2*11^2
11964	890114400	648	2^5*3^3*5^2*7^2*29^2
11965	890127225	189	3^6*5^2*13^2*17^2
11966	890205228	216	2^2*3^7*11^2*29^2
11967	890485281	63	3^2*7^6*29^2
11968	890758440	360	2^3*3^2*5^1*11^4*13^2
11969	891433088	216	2^7*7^2*13^2*29^2
11970	891445932	180	2^2*3^3*13^4*17^2
11971	891601992	252	2^3*3^6*17^2*23^2
11972	892108800	432	2^15*3^2*5^2*11^2
11973	892480512	330	2^10*3^1*7^4*11^2
11974	892531250	70	2^1*5^6*13^4
11975	892586940	324	2^2*3^1*5^1*7^2*19^2*29^2
11976	892687500	252	2^2*3^3*5^6*23^2
11977	893025000	504	2^3*3^6*5^5*7^2
11978	893205075	162	3^1*5^2*7^2*17^2*29^2
11979	893232769	45	11^4*13^2*19^2
11980	893883762	78	2^1*3^12*29^2
11981	894010000	225	2^4*5^4*13^2*23^2
11982	894439260	432	2^2*3^7*5^1*11^2*13^2
11983	895206400	297	2^10*5^2*11^2*17^2
11984	895491200	120	2^7*5^2*23^4
11985	895505625	225	3^4*5^4*7^2*19^2
11986	895672960	240	2^7*5^1*7^2*13^4
11987	895795200	360	2^14*3^7*5^2
11988	895829760	648	2^8*3^3*5^1*7^2*23^2
11989	896168448	350	2^9*3^6*7^4
11990	896761250	150	2^1*5^4*7^2*11^4
11991	896832300	486	2^2*3^1*5^2*7^2*13^2*19^2
11992	897122304	255	2^16*3^4*13^2
11993	897453375	216	3^1*5^3*7^2*13^2*17^2
11994	898135290	156	2^1*3^12*5^1*13^2
11995	898181427	42	3^1*11^6*13^2
11996	898318176	324	2^5*3^1*7^2*19^2*23^2
11997	898905600	540	2^9*3^5*5^2*17^2
11998	899280144	375	2^4*3^4*7^4*17^2
11999	899543040	260	2^12*3^1*5^1*11^4
12000	900000000	243	2^8*3^2*5^8
12001	900237312	324	2^11*3^2*13^2*17^2
12002	900375000	280	2^3*3^1*5^6*7^4
12003	900466875	270	3^5*5^4*7^2*11^2
12004	900778752	180	2^8*3^3*19^4
12005	900900225	135	3^4*5^2*23^2*29^2
12006	901402560	504	2^6*3^3*5^1*17^2*19^2
12007	901800900	729	2^2*3^2*5^2*7^2*11^2*13^2
12008	902026800	300	2^4*3^3*5^2*17^4
12009	902234892	162	2^2*3^1*13^2*23^2*29^2
12010	902500000	144	2^5*5^7*19^2
12011	903125000	108	2^3*5^8*17^2
12012	903260160	504	2^11*3^6*5^1*11^2
12013	903295008	486	2^5*3^2*7^2*11^2*23^2
12014	903363136	105	2^6*13^2*17^4
12015	903906456	120	2^3*3^1*17^2*19^4
12016	905527350	432	2^1*3^7*5^2*7^2*13^2
12017	905676800	324	2^11*5^2*7^2*19^2
12018	905769216	405	2^8*3^4*11^2*19^2
12019	905969664	104	2^25*3^3
12020	906304000	360	2^9*5^3*7^2*17^2
12021	906431449	81	7^2*11^2*17^2*23^2
12022	906526140	180	2^2*3^1*5^1*13^4*23^2
12023	906684840	200	2^3*3^4*5^1*23^4
12024	906868872	300	2^3*3^4*7^2*13^4
12025	906992640	264	2^10*3^11*5^1
12026	907027632	360	2^4*3^7*7^2*23^2
12027	907039232	70	2^9*11^6
12028	908280000	420	2^6*3^3*5^4*29^2
12029	908658450	270	2^1*3^2*5^2*7^4*29^2
12030	908914248	324	2^3*3^2*11^2*17^2*19^2
12031	909115392	126	2^20*3^1*17^2
12032	909203409	45	3^2*19^2*23^4
12033	909512064	240	2^7*3^9*19^2
12034	909543690	180	2^1*3^2*5^1*11^2*17^4
12035	909625600	243	2^8*5^2*13^2*29^2
12036	910694400	648	2^11*3^1*5^2*7^2*11^2
12037	910787328	270	2^8*3^5*11^4
12038	911073856	147	2^6*7^6*11^2
12039	911132672	108	2^11*23^2*29^2
12040	911433750	180	2^1*3^1*5^4*17^2*29^2
12041	912600000	504	2^6*3^3*5^5*13^2
12042	912670092	216	2^2*3^7*17^2*19^2
12043	912980250	360	2^1*3^2*5^3*7^4*13^2
12044	913302135	80	3^7*5^1*17^4
12045	913781250	210	2^1*3^4*5^6*19^2
12046	913949784	240	2^3*3^3*11^4*17^2
12047	914240547	60	3^3*11^2*23^4
12048	914457600	693	2^10*3^6*5^2*7^2
12049	914550912	264	2^7*3^10*11^2
12050	914838624	252	2^5*3^5*7^6
12051	915062500	105	2^2*5^6*11^4
12052	915135000	360	2^3*3^1*5^4*13^2*19^2
12053	915466240	216	2^11*5^1*13^2*23^2
12054	915812352	468	2^12*3^3*7^2*13^2
12055	915849000	432	2^3*3^2*5^3*11^2*29^2
12056	916636176	125	2^4*3^4*29^4
12057	916651200	378	2^6*3^1*5^2*19^2*23^2
12058	916997760	720	2^7*3^4*5^1*7^2*19^2
12059	917033138	90	2^1*7^4*19^2*23^2
12060	917286000	360	2^4*3^1*5^3*17^2*23^2
12061	917632800	810	2^5*3^4*5^2*7^2*17^2
12062	917726436	243	2^2*3^8*11^2*17^2
12063	918015147	84	3^3*7^6*17^2
12064	918330048	112	2^6*3^15
12065	918393025	81	5^2*11^2*19^2*29^2
12066	918750000	270	2^4*3^1*5^8*7^2
12067	918843750	252	2^1*3^5*5^6*11^2
12068	918992256	432	2^7*3^1*7^2*13^2*17^2
12069	919544976	225	2^4*3^2*7^2*19^4
12070	919633500	288	2^2*3^7*5^3*29^2
12071	920205000	540	2^3*3^2*5^4*11^2*13^2
12072	920819025	135	3^2*5^2*7^2*17^4
12073	921518694	84	2^1*3^13*17^2
12074	921600000	288	2^15*3^2*5^5
12075	921729600	567	2^6*3^2*5^2*11^2*23^2
12076	921984000	440	2^10*3^1*5^3*7^4
12077	922113654	180	2^1*3^1*7^4*11^2*23^2
12078	922368160	108	2^5*5^1*7^8
12079	922640625	77	3^10*5^6
12080	923481075	90	3^1*5^2*11^4*29^2
12081	923554242	162	2^1*3^2*13^2*19^2*29^2
12082	924007500	360	2^2*3^7*5^4*13^2
12083	924160000	195	2^12*5^4*19^2
12084	924289960	216	2^3*5^1*11^2*19^2*23^2
12085	924639408	540	2^4*3^3*7^2*11^2*19^2
12086	924844032	198	2^21*3^2*7^2
12087	924930050	162	2^1*5^2*11^2*17^2*23^2
12088	925279740	648	2^2*3^3*5^1*7^2*11^2*17^2
12089	925376400	375	2^4*3^4*5^2*13^4
12090	925538400	432	2^5*3^7*5^2*23^2
12091	925924041	105	3^6*7^4*23^2
12092	926406250	144	2^1*5^7*7^2*11^2
12093	926747328	98	2^6*3^1*13^6
12094	926909568	360	2^7*3^4*13^2*23^2
12095	927202500	405	2^2*3^2*5^4*7^2*29^2
12096	927873375	120	3^1*5^3*11^4*13^2
12097	927946890	180	2^1*3^2*5^1*13^4*19^2
12098	928055296	153	2^16*7^2*17^2
12099	928109340	324	2^2*3^5*5^1*19^2*23^2
12100	928460232	324	2^3*3^8*7^2*19^2
12101	928670886	216	2^1*3^3*11^2*13^2*29^2
12102	928752075	162	3^5*5^2*17^2*23^2
12103	929103210	324	2^1*3^8*5^1*7^2*17^2
12104	929280000	390	2^12*3^1*5^4*11^2
12105	929667200	360	2^7*5^2*7^4*11^2
12106	929762064	375	2^4*3^4*7^2*11^4
12107	930128004	243	2^2*3^2*13^2*17^2*23^2
12108	930234375	144	3^5*5^7*7^2
12109	932508369	81	3^8*13^2*29^2
12110	932662272	198	2^10*3^1*19^2*29^2
12111	933120000	420	2^11*3^6*5^4
12112	933156000	648	2^5*3^2*5^3*7^2*23^2
12113	933308160	324	2^8*3^1*5^1*17^2*29^2
12114	933508800	630	2^6*3^5*5^2*7^4
12115	933544815	84	3^1*5^1*7^6*23^2
12116	933604056	360	2^3*3^9*7^2*11^2
12117	933897762	90	2^1*3^4*7^8
12118	934502400	504	2^13*3^3*5^2*13^2
12119	934891776	405	2^8*3^2*7^4*13^2
12120	935732763	60	3^3*7^2*29^4
12121	935748100	243	2^2*5^2*7^2*19^2*23^2
12122	935886848	80	2^15*13^4
12123	936050688	204	2^16*3^3*23^2
12124	936360000	525	2^6*3^4*5^4*17^2
12125	936750150	360	2^1*3^3*5^2*7^4*17^2
12126	937024000	200	2^9*5^3*11^4
12127	937098240	396	2^10*3^1*5^1*13^2*19^2
12128	937155769	21	11^6*23^2
12129	937461924	135	2^2*3^14*7^2
12130	937500000	132	2^5*3^1*5^10
12131	937747200	486	2^8*3^1*5^2*13^2*17^2
12132	937829376	297	2^10*3^2*11^2*29^2
12133	937890625	45	5^8*7^4
12134	938137928	180	2^3*7^4*13^2*17^2
12135	938311200	270	2^5*3^2*5^2*19^4
12136	938702163	50	3^1*7^4*19^4
12137	938961000	432	2^3*3^2*5^3*17^2*19^2
12138	939300864	216	2^11*3^1*17^2*23^2
12139	939611250	150	2^1*3^2*5^4*17^4
12140	940183335	216	3^3*5^1*7^2*13^2*29^2
12141	940896000	648	2^8*3^5*5^3*11^2
12142	940932300	486	2^2*3^1*5^2*7^2*11^2*23^2
12143	941085728	162	2^5*11^2*17^2*29^2
12144	941288040	600	2^3*3^4*5^1*7^4*11^2
12145	941385124	45	2^2*23^4*29^2
12146	941569225	45	5^2*17^2*19^4
12147	941704704	240	2^9*3^7*29^2
12148	943509600	648	2^5*3^3*5^2*11^2*19^2
12149	943718400	207	2^22*3^2*5^2
12150	943902729	135	3^2*7^4*11^2*19^2
12151	944111616	180	2^17*3^1*7^4
12152	944463375	80	3^3*5^3*23^4
12153	944655075	180	3^3*5^2*7^2*13^4
12154	944784000	352	2^7*3^10*5^3
12155	944820450	378	2^1*3^6*5^2*7^2*23^2
12156	944907392	216	2^7*11^2*13^2*19^2
12157	944974512	270	2^4*3^5*17^2*29^2
12158	945177660	300	2^2*3^9*5^1*7^4
12159	945561760	324	2^5*5^1*11^2*13^2*17^2
12160	946054564	63	2^2*7^2*13^6
12161	946125000	252	2^3*3^2*5^6*29^2
12162	946130460	180	2^2*3^1*5^1*11^2*19^4
12163	946220184	432	2^3*3^3*7^2*13^2*23^2
12164	946339840	120	2^19*5^1*19^2
12165	946785675	162	3^1*5^2*11^2*17^2*19^2
12166	946995200	162	2^17*5^2*17^2
12167	947408400	405	2^4*3^8*5^2*19^2
12168	948640000	405	2^8*5^4*7^2*11^2
12169	948736800	450	2^5*3^4*5^2*11^4
12170	948811968	378	2^6*3^5*13^2*19^2
12171	949132107	100	3^3*7^4*11^4
12172	949455360	540	2^9*3^2*5^1*7^2*29^2
12173	949469040	540	2^4*3^5*5^1*13^2*17^2
12174	950040090	140	2^1*3^6*5^1*19^4
12175	950142336	240	2^7*3^1*11^4*13^2
12176	950625000	288	2^3*3^2*5^7*13^2
12177	952031025	135	3^2*5^2*11^4*17^2
12178	952092736	189	2^6*7^2*19^2*29^2
12179	952106454	216	2^1*3^3*13^2*17^2*19^2
12180	952560000	720	2^7*3^5*5^4*7^2
12181	952657200	450	2^4*3^9*5^2*11^2
12182	952956900	315	2^2*3^4*5^2*7^6
12183	953265625	63	5^6*13^2*19^2
12184	953971200	810	2^9*3^2*5^2*7^2*13^2
12185	954009375	108	3^1*5^5*11^2*29^2
12186	954068544	441	2^6*3^6*11^2*13^2
12187	954368688	210	2^4*3^1*7^6*13^2
12188	954829350	120	2^1*3^3*5^2*29^4
12189	954845000	180	2^3*5^4*19^2*23^2
12190	955206000	720	2^4*3^3*5^3*7^2*19^2
12191	955506250	108	2^1*5^5*17^2*23^2
12192	955551744	351	2^12*3^2*7^2*23^2
12193	955867500	540	2^2*3^3*5^4*7^2*17^2
12194	956243912	60	2^3*13^2*29^4
12195	956593800	180	2^3*3^14*5^2
12196	956642940	168	2^2*3^3*5^1*11^6
12197	957031250	66	2^1*5^10*7^2
12198	957283600	405	2^4*5^2*7^2*13^2*17^2
12199	957367488	378	2^6*3^1*7^2*11^2*29^2
12200	957381282	270	2^1*3^4*11^2*13^2*17^2
12201	957859350	180	2^1*3^1*5^2*7^2*19^4
12202	958010976	216	2^5*3^11*13^2
12203	958169088	240	2^15*3^4*19^2
12204	958546875	126	3^1*5^6*11^2*13^2
12205	958832640	420	2^13*3^4*5^1*17^2
12206	958869632	216	2^7*7^2*17^2*23^2
12207	959512576	85	2^16*11^4
12208	960000000	208	2^12*3^1*5^7
12209	960135000	360	2^3*3^1*5^4*11^2*23^2
12210	960400000	240	2^7*5^5*7^4
12211	960596010	180	2^1*3^8*5^1*11^4
12212	960792040	120	2^3*5^1*13^4*29^2
12213	960960240	360	2^4*3^3*5^1*23^2*29^2
12214	961323552	378	2^5*3^6*7^2*29^2
12215	961337403	90	3^9*13^2*17^2
12216	961496064	297	2^10*3^2*17^2*19^2
12217	961920960	756	2^6*3^1*5^1*7^2*11^2*13^2
12218	963166050	486	2^1*3^2*5^2*7^2*11^2*19^2
12219	963379200	342	2^18*3^1*5^2*7^2
12220	963477504	288	2^15*3^5*11^2
12221	963629574	108	2^1*3^1*19^2*23^2*29^2
12222	963780608	98	2^13*7^6
12223	963933750	200	2^1*3^3*5^4*13^4
12224	964102500	315	2^2*3^6*5^4*23^2
12225	964565415	84	3^13*5^1*11^2
12226	964661481	135	3^4*7^2*17^2*29^2
12227	964834592	90	2^5*17^4*19^2
12228	965361800	84	2^3*5^2*13^6
12229	965502760	56	2^3*5^1*17^6
12230	965530800	540	2^4*3^3*5^2*13^2*23^2
12231	965895840	756	2^5*3^6*5^1*7^2*13^2
12232	966822912	396	2^10*3^3*11^2*17^2
12233	966961216	105	2^6*13^4*23^2
12234	967130496	160	2^7*3^3*23^4
12235	967146075	216	3^7*5^2*7^2*19^2
12236	967458816	165	2^14*3^10
12237	968000000	210	2^9*5^6*11^2
12238	968502150	360	2^1*3^3*5^2*7^2*11^4
12239	968578884	405	2^2*3^4*7^2*13^2*19^2
12240	968968242	162	2^1*3^2*11^2*23^2*29^2
12241	969936968	180	2^3*7^2*11^4*13^2
12242	970179936	180	2^5*3^1*11^2*17^4
12243	970488588	90	2^2*3^1*17^2*23^4
12244	970818048	270	2^9*3^8*17^2
12245	971407360	288	2^15*5^1*7^2*11^2
12246	971523200	216	2^7*5^2*19^2*29^2
12247	972000000	378	2^8*3^5*5^6
12248	972037500	324	2^2*3^1*5^5*7^2*23^2
12249	972196000	216	2^5*5^3*17^2*29^2
12250	972405000	500	2^3*3^4*5^4*7^4
12251	972504225	243	3^8*5^2*7^2*11^2
12252	972972243	72	3^7*23^2*29^2
12253	973440000	495	2^10*3^2*5^4*13^2
12254	973576890	324	2^1*3^2*5^1*11^2*13^2*23^2
12255	973845600	540	2^5*3^1*5^2*7^4*13^2
12256	973944972	486	2^2*3^5*7^2*11^2*13^2
12257	974188944	175	2^4*3^6*17^4
12258	974251369	27	7^8*13^2
12259	975052800	378	2^13*3^2*5^2*23^2
12260	975375000	336	2^3*3^3*5^6*17^2
12261	975421440	540	2^14*3^5*5^1*7^2
12262	975459072	270	2^8*3^1*7^4*23^2
12263	976144000	288	2^7*5^3*13^2*19^2
12264	976562500	39	2^2*5^12
12265	976820000	270	2^5*5^4*13^2*17^2
12266	976905600	432	2^7*3^1*5^2*11^2*29^2
12267	977312644	135	2^2*7^4*11^2*29^2
12268	977407500	150	2^2*3^1*5^4*19^4
12269	977599935	144	3^7*5^1*13^2*23^2
12270	977969538	198	2^1*3^10*7^2*13^2
12271	978084375	108	3^1*5^5*17^2*19^2
12272	978130944	432	2^11*3^3*7^2*19^2
12273	978438400	243	2^8*5^2*17^2*23^2
12274	980100000	540	2^5*3^4*5^5*11^2
12275	980508375	240	3^3*5^3*7^4*11^2
12276	980942400	441	2^6*3^6*5^2*29^2
12277	981351126	180	2^1*3^5*7^4*29^2
12278	981527232	378	2^6*3^1*7^2*17^2*19^2
12279	982206960	300	2^4*3^1*5^1*7^2*17^4
12280	982395648	324	2^8*3^3*13^2*29^2
12281	982822500	405	2^2*3^2*5^4*11^2*19^2
12282	983040000	200	2^19*3^1*5^4
12283	983178240	396	2^10*3^1*5^1*11^2*23^2
12284	983449600	225	2^14*5^2*7^4
12285	983549952	540	2^11*3^4*7^2*11^2
12286	983667240	360	2^3*3^4*5^1*19^2*29^2
12287	984150000	300	2^4*3^9*5^5
12288	984348450	270	2^1*3^4*5^2*17^2*29^2
12289	985546875	54	3^1*5^8*29^2
12290	985646025	243	3^2*5^2*7^2*13^2*23^2
12291	985806744	216	2^3*3^1*13^2*17^2*29^2
12292	986399649	45	3^2*19^4*29^2
12293	986883750	240	2^1*3^7*5^4*19^2
12294	986965056	567	2^6*3^2*7^2*11^2*17^2
12295	987068160	360	2^8*3^3*5^1*13^4
12296	987240960	420	2^9*3^6*5^1*23^2
12297	987279048	180	2^3*3^2*7^2*23^4
12298	987614208	330	2^10*3^9*7^2
12299	988267500	300	2^2*3^3*5^4*11^4
12300	988345800	540	2^3*3^4*5^2*13^2*19^2
12301	989016000	504	2^6*3^1*5^3*7^2*29^2
12302	989030250	360	2^1*3^4*5^3*13^2*17^2
12303	989428090	84	2^1*5^1*7^6*29^2
12304	989731600	225	2^4*5^2*11^4*13^2
12305	989810016	180	2^5*3^1*13^4*19^2
12306	989983296	315	2^6*3^4*19^2*23^2
12307	990234375	60	3^1*5^9*13^2
12308	990392018	90	2^1*7^2*11^2*17^4
12309	991043424	432	2^5*3^7*7^2*17^2
12310	991371392	120	2^7*11^4*23^2
12311	991864467	108	3^3*11^2*19^2*29^2
12312	992083968	162	2^17*3^2*29^2
12313	992250000	525	2^4*3^4*5^6*7^2
12314	992351250	270	2^1*3^8*5^4*11^2
12315	993420738	162	2^1*3^2*17^2*19^2*23^2
12316	993720000	630	2^6*3^1*5^4*7^2*13^2
12317	993821400	648	2^3*3^5*5^2*11^2*13^2
12318	994134050	126	2^1*5^2*7^6*13^2
12319	994484547	90	3^5*7^2*17^4
12320	995006250	324	2^1*3^2*5^5*7^2*19^2
12321	995293728	270	2^5*3^2*11^2*13^4
12322	995366400	540	2^9*3^1*5^2*7^2*23^2
12323	995467968	378	2^6*3^5*11^2*23^2
12324	995528704	117	2^12*17^2*29^2
12325	995781136	105	2^4*7^6*23^2
12326	996451875	70	3^13*5^4
12327	996582015	216	3^3*5^1*11^2*13^2*19^2
12328	996802560	324	2^17*3^2*5^1*13^2
12329	997257800	324	2^3*5^2*7^2*11^2*29^2
12330	997359561	75	3^4*11^4*29^2
12331	997928100	297	2^2*3^10*5^2*13^2
12332	998092800	468	2^12*3^3*5^2*19^2
12333	998508672	360	2^7*3^2*7^4*19^2
12334	998749609	45	11^2*13^4*17^2
12335	998784000	528	2^10*3^3*5^3*17^2
12336	998924454	216	2^1*3^3*11^2*17^2*23^2
12337	999200160	540	2^5*3^2*5^1*7^4*17^2
12338	999406512	200	2^4*3^7*13^4
12339	999571456	135	2^14*13^2*19^2
12340	999581472	198	2^5*3^10*23^2
12341	1000000000	100	2^9*5^9
12342	1000140625	63	5^6*11^2*23^2
12343	1001000250	216	2^1*3^2*5^3*23^2*29^2
12344	1001378700	486	2^2*3^5*5^2*7^2*29^2
12345	1001558400	432	2^7*3^1*5^2*17^2*19^2
12346	1001975716	135	2^2*7^4*17^2*19^2
12347	1002001000	432	2^3*5^3*7^2*11^2*13^2
12348	1002862224	405	2^4*3^2*7^2*13^2*29^2
12349	1003052241	81	3^8*17^2*23^2
12350	1003520000	240	2^15*5^4*7^2
12351	1003622400	585	2^12*3^4*5^2*11^2
12352	1004040576	480	2^7*3^3*7^4*11^2
12353	1005109248	270	2^14*3^1*11^2*13^2
12354	1005761250	270	2^1*3^2*5^4*13^2*23^2
12355	1006141500	648	2^2*3^5*5^3*7^2*13^2
12356	1006410240	540	2^9*3^2*5^1*11^2*19^2
12357	1006632960	108	2^26*3^1*5^1
12358	1007107200	648	2^7*3^2*5^2*11^2*17^2
12359	1007427600	225	2^4*3^2*5^2*23^4
12360	1007526828	270	2^2*3^1*7^4*11^2*17^2
12361	1007769600	360	2^11*3^9*5^2
12362	1008189504	315	2^6*3^8*7^4
12363	1009205824	105	2^6*11^2*19^4
12364	1009262592	294	2^13*3^6*13^2
12365	1010226010	60	2^1*5^1*19^2*23^4
12366	1010431058	90	2^1*7^2*13^4*19^2
12367	1010568960	432	2^8*3^7*5^1*19^2
12368	1010604100	135	2^2*5^2*11^2*17^4
12369	1010607948	324	2^2*3^3*7^2*19^2*23^2
12370	1011268800	504	2^6*3^7*5^2*17^2
12371	1011307815	216	3^3*5^1*7^2*17^2*23^2
12372	1011690162	210	2^1*3^6*7^4*17^2
12373	1012500000	270	2^5*3^4*5^8
12374	1012752384	252	2^13*3^1*7^2*29^2
12375	1012766976	405	2^8*3^4*13^2*17^2
12376	1012921875	140	3^3*5^6*7^4
12377	1013376096	180	2^5*3^5*19^4
12378	1014000000	336	2^7*3^1*5^6*13^2
12379	1014422500	225	2^2*5^4*7^4*13^2
12380	1014780150	180	2^1*3^5*5^2*17^4
12381	1014796992	210	2^6*3^1*11^4*19^2
12382	1015021568	72	2^23*11^2
12383	1015499760	300	2^4*3^1*5^1*11^4*17^2
12384	1015680000	330	2^10*3^1*5^4*23^2
12385	1016015625	81	3^2*5^8*17^2
12386	1016029014	180	2^1*3^1*7^2*11^2*13^4
12387	1016064000	720	2^11*3^4*5^3*7^2
12388	1016103200	270	2^5*5^2*7^4*23^2
12389	1016206884	405	2^2*3^4*7^2*11^2*23^2
12390	1016283528	180	2^3*3^2*13^2*17^4
12391	1016487360	392	2^6*3^3*5^1*7^6
12392	1016894763	60	3^3*17^2*19^4
12393	1017610000	225	2^4*5^4*11^2*29^2
12394	1018484640	180	2^5*3^2*5^1*29^4
12395	1018886400	729	2^8*3^2*5^2*7^2*19^2
12396	1018990368	378	2^5*3^6*11^2*19^2
12397	1019215872	138	2^22*3^5
12398	1019310936	168	2^3*3^1*7^6*19^2
12399	1019696040	504	2^3*3^6*5^1*11^2*17^2
12400	1020227481	105	3^6*7^2*13^4
12401	1020406086	180	2^1*3^9*7^2*23^2
12402	1020419136	147	2^6*3^2*11^6
12403	1020937500	288	2^2*3^3*5^7*11^2
12404	1021313764	45	2^2*19^2*29^4
12405	1021716640	180	2^5*5^1*7^2*19^4
12406	1021815000	360	2^3*3^5*5^4*29^2
12407	1022424200	324	2^3*5^2*7^2*17^2*19^2
12408	1022528529	135	3^4*11^2*17^2*19^2
12409	1022754816	216	2^17*3^3*17^2
12410	1023132250	120	2^1*5^3*7^2*17^4
12411	1023201072	180	2^4*3^11*19^2
12412	1023328800	486	2^5*3^2*5^2*13^2*29^2
12413	1023755187	90	3^1*7^4*13^2*29^2
12414	1023909660	216	2^2*3^11*5^1*17^2
12415	1023962258	42	2^1*11^6*17^2
12416	1024000000	119	2^16*5^6
12417	1024144000	288	2^7*5^3*11^2*23^2
12418	1024531200	972	2^8*3^3*5^2*7^2*11^2
12419	1024635744	240	2^5*3^7*11^4
12420	1024653375	144	3^3*5^3*19^2*29^2
12421	1024958088	252	2^3*3^2*7^6*11^2
12422	1025024256	243	2^8*3^2*23^2*29^2
12423	1025156250	144	2^1*3^8*5^7
12424	1026049024	297	2^10*7^2*11^2*13^2
12425	1026306048	130	2^12*3^1*17^4
12426	1026882025	81	5^2*13^2*17^2*29^2
12427	1026972012	90	2^2*3^1*11^2*29^4
12428	1028088600	648	2^3*3^1*5^2*7^2*11^2*17^2
12429	1028193507	90	3^5*11^4*17^2
12430	1028196000	360	2^5*3^2*5^3*13^4
12431	1028376000	504	2^6*3^5*5^3*23^2
12432	1028415675	90	3^1*5^2*7^2*23^4
12433	1028583368	108	2^3*17^2*23^2*29^2
12434	1028624415	100	3^1*5^1*7^4*13^4
12435	1028764800	648	2^7*3^8*5^2*7^2
12436	1028804490	300	2^1*3^4*5^1*7^4*23^2
12437	1028869776	195	2^4*3^12*11^2
12438	1029193452	168	2^2*3^7*7^6
12439	1029526875	180	3^3*5^4*13^2*19^2
12440	1030225000	216	2^3*5^5*7^2*29^2
12441	1030288896	540	2^9*3^5*7^2*13^2
12442	1031052100	135	2^2*5^2*13^4*19^2
12443	1031215698	70	2^1*3^6*29^4
12444	1031232600	432	2^3*3^3*5^2*19^2*23^2
12445	1031856540	324	2^2*3^1*5^1*11^2*13^2*29^2
12446	1032336900	567	2^2*3^6*5^2*7^2*17^2
12447	1032760352	162	2^5*13^2*19^2*23^2
12448	1033068960	540	2^5*3^2*5^1*7^2*11^4
12449	1033121304	72	2^3*3^17
12450	1033420800	270	2^14*3^1*5^2*29^2
12451	1033475560	216	2^3*5^1*13^2*17^2*23^2
12452	1033593750	216	2^1*3^3*5^8*7^2
12453	1033851392	150	2^9*7^4*29^2
12454	1033866288	540	2^4*3^3*7^2*13^2*17^2
12455	1034097135	60	3^1*5^1*19^4*23^2
12456	1034488098	150	2^1*3^4*7^2*19^4
12457	1035125000	252	2^3*5^6*7^2*13^2
12458	1035230625	225	3^4*5^4*11^2*13^2
12459	1035938596	135	2^2*7^2*11^4*19^2
12460	1036120410	252	2^1*3^6*5^1*13^2*29^2
12461	1036764300	270	2^2*3^1*5^2*11^2*13^4
12462	1036840000	315	2^6*5^4*7^2*23^2
12463	1036945800	540	2^3*3^4*5^2*11^2*23^2
12464	1037337840	720	2^4*3^7*5^1*7^2*11^2
12465	1038336000	360	2^14*3^1*5^3*13^2
12466	1038482016	324	2^5*3^1*11^2*13^2*23^2
12467	1038768640	300	2^9*5^1*7^4*13^2
12468	1039680000	450	2^9*3^2*5^4*19^2
12469	1040113200	450	2^4*3^1*5^2*7^4*19^2
12470	1040219334	324	2^1*3^5*7^2*11^2*19^2
12471	1040400000	432	2^7*3^2*5^5*17^2
12472	1040449536	285	2^18*3^4*7^2
12473	1040833500	360	2^2*3^1*5^3*7^4*17^2
12474	1041048450	210	2^1*3^6*5^2*13^4
12475	1041230700	270	2^2*3^9*5^2*23^2
12476	1041624360	312	2^3*3^12*5^1*7^2
12477	1041677868	126	2^2*3^1*7^2*11^6
12478	1042032640	216	2^11*5^1*11^2*29^2
12479	1042590744	112	2^3*3^3*13^6
12480	1042773264	315	2^4*3^6*13^2*23^2
12481	1043290000	225	2^4*5^4*17^2*19^2
12482	1044062208	378	2^13*3^2*7^2*17^2
12483	1044517761	99	3^10*7^2*19^2
12484	1044648150	324	2^1*3^1*5^2*7^2*13^2*29^2
12485	1045440000	600	2^9*3^3*5^4*11^2
12486	1045587015	120	3^3*5^1*11^4*23^2
12487	1045875600	675	2^4*3^2*5^2*7^4*11^2
12488	1045982322	210	2^1*3^6*7^2*11^4
12489	1046338560	396	2^10*3^5*5^1*29^2
12490	1046378928	270	2^4*3^1*7^2*23^2*29^2
12491	1046988800	324	2^11*5^2*11^2*13^2
12492	1047687424	135	2^8*7^2*17^4
12493	1048344000	504	2^6*3^1*5^3*11^2*19^2
12494	1048576000	96	2^23*5^3
12495	1048723456	135	2^14*11^2*23^2
12496	1048780810	180	2^1*5^1*7^4*11^2*19^2
12497	1049070000	450	2^4*3^1*5^4*11^2*17^2
12498	1049245056	288	2^7*3^3*19^2*29^2
12499	1049403750	100	2^1*3^1*5^4*23^4
12500	1049760000	405	2^8*3^8*5^4
12501	1050197400	480	2^3*3^7*5^2*7^4
12502	1050304563	108	3^11*7^2*11^2
12503	1051315200	594	2^10*3^5*5^2*13^2
12504	1051355760	540	2^4*3^1*5^1*7^2*13^2*23^2
12505	1051753248	450	2^5*3^4*7^4*13^2
12506	1052676000	504	2^5*3^6*5^3*19^2
12507	1052872704	195	2^12*3^2*13^4
12508	1052888268	162	2^2*3^1*17^2*19^2*29^2
12509	1053057024	252	2^13*3^5*23^2
12510	1053114615	180	3^5*5^1*7^4*19^2
12511	1053405000	420	2^3*3^6*5^4*17^2
12512	1053617415	60	3^1*5^1*17^4*29^2
12513	1054687500	132	2^2*3^3*5^10
12514	1054950400	297	2^10*5^2*7^2*29^2
12515	1054965600	648	2^5*3^3*5^2*13^2*17^2
12516	1055058048	360	2^7*3^4*11^2*29^2
12517	1055405169	135	3^2*7^4*13^2*17^2
12518	1055600100	225	2^2*3^4*5^2*19^4
12519	1056250000	135	2^4*5^8*13^2
12520	1056528512	120	2^7*13^4*17^2
12521	1056713472	324	2^8*3^3*17^2*23^2
12522	1057080200	180	2^3*5^2*11^4*19^2
12523	1057163952	150	2^4*3^1*13^2*19^4
12524	1057812250	120	2^1*5^3*11^4*17^2
12525	1057896060	324	2^2*3^1*5^1*13^2*17^2*19^2
12526	1058000000	168	2^7*5^6*23^2
12527	1058400000	648	2^8*3^3*5^5*7^2
12528	1058628675	90	3^1*5^2*13^2*17^4
12529	1058721444	243	2^2*3^2*11^2*17^2*29^2
12530	1058841000	336	2^3*3^2*5^3*7^6
12531	1059417792	210	2^6*3^9*29^2
12532	1060076160	720	2^7*3^4*5^1*11^2*13^2
12533	1060117058	162	2^1*7^2*11^2*13^2*23^2
12534	1060382616	120	2^3*3^1*17^4*23^2
12535	1060921500	120	2^2*3^1*5^3*29^4
12536	1061340000	540	2^5*3^1*5^4*7^2*19^2
12537	1061448300	486	2^2*3^5*5^2*11^2*19^2
12538	1061683200	300	2^19*3^4*5^2
12539	1061724160	252	2^13*5^1*7^2*23^2
12540	1061782225	63	5^2*7^6*19^2
12541	1062125568	300	2^14*3^3*7^4
12542	1062183375	216	3^5*5^3*11^2*17^2
12543	1062936600	168	2^3*3^1*5^2*11^6
12544	1063020816	405	2^4*3^2*11^2*13^2*19^2
12545	1063096326	144	2^1*3^7*17^2*29^2
12546	1063256064	132	2^21*3^1*13^2
12547	1064390625	105	3^4*5^6*29^2
12548	1064456640	420	2^6*3^9*5^1*13^2
12549	1064497707	162	3^5*7^2*13^2*23^2
12550	1065369600	405	2^14*3^2*5^2*17^2
12551	1065813504	300	2^9*3^1*7^4*17^2
12552	1065834450	198	2^1*3^10*5^2*19^2
12553	1065967500	270	2^2*3^1*5^4*13^2*29^2
12554	1067220000	810	2^5*3^2*5^4*7^2*11^2
12555	1067328900	315	2^2*3^6*5^2*11^4
12556	1067413464	288	2^3*3^7*13^2*19^2
12557	1067589632	70	2^13*19^4
12558	1067664675	126	3^1*5^2*7^6*11^2
12559	1067733600	324	2^5*3^1*5^2*23^2*29^2
12560	1068178489	45	7^4*23^2*29^2
12561	1068328960	216	2^11*5^1*17^2*19^2
12562	1068910128	300	2^4*3^3*11^4*13^2
12563	1069068800	150	2^9*5^2*17^4
12564	1070530560	408	2^16*3^3*5^1*11^2
12565	1070925625	135	5^4*7^2*11^2*17^2
12566	1071037500	180	2^2*3^1*5^5*13^4
12567	1071104328	324	2^3*3^2*7^2*19^2*29^2
12568	1071225000	360	2^3*3^4*5^5*23^2
12569	1071630000	600	2^4*3^7*5^4*7^2
12570	1071739350	216	2^1*3^11*5^2*11^2
12571	1071846090	324	2^1*3^2*5^1*7^2*17^2*29^2
12572	1073217600	945	2^6*3^4*5^2*7^2*13^2
12573	1073327112	324	2^3*3^8*11^2*13^2
12574	1073504256	252	2^13*3^1*11^2*19^2
12575	1073664774	168	2^1*3^3*7^6*13^2
12576	1073741824	31	2^30
12577	1074200625	135	3^2*5^4*19^2*23^2
12578	1074589440	180	2^8*3^1*5^1*23^4
12579	1074807552	270	2^8*3^1*7^2*13^4
12580	1074954240	288	2^15*3^8*5^1
12581	1074995712	450	2^9*3^4*7^2*23^2
12582	1075774401	45	3^2*13^2*29^4
12583	1076113500	360	2^2*3^1*5^3*7^2*11^4
12584	1076168025	51	3^16*5^2
12585	1076198760	648	2^3*3^2*5^1*7^2*13^2*19^2
12586	1076480000	180	2^11*5^4*29^2
12587	1076944050	486	2^1*3^2*5^2*7^2*13^2*17^2
12588	1077038424	432	2^3*3^3*7^2*11^2*29^2
12589	1077762348	126	2^2*3^13*13^2
12590	1077940224	273	2^12*3^6*19^2
12591	1078728336	405	2^4*3^2*7^2*17^2*23^2
12592	1079188201	45	7^2*13^2*19^4
12593	1079451648	210	2^13*3^2*11^4
12594	1080151875	180	3^3*5^4*11^2*23^2
12595	1080560250	504	2^1*3^6*5^3*7^2*11^2
12596	1081488996	243	2^2*3^8*7^2*29^2
12597	1081600000	216	2^11*5^5*13^2
12598	1081683072	360	2^7*3^4*17^2*19^2
12599	1081752100	243	2^2*5^2*11^2*13^2*23^2
12600	1082432160	300	2^5*3^4*5^1*17^4
12601	1083000000	294	2^6*3^1*5^6*19^2
12602	1083199744	135	2^8*11^4*17^2
12603	1083451250	150	2^1*5^4*7^4*19^2
12604	1083544352	90	2^5*11^2*23^4
12605	1083750000	240	2^4*3^1*5^7*17^2
12606	1083801600	576	2^15*3^3*5^2*7^2
12607	1083912192	312	2^12*3^7*11^2
12608	1084253184	231	2^10*3^2*7^6
12609	1085025375	144	3^11*5^3*7^2
12610	1085167083	162	3^1*7^2*11^2*13^2*19^2
12611	1085407232	162	2^17*7^2*13^2
12612	1085438916	135	2^2*3^2*17^4*19^2
12613	1086032025	63	3^2*5^2*13^6
12614	1086222150	324	2^1*3^5*5^2*13^2*23^2
12615	1086383616	100	2^9*3^1*29^4
12616	1086812160	468	2^12*3^1*5^1*7^2*19^2
12617	1087564800	594	2^10*3^1*5^2*7^2*17^2
12618	1087675776	432	2^7*3^5*11^2*17^2
12619	1087831368	180	2^3*3^2*13^4*23^2
12620	1088017952	126	2^5*7^6*17^2
12621	1088021808	150	2^4*3^5*23^4
12622	1088391168	156	2^11*3^12
12623	1089000000	441	2^6*3^2*5^6*11^2
12624	1089453750	300	2^1*3^1*5^4*7^4*11^2
12625	1089936000	480	2^7*3^4*5^3*29^2
12626	1089978050	162	2^1*5^2*7^2*23^2*29^2
12627	1090390140	360	2^2*3^3*5^1*7^4*29^2
12628	1091179089	135	3^2*7^2*11^4*13^2
12629	1091452428	180	2^2*3^3*11^2*17^4
12630	1092025000	216	2^3*5^5*11^2*19^2
12631	1092170304	231	2^6*3^10*17^2
12632	1092781250	126	2^1*5^6*11^2*17^2
12633	1092963600	405	2^4*3^2*5^2*19^2*29^2
12634	1093500000	336	2^5*3^7*5^6
12635	1093955625	175	3^6*5^4*7^4
12636	1095120000	600	2^7*3^4*5^4*13^2
12637	1095162250	216	2^1*5^3*7^2*13^2*23^2
12638	1095576300	540	2^2*3^3*5^2*7^4*13^2
12639	1095868928	270	2^9*7^2*11^2*19^2
12640	1095962562	90	2^1*3^8*17^4
12641	1095999610	60	2^1*5^1*19^4*29^2
12642	1096537500	324	2^2*3^5*5^5*19^2
12643	1096627840	432	2^7*5^1*7^2*11^2*17^2
12644	1096742400	300	2^9*3^1*5^2*13^4
12645	1096934400	495	2^10*3^4*5^2*23^2
12646	1097199376	125	2^4*7^4*13^4
12647	1097296875	126	3^5*5^6*17^2
12648	1097391456	360	2^5*3^3*7^4*23^2
12649	1098559488	234	2^12*3^1*13^2*23^2
12650	1098922500	405	2^2*3^2*5^4*13^2*17^2
12651	1099018800	540	2^4*3^3*5^2*11^2*29^2
12652	1099981440	432	2^7*3^2*5^1*19^2*23^2
12653	1100397312	486	2^8*3^5*7^2*19^2
12654	1100646976	189	2^6*11^2*13^2*29^2
12655	1100743200	486	2^5*3^2*5^2*17^2*23^2
12656	1101159360	756	2^6*3^5*5^1*7^2*17^2
12657	1101201843	90	3^1*7^4*17^2*23^2
12658	1101212450	90	2^1*5^2*13^2*19^4
12659	1101940224	300	2^9*3^1*7^2*11^4
12660	1102500000	432	2^5*3^2*5^7*7^2
12661	1102959375	84	3^1*5^5*7^6
12662	1103036944	75	2^4*19^4*23^2
12663	1103560200	324	2^3*3^8*5^2*29^2
12664	1104218136	432	2^3*3^3*7^2*17^2*19^2
12665	1104246000	720	2^4*3^3*5^3*11^2*13^2
12666	1104565225	45	5^2*17^4*23^2
12667	1105195104	324	2^5*3^5*13^2*29^2
12668	1105562500	189	2^2*5^6*7^2*19^2
12669	1105920000	340	2^16*3^3*5^4
12670	1106380800	540	2^11*3^2*5^2*7^4
12671	1106493696	567	2^8*3^6*7^2*11^2
12672	1106841792	126	2^6*3^1*7^8
12673	1107225625	35	5^4*11^6
12674	1107313350	324	2^1*3^1*5^2*11^2*13^2*19^2
12675	1107558400	171	2^18*5^2*13^2
12676	1108177290	180	2^1*3^2*5^1*11^4*29^2
12677	1108809000	432	2^3*3^8*5^3*13^2
12678	1109016608	90	2^5*7^2*29^4
12679	1109032587	108	3^3*13^2*17^2*29^2
12680	1109147952	270	2^4*3^1*11^2*19^2*23^2
12681	1109393408	66	2^21*23^2
12682	1109760000	360	2^11*3^1*5^4*17^2
12683	1109916060	324	2^2*3^1*5^1*11^2*17^2*23^2
12684	1110222400	315	2^6*5^2*7^4*17^2
12685	1110335688	540	2^3*3^4*7^2*11^2*17^2
12686	1110688929	75	3^4*7^2*23^4
12687	1111065984	288	2^7*3^11*7^2
12688	1111687500	378	2^2*3^1*5^6*7^2*11^2
12689	1111889025	189	3^6*5^2*13^2*19^2
12690	1112222500	135	2^2*5^4*23^2*29^2
12691	1112756535	144	3^7*5^1*11^2*29^2
12692	1113448050	270	2^1*3^2*5^2*11^4*13^2
12693	1113536268	180	2^2*3^3*13^4*19^2
12694	1113731208	252	2^3*3^6*19^2*23^2
12695	1114291360	324	2^5*5^1*7^2*13^2*29^2
12696	1114307415	120	3^3*5^1*13^4*17^2
12697	1114502490	252	2^1*3^6*5^1*17^2*23^2
12698	1114923852	270	2^2*3^9*7^2*17^2
12699	1115136000	504	2^13*3^2*5^3*11^2
12700	1115292816	225	2^4*3^2*11^4*23^2
12701	1115600640	540	2^8*3^1*5^1*7^4*11^2
12702	1115733675	162	3^1*5^2*7^2*19^2*29^2
12703	1115859375	96	3^3*5^7*23^2
12704	1116094464	225	2^14*3^4*29^2
12705	1116281250	294	2^1*3^6*5^6*7^2
12706	1117935000	720	2^3*3^3*5^4*7^2*13^2
12707	1118049075	216	3^7*5^2*11^2*13^2
12708	1118233600	297	2^10*5^2*11^2*19^2
12709	1119364000	120	2^5*5^3*23^4
12710	1119591200	270	2^5*5^2*7^2*13^4
12711	1119705444	225	2^2*3^4*11^2*13^4
12712	1119744000	416	2^12*3^7*5^3
12713	1119787200	756	2^6*3^3*5^2*7^2*23^2
12714	1119901464	288	2^3*3^7*11^2*23^2
12715	1119969792	270	2^9*3^2*17^2*29^2
12716	1120210560	560	2^7*3^6*5^1*7^4
12717	1120253778	126	2^1*3^2*7^6*23^2
12718	1121040375	216	3^1*5^3*7^2*13^2*19^2
12719	1121446144	243	2^8*7^2*13^2*23^2
12720	1121915025	243	3^2*5^2*7^2*11^2*29^2
12721	1122454947	30	3^1*23^2*29^4
12722	1122854400	540	2^9*3^5*5^2*19^2
12723	1123322256	375	2^4*3^4*7^4*19^2
12724	1123675350	324	2^1*3^1*5^2*7^2*17^2*23^2
12725	1123858576	75	2^4*17^4*29^2
12726	1124332326	100	2^1*3^9*13^4
12727	1124428800	330	2^10*3^1*5^2*11^4
12728	1124517888	324	2^11*3^2*13^2*19^2
12729	1124529156	117	2^2*3^12*23^2
12730	1124897312	150	2^5*7^4*11^4
12731	1125296640	540	2^9*3^2*5^1*13^2*17^2
12732	1125973440	280	2^6*3^3*5^1*19^4
12733	1126753200	540	2^4*3^3*5^2*17^2*19^2
12734	1127533500	240	2^2*3^3*5^3*17^4
12735	1127793615	108	3^1*5^1*13^2*23^2*29^2
12736	1128125000	108	2^3*5^8*19^2
12737	1128220002	270	2^1*3^4*7^2*13^2*29^2
12738	1128422464	189	2^6*13^2*17^2*19^2
12739	1128906250	60	2^1*5^9*17^2
12740	1128960000	585	2^12*3^2*5^4*7^2
12741	1129075200	630	2^9*3^6*5^2*11^2
12742	1129101144	56	2^3*3^1*19^6
12743	1129118760	648	2^3*3^2*5^1*7^2*11^2*23^2
12744	1129430400	336	2^7*3^1*5^2*7^6
12745	1129545648	450	2^4*3^5*7^4*11^2
12746	1129900996	33	2^2*7^10
12747	1130747904	432	2^11*3^3*11^2*13^2
12748	1131649600	105	2^6*5^2*29^4
12749	1132096000	360	2^9*5^3*7^2*19^2
12750	1132255201	81	7^2*11^2*19^2*23^2
12751	1132880000	360	2^7*5^4*7^2*17^2
12752	1132995600	675	2^4*3^4*5^2*11^2*17^2
12753	1133157675	90	3^1*5^2*13^4*23^2
12754	1133356050	150	2^1*3^4*5^2*23^4
12755	1133586090	300	2^1*3^4*5^1*7^2*13^4
12756	1133740800	324	2^8*3^11*5^2
12757	1133784540	432	2^2*3^7*5^1*7^2*23^2
12758	1133799040	112	2^7*5^1*11^6
12759	1134213192	220	2^3*3^10*7^4
12760	1134375000	216	2^3*3^1*5^8*11^2
12761	1134674112	378	2^6*3^1*11^2*13^2*17^2
12762	1135035096	120	2^3*3^1*13^2*23^4
12763	1135350000	360	2^4*3^3*5^5*29^2
12764	1135356552	180	2^3*3^2*11^2*19^4
12765	1135420416	297	2^10*3^8*13^2
12766	1135607808	126	2^20*3^1*19^2
12767	1136142810	324	2^1*3^2*5^1*11^2*17^2*19^2
12768	1136394240	228	2^18*3^1*5^1*17^2
12769	1137677400	360	2^3*3^9*5^2*17^2
12770	1138484160	420	2^6*3^5*5^1*11^4
12771	1138503750	180	2^1*3^1*5^4*19^2*29^2
12772	1138528083	90	3^1*7^2*11^4*23^2
12773	1138915840	180	2^9*5^1*23^2*29^2
12774	1139062500	189	2^2*3^6*5^8
12775	1139346432	396	2^10*3^3*7^2*29^2
12776	1139362848	378	2^5*3^6*13^2*17^2
12777	1140048108	120	2^2*3^7*19^4
12778	1140750000	420	2^4*3^3*5^6*13^2
12779	1140837615	144	3^7*5^1*17^2*19^2
12780	1141646616	240	2^3*3^3*11^4*19^2
12781	1141899264	189	2^20*3^2*11^2
12782	1142440000	175	2^6*5^4*13^4
12783	1142640000	480	2^7*3^3*5^4*23^2
12784	1143116100	405	2^2*3^2*5^2*7^4*23^2
12785	1143188640	396	2^5*3^10*5^1*11^2
12786	1143302496	324	2^5*3^1*7^2*17^2*29^2
12787	1143318969	75	3^4*13^2*17^4
12788	1144332800	270	2^9*5^2*13^2*23^2
12789	1144765440	792	2^10*3^3*5^1*7^2*13^2
12790	1144811250	270	2^1*3^2*5^4*11^2*29^2
12791	1145814000	360	2^4*3^1*5^3*19^2*23^2
12792	1145864192	144	2^15*11^2*17^2
12793	1146228736	65	2^12*23^4
12794	1146247200	810	2^5*3^4*5^2*7^2*19^2
12795	1146364164	243	2^2*3^8*11^2*19^2
12796	1146607500	270	2^2*3^1*5^4*17^2*23^2
12797	1146617856	160	2^19*3^7
12798	1146724803	84	3^3*7^6*19^2
12799	1147041000	720	2^3*3^4*5^3*7^2*17^2
12800	1147854400	315	2^6*5^2*7^2*11^4
12801	1147912560	160	2^4*3^15*5^1
12802	1147945344	432	2^7*3^1*7^2*13^2*19^2
12803	1147971528	140	2^3*3^4*11^6
12804	1148437500	180	2^2*3^1*5^9*7^2
12805	1149541875	120	3^7*5^4*29^2
12806	1150227225	243	3^2*5^2*7^2*17^2*19^2
12807	1150256250	324	2^1*3^2*5^5*11^2*13^2
12808	1150599168	270	2^14*3^5*17^2
12809	1151101206	84	2^1*3^13*19^2
12810	1151244900	405	2^2*3^4*5^2*13^2*29^2
12811	1152000000	294	2^13*3^2*5^6
12812	1152480000	450	2^8*3^1*5^4*7^4
12813	1152597600	972	2^5*3^5*5^2*7^2*11^2
12814	1152715212	150	2^2*3^9*11^4
12815	1152950448	150	2^4*3^1*13^4*29^2
12816	1152960200	108	2^3*5^2*7^8
12817	1153077849	105	3^4*7^6*11^2
12818	1153152288	270	2^5*3^4*23^2*29^2
12819	1154305152	648	2^7*3^2*7^2*11^2*13^2
12820	1154594304	200	2^9*3^3*17^4
12821	1155009375	144	3^7*5^5*13^2
12822	1155362450	162	2^1*5^2*11^2*19^2*23^2
12823	1155799260	648	2^2*3^3*5^1*7^2*11^2*19^2
12824	1156000000	189	2^8*5^6*17^2
12825	1156055040	360	2^19*3^2*5^1*7^2
12826	1156599675	324	3^3*5^2*7^2*11^2*17^2
12827	1157156289	81	3^2*17^2*23^2*29^2
12828	1157360400	495	2^4*3^10*5^2*7^2
12829	1157478498	90	2^1*3^14*11^2
12830	1158313156	243	2^2*7^2*11^2*13^2*17^2
12831	1158434160	140	2^4*3^1*5^1*13^6
12832	1158603312	70	2^4*3^1*17^6
12833	1158636960	540	2^5*3^4*5^1*13^2*23^2
12834	1159075008	504	2^6*3^7*7^2*13^2
12835	1159266304	153	2^16*7^2*19^2
12836	1160136675	162	3^5*5^2*19^2*23^2
12837	1160575290	324	2^1*3^8*5^1*7^2*19^2
12838	1161600000	396	2^10*3^1*5^5*11^2
12839	1161763350	180	2^1*3^1*5^2*11^4*23^2
12840	1161855396	243	2^2*3^2*13^2*19^2*23^2
12841	1162084000	360	2^5*5^3*7^4*11^2
12842	1162261467	20	3^19
12843	1162598400	432	2^11*3^3*5^2*29^2
12844	1163082816	315	2^6*3^2*7^4*29^2
12845	1163099574	324	2^1*3^5*7^2*13^2*17^2
12846	1164320768	126	2^13*13^2*29^2
12847	1164515625	189	3^2*5^6*7^2*13^2
12848	1165688832	306	2^16*3^1*7^2*11^2
12849	1165827840	324	2^8*3^1*5^1*19^2*29^2
12850	1166400000	420	2^9*3^6*5^5
12851	1166445000	540	2^3*3^2*5^4*7^2*23^2
12852	1166564025	189	3^6*5^2*11^2*23^2
12853	1166635200	378	2^6*3^1*5^2*17^2*29^2
12854	1166886000	600	2^4*3^5*5^3*7^4
12855	1167121298	90	2^1*7^4*17^2*29^2
12856	1168087778	42	2^1*11^2*13^6
12857	1168292268	324	2^2*3^3*11^2*13^2*23^2
12858	1169640000	525	2^6*3^4*5^4*19^2
12859	1169858560	140	2^13*5^1*13^4
12860	1170063360	360	2^14*3^3*5^1*23^2
12861	1170127350	360	2^1*3^3*5^2*7^4*19^2
12862	1170505728	336	2^15*3^6*7^2
12863	1171280000	200	2^7*5^4*11^4
12864	1171372800	486	2^8*3^1*5^2*13^2*19^2
12865	1171860872	180	2^3*7^4*13^2*19^2
12866	1172184000	504	2^6*3^1*5^3*13^2*17^2
12867	1172672410	180	2^1*5^1*7^4*13^2*17^2
12868	1172889000	240	2^3*3^2*5^3*19^4
12869	1172914587	42	3^5*13^6
12870	1173119922	162	2^1*3^8*13^2*23^2
12871	1173313536	216	2^11*3^1*19^2*23^2
12872	1173701250	270	2^1*3^2*5^4*17^2*19^2
12873	1174569984	495	2^10*3^4*7^2*17^2
12874	1175543072	162	2^5*11^2*19^2*29^2
12875	1176000000	420	2^9*3^1*5^6*7^2
12876	1176120000	630	2^6*3^5*5^4*11^2
12877	1176147025	21	5^2*19^6
12878	1176165375	216	3^1*5^3*7^2*11^2*23^2
12879	1176357160	216	2^3*5^1*11^2*17^2*29^2
12880	1176490000	175	2^4*5^4*7^6
12881	1176610050	450	2^1*3^4*5^2*7^4*11^2
12882	1176970249	45	7^2*13^4*29^2
12883	1177176294	216	2^1*3^3*7^2*23^2*29^2
12884	1177862400	729	2^8*3^2*5^2*11^2*13^2
12885	1178353176	360	2^3*3^1*7^4*11^2*13^2
12886	1178648352	270	2^5*3^2*7^2*17^4
12887	1179813888	324	2^11*3^2*11^2*23^2
12888	1180203750	360	2^1*3^3*5^4*11^2*17^2
12889	1180400688	270	2^4*3^5*19^2*29^2
12890	1180980000	330	2^5*3^10*5^4
12891	1181134240	324	2^5*5^1*11^2*13^2*19^2
12892	1181218140	324	2^2*3^5*5^1*17^2*29^2
12893	1181472075	150	3^9*5^2*7^4
12894	1181640625	33	5^10*11^2
12895	1181952200	324	2^3*5^2*11^2*13^2*17^2
12896	1182055776	180	2^5*3^1*11^4*29^2
12897	1182328225	45	5^2*13^2*23^4
12898	1182656250	144	2^1*3^2*5^7*29^2
12899	1182663075	90	3^1*5^2*11^2*19^4
12900	1182729600	576	2^7*3^7*5^2*13^2
12901	1182740881	21	7^2*17^6
12902	1182924800	162	2^17*5^2*19^2
12903	1183222404	315	2^2*3^6*7^4*13^2
12904	1183744000	192	2^15*5^3*17^2
12905	1183910464	189	2^6*11^2*17^2*23^2
12906	1184287112	28	2^3*23^6
12907	1184481792	250	2^9*3^4*13^4
12908	1184689152	264	2^10*3^7*23^2
12909	1185080625	135	3^8*5^4*17^2
12910	1185921000	400	2^3*3^4*5^3*11^4
12911	1186014960	540	2^4*3^5*5^1*13^2*19^2
12912	1186819200	648	2^7*3^2*5^2*7^2*29^2
12913	1186836300	486	2^2*3^5*5^2*13^2*17^2
12914	1186940304	315	2^4*3^6*11^2*29^2
12915	1187313708	126	2^2*3^1*7^6*29^2
12916	1188281250	162	2^1*3^2*5^8*13^2
12917	1188594576	225	2^4*3^2*13^4*17^2
12918	1188802656	324	2^5*3^5*17^2*23^2
12919	1189215225	135	3^2*5^2*11^4*19^2
12920	1189309446	120	2^1*3^3*13^2*19^4
12921	1189478400	324	2^17*3^1*5^2*11^2
12922	1189646642	14	2^1*29^6
12923	1189974016	195	2^12*7^4*11^2
12924	1190250000	315	2^4*3^2*5^6*23^2
12925	1190821500	360	2^2*3^9*5^3*11^2
12926	1190940100	243	2^2*5^2*7^2*17^2*29^2
12927	1191845016	144	2^3*3^11*29^2
12928	1192464000	864	2^7*3^2*5^3*7^2*13^2
12929	1192930443	60	3^3*17^4*23^2
12930	1192960860	252	2^2*3^1*5^1*7^6*13^2
12931	1193556250	108	2^1*5^5*19^2*23^2
12932	1194007500	540	2^2*3^3*5^4*7^2*19^2
12933	1194393600	357	2^16*3^6*5^2
12934	1194834375	216	3^3*5^5*7^2*17^2
12935	1194891264	360	2^11*3^5*7^4
12936	1195304890	60	2^1*5^1*13^2*29^4
12937	1195742250	120	2^1*3^14*5^3
12938	1195776400	405	2^4*5^2*7^2*13^2*19^2
12939	1195803675	84	3^3*5^2*11^6
12940	1195898418	270	2^1*3^4*11^2*13^2*19^2
12941	1196163072	228	2^18*3^3*13^2
12942	1196709360	540	2^4*3^1*5^1*7^2*11^2*29^2
12943	1197575236	63	2^2*11^6*13^2
12944	1197711360	420	2^13*3^4*5^1*19^2
12945	1197757568	216	2^7*7^2*19^2*23^2
12946	1198540800	540	2^11*3^4*5^2*17^2
12947	1198587040	324	2^5*5^1*7^2*17^2*23^2
12948	1199040192	420	2^6*3^3*7^4*17^2
12949	1200000000	198	2^10*3^1*5^8
12950	1200316416	252	2^13*3^1*13^2*17^2
12951	1200500000	210	2^5*5^6*7^4
12952	1200622500	675	2^2*3^4*5^4*7^2*11^2
12953	1200840147	90	3^9*13^2*19^2
12954	1200990050	90	2^1*5^2*13^4*29^2
12955	1201038336	165	2^10*3^2*19^4
12956	1201200300	324	2^2*3^3*5^2*23^2*29^2
12957	1201654440	504	2^3*3^6*5^1*7^2*29^2
12958	1202401200	810	2^4*3^1*5^2*7^2*11^2*13^2
12959	1202523894	180	2^1*3^5*11^4*13^2
12960	1202702400	315	2^6*3^2*5^2*17^4
12961	1202979856	135	2^4*13^2*23^2*29^2
12962	1203203526	100	2^1*3^1*7^4*17^4
12963	1204224000	408	2^16*3^1*5^3*7^2
12964	1204393344	432	2^7*3^1*7^2*11^2*23^2
12965	1204725760	168	2^11*5^1*7^6
12966	1204992369	135	3^4*7^2*19^2*29^2
12967	1205208608	90	2^5*17^2*19^4
12968	1205583750	300	2^1*3^9*5^4*7^2
12969	1206043240	120	2^3*5^1*17^4*19^2
12970	1206681938	90	2^1*7^2*11^4*29^2
12971	1206702250	56	2^1*5^3*13^6
12972	1206878450	42	2^1*5^2*17^6
12973	1206913500	432	2^2*3^3*5^3*13^2*23^2
12974	1207369800	756	2^3*3^6*5^2*7^2*13^2
12975	1207493001	99	3^10*11^2*13^2
12976	1207692288	396	2^10*3^3*11^2*19^2
12977	1207959552	84	2^27*3^2
12978	1208528640	648	2^8*3^3*5^1*11^2*17^2
12979	1209158496	360	2^5*3^3*7^2*13^4
12980	1209370176	441	2^6*3^6*7^2*23^2
12981	1210000000	192	2^7*5^7*11^2
12982	1211040000	405	2^8*3^2*5^4*29^2
12983	1211544600	360	2^3*3^1*5^2*7^4*29^2
12984	1211668227	162	3^5*7^2*11^2*29^2
12985	1211885664	324	2^5*3^1*11^2*17^2*19^2
12986	1212153856	69	2^22*17^2
12987	1212271212	90	2^2*3^1*19^2*23^4
12988	1212421210	180	2^1*5^1*7^2*11^4*13^2
12989	1212682752	270	2^9*3^8*19^2
12990	1213110735	60	3^1*5^1*17^2*23^4
12991	1213356963	90	3^1*7^2*13^4*17^2
12992	1213522560	432	2^7*3^8*5^1*17^2
12993	1213569378	270	2^1*3^4*7^2*17^2*23^2
12994	1214259200	378	2^13*5^2*7^2*11^2
12995	1214383104	275	2^10*3^4*11^4
12996	1214404000	216	2^5*5^3*19^2*29^2
12997	1215000000	336	2^6*3^5*5^7
12998	1215046875	126	3^1*5^6*7^2*23^2
12999	1215245000	180	2^3*5^4*17^2*29^2
13000	1215506250	300	2^1*3^4*5^5*7^4
13001	1216893456	315	2^4*3^6*17^2*19^2
13002	1217431215	324	3^5*5^1*7^2*11^2*13^2
13003	1218375000	336	2^3*3^3*5^6*19^2
13004	1218599712	270	2^5*3^2*11^4*17^2
13005	1218816000	432	2^11*3^2*5^3*23^2
13006	1218987396	135	2^2*3^2*11^2*23^4
13007	1219276800	702	2^12*3^5*5^2*7^2
13008	1219323840	420	2^6*3^1*5^1*7^4*23^2
13009	1219401216	300	2^9*3^9*11^2
13010	1219784832	280	2^7*3^4*7^6
13011	1220180000	270	2^5*5^4*13^2*19^2
13012	1221025000	216	2^3*5^5*13^2*17^2
13013	1221083136	405	2^14*3^2*7^2*13^2
13014	1221759375	60	3^1*5^5*19^4
13015	1222181568	140	2^6*3^3*29^4
13016	1222201600	243	2^8*5^2*19^2*23^2
13017	1222830961	25	11^4*17^4
13018	1223510400	864	2^7*3^3*5^2*7^2*17^2
13019	1223635248	360	2^4*3^7*11^2*17^2
13020	1223810289	75	3^4*13^4*23^2
13021	1224020196	189	2^2*3^2*7^6*17^2
13022	1224024534	80	2^1*3^7*23^4
13023	1224440064	135	2^8*3^14
13024	1225000000	189	2^6*5^8*7^2
13025	1225125000	420	2^3*3^4*5^6*11^2
13026	1225323008	270	2^9*7^2*13^2*17^2
13027	1226059968	210	2^6*3^1*7^2*19^4
13028	1226425254	60	2^1*3^1*17^2*29^4
13029	1226909040	540	2^4*3^1*5^1*7^2*17^2*19^2
13030	1226940000	540	2^5*3^1*5^4*11^2*13^2
13031	1227451225	135	5^2*7^4*11^2*13^2
13032	1227758700	270	2^2*3^1*5^2*7^2*17^4
13033	1227994560	504	2^6*3^3*5^1*13^2*29^2
13034	1228691592	156	2^3*3^12*17^2
13035	1228972800	486	2^8*3^1*5^2*11^2*23^2
13036	1229437440	900	2^9*3^4*5^1*7^2*11^2
13037	1229484872	180	2^3*7^4*11^2*23^2
13038	1229584050	270	2^1*3^4*5^2*19^2*29^2
13039	1230187500	210	2^2*3^9*5^6
13040	1231308100	135	2^2*5^2*11^4*29^2
13041	1231405656	216	2^3*3^1*13^2*19^2*29^2
13042	1232010000	525	2^4*3^6*5^4*13^2
13043	1232852544	567	2^6*3^2*7^2*11^2*19^2
13044	1233125376	144	2^23*3^1*7^2
13045	1233835200	420	2^6*3^3*5^2*13^4
13046	1234051200	504	2^7*3^6*5^2*23^2
13047	1234098810	180	2^1*3^2*5^1*7^2*23^4
13048	1234349298	150	2^1*3^2*7^4*13^4
13049	1234517760	540	2^8*3^9*5^1*7^2
13050	1234565388	270	2^2*3^5*7^4*23^2
13051	1235334375	120	3^3*5^5*11^4
13052	1235432250	360	2^1*3^4*5^3*13^2*19^2
13053	1235663104	63	2^8*13^6
13054	1235879424	360	2^9*3^3*13^2*23^2
13055	1236270000	450	2^4*3^1*5^4*7^2*29^2
13056	1236396150	324	2^1*3^5*5^2*11^2*29^2
13057	1237133282	162	2^1*7^2*11^2*17^2*19^2
13058	1237946976	432	2^5*3^7*7^2*19^2
13059	1238119350	180	2^1*3^1*5^2*13^4*17^2
13060	1238227848	324	2^3*3^2*11^2*13^2*29^2
13061	1238336100	405	2^2*3^4*5^2*17^2*23^2
13062	1239040000	225	2^14*5^4*11^2
13063	1239214240	180	2^5*5^1*11^4*23^2
13064	1239682752	420	2^6*3^3*7^2*11^4
13065	1239843750	108	2^1*3^1*5^8*23^2
13066	1240104960	288	2^15*3^2*5^1*29^2
13067	1240170672	270	2^4*3^1*13^2*17^2*23^2
13068	1240916562	90	2^1*3^2*19^4*23^2
13069	1241505225	99	3^10*5^2*29^2
13070	1242150000	540	2^4*3^1*5^5*7^2*13^2
13071	1242245403	162	3^5*7^2*17^2*19^2
13072	1243344492	216	2^2*3^7*13^2*29^2
13073	1243549696	117	2^12*19^2*29^2
13074	1243987206	180	2^1*3^1*7^2*11^4*17^2
13075	1244117160	360	2^3*3^2*5^1*11^2*13^4
13076	1244160000	420	2^13*3^5*5^4
13077	1244334960	540	2^4*3^5*5^1*11^2*23^2
13078	1244678400	675	2^8*3^4*5^2*7^4
13079	1244805408	486	2^5*3^8*7^2*11^2
13080	1245197016	144	2^3*3^3*7^8
13081	1246003200	432	2^15*3^2*5^2*13^2
13082	1246522368	330	2^10*3^1*7^4*13^2
13083	1246572250	216	2^1*5^3*7^2*11^2*29^2
13084	1247573041	45	11^2*13^4*19^2
13085	1247616000	528	2^10*3^3*5^3*19^2
13086	1247643684	135	2^2*3^2*7^2*29^4
13087	1247791446	216	2^1*3^3*11^2*19^2*23^2
13088	1248067584	171	2^18*3^2*23^2
13089	1248135840	540	2^5*3^2*5^1*7^4*19^2
13090	1248480000	540	2^8*3^3*5^4*17^2
13091	1249000200	540	2^3*3^2*5^2*7^4*17^2
13092	1249127649	189	3^6*7^2*11^2*17^2
13093	1249258140	240	2^2*3^7*5^1*13^4
13094	1249476840	264	2^3*3^10*5^1*23^2
13095	1249949232	210	2^4*3^13*7^2
13096	1250000000	88	2^7*5^10
13097	1250329600	297	2^10*5^2*13^2*17^2
13098	1250439168	234	2^12*3^1*11^2*29^2
13099	1251081600	240	2^7*3^1*5^2*19^4
13100	1251602884	75	2^2*7^4*19^4
13101	1251723375	216	3^5*5^3*7^2*29^2
13102	1252401152	126	2^13*17^2*23^2
13103	1252501250	270	2^1*5^4*7^2*11^2*13^2
13104	1252815000	200	2^3*3^1*5^4*17^4
13105	1252947609	81	3^8*19^2*23^2
13106	1254400000	252	2^13*5^5*7^2
13107	1254484803	50	3^1*11^4*13^4
13108	1254576400	405	2^4*5^2*7^2*11^2*23^2
13109	1254704418	150	2^1*3^4*11^4*23^2
13110	1255606272	252	2^11*3^6*29^2
13111	1256386560	468	2^12*3^1*5^1*11^2*13^2
13112	1257676875	270	3^5*5^4*7^2*13^2
13113	1258012800	648	2^7*3^2*5^2*11^2*19^2
13114	1258291200	150	2^24*3^1*5^2
13115	1258536972	270	2^2*3^1*7^4*11^2*19^2
13116	1258815488	100	2^19*7^4
13117	1258884000	648	2^5*3^2*5^3*11^2*17^2
13118	1259408535	180	3^1*5^1*7^4*11^2*17^2
13119	1259540100	405	2^2*3^2*5^2*7^2*13^4
13120	1259760600	648	2^3*3^5*5^2*7^2*23^2
13121	1259889147	90	3^9*11^2*23^2
13122	1259966016	315	2^6*3^4*17^2*29^2
13123	1261500000	252	2^5*3^1*5^6*29^2
13124	1261578240	504	2^11*3^6*5^1*13^2
13125	1261626912	486	2^5*3^2*7^2*13^2*23^2
13126	1262025625	75	5^4*7^4*29^2
13127	1262380900	243	2^2*5^2*11^2*17^2*19^2
13128	1263211200	504	2^6*3^7*5^2*19^2
13129	1263259935	216	3^3*5^1*7^2*19^2*23^2
13130	1263737538	210	2^1*3^6*7^4*19^2
13131	1264086000	480	2^4*3^7*5^3*17^2
13132	1264340898	90	2^1*3^2*17^4*29^2
13133	1264982400	480	2^7*3^3*5^2*11^4
13134	1265082624	405	2^8*3^4*13^2*19^2
13135	1265509476	225	2^2*3^2*7^4*11^4
13136	1265625000	200	2^3*3^4*5^9
13137	1266007561	81	7^2*13^2*17^2*23^2
13138	1266856448	150	2^9*11^4*13^2
13139	1267597350	324	2^1*3^5*5^2*17^2*19^2
13140	1268496240	300	2^4*3^1*5^1*11^4*19^2
13141	1268776960	132	2^21*5^1*11^2
13142	1269140625	81	3^2*5^8*19^2
13143	1269374700	270	2^2*3^1*5^2*11^4*17^2
13144	1269475272	324	2^3*3^2*13^2*17^2*19^2
13145	1269600000	324	2^8*3^1*5^5*23^2
13146	1270080000	750	2^9*3^4*5^4*7^2
13147	1270129000	240	2^3*5^3*7^4*23^2
13148	1270209600	567	2^6*3^8*5^2*11^2
13149	1270238787	28	3^3*19^6
13150	1270354410	180	2^1*3^2*5^1*13^2*17^4
13151	1270609200	420	2^4*3^3*5^2*7^6
13152	1270738854	240	2^1*3^7*7^4*11^2
13153	1271961600	648	2^11*3^1*5^2*7^2*13^2
13154	1272091392	486	2^8*3^5*11^2*13^2
13155	1272491584	147	2^6*7^6*13^2
13156	1273105800	180	2^3*3^2*5^2*29^4
13157	1273737960	504	2^3*3^6*5^1*11^2*19^2
13158	1274019840	252	2^20*3^5*5^1
13159	1274068992	270	2^14*3^1*7^2*23^2
13160	1274490000	675	2^4*3^2*5^4*7^2*17^2
13161	1274620050	378	2^1*3^6*5^2*11^2*17^2
13162	1275458400	252	2^5*3^13*5^2
13163	1275989841	65	3^12*7^4
13164	1276171875	108	3^3*5^8*11^2
13165	1276489984	243	2^8*7^2*11^2*29^2
13166	1276508376	432	2^3*3^3*11^2*13^2*17^2
13167	1276914483	60	3^3*13^2*23^4
13168	1277145800	180	2^3*5^2*7^2*19^4
13169	1277276121	75	3^4*11^2*19^4
13170	1277347968	264	2^7*3^10*13^2
13171	1277558784	216	2^17*3^3*19^2
13172	1278030250	216	2^1*5^3*7^2*17^2*19^2
13173	1278062500	189	2^2*5^6*11^2*13^2
13174	1279001340	216	2^2*3^11*5^1*19^2
13175	1279067042	42	2^1*11^6*19^2
13176	1279161000	432	2^3*3^2*5^3*13^2*29^2
13177	1279887075	108	3^11*5^2*17^2
13178	1280180000	270	2^5*5^4*11^2*23^2
13179	1280664000	1008	2^6*3^3*5^3*7^2*11^2
13180	1281197610	252	2^1*3^2*5^1*7^6*11^2
13181	1281764736	432	2^7*3^5*7^2*29^2
13182	1281783204	243	2^2*3^8*13^2*17^2
13183	1281994752	234	2^12*3^1*17^2*19^2
13184	1282714225	81	5^2*13^2*19^2*29^2
13185	1282882560	220	2^10*3^1*5^1*17^4
13186	1283343750	252	2^1*3^5*5^6*13^2
13187	1283715015	60	3^1*5^1*11^2*29^4
13188	1284221400	648	2^3*3^1*5^2*7^2*11^2*19^2
13189	1284352443	90	3^5*11^4*19^2
13190	1284505600	189	2^20*5^2*7^2
13191	1284636672	270	2^17*3^4*11^2
13192	1284839432	108	2^3*19^2*23^2*29^2
13193	1285245000	300	2^3*3^2*5^4*13^4
13194	1285470000	450	2^4*3^5*5^4*23^2
13195	1285729210	108	2^1*5^1*17^2*23^2*29^2
13196	1285956000	648	2^5*3^8*5^3*7^2
13197	1286153286	36	2^1*3^1*11^8
13198	1286215308	324	2^2*3^3*7^2*17^2*29^2
13199	1286491815	112	3^7*5^1*7^6
13200	1287374400	567	2^6*3^2*5^2*13^2*23^2
13201	1287781250	126	2^1*5^6*7^2*29^2
13202	1287910806	180	2^1*3^1*7^4*13^2*23^2
13203	1289097216	351	2^12*3^2*11^2*17^2
13204	1289507328	150	2^9*3^2*23^4
13205	1289528100	567	2^2*3^6*5^2*7^2*19^2
13206	1289820675	162	3^1*5^2*11^2*13^2*29^2
13207	1289945088	170	2^16*3^9
13208	1290950440	216	2^3*5^1*13^2*19^2*23^2
13209	1291336200	540	2^3*3^2*5^2*7^2*11^4
13210	1291438512	540	2^4*3^3*7^2*13^2*19^2
13211	1291467969	49	3^6*11^6
13212	1291776000	312	2^12*3^1*5^3*29^2
13213	1291844450	162	2^1*5^2*13^2*17^2*23^2
13214	1291957656	216	2^3*3^1*11^2*23^2*29^2
13215	1292314240	240	2^7*5^1*7^4*29^2
13216	1292332860	648	2^2*3^3*5^1*7^2*13^2*17^2
13217	1293573248	120	2^7*11^2*17^4
13218	1293906250	144	2^1*5^7*7^2*13^2
13219	1293984784	75	2^4*17^2*23^4
13220	1294424064	288	2^11*3^7*17^2
13221	1295955375	120	3^1*5^3*11^2*13^4
13222	1296000000	385	2^10*3^4*5^6
13223	1296182250	360	2^1*3^4*5^3*11^2*23^2
13224	1296540000	600	2^5*3^3*5^4*7^4
13225	1296672300	648	2^2*3^7*5^2*7^2*11^2
13226	1297069254	120	2^1*3^3*13^4*29^2
13227	1297080225	81	3^2*5^2*7^8
13228	1297296324	189	2^2*3^6*23^2*29^2
13229	1297920000	390	2^12*3^1*5^4*13^2
13230	1298460800	360	2^7*5^2*7^4*13^2
13231	1298593296	675	2^4*3^4*7^2*11^2*13^2
13232	1298918592	210	2^6*3^5*17^4
13233	1299600000	432	2^7*3^2*5^5*19^2
13234	1300070400	288	2^15*3^1*5^2*23^2
13235	1300141500	360	2^2*3^1*5^3*7^4*19^2
13236	1300500000	378	2^5*3^2*5^6*17^2
13237	1300612096	165	2^10*7^4*23^2
13238	1301041875	150	3^1*5^4*7^4*17^2
13239	1301538375	120	3^9*5^3*23^2
13240	1302030450	234	2^1*3^12*5^2*7^2
13241	1302097335	84	3^1*5^1*7^2*11^6
13242	1302540800	270	2^9*5^2*11^2*29^2
13243	1303210000	125	2^4*5^4*19^4
13244	1303428726	56	2^1*3^3*17^6
13245	1303959384	360	2^3*3^9*7^2*13^2
13246	1304174592	378	2^13*3^2*7^2*19^2
13247	1305015625	35	5^6*17^4
13248	1305077760	648	2^11*3^2*5^1*7^2*17^2
13249	1307923200	486	2^8*3^5*5^2*29^2
13250	1307973660	324	2^2*3^1*5^1*7^2*23^2*29^2
13251	1308468168	300	2^3*3^4*7^4*29^2
13252	1308702976	243	2^8*7^2*17^2*19^2
13253	1308736000	360	2^9*5^3*11^2*13^2
13254	1308920041	45	11^4*13^2*23^2
13255	1309860864	297	2^10*3^2*13^2*29^2
13256	1310430000	450	2^4*3^1*5^4*11^2*19^2
13257	1310720000	110	2^21*5^4
13258	1311337500	324	2^2*3^1*5^5*11^2*17^2
13259	1311399936	504	2^13*3^3*7^2*11^2
13260	1312250625	225	3^4*5^4*7^2*23^2
13261	1312464600	432	2^3*3^3*5^2*17^2*29^2
13262	1314062500	81	2^2*5^8*29^2
13263	1314144000	648	2^8*3^5*5^3*13^2
13264	1314194700	486	2^2*3^1*5^2*7^2*13^2*23^2
13265	1314408992	162	2^5*13^2*17^2*29^2
13266	1314691560	600	2^3*3^4*5^1*7^4*13^2
13267	1315199532	90	2^2*3^1*19^4*29^2
13268	1315845000	420	2^3*3^6*5^4*19^2
13269	1315953408	486	2^8*3^1*7^2*11^2*17^2
13270	1316110335	108	3^1*5^1*17^2*19^2*29^2
13271	1316372064	180	2^5*3^1*7^2*23^4
13272	1316756250	252	2^1*3^6*5^5*17^2
13273	1316818944	351	2^12*3^8*7^2
13274	1317690000	375	2^4*3^2*5^4*11^4
13275	1317794400	648	2^5*3^3*5^2*13^2*19^2
13276	1318343481	135	3^2*7^4*13^2*19^2
13277	1318359375	48	3^3*5^11
13278	1318822560	540	2^5*3^4*5^1*11^2*29^2
13279	1319746688	120	2^7*13^4*19^2
13280	1319977728	324	2^8*3^3*19^2*23^2
13281	1320660640	180	2^5*5^1*13^4*17^2
13282	1320891840	504	2^6*3^3*5^1*17^2*23^2
13283	1321350250	120	2^1*5^3*11^4*19^2
13284	1321391232	504	2^7*3^6*7^2*17^2
13285	1321454940	180	2^2*3^1*5^1*13^2*19^4
13286	1322370075	162	3^1*5^2*13^2*17^2*19^2
13287	1322485956	243	2^2*3^2*11^2*19^2*29^2
13288	1322500000	144	2^5*5^7*23^2
13289	1322778624	120	2^19*3^1*29^2
13290	1323000000	588	2^6*3^3*5^6*7^2
13291	1323135000	480	2^3*3^7*5^4*11^2
13292	1323551250	210	2^1*3^2*5^4*7^6
13293	1324272240	300	2^4*3^9*5^1*29^2
13294	1324560984	216	2^3*3^1*17^2*19^2*23^2
13295	1324960000	405	2^8*5^4*7^2*13^2
13296	1325095200	810	2^5*3^4*5^2*11^2*13^2
13297	1325647323	180	3^3*7^4*11^2*13^2
13298	1325979396	225	2^2*3^4*7^2*17^4
13299	1326151875	50	3^1*5^4*29^4
13300	1326810375	216	3^5*5^3*11^2*19^2
13301	1327058304	240	2^7*3^1*11^2*13^4
13302	1327104000	360	2^17*3^4*5^3
13303	1327155200	324	2^11*5^2*7^2*23^2
13304	1327290624	405	2^8*3^4*11^2*23^2
13305	1327593750	252	2^1*3^1*5^6*7^2*17^2
13306	1327656960	520	2^12*3^3*5^1*7^4
13307	1327950774	144	2^1*3^7*19^2*29^2
13308	1328602500	195	2^2*3^12*5^4
13309	1329696225	243	3^2*5^2*11^2*13^2*17^2
13310	1329812748	180	2^2*3^3*11^4*29^2
13311	1330570800	450	2^4*3^9*5^2*13^2
13312	1330790400	405	2^14*3^2*5^2*19^2
13313	1331344896	300	2^9*3^1*7^4*19^2
13314	1331899272	324	2^3*3^2*11^2*17^2*23^2
13315	1332323001	21	3^2*23^6
13316	1332459375	108	3^1*5^5*13^2*29^2
13317	1332542016	245	2^6*3^6*13^4
13318	1332775296	240	2^7*3^9*23^2
13319	1334025000	648	2^3*3^2*5^5*7^2*11^2
13320	1334487040	120	2^11*5^1*19^4
13321	1335171600	675	2^4*3^4*5^2*7^2*29^2
13322	1335307842	162	2^1*3^8*11^2*29^2
13323	1335411200	270	2^9*5^2*17^2*19^2
13324	1336137660	360	2^2*3^3*5^1*11^4*13^2
13325	1336336000	160	2^7*5^3*17^4
13326	1337149632	378	2^6*3^1*7^2*13^2*29^2
13327	1337168898	150	2^1*3^4*13^4*17^2
13328	1337402988	216	2^2*3^7*17^2*23^2
13329	1337730625	135	5^4*7^2*11^2*19^2
13330	1338163200	540	2^14*3^3*5^2*11^2
13331	1338720768	450	2^9*3^2*7^4*11^2
13332	1338796875	70	3^1*5^6*13^4
13333	1338880410	324	2^1*3^2*5^1*7^2*19^2*29^2
13334	1339031250	210	2^1*3^4*5^6*23^2
13335	1339537500	432	2^2*3^7*5^5*7^2
13336	1340145664	153	2^16*11^2*13^2
13337	1340825643	42	3^13*29^2
13338	1341015000	360	2^3*3^1*5^4*13^2*23^2
13339	1341658890	324	2^1*3^8*5^1*11^2*13^2
13340	1342809600	540	2^9*3^1*5^2*11^2*17^2
13341	1343236800	210	2^6*3^1*5^2*23^4
13342	1343369104	225	2^4*7^4*11^2*17^2
13343	1343509440	420	2^6*3^1*5^1*7^2*13^4
13344	1343692800	378	2^13*3^8*5^2
13345	1343744640	720	2^7*3^4*5^1*7^2*23^2
13346	1343796482	50	2^1*7^4*23^4
13347	1344252672	360	2^8*3^7*7^4
13348	1345141875	150	3^1*5^4*7^2*11^4
13349	1345248450	486	2^1*3^2*5^2*7^2*13^2*19^2
13350	1345600000	180	2^9*5^5*29^2
13351	1345683456	288	2^15*3^5*13^2
13352	1345789225	81	5^2*11^2*23^2*29^2
13353	1347202935	84	3^13*5^1*13^2
13354	1347477264	405	2^4*3^2*7^2*19^2*23^2
13355	1348358400	567	2^8*3^6*5^2*17^2
13356	1348920216	360	2^3*3^5*7^4*17^2
13357	1349314560	360	2^11*3^2*5^1*11^4
13358	1350000000	288	2^7*3^3*5^8
13359	1350336512	144	2^15*7^2*29^2
13360	1350355968	396	2^10*3^3*13^2*17^2
13361	1350562500	315	2^2*3^2*5^6*7^4
13362	1351168128	200	2^7*3^4*19^4
13363	1352000000	210	2^9*5^6*13^2
13364	1352103840	540	2^5*3^4*5^1*17^2*19^2
13365	1352701350	648	2^1*3^3*5^2*7^2*11^2*13^2
13366	1353040200	300	2^3*3^4*5^2*17^4
13367	1353062656	135	2^8*11^4*19^2
13368	1353352338	162	2^1*3^2*13^2*23^2*29^2
13369	1353750000	240	2^4*3^1*5^7*19^2
13370	1354240000	195	2^12*5^4*23^2
13371	1354430440	120	2^3*5^1*11^2*23^4
13372	1354687500	162	2^2*3^1*5^8*17^2
13373	1354705352	180	2^3*7^2*11^2*13^4
13374	1354890240	528	2^10*3^7*5^1*11^2
13375	1354942512	540	2^4*3^3*7^2*11^2*23^2
13376	1355044704	180	2^5*3^1*13^2*17^4
13377	1355859684	135	2^2*3^2*17^2*19^4
13378	1356759040	288	2^15*5^1*7^2*13^2
13379	1358291025	243	3^8*5^2*7^2*13^2
13380	1358515200	594	2^10*3^1*5^2*7^2*19^2
13381	1358653824	432	2^7*3^5*11^2*19^2
13382	1358954496	125	2^24*3^4
13383	1359081248	126	2^5*7^6*19^2
13384	1359456000	648	2^8*3^1*5^3*7^2*17^2
13385	1359789210	180	2^1*3^2*5^1*13^4*23^2
13386	1360022440	168	2^3*5^1*7^6*17^2
13387	1360027260	180	2^2*3^5*5^1*23^4
13388	1360303308	270	2^2*3^5*7^2*13^4
13389	1360488960	260	2^9*3^12*5^1
13390	1360541448	324	2^3*3^8*7^2*23^2
13391	1360558848	126	2^8*3^1*11^6
13392	1362420000	450	2^5*3^4*5^4*29^2
13393	1362987675	180	3^3*5^2*7^4*29^2
13394	1363371372	324	2^2*3^3*11^2*17^2*19^2
13395	1363673088	180	2^19*3^2*17^2
13396	1364268096	231	2^6*3^10*19^2
13397	1364315535	120	3^3*5^1*11^2*17^4
13398	1364438400	432	2^7*3^1*5^2*13^2*29^2
13399	1365006916	135	2^2*7^4*13^2*29^2
13400	1365031250	126	2^1*5^6*11^2*19^2
13401	1366041600	891	2^10*3^2*5^2*7^2*11^2
13402	1366180992	280	2^7*3^6*11^4
13403	1366610784	252	2^5*3^1*7^6*11^2
13404	1366699008	198	2^10*3^1*23^2*29^2
13405	1367150625	135	3^2*5^4*17^2*29^2
13406	1368408064	75	2^14*17^4
13407	1368900000	540	2^5*3^4*5^5*13^2
13408	1369005138	162	2^1*3^8*17^2*19^2
13409	1369296016	75	2^4*11^2*29^4
13410	1369470375	240	3^3*5^3*7^4*13^2
13411	1369836160	432	2^7*5^1*7^2*11^2*19^2
13412	1370671875	126	3^5*5^6*19^2
13413	1370784800	486	2^5*5^2*7^2*11^2*17^2
13414	1370924676	225	2^2*3^4*11^4*17^2
13415	1371220900	135	2^2*5^2*7^2*23^4
13416	1371686400	720	2^9*3^7*5^2*7^2
13417	1371826368	252	2^6*3^11*11^2
13418	1372257936	245	2^4*3^6*7^6
13419	1372593750	140	2^1*3^1*5^6*11^4
13420	1372702500	405	2^2*3^2*5^4*13^2*19^2
13421	1373199360	396	2^10*3^1*5^1*13^2*23^2
13422	1373718528	540	2^11*3^4*7^2*13^2
13423	1373773500	432	2^2*3^3*5^3*11^2*29^2
13424	1374954264	120	2^3*3^5*29^4
13425	1374976800	486	2^5*3^2*5^2*19^2*23^2
13426	1375496640	756	2^6*3^5*5^1*7^2*19^2
13427	1375549707	90	3^1*7^4*19^2*23^2
13428	1375929000	432	2^3*3^2*5^3*17^2*23^2
13429	1376449200	810	2^4*3^5*5^2*7^2*17^2
13430	1376589654	180	2^1*3^9*11^2*17^2
13431	1377495072	102	2^5*3^16
13432	1377894400	153	2^16*5^2*29^2
13433	1378125000	324	2^3*3^2*5^8*7^2
13434	1378265625	147	3^6*5^6*11^2
13435	1378488384	567	2^6*3^2*7^2*13^2*17^2
13436	1379317464	240	2^3*3^3*7^2*19^4
13437	1379450250	216	2^1*3^8*5^3*29^2
13438	1379751025	81	5^2*17^2*19^2*23^2
13439	1380307500	540	2^2*3^3*5^4*11^2*13^2
13440	1382278041	45	3^14*17^2
13441	1382352400	225	2^4*5^2*11^2*13^4
13442	1382400000	360	2^14*3^3*5^5
13443	1382594400	648	2^5*3^3*5^2*11^2*23^2
13444	1382976000	600	2^9*3^2*5^3*7^4
13445	1383170481	135	3^2*7^4*11^2*23^2
13446	1383274802	90	2^1*7^2*13^2*17^4
13447	1383552240	180	2^4*3^1*5^1*7^8
13448	1384642688	216	2^7*11^2*13^2*23^2
13449	1385331363	108	3^3*13^2*19^2*29^2
13450	1386011250	270	2^1*3^8*5^4*13^2
13451	1386240000	360	2^11*3^1*5^4*19^2
13452	1386270760	120	2^3*5^1*7^2*29^4
13453	1386434940	324	2^2*3^1*5^1*11^2*19^2*23^2
13454	1386741760	120	2^19*5^1*23^2
13455	1386817600	315	2^6*5^2*7^4*19^2
13456	1386959112	540	2^3*3^4*7^2*11^2*19^2
13457	1387266048	252	2^20*3^3*7^2
13458	1387395075	162	3^1*5^2*11^2*17^2*23^2
13459	1387919610	540	2^1*3^4*5^1*7^2*11^2*17^2
13460	1388064600	360	2^3*3^5*5^2*13^4
13461	1388307600	405	2^4*3^8*5^2*23^2
13462	1388903824	105	2^4*7^2*11^6
13463	1389609375	144	3^1*5^7*7^2*11^2
13464	1390120992	126	2^5*3^2*13^6
13465	1390364352	378	2^6*3^5*13^2*23^2
13466	1390803750	360	2^1*3^3*5^4*7^2*29^2
13467	1391920335	120	3^3*5^1*13^4*19^2
13468	1392082944	288	2^15*3^1*7^2*17^2
13469	1392164010	252	2^1*3^6*5^1*19^2*23^2
13470	1392690348	270	2^2*3^9*7^2*19^2
13471	1392864200	324	2^3*5^2*7^2*13^2*29^2
13472	1393006329	135	3^4*11^2*13^2*29^2
13473	1393654815	180	3^9*5^1*7^2*17^2
13474	1393920000	540	2^11*3^2*5^4*11^2
13475	1394500800	630	2^6*3^1*5^2*7^4*11^2
13476	1394643096	360	2^3*3^5*7^2*11^4
13477	1394947801	21	13^6*17^2
13478	1395081842	54	2^1*7^8*11^2
13479	1395171904	189	2^6*7^2*23^2*29^2
13480	1395192006	216	2^1*3^3*13^2*17^2*23^2
13481	1396890625	63	5^6*13^2*23^2
13482	1398760000	315	2^6*5^4*11^2*17^2
13483	1398993408	270	2^9*3^2*19^2*29^2
13484	1399205000	100	2^3*5^4*23^4
13485	1399489000	240	2^3*5^3*7^2*13^4
13486	1399680000	440	2^10*3^7*5^4
13487	1399734000	720	2^4*3^3*5^3*7^2*23^2
13488	1399962240	432	2^7*3^2*5^1*17^2*29^2
13489	1400263200	630	2^5*3^6*5^2*7^4
13490	1400406084	297	2^2*3^10*7^2*11^2
13491	1400846643	54	3^5*7^8
13492	1401753600	585	2^12*3^4*5^2*13^2
13493	1402337664	480	2^7*3^3*7^4*13^2
13494	1403622150	324	2^1*3^1*5^2*7^2*19^2*23^2
13495	1403830272	150	2^14*3^1*13^4
13496	1403851024	135	2^4*17^2*19^2*29^2
13497	1404076032	240	2^15*3^4*23^2
13498	1404540000	540	2^5*3^5*5^4*17^2
13499	1405125225	225	3^4*5^2*7^4*17^2
13500	1405536000	360	2^8*3^1*5^3*11^4
13501	1405647360	540	2^9*3^2*5^1*13^2*19^2
13502	1406121640	200	2^3*5^1*7^4*11^4
13503	1406192886	96	2^1*3^15*7^2
13504	1406250000	165	2^4*3^2*5^10
13505	1406620800	648	2^7*3^2*5^2*13^2*17^2
13506	1406744064	360	2^9*3^3*11^2*29^2
13507	1407206892	270	2^2*3^1*7^4*13^2*17^2
13508	1407466800	300	2^4*3^3*5^2*19^4
13509	1408441500	432	2^2*3^3*5^3*17^2*19^2
13510	1408951296	297	2^10*3^2*17^2*23^2
13511	1409416875	100	3^3*5^4*17^4
13512	1409551936	105	2^6*13^2*19^4
13513	1410156250	60	2^1*5^9*19^2
13514	1411344000	672	2^7*3^6*5^3*11^2
13515	1411398450	486	2^1*3^2*5^2*7^2*11^2*23^2
13516	1411504900	135	2^2*5^2*13^2*17^4
13517	1411628592	270	2^4*3^1*11^2*17^2*29^2
13518	1411932060	540	2^2*3^5*5^1*7^4*11^2
13519	1412077686	60	2^1*3^1*23^4*29^2
13520	1412557056	243	2^8*3^8*29^2
13521	1413843488	90	2^5*17^4*23^2
13522	1415120000	360	2^7*5^4*7^2*19^2
13523	1415264400	675	2^4*3^4*5^2*11^2*19^2
13524	1415577600	264	2^21*3^3*5^2
13525	1416100000	324	2^5*5^5*7^2*17^2
13526	1416167424	255	2^16*3^2*7^4
13527	1417176000	336	2^6*3^11*5^3
13528	1417230675	216	3^7*5^2*7^2*23^2
13529	1417248800	126	2^5*5^2*11^6
13530	1417361088	378	2^6*3^1*11^2*13^2*19^2
13531	1417461768	252	2^3*3^6*17^2*29^2
13532	1417674752	72	2^23*13^2
13533	1417766490	220	2^1*3^10*5^1*7^4
13534	1418342640	540	2^4*3^1*5^1*11^2*13^2*17^2
13535	1419081846	84	2^1*3^1*7^2*13^6
13536	1419187500	252	2^2*3^3*5^6*29^2
13537	1419195690	180	2^1*3^2*5^1*11^2*19^4
13538	1419330276	405	2^2*3^4*7^2*13^2*23^2
13539	1419509760	228	2^18*3^1*5^1*19^2
13540	1420492800	306	2^16*3^1*5^2*17^2
13541	1421084672	180	2^11*7^4*17^2
13542	1421112600	360	2^3*3^9*5^2*19^2
13543	1421290000	225	2^4*5^4*13^2*29^2
13544	1422960000	720	2^7*3^1*5^4*7^2*11^2
13545	1423105200	450	2^4*3^5*5^2*11^4
13546	1423217952	378	2^5*3^6*13^2*19^2
13547	1423552900	189	2^2*5^2*7^6*11^2
13548	1423644800	216	2^7*5^2*23^2*29^2
13549	1424183040	648	2^8*3^3*5^1*7^2*29^2
13550	1424203560	504	2^3*3^6*5^1*13^2*17^2
13551	1425060135	80	3^7*5^1*19^4
13552	1425213504	315	2^6*3^2*11^4*13^2
13553	1425937500	288	2^2*3^3*5^7*13^2
13554	1428139104	324	2^5*3^1*7^2*19^2*29^2
13555	1428159681	135	3^4*13^2*17^2*19^2
13556	1428840000	735	2^6*3^6*5^4*7^2
13557	1428985800	396	2^3*3^10*5^2*11^2
13558	1429435350	252	2^1*3^5*5^2*7^6
13559	1430162162	90	2^1*11^4*13^2*17^2
13560	1430416000	288	2^7*5^3*13^2*23^2
13561	1430956800	972	2^8*3^3*5^2*7^2*13^2
13562	1431102816	432	2^5*3^7*11^2*13^2
13563	1431339008	144	2^15*11^2*19^2
13564	1431553032	252	2^3*3^2*7^6*13^2
13565	1432244025	75	3^4*5^2*29^4
13566	1432267500	270	2^2*3^1*5^4*19^2*23^2
13567	1432330240	252	2^13*5^1*11^2*17^2
13568	1432809000	720	2^3*3^4*5^3*7^2*19^2
13569	1433076736	165	2^10*7^2*13^4
13570	1433259375	108	3^1*5^5*17^2*23^2
13571	1433327616	432	2^11*3^3*7^2*23^2
13572	1433801250	450	2^1*3^4*5^4*7^2*17^2
13573	1434365868	90	2^2*3^1*13^2*29^4
13574	1434890700	144	2^2*3^15*5^2
13575	1434964410	140	2^1*3^4*5^1*11^6
13576	1435546875	66	3^1*5^10*7^2
13577	1435925400	648	2^3*3^1*5^2*7^2*13^2*17^2
13578	1436051232	486	2^5*3^2*7^2*11^2*29^2
13579	1436071923	162	3^5*11^2*13^2*17^2
13580	1436789025	135	3^2*5^2*7^2*19^4
13581	1437016464	195	2^4*3^12*13^2
13582	1437253632	270	2^14*3^5*19^2
13583	1438248960	468	2^12*3^5*5^1*17^2
13584	1438304448	378	2^6*3^1*7^2*17^2*23^2
13585	1439268864	160	2^15*3^1*11^4
13586	1440000000	288	2^11*3^2*5^7
13587	1440202500	405	2^2*3^2*5^4*11^2*23^2
13588	1440600000	420	2^6*3^1*5^5*7^4
13589	1440894015	100	3^9*5^1*11^4
13590	1441037521	81	7^2*11^2*17^2*29^2
13591	1441188060	180	2^2*3^1*5^1*13^4*29^2
13592	1441200250	72	2^1*5^3*7^8
13593	1441440360	360	2^3*3^4*5^1*23^2*29^2
13594	1441985328	360	2^4*3^7*7^2*29^2
13595	1442244096	360	2^9*3^3*17^2*19^2
13596	1442881440	972	2^5*3^2*5^1*7^2*11^2*13^2
13597	1444000000	189	2^8*5^6*19^2
13598	1444749075	324	3^3*5^2*7^2*11^2*19^2
13599	1445068800	486	2^17*3^2*5^2*7^2
13600	1445216256	315	2^14*3^6*11^2
13601	1445444361	81	3^2*19^2*23^2*29^2
13602	1445670912	182	2^12*3^1*7^6
13603	1445900625	125	3^4*5^4*13^4
13604	1446153750	240	2^1*3^7*5^4*23^2
13605	1446889444	243	2^2*7^2*11^2*13^2*19^2
13606	1447251888	150	2^4*3^1*17^4*19^2
13607	1448042700	126	2^2*3^1*5^2*13^6
13608	1448254140	84	2^2*3^1*5^1*17^6
13609	1448296200	540	2^3*3^4*5^2*13^2*23^2
13610	1448511488	60	2^11*29^4
13611	1448843760	720	2^4*3^7*5^1*7^2*13^2
13612	1450086400	351	2^12*5^2*7^2*17^2
13613	1450234368	450	2^9*3^4*11^2*17^2
13614	1450441824	180	2^5*3^1*13^4*23^2
13615	1450695744	175	2^6*3^4*23^4
13616	1451188224	168	2^13*3^11
13617	1452000000	378	2^8*3^1*5^6*11^2
13618	1452605000	300	2^3*5^4*7^4*11^2
13619	1452753225	225	3^4*5^2*7^2*11^4
13620	1452868326	324	2^1*3^5*7^2*13^2*19^2
13621	1453452363	108	3^3*11^2*23^2*29^2
13622	1454905452	270	2^2*3^1*7^2*11^4*13^2
13623	1455269904	225	2^4*3^2*11^2*17^4
13624	1455400960	216	2^11*5^1*13^2*29^2
13625	1455732882	90	2^1*3^2*17^2*23^4
13626	1456227072	270	2^8*3^9*17^2
13627	1457111040	540	2^14*3^1*5^1*7^2*11^2
13628	1457284800	378	2^6*3^1*5^2*19^2*29^2
13629	1457892002	90	2^1*7^4*19^2*29^2
13630	1458000000	392	2^7*3^6*5^6
13631	1458056250	324	2^1*3^2*5^5*7^2*23^2
13632	1458294000	360	2^4*3^1*5^3*17^2*29^2
13633	1458607500	450	2^2*3^5*5^4*7^4
13634	1460160000	600	2^9*3^3*5^4*13^2
13635	1460365335	216	3^3*5^1*11^2*13^2*23^2
13636	1460768400	675	2^4*3^2*5^2*7^4*13^2
13637	1460917458	378	2^1*3^6*7^2*11^2*13^2
13638	1461283416	160	2^3*3^7*17^4
13639	1462323200	180	2^11*5^2*13^4
13640	1462579200	468	2^12*3^3*5^2*23^2
13641	1463062500	315	2^2*3^4*5^6*17^2
13642	1463132160	588	2^13*3^6*5^1*7^2
13643	1463188608	360	2^7*3^2*7^4*23^2
13644	1464100000	180	2^5*5^5*11^4
13645	1464216000	504	2^6*3^1*5^3*13^2*19^2
13646	1464745984	135	2^14*13^2*23^2
13647	1464826090	180	2^1*5^1*7^4*13^2*19^2
13648	1464843750	52	2^1*3^1*5^12
13649	1465230000	450	2^4*3^1*5^4*13^2*17^2
13650	1465358400	567	2^6*3^2*5^2*11^2*29^2
13651	1465968966	180	2^1*3^1*7^4*11^2*29^2
13652	1466111250	150	2^1*3^2*5^4*19^4
13653	1466954307	108	3^11*7^2*13^2
13654	1467196416	495	2^10*3^4*7^2*19^2
13655	1467657600	432	2^7*3^1*5^2*17^2*23^2
13656	1468269124	135	2^2*7^4*17^2*23^2
13657	1469253632	180	2^11*7^2*11^4
13658	1469428840	216	2^3*5^1*11^2*19^2*29^2
13659	1470150000	540	2^4*3^5*5^5*11^2
13660	1470446450	162	2^1*5^2*11^2*17^2*29^2
13661	1471413600	432	2^5*3^7*5^2*29^2
13662	1472026689	105	3^6*7^4*29^2
13663	1472290848	486	2^5*3^2*7^2*17^2*19^2
13664	1473310440	360	2^3*3^2*5^1*7^2*17^4
13665	1473593472	360	2^7*3^4*13^2*29^2
13666	1474233750	360	2^1*3^3*5^4*11^2*19^2
13667	1474560000	285	2^18*3^2*5^4
13668	1474767360	540	2^9*3^2*5^1*11^2*23^2
13669	1475174400	420	2^13*3^1*5^2*7^4
13670	1475324928	594	2^10*3^5*7^2*11^2
13671	1475500860	324	2^2*3^5*5^1*19^2*29^2
13672	1475789056	81	2^8*7^8
13673	1476225000	264	2^3*3^10*5^5
13674	1476417800	324	2^3*5^2*11^2*13^2*19^2
13675	1476522675	162	3^5*5^2*17^2*29^2
13676	1477402969	45	7^2*17^4*19^2
13677	1477440250	216	2^1*5^3*11^2*13^2*17^2
13678	1478656000	192	2^15*5^3*19^2
13679	1478710116	243	2^2*3^2*13^2*17^2*29^2
13680	1478863936	189	2^6*11^2*19^2*23^2
13681	1479680000	210	2^13*5^4*17^2
13682	1480325625	135	3^8*5^4*19^2
13683	1480358890	28	2^1*5^1*23^6
13684	1480447584	648	2^5*3^3*7^2*11^2*17^2
13685	1480602240	400	2^7*3^4*5^1*13^4
13686	1480659362	90	2^1*7^2*13^4*23^2
13687	1480861440	432	2^8*3^7*5^1*23^2
13688	1480918572	180	2^2*3^3*7^2*23^4
13689	1481421312	330	2^9*3^10*7^2
13690	1482250000	315	2^4*5^6*7^2*11^2
13691	1482401250	250	2^1*3^4*5^4*11^4
13692	1482518700	486	2^2*3^5*5^2*13^2*19^2
13693	1483524000	648	2^5*3^2*5^3*7^2*29^2
13694	1483545375	216	3^5*5^3*13^2*17^2
13695	1484142135	84	3^1*5^1*7^6*29^2
13696	1484597400	360	2^3*3^1*5^2*11^4*13^2
13697	1484715024	225	2^4*3^2*13^4*19^2
13698	1484974944	324	2^5*3^5*19^2*23^2
13699	1485588027	90	3^1*7^2*11^2*17^4
13700	1486565136	405	2^4*3^8*7^2*17^2
13701	1487057088	210	2^6*3^1*11^4*23^2
13702	1487644900	243	2^2*5^2*7^2*19^2*29^2
13703	1488125952	204	2^16*3^3*29^2
13704	1488375000	504	2^3*3^5*5^6*7^2
13705	1488526875	150	3^9*5^4*11^2
13706	1489882801	21	11^6*29^2
13707	1490131107	108	3^3*17^2*19^2*23^2
13708	1490580000	810	2^5*3^2*5^4*7^2*13^2
13709	1490732100	567	2^2*3^6*5^2*11^2*13^2
13710	1491201075	126	3^1*5^2*7^6*13^2
13711	1492509375	216	3^3*5^5*7^2*19^2
13712	1492940592	300	2^4*3^3*11^2*13^4
13713	1493049600	729	2^8*3^2*5^2*7^2*23^2
13714	1493201952	378	2^5*3^6*11^2*23^2
13715	1493293056	216	2^11*3^1*17^2*29^2
13716	1493671704	168	2^3*3^1*7^6*23^2
13717	1495203840	408	2^16*3^3*5^1*13^2
13718	1495755625	135	5^4*7^2*13^2*17^2
13719	1495886700	486	2^2*3^1*5^2*7^2*11^2*29^2
13720	1496606596	45	2^2*23^2*29^4
13721	1496892150	216	2^1*3^11*5^2*13^2
13722	1497139200	540	2^11*3^4*5^2*19^2
13723	1497196960	324	2^5*5^1*7^2*19^2*23^2
13724	1497763008	420	2^6*3^3*7^4*19^2
13725	1498176000	600	2^9*3^4*5^3*17^2
13726	1498233800	324	2^3*5^2*7^2*17^2*23^2
13727	1498386681	135	3^4*11^2*17^2*23^2
13728	1498800240	600	2^4*3^3*5^1*7^4*17^2
13729	1499109768	180	2^3*3^8*13^4
13730	1499238400	195	2^12*5^2*11^4
13731	1499357184	252	2^13*3^1*13^2*19^2
13732	1499372208	180	2^4*3^11*23^2
13733	1500000000	180	2^8*3^1*5^9
13734	1500625000	160	2^3*5^7*7^4
13735	1501500375	144	3^3*5^3*23^2*29^2
13736	1502068050	378	2^1*3^6*5^2*7^2*29^2
13737	1502337600	567	2^6*3^2*5^2*17^2*19^2
13738	1502963574	180	2^1*3^1*7^4*17^2*19^2
13739	1503001500	648	2^2*3^1*5^3*7^2*11^2*13^2
13740	1504293336	432	2^3*3^3*7^2*13^2*29^2
13741	1505280000	450	2^14*3^1*5^4*7^2
13742	1505433600	648	2^11*3^5*5^2*11^2
13743	1505468192	42	2^5*19^6
13744	1505907200	210	2^9*5^2*7^6
13745	1506060864	525	2^6*3^4*7^4*11^2
13746	1506510760	120	2^3*5^1*17^2*19^4
13747	1507554050	90	2^1*5^2*17^4*19^2
13748	1507663872	378	2^13*3^2*11^2*13^2
13749	1508641875	180	3^3*5^4*13^2*23^2
13750	1509212250	504	2^1*3^6*5^3*7^2*13^2
13751	1509615360	648	2^8*3^3*5^1*11^2*19^2
13752	1509949440	156	2^25*3^2*5^1
13753	1510660800	756	2^6*3^3*5^2*11^2*17^2
13754	1510876900	135	2^2*5^2*13^4*23^2
13755	1511141400	240	2^3*3^3*5^2*23^4
13756	1511290242	270	2^1*3^2*7^4*11^2*17^2
13757	1511654400	363	2^10*3^10*5^2
13758	1512284256	300	2^5*3^9*7^4
13759	1512500000	162	2^5*5^8*11^2
13760	1512898816	243	2^8*11^2*13^2*17^2
13761	1513380128	90	2^5*13^2*23^4
13762	1513808736	180	2^5*3^1*11^2*19^4
13763	1513893888	312	2^12*3^7*13^2
13764	1514143744	69	2^22*19^2
13765	1515339015	60	3^1*5^1*19^2*23^4
13766	1515646587	90	3^1*7^2*13^4*19^2
13767	1515853440	432	2^7*3^8*5^1*19^2
13768	1515906150	180	2^1*3^1*5^2*11^2*17^4
13769	1515911922	270	2^1*3^4*7^2*19^2*23^2
13770	1516903200	486	2^5*3^8*5^2*17^2
13771	1517535243	120	3^7*7^4*17^2
13772	1517824000	432	2^11*5^3*7^2*11^2
13773	1518005000	180	2^3*5^4*19^2*29^2
13774	1518037444	135	2^2*7^2*11^4*23^2
13775	1518750000	270	2^4*3^5*5^8
13776	1519056250	108	2^1*5^5*17^2*29^2
13777	1519128576	351	2^12*3^2*7^2*29^2
13778	1519150464	432	2^7*3^5*13^2*17^2
13779	1520064144	175	2^4*3^6*19^4
13780	1521000000	441	2^6*3^2*5^6*13^2
13781	1521633750	300	2^1*3^1*5^4*7^4*13^2
13782	1522170225	105	3^6*5^2*17^4
13783	1522195488	270	2^5*3^2*11^4*19^2
13784	1522532352	138	2^22*3^1*11^2
13785	1523249640	360	2^3*3^2*5^1*11^4*17^2
13786	1523520000	450	2^9*3^2*5^4*23^2
13787	1524043521	135	3^2*7^2*11^2*13^4
13788	1524096000	792	2^10*3^5*5^3*7^2
13789	1524154800	450	2^4*3^1*5^2*7^4*23^2
13790	1524310326	324	2^1*3^5*7^2*11^2*23^2
13791	1524403328	216	2^7*7^2*17^2*29^2
13792	1524425292	180	2^2*3^3*13^2*17^4
13793	1524731040	420	2^5*3^4*5^1*7^6
13794	1525225000	216	2^3*5^5*13^2*19^2
13795	1526281250	126	2^1*5^6*13^2*17^2
13796	1526415000	360	2^3*3^1*5^4*11^2*29^2
13797	1527480889	45	11^4*17^2*19^2
13798	1527726960	200	2^4*3^3*5^1*29^4
13799	1528329600	864	2^7*3^3*5^2*7^2*19^2
13800	1528485552	360	2^4*3^7*11^2*19^2
13801	1528810000	225	2^4*5^4*17^2*23^2
13802	1528823808	154	2^21*3^6
13803	1528966404	189	2^2*3^2*7^6*19^2
13804	1529544060	432	2^2*3^7*5^1*11^2*17^2
13805	1530593792	270	2^9*7^2*13^2*19^2
13806	1530609129	99	3^10*7^2*23^2
13807	1530628704	168	2^5*3^3*11^6
13808	1531406250	240	2^1*3^4*5^7*11^2
13809	1531653760	432	2^7*5^1*7^2*13^2*17^2
13810	1531970646	60	2^1*3^1*19^2*29^4
13811	1532574960	300	2^4*3^1*5^1*7^2*19^4
13812	1532722500	315	2^2*3^6*5^4*29^2
13813	1533636300	486	2^2*3^1*5^2*7^2*17^2*19^2
13814	1534132224	255	2^16*3^4*17^2
13815	1534698375	120	3^1*5^3*7^2*17^4
13816	1534801608	156	2^3*3^12*19^2
13817	1534993200	540	2^4*3^3*5^2*13^2*29^2
13818	1535864490	156	2^1*3^12*5^1*17^2
13819	1535943387	42	3^1*11^6*17^2
13820	1536000000	224	2^15*3^1*5^6
13821	1536216000	504	2^6*3^1*5^3*11^2*23^2
13822	1536640000	275	2^10*5^4*7^4
13823	1536796800	1080	2^7*3^4*5^2*7^2*11^2
13824	1536856090	180	2^1*5^1*7^4*11^2*23^2
13825	1536953616	225	2^4*3^8*11^4
13826	1537267264	105	2^6*13^4*29^2
13827	1537437132	252	2^2*3^3*7^6*11^2
13828	1537536384	288	2^7*3^3*23^2*29^2
13829	1537734375	80	3^9*5^7
13830	1539073536	540	2^9*3^1*7^2*11^2*13^2
13831	1539459072	180	2^11*3^2*17^4
13832	1540458018	90	2^1*3^2*11^2*29^4
13833	1542132900	729	2^2*3^2*5^2*7^2*11^2*17^2
13834	1542294000	400	2^4*3^3*5^3*13^4
13835	1542564000	504	2^5*3^6*5^3*23^2
13836	1542875052	162	2^2*3^1*17^2*23^2*29^2
13837	1543147200	630	2^6*3^9*5^2*7^2
13838	1543206735	180	3^5*5^1*7^4*23^2
13839	1543304664	168	2^3*3^13*11^2
13840	1543790178	126	2^1*3^8*7^6
13841	1544804416	49	2^6*17^6
13842	1545337500	324	2^2*3^1*5^5*7^2*29^2
13843	1545346418	90	2^1*7^2*11^2*19^4
13844	1545433344	567	2^8*3^6*7^2*13^2
13845	1546455625	75	5^4*11^4*13^2
13846	1546578150	180	2^1*3^1*5^2*13^4*19^2
13847	1546823547	40	3^7*29^4
13848	1546848900	405	2^2*3^4*5^2*19^2*23^2
13849	1547784810	324	2^1*3^2*5^1*11^2*13^2*29^2
13850	1548505350	432	2^1*3^7*5^2*7^2*17^2
13851	1549017800	180	2^3*5^2*11^4*23^2
13852	1549140528	270	2^4*3^1*13^2*19^2*23^2
13853	1549603440	600	2^4*3^3*5^1*7^2*11^4
13854	1549681956	57	2^2*3^18
13855	1550131200	378	2^13*3^2*5^2*29^2
13856	1550213340	324	2^2*3^1*5^1*13^2*17^2*23^2
13857	1550390625	135	3^4*5^8*7^2
13858	1550777088	270	2^8*3^1*7^4*29^2
13859	1550799432	540	2^3*3^4*7^2*13^2*17^2
13860	1551732147	90	3^5*7^2*19^4
13861	1552687500	378	2^2*3^1*5^6*7^2*13^2
13862	1553907894	180	2^1*3^1*7^2*11^4*19^2
13863	1554180615	144	3^7*5^1*13^2*29^2
13864	1554251776	171	2^18*7^2*11^2
13865	1555146450	270	2^1*3^2*5^2*11^2*13^4
13866	1555260000	540	2^5*3^1*5^4*7^2*23^2
13867	1555418700	486	2^2*3^5*5^2*11^2*23^2
13868	1555513600	243	2^8*5^2*17^2*29^2
13869	1555908025	63	5^2*7^6*23^2
13870	1556006760	648	2^3*3^8*5^1*7^2*11^2
13871	1557504000	504	2^13*3^2*5^3*13^2
13872	1557723024	405	2^4*3^2*11^2*13^2*23^2
13873	1558152960	540	2^8*3^1*5^1*7^4*13^2
13874	1559520000	540	2^8*3^3*5^4*19^2
13875	1560169800	540	2^3*3^2*5^2*7^4*19^2
13876	1560329001	189	3^6*7^2*11^2*19^2
13877	1560600000	504	2^6*3^3*5^5*17^2
13878	1560674304	324	2^17*3^5*7^2
13879	1561250250	360	2^1*3^2*5^3*7^4*17^2
13880	1561572675	120	3^7*5^2*13^4
13881	1561830400	297	2^10*5^2*13^2*19^2
13882	1561846050	198	2^1*3^10*5^2*23^2
13883	1562436540	252	2^2*3^13*5^1*7^2
13884	1562500000	72	2^5*5^11
13885	1562516802	126	2^1*3^2*7^2*11^6
13886	1563048960	396	2^10*3^1*5^1*11^2*29^2
13887	1563886116	105	2^2*3^4*13^6
13888	1564159896	288	2^3*3^7*13^2*23^2
13889	1564418048	126	2^13*19^2*23^2
13890	1564935000	360	2^3*3^1*5^4*17^2*19^2
13891	1565501440	216	2^11*5^1*17^2*23^2
13892	1566093312	468	2^12*3^3*7^2*17^2
13893	1566972225	243	3^2*5^2*7^2*13^2*29^2
13894	1568000000	252	2^11*5^6*7^2
13895	1568160000	675	2^8*3^4*5^4*11^2
13896	1568813400	720	2^3*3^3*5^2*7^4*11^2
13897	1568973483	120	3^7*7^2*11^4
13898	1569507840	420	2^9*3^6*5^1*29^2
13899	1569568392	324	2^3*3^2*7^2*23^2*29^2
13900	1570483200	594	2^10*3^1*5^2*11^2*13^2
13901	1571137568	270	2^5*7^4*11^2*13^2
13902	1571531136	240	2^7*3^1*7^2*17^4
13903	1572516000	648	2^5*3^2*5^3*11^2*19^2
13904	1572864000	184	2^22*3^1*5^3
13905	1573085184	252	2^13*3^1*11^2*23^2
13906	1573171215	180	3^1*5^1*7^4*11^2*19^2
13907	1573519360	180	2^17*5^1*7^4
13908	1573605000	540	2^3*3^2*5^4*11^2*17^2
13909	1573867584	315	2^6*3^4*19^2*29^2
13910	1574105625	75	3^2*5^4*23^4
13911	1574640000	400	2^7*3^9*5^4
13912	1575296100	405	2^2*3^8*5^2*7^4
13913	1576074368	120	2^7*11^4*29^2
13914	1576884100	135	2^2*5^2*11^2*19^4
13915	1576972800	630	2^9*3^6*5^2*13^2
13916	1577033640	648	2^3*3^2*5^1*7^2*13^2*23^2
13917	1577629872	450	2^4*3^5*7^4*13^2
13918	1579014000	480	2^4*3^7*5^3*19^2
13919	1579309056	240	2^11*3^3*13^4
13920	1579332402	162	2^1*3^2*17^2*19^2*29^2
13921	1579585536	273	2^12*3^6*23^2
13922	1580107500	360	2^2*3^7*5^4*17^2
13923	1581414289	81	7^2*13^2*19^2*23^2
13924	1582031250	110	2^1*3^4*5^10
13925	1582425600	540	2^9*3^1*5^2*7^2*29^2
13926	1582448400	675	2^4*3^4*5^2*13^2*17^2
13927	1582587072	378	2^6*3^5*11^2*29^2
13928	1583084944	105	2^4*7^6*29^2
13929	1583400150	180	2^1*3^5*5^2*19^4
13930	1583570560	240	2^7*5^1*11^4*13^2
13931	1584375000	216	2^3*3^1*5^8*13^2
13932	1584792768	210	2^6*3^1*13^4*17^2
13933	1585070208	360	2^7*3^4*17^2*23^2
13934	1585620300	270	2^2*3^1*5^2*11^4*19^2
13935	1585745928	180	2^3*3^2*13^2*19^4
13936	1585971200	180	2^19*5^2*11^2
13937	1586718375	120	3^1*5^3*11^4*17^2
13938	1586844090	324	2^1*3^2*5^1*13^2*17^2*19^2
13939	1587000000	294	2^6*3^1*5^6*23^2
13940	1587600000	720	2^7*3^4*5^5*7^2
13941	1587661250	150	2^1*5^4*7^4*23^2
13942	1588082166	216	2^1*3^3*11^2*17^2*29^2
13943	1588261500	336	2^2*3^3*5^3*7^6
13944	1589126688	198	2^5*3^10*29^2
13945	1590015625	63	5^6*11^2*29^2
13946	1590114240	756	2^6*3^5*5^1*11^2*13^2
13947	1590175587	162	3^1*7^2*11^2*13^2*23^2
13948	1590573924	135	2^2*3^2*17^4*23^2
13949	1591382250	120	2^1*3^2*5^3*29^4
13950	1592010000	675	2^4*3^2*5^4*7^2*19^2
13951	1592172450	378	2^1*3^6*5^2*11^2*19^2
13952	1592524800	342	2^18*3^5*5^2
13953	1592586240	468	2^12*3^1*5^1*7^2*23^2
13954	1593188352	350	2^13*3^4*7^4
13955	1594404900	189	2^2*3^2*5^2*11^6
13956	1594531224	432	2^3*3^3*11^2*13^2*19^2
13957	1594644489	81	3^8*17^2*29^2
13958	1594884096	189	2^20*3^2*13^2
13959	1596432250	120	2^1*5^3*7^2*19^4
13960	1596684960	396	2^5*3^10*5^1*13^2
13961	1598054400	504	2^13*3^3*5^2*17^2
13962	1598720256	405	2^8*3^2*7^4*17^2
13963	1598751675	108	3^11*5^2*19^2
13964	1598951250	270	2^1*3^2*5^4*13^2*29^2
13965	1600000000	117	2^12*5^8
13966	1600225000	216	2^3*5^5*11^2*23^2
13967	1600421888	144	2^15*13^2*17^2
13968	1600830000	900	2^4*3^3*5^4*7^2*11^2
13969	1600993350	240	2^1*3^7*5^2*11^4
13970	1601120196	243	2^2*3^8*13^2*19^2
13971	1601384448	130	2^12*3^1*19^4
13972	1601600400	405	2^4*3^2*5^2*23^2*29^2
13973	1602493440	396	2^10*3^1*5^1*17^2*19^2
13974	1603201600	567	2^6*5^2*7^2*11^2*13^2
13975	1603365192	300	2^3*3^4*11^4*13^2
13976	1603603200	270	2^8*3^1*5^2*17^4
13977	1604271368	100	2^3*7^4*17^4
13978	1605795840	480	2^15*3^4*5^1*11^2
13979	1605857792	270	2^9*7^2*11^2*23^2
13980	1606049290	108	2^1*5^1*19^2*23^2*29^2
13981	1606556250	180	2^1*3^2*5^5*13^4
13982	1606656492	324	2^2*3^3*7^2*19^2*29^2
13983	1606837500	324	2^2*3^5*5^5*23^2
13984	1607445000	540	2^3*3^8*5^4*7^2
13985	1607609025	117	3^12*5^2*11^2
13986	1607769135	216	3^3*5^1*7^2*17^2*29^2
13987	1609826400	972	2^5*3^5*5^2*7^2*13^2
13988	1609990668	270	2^2*3^9*11^2*13^2
13989	1610256384	351	2^12*3^2*11^2*19^2
13990	1610497161	105	3^4*7^6*13^2
13991	1610612736	60	2^29*3^1
13992	1611884160	240	2^7*3^2*5^1*23^4
13993	1612211328	360	2^7*3^2*7^2*13^4
13994	1612431360	300	2^14*3^9*5^1
13995	1612493568	486	2^8*3^5*7^2*23^2
13996	1613688050	162	2^1*5^2*13^2*19^2*23^2
13997	1614170250	360	2^1*3^2*5^3*7^2*11^4
13998	1614298140	648	2^2*3^3*5^1*7^2*13^2*19^2
13999	1614720000	330	2^10*3^1*5^4*29^2
14000	1615392800	270	2^5*5^2*7^4*29^2
14001	1615416075	324	3^3*5^2*7^2*13^2*17^2
14002	1615557636	405	2^2*3^4*7^2*11^2*29^2
14003	1615847552	216	2^7*11^2*17^2*19^2
14004	1616361616	75	2^4*19^2*23^4
14005	1616643522	90	2^1*3^14*13^2
14006	1616910336	288	2^11*3^7*19^2
14007	1616966560	180	2^5*5^1*11^2*17^4
14008	1617809284	135	2^2*7^2*13^4*17^2
14009	1618092504	432	2^3*3^3*7^2*17^2*23^2
14010	1619177472	260	2^12*3^3*11^4
14011	1620062500	189	2^2*5^6*7^2*23^2
14012	1620840375	288	3^7*5^3*7^2*11^2
14013	1622233494	180	2^1*3^9*7^2*29^2
14014	1622400000	396	2^10*3^1*5^5*13^2
14015	1622524608	378	2^6*3^5*17^2*19^2
14016	1622628150	324	2^1*3^1*5^2*11^2*13^2*23^2
14017	1623076000	360	2^5*5^3*7^4*13^2
14018	1623648240	300	2^4*3^5*5^1*17^4
14019	1624500000	378	2^5*3^2*5^6*19^2
14020	1624799616	240	2^7*3^1*11^4*17^2
14021	1625176875	150	3^1*5^4*7^4*19^2
14022	1625316528	150	2^4*3^1*11^2*23^4
14023	1625625000	288	2^3*3^2*5^7*17^2
14024	1625702400	675	2^14*3^4*5^2*7^2
14025	1625868288	324	2^11*3^8*11^2
14026	1626379776	280	2^9*3^3*7^6
14027	1628110848	306	2^16*3^1*7^2*13^2
14028	1628158374	120	2^1*3^3*17^4*19^2
14029	1628176000	288	2^7*5^3*11^2*29^2
14030	1629333225	189	3^6*5^2*13^2*23^2
14031	1629575424	135	2^8*3^2*29^4
14032	1630140625	63	5^6*17^2*19^2
14033	1630218240	648	2^11*3^2*5^1*7^2*19^2
14034	1631347200	810	2^9*3^2*5^2*7^2*17^2
14035	1631461442	18	2^1*13^8
14036	1631513664	441	2^6*3^6*11^2*17^2
14037	1631747052	180	2^2*3^3*13^4*23^2
14038	1632026928	210	2^4*3^1*7^6*17^2
14039	1632032712	140	2^3*3^6*23^4
14040	1632586752	154	2^10*3^13
14041	1633500000	504	2^5*3^3*5^6*11^2
14042	1634180625	225	3^2*5^4*7^4*11^2
14043	1634746624	135	2^8*7^2*19^4
14044	1634904000	504	2^6*3^5*5^3*29^2
14045	1634967075	162	3^1*5^2*7^2*23^2*29^2
14046	1635233672	60	2^3*17^2*29^4
14047	1635585210	300	2^1*3^4*5^1*7^4*29^2
14048	1635920000	360	2^7*5^4*11^2*13^2
14049	1637011600	225	2^4*5^2*7^2*17^4
14050	1637178642	150	2^1*3^4*11^2*17^4
14051	1638037500	324	2^2*3^1*5^5*11^2*19^2
14052	1638255456	216	2^5*3^11*17^2
14053	1638400000	120	2^19*5^5
14054	1638630400	297	2^10*5^2*11^2*23^2
14055	1639171875	126	3^1*5^6*11^2*17^2
14056	1639445400	432	2^3*3^3*5^2*19^2*29^2
14057	1640250000	315	2^4*3^8*5^6
14058	1641874208	162	2^5*13^2*19^2*29^2
14059	1642680000	630	2^6*3^5*5^4*13^2
14060	1642743375	216	3^1*5^3*7^2*13^2*23^2
14061	1643011240	216	2^3*5^1*13^2*17^2*29^2
14062	1643364450	450	2^1*3^4*5^2*7^4*13^2
14063	1643803392	486	2^8*3^1*7^2*11^2*19^2
14064	1643943843	50	3^9*17^4
14065	1643999415	60	3^1*5^1*19^4*29^2
14066	1644167168	78	2^25*7^2
14067	1644806250	252	2^1*3^6*5^5*19^2
14068	1644941760	756	2^6*3^1*5^1*7^2*11^2*17^2
14069	1645113600	405	2^8*3^2*5^2*13^4
14070	1645401600	540	2^9*3^5*5^2*23^2
14071	1645799064	200	2^3*3^1*7^4*13^4
14072	1646087184	375	2^4*3^4*7^4*23^2
14073	1647839232	324	2^11*3^2*13^2*23^2
14074	1648360000	315	2^6*5^4*7^2*29^2
14075	1648383750	360	2^1*3^3*5^4*13^2*17^2
14076	1648528200	540	2^3*3^4*5^2*11^2*29^2
14077	1649683360	180	2^5*5^1*13^4*19^2
14078	1649972160	504	2^6*3^3*5^1*19^2*23^2
14079	1650390625	33	5^10*13^2
14080	1650595968	504	2^7*3^6*7^2*19^2
14081	1650825800	180	2^3*5^2*13^4*17^2
14082	1650970464	324	2^5*3^1*11^2*13^2*29^2
14083	1651114800	540	2^4*3^3*5^2*17^2*23^2
14084	1651739040	756	2^5*3^6*5^1*7^2*17^2
14085	1651818675	90	3^1*5^2*13^2*19^4
14086	1652910336	405	2^8*3^2*7^2*11^4
14087	1653125000	108	2^3*5^8*23^2
14088	1653560896	189	2^6*13^2*17^2*23^2
14089	1653750000	480	2^4*3^3*5^7*7^2
14090	1654555416	120	2^3*3^1*19^4*23^2
14091	1655340300	270	2^2*3^9*5^2*29^2
14092	1656327204	405	2^2*3^4*7^2*17^2*19^2
14093	1656369000	720	2^3*3^4*5^3*11^2*13^2
14094	1657792656	315	2^4*3^6*13^2*29^2
14095	1658343750	252	2^1*3^1*5^6*7^2*19^2
14096	1658649608	180	2^3*7^2*11^4*17^2
14097	1658880000	400	2^15*3^4*5^4
14098	1658944000	360	2^9*5^3*7^2*23^2
14099	1659177289	45	7^2*11^2*23^4
14100	1659571200	660	2^10*3^3*5^2*7^4
14101	1659740544	576	2^7*3^7*7^2*11^2
14102	1660262688	162	2^5*3^2*7^8
14103	1660970025	243	3^2*5^2*11^2*13^2*19^2
14104	1661337600	324	2^17*3^1*5^2*13^2
14105	1662029824	195	2^12*7^4*13^2
14106	1662265935	120	3^3*5^1*11^4*29^2
14107	1663213500	360	2^2*3^9*5^3*13^2
14108	1663524912	150	2^4*3^1*7^2*29^4
14109	1663721928	324	2^3*3^2*11^2*19^2*23^2
14110	1664090112	126	2^20*3^1*23^2
14111	1664640000	495	2^10*3^2*5^4*17^2
14112	1664874090	324	2^1*3^2*5^1*11^2*17^2*23^2
14113	1665333600	540	2^5*3^1*5^2*7^4*17^2
14114	1665503532	486	2^2*3^5*7^2*11^2*17^2
14115	1666027489	27	7^8*17^2
14116	1666598976	273	2^6*3^12*7^2
14117	1667252224	135	2^14*11^2*29^2
14118	1667531250	378	2^1*3^2*5^6*7^2*11^2
14119	1668108800	150	2^9*5^2*19^4
14120	1668333750	180	2^1*3^1*5^4*23^2*29^2
14121	1669264000	288	2^7*5^3*17^2*19^2
14122	1670172075	180	3^3*5^2*11^4*13^2
14123	1670304402	150	2^1*3^4*13^4*19^2
14124	1670420000	150	2^5*5^4*17^4
14125	1670596812	216	2^2*3^7*19^2*23^2
14126	1671437040	540	2^4*3^1*5^1*7^2*13^2*29^2
14127	1671753735	144	3^7*5^1*17^2*23^2
14128	1672385778	198	2^1*3^10*7^2*17^2
14129	1672646404	75	2^2*11^4*13^4
14130	1672704000	624	2^12*3^3*5^3*11^2
14131	1672939224	240	2^3*3^3*11^4*23^2
14132	1673400960	720	2^7*3^2*5^1*7^4*11^2
14133	1674141696	252	2^13*3^5*29^2
14134	1674421875	168	3^7*5^6*7^2
14135	1676902500	675	2^2*3^4*5^4*7^2*13^2
14136	1677350400	540	2^9*3^1*5^2*11^2*19^2
14137	1677721600	81	2^26*5^2
14138	1678049296	225	2^4*7^4*11^2*19^2
14139	1679046000	200	2^4*3^1*5^3*23^4
14140	1679386800	450	2^4*3^1*5^2*7^2*13^4
14141	1679558166	180	2^1*3^5*11^2*13^4
14142	1679616000	432	2^11*3^8*5^3
14143	1679680800	810	2^5*3^4*5^2*7^2*23^2
14144	1679852196	243	2^2*3^8*11^2*23^2
14145	1679954688	324	2^8*3^3*17^2*29^2
14146	1680315840	560	2^6*3^7*5^1*7^4
14147	1680380667	84	3^3*7^6*23^2
14148	1682000000	168	2^7*5^6*29^2
14149	1682169216	432	2^7*3^1*7^2*13^2*23^2
14150	1684281600	567	2^8*3^6*5^2*19^2
14151	1684983384	360	2^3*3^5*7^4*19^2
14152	1685365682	162	2^1*7^2*11^2*13^2*29^2
14153	1685513025	243	3^2*5^2*7^2*17^2*23^2
14154	1685787864	120	2^3*3^1*17^4*29^2
14155	1686498489	55	3^10*13^4
14156	1686643200	450	2^9*3^2*5^2*11^4
14157	1686776832	396	2^10*3^3*13^2*19^2
14158	1686793734	84	2^1*3^13*23^2
14159	1687345968	250	2^4*3^1*7^4*11^4
14160	1687920640	252	2^13*5^1*7^2*29^2
14161	1687944960	648	2^8*3^3*5^1*13^2*17^2
14162	1688960160	300	2^5*3^4*5^1*19^4
14163	1690000000	192	2^7*5^7*13^2
14164	1690129800	540	2^3*3^4*5^2*17^2*19^2
14165	1691300250	200	2^1*3^4*5^3*17^4
14166	1692187500	162	2^2*3^1*5^8*19^2
14167	1692330003	162	3^5*7^2*13^2*29^2
14168	1692499600	225	2^4*5^2*11^4*17^2
14169	1692633696	324	2^5*3^1*13^2*17^2*19^2
14170	1693038050	90	2^1*5^2*11^2*23^4
14171	1693359375	60	3^1*5^9*17^2
14172	1693381690	180	2^1*5^1*7^2*11^2*13^4
14173	1693440000	720	2^11*3^3*5^4*7^2
14174	1693612800	648	2^8*3^7*5^2*11^2
14175	1693651716	63	2^2*3^2*19^6
14176	1693678140	648	2^2*3^3*5^1*7^2*11^2*23^2
14177	1694145600	441	2^6*3^2*5^2*7^6
14178	1694318472	420	2^3*3^6*7^4*11^2
14179	1694851494	44	2^1*3^1*7^10
14180	1695948800	378	2^13*5^2*7^2*13^2
14181	1696121856	495	2^10*3^4*11^2*13^2
14182	1697474400	180	2^5*3^1*5^2*29^4
14183	1698144000	648	2^8*3^1*5^3*7^2*19^2
14184	1698181681	25	7^4*29^4
14185	1698758656	153	2^16*7^2*23^2
14186	1698851560	168	2^3*5^1*7^6*19^2
14187	1699320000	630	2^6*3^1*5^4*7^2*17^2
14188	1699493400	648	2^3*3^5*5^2*11^2*17^2
14189	1700028050	126	2^1*5^2*7^6*17^2
14190	1700034075	90	3^5*5^2*23^4
14191	1700379135	180	3^5*5^1*7^2*13^4
14192	1700611200	312	2^7*3^12*5^2
14193	1700676810	324	2^1*3^8*5^1*7^2*23^2
14194	1700698560	196	2^6*3^1*5^1*11^6
14195	1701319788	180	2^2*3^11*7^4
14196	1701562500	243	2^2*3^2*5^8*11^2
14197	1702011168	486	2^5*3^2*11^2*13^2*17^2
14198	1702552644	135	2^2*3^2*13^2*23^4
14199	1703025000	360	2^3*3^4*5^5*29^2
14200	1703034828	180	2^2*3^3*11^2*19^4
14201	1703130624	300	2^9*3^9*13^2
14202	1703411712	180	2^19*3^2*19^2
14203	1704214215	216	3^3*5^1*11^2*17^2*19^2
14204	1704591360	324	2^17*3^2*5^1*17^2
14205	1706516100	297	2^2*3^10*5^2*17^2
14206	1707726240	420	2^5*3^6*5^1*11^4
14207	1707755625	135	3^2*5^4*19^2*29^2
14208	1707920929	45	11^2*13^2*17^4
14209	1708373760	324	2^8*3^1*5^1*23^2*29^2
14210	1708593750	144	2^1*3^7*5^8
14211	1709019648	450	2^9*3^4*7^2*29^2
14212	1709044272	360	2^4*3^7*13^2*17^2
14213	1709326336	135	2^14*17^2*19^2
14214	1710072162	90	2^1*3^8*19^4
14215	1711125000	420	2^3*3^4*5^6*13^2
14216	1712295200	486	2^5*5^2*7^2*11^2*19^2
14217	1712469924	225	2^2*3^4*11^4*19^2
14218	1712848896	240	2^19*3^3*11^2
14219	1713481000	432	2^3*5^3*7^2*11^2*17^2
14220	1713660000	300	2^5*3^1*5^4*13^4
14221	1713960000	525	2^6*3^4*5^4*23^2
14222	1714374025	75	5^2*7^4*13^4
14223	1714674150	360	2^1*3^3*5^2*7^4*23^2
14224	1714782960	360	2^4*3^11*5^1*11^2
14225	1714871048	36	2^3*11^8
14226	1714953744	405	2^4*3^2*7^2*17^2*29^2
14227	1716499200	486	2^8*3^1*5^2*13^2*23^2
14228	1717148160	900	2^9*3^4*5^1*7^2*13^2
14229	1717214408	180	2^3*7^4*13^2*23^2
14230	1717216875	180	3^3*5^4*11^2*29^2
14231	1718721000	432	2^3*3^2*5^3*19^2*23^2
14232	1718796288	270	2^14*3^1*11^2*17^2
14233	1719343104	120	2^11*3^1*23^4
14234	1719370800	810	2^4*3^5*5^2*7^2*19^2
14235	1719546246	180	2^1*3^9*11^2*19^2
14236	1719760900	243	2^2*5^2*11^2*13^2*29^2
14237	1719911250	270	2^1*3^2*5^4*17^2*23^2
14238	1719926784	171	2^18*3^8
14239	1720561500	648	2^2*3^5*5^3*7^2*17^2
14240	1721781600	540	2^5*3^1*5^2*7^2*11^4
14241	1721868840	136	2^3*3^16*5^1
14242	1721918016	567	2^6*3^2*7^2*13^2*19^2
14243	1721957292	126	2^2*3^5*11^6
14244	1722499009	35	7^6*11^4
14245	1722610208	162	2^5*11^2*23^2*29^2
14246	1722656250	180	2^1*3^2*5^9*7^2
14247	1723495225	45	5^2*19^4*23^2
14248	1725384375	216	3^3*5^5*11^2*13^2
14249	1725898752	294	2^13*3^6*17^2
14250	1726651809	45	3^14*19^2
14251	1726867350	324	2^1*3^5*5^2*13^2*29^2
14252	1727896898	162	2^1*7^2*13^2*17^2*19^2
14253	1728000000	364	2^12*3^3*5^6
14254	1728720000	600	2^7*3^2*5^4*7^4
14255	1728896400	945	2^4*3^6*5^2*7^2*11^2
14256	1729072818	110	2^1*3^10*11^4
14257	1729425672	180	2^3*3^2*13^4*29^2
14258	1729440300	162	2^2*3^1*5^2*7^8
14259	1729728432	270	2^4*3^5*23^2*29^2
14260	1730560000	225	2^14*5^4*13^2
14261	1730803360	324	2^5*5^1*11^2*13^2*23^2
14262	1731457728	756	2^6*3^3*7^2*11^2*13^2
14263	1731891456	225	2^8*3^4*17^4
14264	1732838450	90	2^1*5^2*7^2*29^4
14265	1733043675	162	3^1*5^2*11^2*19^2*23^2
14266	1733427200	162	2^17*5^2*23^2
14267	1733698890	540	2^1*3^4*5^1*7^2*11^2*19^2
14268	1734000000	336	2^7*3^1*5^6*17^2
14269	1734082560	456	2^18*3^3*5^1*7^2
14270	1734722500	225	2^2*5^4*7^4*17^2
14271	1736040600	432	2^3*3^11*5^2*7^2
14272	1736217747	48	3^15*11^2
14273	1737469734	324	2^1*3^1*7^2*11^2*13^2*17^2
14274	1737651240	168	2^3*3^2*5^1*13^6
14275	1737904968	84	2^3*3^2*17^6
14276	1737955440	540	2^4*3^5*5^1*13^2*23^2
14277	1738612512	486	2^5*3^8*7^2*13^2
14278	1738899456	288	2^15*3^1*7^2*19^2
14279	1740862935	180	3^9*5^1*7^2*19^2
14280	1741080250	216	2^1*5^3*7^2*13^2*29^2
14281	1742400000	540	2^9*3^2*5^5*11^2
14282	1742478049	21	13^6*19^2
14283	1742645025	135	3^2*5^2*11^4*23^2
14284	1742783094	216	2^1*3^3*13^2*19^2*23^2
14285	1743126000	600	2^4*3^1*5^3*7^4*11^2
14286	1743897600	495	2^10*3^4*5^2*29^2
14287	1744624224	360	2^5*3^3*7^4*29^2
14288	1744649361	189	3^6*7^2*13^2*17^2
14289	1746481152	234	2^12*3^1*13^2*29^2
14290	1747240000	315	2^6*5^4*11^2*19^2
14291	1748533248	432	2^15*3^2*7^2*11^2
14292	1748741760	432	2^7*3^2*5^1*19^2*29^2
14293	1749006250	60	2^1*5^5*23^4
14294	1749361250	150	2^1*5^4*7^2*13^4
14295	1749600000	432	2^8*3^7*5^5
14296	1749667500	540	2^2*3^3*5^4*7^2*23^2
14297	1749952800	486	2^5*3^2*5^2*17^2*29^2
14298	1750329000	560	2^3*3^6*5^3*7^4
14299	1750681947	90	3^1*7^4*17^2*29^2
14300	1752131667	42	3^1*11^2*13^6
14301	1752259600	405	2^4*5^2*7^2*13^2*23^2
14302	1752438402	270	2^1*3^4*11^2*13^2*23^2
14303	1753599376	75	2^4*19^4*29^2
14304	1754460000	540	2^5*3^5*5^4*19^2
14305	1754604544	297	2^10*7^2*11^2*17^2
14306	1754787840	260	2^12*3^1*5^1*13^4
14307	1755095040	420	2^13*3^4*5^1*23^2
14308	1755162752	120	2^7*7^2*23^4
14309	1755191025	225	3^4*5^2*7^4*19^2
14310	1755758592	360	2^14*3^7*7^2
14311	1756029025	45	5^2*17^4*29^2
14312	1756920000	350	2^6*3^1*5^4*11^4
14313	1757059200	648	2^7*3^2*5^2*13^2*19^2
14314	1757652050	150	2^1*5^2*7^4*11^4
14315	1757791308	270	2^2*3^1*7^4*13^2*19^2
14316	1758276000	648	2^5*3^2*5^3*13^2*17^2
14317	1759008615	180	3^1*5^1*7^4*13^2*17^2
14318	1759333500	240	2^2*3^3*5^3*19^4
14319	1759679883	90	3^9*13^2*23^2
14320	1759970304	297	2^10*3^2*19^2*23^2
14321	1760551875	180	3^3*5^4*17^2*19^2
14322	1761854976	540	2^9*3^5*7^2*17^2
14323	1763160100	243	2^2*5^2*13^2*17^2*19^2
14324	1763314608	270	2^4*3^1*11^2*19^2*29^2
14325	1763704832	66	2^21*29^2
14326	1764000000	567	2^8*3^2*5^6*7^2
14327	1764180000	630	2^5*3^6*5^4*11^2
14328	1764535740	324	2^2*3^1*5^1*11^2*17^2*29^2
14329	1764735000	280	2^3*3^1*5^4*7^6
14330	1764915075	270	3^5*5^2*7^4*11^2
14331	1765764441	135	3^4*7^2*23^2*29^2
14332	1766081312	162	2^5*17^2*19^2*23^2
14333	1766793600	864	2^7*3^3*5^2*11^2*13^2
14334	1767304360	120	2^3*5^1*17^4*23^2
14335	1767529764	405	2^2*3^2*7^4*11^2*13^2
14336	1767972528	300	2^4*3^3*7^2*17^4
14337	1768202500	75	2^2*5^4*29^4
14338	1768900000	324	2^5*5^5*7^2*19^2
14339	1769411072	150	2^9*11^2*13^4
14340	1769720832	396	2^10*3^3*11^2*23^2
14341	1770125000	252	2^3*5^6*7^2*17^2
14342	1770305625	225	3^4*5^4*11^2*17^2
14343	1770601032	252	2^3*3^6*19^2*29^2
14344	1771470000	300	2^4*3^11*5^4
14345	1771561000	112	2^3*5^3*11^6
14346	1771701360	540	2^4*3^1*5^1*11^2*13^2*19^2
14347	1771827210	252	2^1*3^6*5^1*17^2*29^2
14348	1772093440	132	2^21*5^1*13^2
14349	1772928300	486	2^2*3^1*5^2*11^2*13^2*17^2
14350	1773083664	225	2^4*3^2*11^4*29^2
14351	1773984375	96	3^3*5^7*29^2
14352	1774094400	567	2^6*3^8*5^2*13^2
14353	1774387200	306	2^16*3^1*5^2*19^2
14354	1774833606	240	2^1*3^7*7^4*13^2
14355	1775126528	180	2^11*7^4*19^2
14356	1775616000	360	2^14*3^1*5^3*17^2
14357	1775865696	324	2^5*3^1*11^2*17^2*23^2
14358	1776355840	300	2^9*5^1*7^4*17^2
14359	1776430668	42	2^2*3^1*23^6
14360	1776722688	270	2^8*3^5*13^4
14361	1777033728	270	2^9*3^8*23^2
14362	1778881500	360	2^2*3^5*5^3*11^4
14363	1779022440	504	2^3*3^6*5^1*13^2*19^2
14364	1779556000	216	2^5*5^3*23^2*29^2
14365	1780228800	756	2^6*3^3*5^2*7^2*29^2
14366	1780254450	378	2^1*3^6*5^2*13^2*17^2
14367	1780410456	288	2^3*3^7*11^2*29^2
14368	1780970562	126	2^1*3^2*7^6*29^2
14369	1782421875	108	3^3*5^8*13^2
14370	1782866176	243	2^8*7^2*13^2*29^2
14371	1782891864	240	2^3*3^3*13^4*17^2
14372	1783203984	315	2^4*3^6*17^2*23^2
14373	1783964169	75	3^4*13^2*19^4
14374	1784217600	459	2^16*3^2*5^2*11^2
14375	1784469963	14	3^1*29^6
14376	1784961024	360	2^11*3^1*7^4*11^2
14377	1785062500	105	2^2*5^6*13^4
14378	1785375000	336	2^3*3^3*5^6*23^2
14379	1786232250	264	2^1*3^10*5^3*11^2
14380	1786410150	324	2^1*3^1*5^2*7^2*17^2*29^2
14381	1786465538	90	2^1*11^4*13^2*19^2
14382	1787767524	117	2^2*3^12*29^2
14383	1788020000	270	2^5*5^4*13^2*23^2
14384	1788696000	1008	2^6*3^3*5^3*7^2*13^2
14385	1789173760	252	2^13*5^1*11^2*19^2
14386	1789441290	252	2^1*3^2*5^1*7^6*13^2
14387	1790334375	108	3^1*5^5*19^2*23^2
14388	1790412800	324	2^11*5^2*11^2*17^2
14389	1790982400	135	2^8*5^2*23^4
14390	1791011250	450	2^1*3^4*5^4*7^2*19^2
14391	1791590400	384	2^15*3^7*5^2
14392	1792336896	385	2^10*3^6*7^4
14393	1792957335	60	3^1*5^1*13^2*29^4
14394	1793522500	225	2^2*5^4*7^2*11^4
14395	1793613375	64	3^15*5^3
14396	1793664600	648	2^3*3^1*5^2*7^2*13^2*19^2
14397	1793847627	162	3^5*11^2*13^2*19^2
14398	1794244608	270	2^17*3^4*13^2
14399	1795064040	648	2^3*3^2*5^1*7^2*11^2*29^2
14400	1796362854	84	2^1*3^1*11^6*13^2
14401	1796567040	468	2^12*3^5*5^1*19^2
14402	1796636352	378	2^6*3^1*7^2*19^2*23^2
14403	1797811200	594	2^10*3^5*5^2*17^2
14404	1797880560	540	2^4*3^1*5^1*7^2*17^2*23^2
14405	1798560288	450	2^5*3^4*7^4*17^2
14406	1800000000	270	2^9*3^2*5^8
14407	1800050329	81	7^2*11^2*19^2*29^2
14408	1800474624	351	2^12*3^2*13^2*17^2
14409	1800750000	350	2^4*3^1*5^6*7^4
14410	1800933750	540	2^1*3^5*5^4*7^2*11^2
14411	1801485075	90	3^1*5^2*13^4*29^2
14412	1801557504	200	2^9*3^3*19^4
14413	1801800450	270	2^1*3^4*5^2*23^2*29^2
14414	1802481660	432	2^2*3^7*5^1*7^2*29^2
14415	1803601800	972	2^3*3^2*5^2*7^2*11^2*13^2
14416	1803785841	105	3^6*11^4*13^2
14417	1804053600	360	2^5*3^3*5^2*17^4
14418	1804469784	216	2^3*3^1*13^2*23^2*29^2
14419	1804805289	75	3^2*7^4*17^4
14420	1806250000	135	2^4*5^8*17^2
14421	1806336000	576	2^15*3^2*5^3*7^2
14422	1806590016	567	2^6*3^2*7^2*11^2*23^2
14423	1806726272	120	2^7*13^2*17^4
14424	1807088640	308	2^10*3^1*5^1*7^6
14425	1807812912	150	2^4*3^1*17^2*19^4
14426	1808375625	165	3^10*5^4*7^2
14427	1809064860	180	2^2*3^1*5^1*17^4*19^2
14428	1810022907	90	3^1*7^2*11^4*29^2
14429	1810053375	56	3^1*5^3*13^6
14430	1810317675	42	3^1*5^2*17^6
14431	1810370250	360	2^1*3^4*5^3*13^2*23^2
14432	1810639360	100	2^9*5^1*29^4
14433	1811054700	648	2^2*3^7*5^2*7^2*13^2
14434	1811353600	351	2^12*5^2*7^2*19^2
14435	1811538432	450	2^9*3^4*11^2*19^2
14436	1811939328	108	2^26*3^3
14437	1812792960	720	2^7*3^4*5^1*11^2*17^2
14438	1812862898	162	2^1*7^2*11^2*17^2*23^2
14439	1813737744	375	2^4*3^4*7^2*13^4
14440	1814055264	432	2^5*3^7*7^2*23^2
14441	1814078464	77	2^10*11^6
14442	1815000000	336	2^6*3^1*5^7*11^2
14443	1815756250	180	2^1*5^5*7^4*11^2
14444	1816560000	480	2^7*3^3*5^4*29^2
14445	1817316900	405	2^2*3^2*5^2*7^4*29^2
14446	1817828496	405	2^4*3^2*11^2*17^2*19^2
14447	1818230784	132	2^21*3^1*17^2
14448	1818406818	90	2^1*3^2*19^2*23^4
14449	1818631815	180	3^1*5^1*7^2*11^4*13^2
14450	1819024128	270	2^8*3^9*19^2
14451	1819251200	270	2^9*5^2*13^2*29^2
14452	1820283840	420	2^6*3^9*5^1*17^2
14453	1820354067	162	3^5*7^2*17^2*23^2
14454	1821388800	702	2^12*3^1*5^2*7^2*11^2
14455	1821574656	300	2^9*3^5*11^4
14456	1821606000	360	2^4*3^1*5^3*19^2*29^2
14457	1822147712	168	2^7*7^6*11^2
14458	1822265344	117	2^12*23^2*29^2
14459	1822500000	336	2^5*3^6*5^7
14460	1822867500	270	2^2*3^1*5^4*17^2*29^2
14461	1823259375	180	3^5*5^5*7^4
14462	1825340184	288	2^3*3^7*17^2*19^2
14463	1827562500	315	2^2*3^4*5^6*19^2
14464	1827899568	300	2^4*3^3*11^4*17^2
14465	1827904000	200	2^9*5^3*13^4
14466	1828161049	45	11^2*13^4*23^2
14467	1828224000	528	2^10*3^3*5^3*23^2
14468	1828481094	120	2^1*3^3*11^2*23^4
14469	1828915200	756	2^11*3^6*5^2*7^2
14470	1828985760	540	2^5*3^2*5^1*7^4*23^2
14471	1829101824	297	2^8*3^10*11^2
14472	1829677248	294	2^6*3^5*7^6
14473	1830125000	140	2^3*5^6*11^4
14474	1830270000	450	2^4*3^1*5^4*13^2*19^2
14475	1831537500	324	2^2*3^1*5^5*13^2*17^2
14476	1831624704	504	2^13*3^3*7^2*13^2
14477	1833272352	150	2^5*3^4*29^4
14478	1833302400	432	2^7*3^1*5^2*19^2*23^2
14479	1834066276	135	2^2*7^4*19^2*23^2
14480	1835265600	945	2^6*3^4*5^2*7^2*17^2
14481	1835452872	324	2^3*3^8*11^2*17^2
14482	1836030294	168	2^1*3^3*7^6*17^2
14483	1836036801	45	3^8*23^4
14484	1836567040	300	2^9*5^1*7^2*11^4
14485	1836660096	128	2^7*3^15
14486	1836786050	162	2^1*5^2*11^2*19^2*29^2
14487	1837500000	324	2^5*3^1*5^8*7^2
14488	1837687500	378	2^2*3^5*5^6*11^2
14489	1837984512	486	2^8*3^1*7^2*13^2*17^2
14490	1838265625	49	5^6*7^6
14491	1839089952	270	2^5*3^2*7^2*19^4
14492	1839637881	45	3^2*17^2*29^4
14493	1840363560	648	2^3*3^2*5^1*7^2*17^2*19^2
14494	1840410000	675	2^4*3^2*5^4*11^2*13^2
14495	1841638050	270	2^1*3^2*5^2*7^2*17^4
14496	1841991840	540	2^5*3^4*5^1*13^2*29^2
14497	1843037388	126	2^2*3^13*17^2
14498	1843459200	648	2^7*3^2*5^2*11^2*23^2
14499	1844156160	972	2^8*3^5*5^1*7^2*11^2
14500	1844227308	270	2^2*3^1*7^4*11^2*23^2
14501	1844376075	162	3^5*5^2*19^2*29^2
14502	1845281250	154	2^1*3^10*5^6
14503	1845475681	45	7^2*17^2*19^4
14504	1845522250	216	2^1*5^3*11^2*13^2*19^2
14505	1846962150	180	2^1*3^1*5^2*11^4*29^2
14506	1847108484	243	2^2*3^2*13^2*19^2*29^2
14507	1848015000	480	2^3*3^7*5^4*13^2
14508	1848320000	210	2^13*5^4*19^2
14509	1849278816	648	2^5*3^3*7^2*11^2*19^2
14510	1849600000	216	2^11*5^5*17^2
14511	1849688064	207	2^22*3^2*7^2
14512	1849860100	243	2^2*5^2*11^2*17^2*23^2
14513	1850752800	450	2^5*3^4*5^2*13^4
14514	1851076800	504	2^6*3^7*5^2*23^2
14515	1851148215	120	3^3*5^1*7^2*23^4
14516	1851523947	100	3^3*7^4*13^4
14517	1851776640	528	2^7*3^10*5^1*7^2
14518	1851848082	210	2^1*3^6*7^4*23^2
14519	1853148375	216	3^5*5^3*13^2*19^2
14520	1853494656	112	2^7*3^1*13^6
14521	1853819136	405	2^8*3^4*13^2*23^2
14522	1854405000	540	2^3*3^2*5^4*7^2*29^2
14523	1854594225	189	3^6*5^2*11^2*29^2
14524	1855699923	162	3^1*7^2*11^2*17^2*19^2
14525	1856110592	162	2^17*7^2*17^2
14526	1856920464	405	2^4*3^8*7^2*19^2
14527	1857179025	135	3^2*5^2*13^4*17^2
14528	1857341772	324	2^2*3^3*11^2*13^2*29^2
14529	1857504150	324	2^1*3^5*5^2*17^2*23^2
14530	1858560000	420	2^13*3^1*5^4*11^2
14531	1858821360	300	2^4*3^1*5^1*11^4*23^2
14532	1859334400	405	2^8*5^2*7^4*11^2
14533	1859524128	450	2^5*3^4*7^2*11^4
14534	1859765625	81	3^2*5^8*23^2
14535	1860157440	360	2^14*3^3*5^1*29^2
14536	1860256008	324	2^3*3^2*13^2*17^2*23^2
14537	1861374843	60	3^3*19^4*23^2
14538	1863225000	648	2^3*3^2*5^5*7^2*13^2
14539	1865016738	162	2^1*3^8*13^2*29^2
14540	1865324544	216	2^11*3^1*19^2*29^2
14541	1865980809	135	3^2*7^2*11^4*17^2
14542	1866175740	360	2^2*3^3*5^1*11^2*13^4
14543	1866240000	455	2^12*3^6*5^4
14544	1866502440	504	2^3*3^6*5^1*11^2*23^2
14545	1867017600	720	2^7*3^5*5^2*7^4
14546	1867208112	450	2^4*3^9*7^2*11^2
14547	1867795524	135	2^2*3^4*7^8
14548	1868400625	135	5^4*7^2*13^2*19^2
14549	1869004800	540	2^14*3^3*5^2*13^2
14550	1869783552	450	2^9*3^2*7^4*13^2
14551	1869858375	216	3^1*5^3*7^2*11^2*29^2
14552	1871424000	600	2^9*3^4*5^3*19^2
14553	1871465526	120	2^1*3^3*7^2*29^4
14554	1871496200	324	2^3*5^2*7^2*19^2*23^2
14555	1871687169	135	3^4*11^2*19^2*23^2
14556	1871773696	85	2^16*13^4
14557	1872101376	216	2^17*3^3*23^2
14558	1872203760	600	2^4*3^3*5^1*7^4*19^2
14559	1872720000	600	2^7*3^4*5^4*17^2
14560	1872792250	216	2^1*5^3*7^2*17^2*23^2
14561	1873500300	540	2^2*3^3*5^2*7^4*17^2
14562	1873887210	180	2^1*3^8*5^1*13^4
14563	1874215260	216	2^2*3^11*5^1*23^2
14564	1874311538	42	2^1*11^6*23^2
14565	1874923848	180	2^3*3^14*7^2
14566	1875000000	154	2^6*3^1*5^10
14567	1875494400	540	2^9*3^1*5^2*13^2*17^2
14568	1875658752	324	2^11*3^2*11^2*29^2
14569	1875781250	90	2^1*5^8*7^4
14570	1876275856	225	2^4*7^4*13^2*17^2
14571	1876622400	315	2^6*3^2*5^2*19^4
14572	1877404326	100	2^1*3^1*7^4*19^4
14573	1878601728	234	2^12*3^1*17^2*23^2
14574	1878751875	270	3^1*5^4*7^2*11^2*13^2
14575	1879222500	225	2^2*3^2*5^4*17^4
14576	1879656025	81	5^2*13^2*23^2*29^2
14577	1881600000	468	2^12*3^1*5^5*7^2
14578	1881835240	56	2^3*5^1*19^6
14579	1881864600	648	2^3*3^1*5^2*7^2*11^2*23^2
14580	1882056627	90	3^5*11^4*23^2
14581	1882171456	189	2^6*11^2*17^2*29^2
14582	1882384000	224	2^7*5^3*7^6
14583	1882770248	60	2^3*23^4*29^2
14584	1883138450	90	2^1*5^2*17^2*19^4
14585	1883409408	264	2^10*3^7*29^2
14586	1884579840	648	2^11*3^2*5^1*11^2*13^2
14587	1887019200	756	2^6*3^3*5^2*11^2*19^2
14588	1887436800	216	2^23*3^2*5^2
14589	1887805458	270	2^1*3^2*7^4*11^2*19^2
14590	1888223232	190	2^18*3^1*7^4
14591	1888326000	720	2^4*3^3*5^3*11^2*17^2
14592	1889310150	360	2^1*3^3*5^2*7^2*13^4
14593	1889640900	567	2^2*3^6*5^2*7^2*23^2
14594	1889814784	243	2^8*11^2*13^2*19^2
14595	1889949024	324	2^5*3^5*17^2*29^2
14596	1890625000	120	2^3*5^9*11^2
14597	1891725160	120	2^3*5^1*13^2*23^4
14598	1892109128	84	2^3*7^2*13^6
14599	1892250000	315	2^4*3^2*5^6*29^2
14600	1892367360	528	2^10*3^7*5^1*13^2
14601	1892440368	540	2^4*3^3*7^2*13^2*23^2
14602	1893571350	324	2^1*3^1*5^2*11^2*17^2*19^2
14603	1893990400	171	2^18*5^2*17^2
14604	1894816800	486	2^5*3^8*5^2*19^2
14605	1895606307	120	3^7*7^4*19^2
14606	1896129000	432	2^3*3^8*5^3*17^2
14607	1896511347	60	3^3*17^4*29^2
14608	1897280000	450	2^9*5^4*7^2*11^2
14609	1897473600	525	2^6*3^4*5^2*11^4
14610	1897506250	108	2^1*5^5*19^2*29^2
14611	1897623936	432	2^7*3^5*13^2*19^2
14612	1898264214	200	2^1*3^3*7^4*11^4
14613	1898437500	180	2^2*3^5*5^9
14614	1900284672	270	2^8*3^1*11^4*13^2
14615	1901396025	189	3^6*5^2*17^2*19^2
14616	1902744360	360	2^3*3^2*5^1*11^4*19^2
14617	1903165440	252	2^20*3^1*5^1*11^2
14618	1904062050	270	2^1*3^2*5^2*11^4*17^2
14619	1904185472	216	2^7*7^2*19^2*29^2
14620	1904212908	324	2^2*3^3*13^2*17^2*19^2
14621	1904400000	432	2^7*3^2*5^5*23^2
14622	1905120000	810	2^8*3^5*5^4*7^2
14623	1905193500	360	2^2*3^1*5^3*7^4*23^2
14624	1905314400	540	2^5*3^9*5^2*11^2
14625	1905504160	324	2^5*5^1*7^2*17^2*29^2
14626	1905531615	120	3^3*5^1*13^2*17^4
14627	1905913800	420	2^3*3^4*5^2*7^6
14628	1906108281	135	3^8*7^4*11^2
14629	1906531250	126	2^1*5^6*13^2*19^2
14630	1907942400	891	2^10*3^2*5^2*7^2*13^2
14631	1908029761	25	11^4*19^4
14632	1908137088	504	2^7*3^6*11^2*13^2
14633	1908737376	252	2^5*3^1*7^6*13^2
14634	1909658700	180	2^2*3^3*5^2*29^4
14635	1909690000	225	2^4*5^4*19^2*23^2
14636	1910606940	432	2^2*3^7*5^1*11^2*19^2
14637	1911029760	280	2^19*3^6*5^1
14638	1911103488	378	2^13*3^2*7^2*23^2
14639	1911735000	720	2^3*3^3*5^4*7^2*17^2
14640	1911930075	216	3^7*5^2*11^2*17^2
14641	1912487824	75	2^4*13^2*29^4
14642	1913187600	225	2^4*3^14*5^2
14643	1913242240	432	2^7*5^1*7^2*13^2*19^2
14644	1914062500	99	2^2*5^10*7^2
14645	1914567200	486	2^5*5^2*7^2*13^2*17^2
14646	1914734976	432	2^7*3^1*7^2*11^2*29^2
14647	1914762564	405	2^2*3^4*11^2*13^2*17^2
14648	1915718700	270	2^2*3^1*5^2*7^2*19^4
14649	1916021952	252	2^6*3^11*13^2
14650	1916338176	255	2^16*3^4*19^2
14651	1917045375	216	3^1*5^3*7^2*17^2*19^2
14652	1917093750	252	2^1*3^1*5^6*11^2*13^2
14653	1917739264	243	2^8*7^2*17^2*23^2
14654	1918502010	156	2^1*3^12*5^1*19^2
14655	1918600563	42	3^1*11^6*19^2
14656	1918741500	432	2^2*3^3*5^3*13^2*29^2
14657	1919025152	90	2^17*11^4
14658	1920270000	450	2^4*3^1*5^4*11^2*23^2
14659	1920996000	1080	2^5*3^4*5^3*7^2*11^2
14660	1921796415	168	3^3*5^1*7^6*11^2
14661	1922647104	441	2^6*3^6*7^2*29^2
14662	1922674806	180	2^1*3^9*13^2*17^2
14663	1922992128	324	2^11*3^2*17^2*19^2
14664	1924323840	300	2^9*3^2*5^1*17^4
14665	1925015625	147	3^6*5^6*13^2
14666	1926332100	729	2^2*3^2*5^2*7^2*11^2*19^2
14667	1926758400	360	2^19*3^1*5^2*7^2
14668	1926955008	306	2^16*3^5*11^2
14669	1927259148	162	2^2*3^1*19^2*23^2*29^2
14670	1927561216	105	2^14*7^6
14671	1927867500	300	2^2*3^3*5^4*13^4
14672	1928205000	420	2^3*3^6*5^4*23^2
14673	1928593815	108	3^1*5^1*17^2*23^2*29^2
14674	1928934000	600	2^4*3^9*5^3*7^2
14675	1929229929	27	3^2*11^8
14676	1929322962	270	2^1*3^4*7^2*17^2*29^2
14677	1929669184	105	2^6*17^4*19^2
14678	1930723600	105	2^4*5^2*13^6
14679	1931061600	648	2^5*3^3*5^2*13^2*23^2
14680	1931671875	126	3^1*5^6*7^2*29^2
14681	1931866209	135	3^2*7^4*13^2*23^2
14682	1933645824	432	2^11*3^3*11^2*17^2
14683	1933922432	120	2^7*13^4*23^2
14684	1934260992	180	2^8*3^3*23^4
14685	1934292150	432	2^1*3^7*5^2*7^2*19^2
14686	1934917632	176	2^15*3^10
14687	1936000000	231	2^10*5^6*11^2
14688	1936272250	120	2^1*5^3*11^4*23^2
14689	1936425660	324	2^2*3^1*5^1*13^2*19^2*23^2
14690	1937004300	540	2^2*3^3*5^2*7^2*11^4
14691	1937157768	540	2^3*3^4*7^2*13^2*19^2
14692	1937664000	432	2^11*3^2*5^3*29^2
14693	1937766675	162	3^1*5^2*13^2*17^2*23^2
14694	1937936484	243	2^2*3^2*11^2*23^2*29^2
14695	1938471360	420	2^6*3^1*5^1*7^4*29^2
14696	1938499290	540	2^1*3^4*5^1*7^2*13^2*17^2
14697	1939873936	225	2^4*7^2*11^4*13^2
14698	1940359872	210	2^6*3^1*11^2*17^4
14699	1940859375	144	3^1*5^7*7^2*13^2
14700	1940977176	120	2^3*3^1*17^2*23^4
14701	1941636096	297	2^10*3^8*17^2
14702	1943046400	243	2^8*5^2*19^2*29^2
14703	1944000000	420	2^9*3^5*5^6
14704	1944273375	216	3^5*5^3*11^2*23^2
14705	1944810000	625	2^4*3^4*5^4*7^4
14706	1945008450	486	2^1*3^8*5^2*7^2*11^2
14707	1945603881	75	3^4*13^4*29^2
14708	1945944486	144	2^1*3^7*23^2*29^2
14709	1946880000	540	2^11*3^2*5^4*13^2
14710	1947691200	630	2^6*3^1*5^2*7^4*13^2
14711	1947889944	648	2^3*3^5*7^2*11^2*13^2
14712	1948377888	210	2^5*3^6*17^4
14713	1948502738	54	2^1*7^8*13^2
14714	1949400000	504	2^6*3^3*5^5*19^2
14715	1950105600	405	2^14*3^2*5^2*23^2
14716	1950212250	360	2^1*3^2*5^3*7^4*19^2
14717	1950750000	420	2^4*3^3*5^6*17^2
14718	1950918144	300	2^9*3^1*7^4*23^2
14719	1953045675	126	3^13*5^2*7^2
14720	1953125000	52	2^3*5^12
14721	1953640000	315	2^6*5^4*13^2*17^2
14722	1953811200	486	2^8*3^1*5^2*11^2*29^2
14723	1954625288	180	2^3*7^4*11^2*29^2
14724	1954815000	200	2^3*3^1*5^4*19^4
14725	1955143089	35	3^4*17^6
14726	1955522560	216	2^11*5^1*19^2*23^2
14727	1955939076	297	2^2*3^10*7^2*13^2
14728	1956261888	468	2^12*3^3*7^2*19^2
14729	1956876800	270	2^9*5^2*17^2*23^2
14730	1957616640	792	2^10*3^3*5^1*7^2*17^2
14731	1960000000	240	2^9*5^7*7^2
14732	1960275625	135	5^4*7^2*11^2*23^2
14733	1961884800	504	2^7*3^6*5^2*29^2
14734	1961960490	324	2^1*3^2*5^1*7^2*23^2*29^2
14735	1962702252	270	2^2*3^5*7^4*29^2
14736	1963054464	432	2^7*3^1*7^2*17^2*19^2
14737	1963104000	648	2^8*3^1*5^3*11^2*13^2
14738	1963921960	360	2^3*5^1*7^4*11^2*13^2
14739	1964791296	360	2^9*3^3*13^2*29^2
14740	1965645000	540	2^3*3^2*5^4*11^2*19^2
14741	1966080000	210	2^20*3^1*5^4
14742	1966899200	240	2^15*5^2*7^4
14743	1967006250	324	2^1*3^2*5^5*11^2*17^2
14744	1967099904	585	2^12*3^4*7^2*11^2
14745	1968696900	405	2^2*3^4*5^2*17^2*29^2
14746	1970092960	180	2^5*5^1*11^4*29^2
14747	1971093750	108	2^1*3^1*5^8*29^2
14748	1971216000	672	2^7*3^6*5^3*13^2
14749	1971292050	486	2^1*3^2*5^2*7^2*13^2*23^2
14750	1971613488	270	2^4*3^1*13^2*17^2*29^2
14751	1972037340	540	2^2*3^5*5^1*7^4*13^2
14752	1972799298	90	2^1*3^2*19^4*29^2
14753	1973767500	360	2^2*3^7*5^4*19^2
14754	1973930112	648	2^7*3^2*7^2*11^2*17^2
14755	1974558096	225	2^4*3^2*7^2*23^4
14756	1975134375	144	3^7*5^5*17^2
14757	1975228416	360	2^11*3^9*7^2
14758	1976535000	400	2^3*3^3*5^4*11^4
14759	1976691600	675	2^4*3^4*5^2*13^2*19^2
14760	1978233840	540	2^4*3^5*5^1*11^2*29^2
14761	1979463200	270	2^5*5^2*11^4*13^2
14762	1979620032	210	2^6*3^1*13^4*19^2
14763	1979966592	360	2^7*3^4*19^2*23^2
14764	1980784036	135	2^2*7^2*11^2*17^4
14765	1980990960	300	2^4*3^1*5^1*13^4*17^2
14766	1981337760	540	2^5*3^4*5^1*17^2*23^2
14767	1982025375	120	3^1*5^3*11^4*19^2
14768	1982086848	504	2^6*3^7*7^2*17^2
14769	1982182410	180	2^1*3^2*5^1*13^2*19^4
14770	1982464000	216	2^17*5^3*11^2
14771	1982742784	135	2^8*11^4*23^2
14772	1983728934	216	2^1*3^3*11^2*19^2*29^2
14773	1983750000	240	2^4*3^1*5^7*23^2
14774	1984167936	171	2^18*3^2*29^2
14775	1984500000	630	2^5*3^4*5^6*7^2
14776	1984702500	405	2^2*3^8*5^4*11^2
14777	1985326875	140	3^3*5^4*7^6
14778	1986408360	264	2^3*3^10*5^1*29^2
14779	1986841476	243	2^2*3^2*17^2*19^2*23^2
14780	1987440000	720	2^7*3^1*5^4*7^2*13^2
14781	1987642800	810	2^4*3^5*5^2*11^2*13^2
14782	1988268100	189	2^2*5^2*7^6*13^2
14783	1988969094	180	2^1*3^5*7^2*17^4
14784	1990587456	315	2^6*3^2*11^2*13^4
14785	1990656000	408	2^16*3^5*5^3
14786	1990732800	594	2^10*3^1*5^2*7^2*23^2
14787	1990935936	432	2^7*3^5*11^2*23^2
14788	1991057408	126	2^13*17^2*29^2
14789	1991390625	189	3^2*5^6*7^2*17^2
14790	1991485440	600	2^11*3^4*5^1*7^4
14791	1991562272	126	2^5*7^6*23^2
14792	1991926161	81	3^8*19^2*29^2
14793	1992903750	140	2^1*3^13*5^4
14794	1994515600	405	2^4*5^2*7^2*11^2*29^2
14795	1994719122	150	2^1*3^4*11^4*29^2
14796	1995856200	396	2^3*3^10*5^2*13^2
14797	1996185600	504	2^13*3^3*5^2*19^2
14798	1997017344	405	2^8*3^2*7^4*19^2
14799	1997499218	90	2^1*11^2*13^4*17^2
14800	1997848908	324	2^2*3^3*11^2*17^2*23^2
14801	1998813024	240	2^5*3^7*13^4
14802	1999142912	144	2^15*13^2*19^2
14803	1999162944	231	2^6*3^10*23^2
14804	2000281250	126	2^1*5^6*11^2*23^2
14805	2000527360	252	2^13*5^1*13^2*17^2
14806	2001037500	648	2^2*3^3*5^5*7^2*11^2
14807	2001730560	220	2^10*3^1*5^1*19^4
14808	2002757400	648	2^3*3^5*5^2*7^2*29^2
14809	2002961763	90	3^9*11^2*29^2
14810	2003116800	486	2^8*3^1*5^2*17^2*19^2
14811	2003951432	180	2^3*7^4*17^2*19^2
14812	2004206490	300	2^1*3^4*5^1*11^4*13^2
14813	2004504000	280	2^6*3^1*5^3*17^4
14814	2005339210	100	2^1*5^1*7^4*17^4
14815	2005724448	486	2^5*3^2*7^2*13^2*29^2
14816	2005753347	90	3^5*13^4*17^2
14817	2006104482	162	2^1*3^8*17^2*23^2
14818	2007040000	255	2^16*5^4*7^2
14819	2007244800	630	2^13*3^4*5^2*11^2
14820	2007322240	432	2^7*5^1*7^2*11^2*23^2
14821	2008081152	540	2^8*3^3*7^4*11^2
14822	2008320615	216	3^3*5^1*7^2*19^2*29^2
14823	2008546875	126	3^5*5^6*23^2
14824	2009306250	324	2^1*3^8*5^5*7^2
14825	2010218496	288	2^15*3^1*11^2*13^2
14826	2011522500	405	2^2*3^2*5^4*13^2*23^2
14827	2012488335	180	3^9*5^1*11^2*13^2
14828	2012688769	81	7^2*13^2*17^2*29^2
14829	2014214400	729	2^8*3^2*5^2*11^2*17^2
14830	2014855200	270	2^5*3^2*5^2*23^4
14831	2015053656	360	2^3*3^1*7^4*11^2*17^2
14832	2015264160	540	2^5*3^2*5^1*7^2*13^4
14833	2015539200	390	2^12*3^9*5^2
14834	2015616960	756	2^6*3^5*5^1*7^2*23^2
14835	2015694723	50	3^1*7^4*23^4
14836	2016379008	360	2^7*3^8*7^4
14837	2017872675	324	3^3*5^2*7^2*13^2*19^2
14838	2018400000	324	2^8*3^1*5^5*29^2
14839	2018411648	120	2^7*11^2*19^4
14840	2018525184	315	2^14*3^6*13^2
14841	2019241000	240	2^3*5^3*7^4*29^2
14842	2019809440	324	2^5*5^1*11^2*17^2*19^2
14843	2020862116	135	2^2*7^2*13^4*19^2
14844	2021208200	180	2^3*5^2*11^2*17^4
14845	2021215896	432	2^3*3^3*7^2*19^2*23^2
14846	2021851225	45	5^2*17^2*23^4
14847	2022537600	576	2^7*3^7*5^2*17^2
14848	2023380324	315	2^2*3^6*7^4*17^2
14849	2023971840	440	2^10*3^3*5^1*11^4
14850	2025000000	315	2^6*3^4*5^8
14851	2025504768	270	2^14*3^1*7^2*29^2
14852	2025533952	450	2^9*3^4*13^2*17^2
14853	2025843750	280	2^1*3^3*5^6*7^4
14854	2026752192	210	2^6*3^5*19^4
14855	2028000000	378	2^8*3^1*5^6*13^2
14856	2028155760	540	2^4*3^5*5^1*17^2*19^2
14857	2028845000	300	2^3*5^4*7^4*13^2
14858	2029052025	405	3^4*5^2*7^2*11^2*13^2
14859	2029560300	270	2^2*3^5*5^2*17^4
14860	2029593984	240	2^7*3^1*11^4*19^2
14861	2030028507	108	3^3*13^2*23^2*29^2
14862	2030043136	75	2^24*11^2
14863	2030625000	288	2^3*3^2*5^7*19^2
14864	2031360000	360	2^11*3^1*5^4*23^2
14865	2031645660	180	2^2*3^1*5^1*11^2*23^4
14866	2032031250	162	2^1*3^2*5^8*17^2
14867	2032058028	270	2^2*3^1*7^2*11^2*13^4
14868	2032206400	315	2^6*5^2*7^4*23^2
14869	2032335360	540	2^9*3^8*5^1*11^2
14870	2032413768	540	2^3*3^4*7^2*11^2*23^2
14871	2032567056	225	2^4*3^2*13^2*17^4
14872	2033789526	120	2^1*3^3*17^2*19^4
14873	2035138560	540	2^14*3^1*5^1*7^2*13^2
14874	2035220000	270	2^5*5^4*11^2*29^2
14875	2036265625	35	5^6*19^4
14876	2037772800	810	2^9*3^2*5^2*7^2*19^2
14877	2037980736	441	2^6*3^6*11^2*19^2
14878	2038431744	144	2^23*3^5
14879	2038621872	210	2^4*3^1*7^6*19^2
14880	2039184000	864	2^7*3^2*5^3*7^2*17^2
14881	2039683815	120	3^3*5^1*13^4*23^2
14882	2040033660	252	2^2*3^1*5^1*7^6*17^2
14883	2040040890	140	2^1*3^6*5^1*23^4
14884	2040454962	210	2^1*3^6*7^2*13^4
14885	2040733440	252	2^8*3^13*5^1
14886	2040812172	270	2^2*3^9*7^2*23^2
14887	2040838272	168	2^7*3^2*11^6
14888	2042627528	60	2^3*19^2*29^4
14889	2043630000	450	2^4*3^5*5^4*29^2
14890	2044042090	60	2^1*5^1*17^2*29^4
14891	2044848400	405	2^4*5^2*7^2*17^2*19^2
14892	2044900000	324	2^5*5^5*11^2*13^2
14893	2045057058	270	2^1*3^4*11^2*17^2*19^2
14894	2045509632	228	2^18*3^3*17^2
14895	2046402144	216	2^5*3^11*19^2
14896	2046657600	567	2^6*3^2*5^2*13^2*29^2
14897	2047510374	180	2^1*3^1*7^4*13^2*29^2
14898	2047546875	126	3^1*5^6*11^2*19^2
14899	2047924516	63	2^2*11^6*17^2
14900	2048000000	126	2^17*5^6
14901	2049062400	1080	2^9*3^3*5^2*7^2*11^2
14902	2049271488	280	2^6*3^7*11^4
14903	2049916176	315	2^4*3^2*7^6*11^2
14904	2050048512	270	2^9*3^2*23^2*29^2
14905	2052098048	324	2^11*7^2*11^2*13^2
14906	2052342760	216	2^3*5^1*13^2*19^2*29^2
14907	2052612096	140	2^13*3^1*17^4
14908	2053350000	540	2^4*3^5*5^5*13^2
14909	2053507707	90	3^9*17^2*19^2
14910	2053764050	162	2^1*5^2*13^2*17^2*29^2
14911	2053944024	120	2^3*3^1*11^2*29^4
14912	2054754240	756	2^6*3^1*5^1*7^2*11^2*19^2
14913	2055208960	144	2^23*5^1*7^2
14914	2056177200	810	2^4*3^1*5^2*7^2*11^2*17^2
14915	2056387014	180	2^1*3^5*11^4*17^2
14916	2056831350	180	2^1*3^1*5^2*7^2*23^4
14917	2057166736	135	2^4*17^2*23^2*29^2
14918	2057529600	729	2^8*3^8*5^2*7^2
14919	2057739552	234	2^5*3^12*11^2
14920	2058386904	224	2^3*3^7*7^6
14921	2058890625	105	3^2*5^6*11^4
14922	2059053750	360	2^1*3^3*5^4*13^2*19^2
14923	2059799040	540	2^9*3^2*5^1*13^2*23^2
14924	2060577792	594	2^10*3^5*7^2*13^2
14925	2060660250	360	2^1*3^4*5^3*11^2*29^2
14926	2062104200	180	2^3*5^2*13^4*19^2
14927	2062431396	105	2^2*3^6*29^4
14928	2062465200	540	2^4*3^3*5^2*19^2*23^2
14929	2063244960	756	2^5*3^6*5^1*7^2*19^2
14930	2063532250	120	2^1*5^3*13^4*17^2
14931	2063893500	432	2^2*3^3*5^3*17^2*23^2
14932	2064673800	756	2^3*3^6*5^2*7^2*17^2
14933	2064884481	99	3^10*11^2*17^2
14934	2065520704	189	2^6*13^2*19^2*23^2
14935	2066242608	90	2^4*3^17
14936	2066406250	60	2^1*5^9*23^2
14937	2066841600	288	2^15*3^1*5^2*29^2
14938	2067187500	324	2^2*3^3*5^8*7^2
14939	2067702784	165	2^10*7^4*29^2
14940	2067732576	648	2^5*3^3*7^2*13^2*17^2
14941	2068976196	225	2^2*3^4*7^2*19^4
14942	2069175375	120	3^9*5^3*29^2
14943	2070250000	315	2^4*5^6*7^2*13^2
14944	2070461250	450	2^1*3^4*5^4*11^2*13^2
14945	2071877192	180	2^3*7^2*11^4*19^2
14946	2073312010	180	2^1*5^1*7^2*11^4*17^2
14947	2073528600	360	2^3*3^1*5^2*11^2*13^4
14948	2073600000	420	2^13*3^4*5^5
14949	2073680000	360	2^7*5^4*7^2*23^2
14950	2073891600	675	2^4*3^4*5^2*11^2*23^2
14951	2074464000	720	2^8*3^3*5^3*7^4
14952	2074912203	90	3^1*7^2*13^2*17^4
14953	2075328360	216	2^3*3^2*5^1*7^8
14954	2076964032	378	2^6*3^1*11^2*13^2*23^2
14955	2079016875	150	3^9*5^4*13^2
14956	2079360000	495	2^10*3^2*5^4*19^2
14957	2079406140	180	2^2*3^1*5^1*7^2*29^4
14958	2079652410	324	2^1*3^2*5^1*11^2*19^2*23^2
14959	2080112640	228	2^18*3^1*5^1*23^2
14960	2080226400	540	2^5*3^1*5^2*7^4*19^2
14961	2080438668	486	2^2*3^5*7^2*11^2*19^2
14962	2080899072	300	2^19*3^4*7^2
14963	2080910689	45	11^4*13^2*29^2
14964	2081093161	27	7^8*19^2
14965	2081879415	324	3^5*5^1*7^2*11^2*17^2
14966	2082096900	315	2^2*3^6*5^2*13^4
14967	2082461400	360	2^3*3^9*5^2*23^2
14968	2083355736	168	2^3*3^1*7^2*11^6
14969	2085136000	160	2^7*5^3*19^4
14970	2085181488	140	2^4*3^3*13^6
14971	2085546528	378	2^5*3^6*13^2*23^2
14972	2086205625	225	3^4*5^4*7^2*29^2
14973	2086580000	270	2^5*5^4*17^2*19^2
14974	2088025000	120	2^3*5^5*17^4
14975	2088124416	405	2^14*3^2*7^2*17^2
14976	2088246015	144	3^7*5^1*19^2*23^2
14977	2089035522	198	2^1*3^10*7^2*19^2
14978	2089296300	486	2^2*3^1*5^2*7^2*13^2*29^2
14979	2090880000	660	2^10*3^3*5^4*11^2
14980	2091751200	810	2^5*3^2*5^2*7^4*11^2
14981	2091964644	315	2^2*3^6*7^2*11^4
14982	2092622763	54	3^1*7^8*11^2
14983	2092757856	324	2^5*3^1*7^2*23^2*29^2
14984	2092788009	135	3^4*13^2*17^2*23^2
14985	2093977600	351	2^12*5^2*11^2*13^2
14986	2095374848	150	2^9*7^2*17^4
14987	2097446912	144	2^15*11^2*23^2
14988	2098140000	540	2^5*3^1*5^4*11^2*17^2
14989	2098490112	324	2^8*3^3*19^2*29^2
14990	2098807500	150	2^2*3^1*5^4*23^4
14991	2099014225	135	5^2*7^4*11^2*17^2
14992	2099233500	360	2^2*3^1*5^3*7^2*13^4
14993	2099520000	450	2^9*3^8*5^4
14994	2099601000	720	2^3*3^4*5^3*7^2*23^2
14995	2099943360	504	2^6*3^3*5^1*17^2*29^2
14996	2100394800	600	2^4*3^7*5^2*7^4
14997	2100609126	216	2^1*3^11*7^2*11^2
14998	2102500000	144	2^5*5^7*29^2
14999	2102630400	648	2^11*3^5*5^2*13^2
15000	2103506496	525	2^6*3^4*7^4*13^2
15001	2105433225	243	3^2*5^2*7^2*19^2*23^2
15002	2105745408	210	2^13*3^2*13^4
15003	2105776536	216	2^3*3^1*17^2*19^2*29^2
15004	2106114048	270	2^14*3^5*23^2
15005	2106810000	525	2^4*3^6*5^4*17^2
15006	2108304000	480	2^7*3^2*5^3*11^4
15007	2108471040	648	2^8*3^3*5^1*13^2*19^2
15008	2109182460	300	2^2*3^1*5^1*7^4*11^4
15009	2109289329	51	3^16*7^2
15010	2109375000	176	2^3*3^3*5^10
15011	2109900800	324	2^11*5^2*7^2*29^2
15012	2109931200	756	2^6*3^3*5^2*13^2*17^2
15013	2110116096	405	2^8*3^4*11^2*29^2
15014	2110810338	270	2^1*3^2*7^4*13^2*17^2
15015	2111200200	300	2^3*3^4*5^2*19^4
15016	2112500000	162	2^5*5^8*13^2
15017	2112662250	360	2^1*3^4*5^3*17^2*19^2
15018	2113057024	135	2^8*13^4*17^2
15019	2113426944	360	2^9*3^3*17^2*23^2
15020	2114160400	225	2^4*5^2*11^4*19^2
15021	2114327904	180	2^5*3^1*13^2*19^4
15022	2115234375	60	3^1*5^9*19^2
15023	2116000000	189	2^8*5^6*23^2
15024	2117016000	672	2^6*3^7*5^3*11^2
15025	2117097675	324	3^3*5^2*7^2*11^2*23^2
15026	2117257350	180	2^1*3^1*5^2*13^2*17^4
15027	2117442888	324	2^3*3^2*11^2*17^2*29^2
15028	2117898090	420	2^1*3^6*5^1*7^4*11^2
15029	2118116529	45	3^2*23^4*29^2
15030	2118835584	240	2^7*3^9*29^2
15031	2119936000	432	2^11*5^3*7^2*13^2
15032	2120234116	243	2^2*7^2*11^2*13^2*23^2
15033	2120765232	150	2^4*3^1*17^4*23^2
15034	2122680000	630	2^6*3^1*5^4*7^2*19^2
15035	2122896600	648	2^3*3^5*5^2*11^2*19^2
15036	2123366400	315	2^20*3^4*5^2
15037	2123564450	126	2^1*5^2*7^6*19^2
15038	2124150000	540	2^4*3^1*5^5*7^2*17^2
15039	2124251136	320	2^15*3^3*7^4
15040	2125764000	312	2^5*3^12*5^3
15041	2125873200	210	2^4*3^1*5^2*11^6
15042	2126041632	486	2^5*3^2*11^2*13^2*19^2
15043	2126192652	216	2^2*3^7*17^2*29^2
15044	2126512128	138	2^22*3^1*13^2
15045	2126649735	120	3^11*5^1*7^4
15046	2127513960	648	2^3*3^2*5^1*11^2*13^2*17^2
15047	2128622769	63	3^2*7^2*13^6
15048	2128781250	210	2^1*3^4*5^6*29^2
15049	2128793535	120	3^3*5^1*11^2*19^4
15050	2128995414	324	2^1*3^5*7^2*13^2*23^2
15051	2129264640	324	2^17*3^2*5^1*19^2
15052	2130739200	432	2^15*3^2*5^2*17^2
15053	2131627008	330	2^10*3^1*7^4*17^2
15054	2131668900	297	2^2*3^10*5^2*19^2
15055	2131935000	360	2^3*3^1*5^4*13^2*29^2
15056	2133423721	81	11^2*13^2*17^2*19^2
15057	2134440000	945	2^6*3^2*5^4*7^2*11^2
15058	2134657800	420	2^3*3^6*5^2*11^4
15059	2134826928	360	2^4*3^7*13^2*19^2
15060	2135179264	75	2^14*19^4
15061	2135329350	252	2^1*3^1*5^2*7^6*11^2
15062	2135467200	378	2^6*3^1*5^2*23^2*29^2
15063	2136274560	720	2^7*3^4*5^1*7^2*29^2
15064	2136305340	432	2^2*3^7*5^1*13^2*17^2
15065	2136356978	90	2^1*7^4*23^2*29^2
15066	2137820256	360	2^5*3^3*11^4*13^2
15067	2138137600	165	2^10*5^2*17^4
15068	2138906250	240	2^1*3^4*5^7*13^2
15069	2139525025	45	5^2*11^2*29^4
15070	2140369000	432	2^3*5^3*7^2*11^2*19^2
15071	2141851250	270	2^1*5^4*7^2*11^2*17^2
15072	2142208656	405	2^4*3^2*7^2*19^2*29^2
15073	2143260000	720	2^5*3^7*5^4*7^2
15074	2143478700	324	2^2*3^11*5^2*11^2
15075	2143588810	36	2^1*5^1*11^8
15076	2144153025	147	3^6*5^2*7^6
15077	2145243243	90	3^1*11^4*13^2*17^2
15078	2145624000	504	2^6*3^1*5^3*13^2*23^2
15079	2146435200	1080	2^7*3^4*5^2*7^2*13^2
15080	2146518010	180	2^1*5^1*7^4*13^2*23^2
15081	2146654224	405	2^4*3^8*11^2*13^2
15082	2147008512	270	2^14*3^1*11^2*19^2
15083	2147329548	252	2^2*3^3*7^6*13^2
15084	2147483648	32	2^31
15085	2148401250	270	2^1*3^2*5^4*19^2*23^2
15086	2148495360	468	2^12*3^1*5^1*11^2*17^2
15087	2149213500	648	2^2*3^5*5^3*7^2*19^2
15088	2149615104	300	2^9*3^1*7^2*13^4
15089	2149991424	495	2^10*3^4*7^2*23^2
15090	2150701875	270	3^5*5^4*7^2*17^2
15091	2151548802	90	2^1*3^2*13^2*29^4
15092	2152336050	102	2^1*3^16*5^2
15093	2152446615	84	3^5*5^1*11^6
15094	2152960000	195	2^12*5^4*29^2
15095	2153262760	216	2^3*5^1*11^2*23^2*29^2
15096	2153888100	729	2^2*3^2*5^2*7^2*13^2*17^2
15097	2154076848	540	2^4*3^3*7^2*11^2*29^2
15098	2155524696	168	2^3*3^13*13^2
15099	2155880448	294	2^13*3^6*19^2
15100	2157373440	504	2^11*3^6*5^1*17^2
15101	2157456672	486	2^5*3^2*7^2*17^2*23^2
15102	2158376402	90	2^1*7^2*13^2*19^4
15103	2158903296	225	2^14*3^2*11^4
15104	2159925625	75	5^4*11^2*13^4
15105	2160000000	352	2^10*3^3*5^7
15106	2160303750	360	2^1*3^3*5^4*11^2*23^2
15107	2160900000	540	2^5*3^2*5^5*7^4
15108	2161782090	180	2^1*3^2*5^1*13^4*29^2
15109	2161800375	72	3^1*5^3*7^8
15110	2162160540	324	2^2*3^5*5^1*23^2*29^2
15111	2162977992	324	2^3*3^8*7^2*29^2
15112	2163366144	405	2^8*3^4*17^2*19^2
15113	2163504200	324	2^3*5^2*11^2*13^2*23^2
15114	2164322160	1080	2^4*3^3*5^1*7^2*11^2*13^2
15115	2164947841	45	7^2*17^4*23^2
15116	2166000000	336	2^7*3^1*5^6*19^2
15117	2166399488	150	2^9*11^4*17^2
15118	2166784000	192	2^15*5^3*23^2
15119	2166902500	225	2^2*5^4*7^4*19^2
15120	2167088704	105	2^6*11^2*23^4
15121	2167603200	612	2^16*3^3*5^2*7^2
15122	2167824384	336	2^13*3^7*11^2
15123	2168506368	252	2^11*3^2*7^6
15124	2169230625	135	3^8*5^4*23^2
15125	2170162225	63	5^2*7^2*11^6
15126	2170334166	324	2^1*3^1*7^2*11^2*13^2*19^2
15127	2170814464	171	2^18*7^2*13^2
15128	2170877832	180	2^3*3^2*17^4*19^2
15129	2172064050	126	2^1*3^2*5^2*13^6
15130	2172381210	84	2^1*3^2*5^1*17^6
15131	2172444300	486	2^2*3^5*5^2*13^2*23^2
15132	2172767232	110	2^10*3^1*29^4
15133	2173265640	648	2^3*3^8*5^1*7^2*13^2
15134	2175129600	648	2^11*3^1*5^2*7^2*17^2
15135	2175351552	486	2^8*3^5*11^2*17^2
15136	2175662736	225	2^4*3^2*13^4*23^2
15137	2176035904	147	2^6*7^6*17^2
15138	2176043616	180	2^5*3^5*23^4
15139	2176782336	169	2^12*3^12
15140	2178000000	504	2^7*3^2*5^6*11^2
15141	2178907500	450	2^2*3^1*5^4*7^4*11^2
15142	2179302489	189	3^6*7^2*13^2*19^2
15143	2179956100	243	2^2*5^2*7^2*23^2*29^2
15144	2182358178	270	2^1*3^2*7^2*11^4*13^2
15145	2182904856	240	2^3*3^3*11^2*17^4
15146	2183101440	396	2^10*3^1*5^1*13^2*29^2
15147	2183599323	60	3^3*17^2*23^4
15148	2184340608	264	2^7*3^10*17^2
15149	2185562500	189	2^2*5^6*11^2*17^2
15150	2185666560	756	2^13*3^2*5^1*7^2*11^2
15151	2185927200	486	2^5*3^2*5^2*19^2*29^2
15152	2186838003	90	3^1*7^4*19^2*29^2
15153	2187000000	392	2^6*3^7*5^6
15154	2187084375	216	3^3*5^5*7^2*23^2
15155	2187441000	432	2^3*3^2*5^3*17^2*29^2
15156	2187911250	350	2^1*3^6*5^4*7^4
15157	2190240000	675	2^8*3^4*5^4*13^2
15158	2191152600	720	2^3*3^3*5^2*7^4*13^2
15159	2191376187	216	3^7*7^2*11^2*13^2
15160	2191737856	297	2^10*7^2*11^2*19^2
15161	2191925124	135	2^2*3^8*17^4
15162	2193484800	330	2^10*3^1*5^2*13^4
15163	2193517225	81	5^2*17^2*19^2*29^2
15164	2193868800	540	2^11*3^4*5^2*23^2
15165	2193953440	180	2^5*5^1*7^2*23^4
15166	2194398752	150	2^5*7^4*13^4
15167	2194593750	252	2^1*3^5*5^6*17^2
15168	2194698240	624	2^12*3^7*5^1*7^2
15169	2194782912	420	2^6*3^3*7^4*23^2
15170	2196150000	300	2^4*3^1*5^5*11^4
15171	2196324000	648	2^5*3^2*5^3*13^2*19^2
15172	2197118976	252	2^13*3^1*13^2*23^2
15173	2197239135	180	3^1*5^1*7^4*13^2*19^2
15174	2197265625	39	3^2*5^12
15175	2197845000	540	2^3*3^2*5^4*13^2*17^2
15176	2198037600	648	2^5*3^3*5^2*11^2*29^2
15177	2198953449	135	3^2*7^4*11^2*29^2
15178	2199166875	100	3^3*5^4*19^4
15179	2200794624	540	2^9*3^5*7^2*19^2
15180	2201293952	216	2^7*11^2*13^2*29^2
15181	2201486400	567	2^6*3^2*5^2*17^2*23^2
15182	2202403686	180	2^1*3^1*7^4*17^2*23^2
15183	2202424900	135	2^2*5^2*13^2*19^4
15184	2203880448	330	2^10*3^1*7^2*11^4
15185	2204143260	324	2^2*3^1*5^1*11^2*19^2*29^2
15186	2204631040	120	2^19*5^1*29^2
15187	2205225000	504	2^3*3^6*5^5*11^2
15188	2205669675	162	3^1*5^2*11^2*17^2*29^2
15189	2206073888	90	2^5*19^4*23^2
15190	2207120400	405	2^4*3^8*5^2*29^2
15191	2207601640	216	2^3*5^1*17^2*19^2*23^2
15192	2208436272	540	2^4*3^3*7^2*17^2*19^2
15193	2209130450	90	2^1*5^2*17^4*23^2
15194	2209965660	360	2^2*3^3*5^1*7^2*17^4
15195	2210390208	378	2^6*3^5*13^2*29^2
15196	2211125000	252	2^3*5^6*7^2*19^2
15197	2211350625	225	3^4*5^4*11^2*19^2
15198	2211763840	240	2^7*5^1*11^2*13^4
15199	2211840000	360	2^17*3^3*5^4
15200	2212151040	648	2^8*3^3*5^1*11^2*23^2
15201	2212656250	144	2^1*5^7*7^2*17^2
15202	2212761600	585	2^12*3^2*5^2*7^4
15203	2212987392	630	2^9*3^6*7^2*11^2
15204	2213251290	252	2^1*3^6*5^1*19^2*29^2
15205	2213683584	144	2^7*3^1*7^8
15206	2214337500	216	2^2*3^11*5^5
15207	2214451250	70	2^1*5^4*11^6
15208	2214626700	486	2^2*3^1*5^2*11^2*13^2*19^2
15209	2215116800	180	2^19*5^2*13^2
15210	2216160375	216	3^1*5^3*11^2*13^2*17^2
15211	2217984000	360	2^14*3^1*5^3*19^2
15212	2218033216	105	2^6*7^2*29^4
15213	2218065174	216	2^1*3^3*13^2*17^2*29^2
15214	2218295904	324	2^5*3^1*11^2*19^2*23^2
15215	2218786816	69	2^22*23^2
15216	2218908160	300	2^9*5^1*7^4*19^2
15217	2219520000	390	2^12*3^1*5^4*17^2
15218	2220444800	360	2^7*5^2*7^4*17^2
15219	2220538335	28	3^1*5^1*23^6
15220	2220671376	675	2^4*3^4*7^2*11^2*17^2
15221	2220765625	63	5^6*13^2*29^2
15222	2220903360	420	2^6*3^5*5^1*13^4
15223	2220989043	90	3^1*7^2*13^4*23^2
15224	2221292160	432	2^7*3^8*5^1*23^2
15225	2221377858	150	2^1*3^4*7^2*23^4
15226	2222131968	324	2^8*3^11*7^2
15227	2223375000	504	2^3*3^1*5^6*7^2*11^2
15228	2223601875	150	3^5*5^4*11^4
15229	2223778050	378	2^1*3^6*5^2*13^2*19^2
15230	2224445000	180	2^3*5^4*23^2*29^2
15231	2225286000	720	2^4*3^3*5^3*7^2*29^2
15232	2226896100	405	2^2*3^2*5^2*11^4*13^2
15233	2227072536	240	2^3*3^3*13^4*19^2
15234	2227462416	315	2^4*3^6*19^2*23^2
15235	2229847704	360	2^3*3^9*7^2*17^2
15236	2230585632	270	2^5*3^2*11^4*23^2
15237	2231467350	324	2^1*3^1*5^2*7^2*19^2*29^2
15238	2232188928	240	2^15*3^4*29^2
15239	2232562500	441	2^2*3^6*5^6*7^2
15240	2235025000	216	2^3*5^5*13^2*23^2
15241	2235870000	900	2^4*3^3*5^4*7^2*13^2
15242	2236098150	432	2^1*3^7*5^2*11^2*13^2
15243	2236467200	324	2^11*5^2*11^2*19^2
15244	2238016000	360	2^9*5^3*11^2*17^2
15245	2238330721	45	11^4*17^2*23^2
15246	2239182400	315	2^6*5^2*7^2*13^4
15247	2239410888	300	2^3*3^4*11^2*13^4
15248	2239574400	864	2^7*3^3*5^2*7^2*23^2
15249	2239802928	360	2^4*3^7*11^2*23^2
15250	2239939584	297	2^10*3^2*17^2*29^2
15251	2240507556	189	2^2*3^2*7^6*23^2
15252	2242805760	480	2^15*3^4*5^1*13^2
15253	2242892288	270	2^9*7^2*13^2*23^2
15254	2243830050	486	2^1*3^2*5^2*7^2*11^2*29^2
15255	2244909894	60	2^1*3^1*23^2*29^4
15256	2245338225	117	3^12*5^2*13^2
15257	2245708800	594	2^10*3^5*5^2*19^2
15258	2245795440	540	2^4*3^1*5^1*7^2*19^2*23^2
15259	2246644512	450	2^5*3^4*7^4*19^2
15260	2247264000	648	2^8*3^5*5^3*17^2
15261	2247350700	486	2^2*3^1*5^2*7^2*17^2*23^2
15262	2247717152	90	2^5*17^4*29^2
15263	2248200360	600	2^3*3^4*5^1*7^4*17^2
15264	2248664652	150	2^2*3^9*13^4
15265	2248857600	360	2^11*3^1*5^2*11^4
15266	2249035776	351	2^12*3^2*13^2*19^2
15267	2249058312	156	2^3*3^12*23^2
15268	2249794624	175	2^6*7^4*11^4
15269	2250000000	240	2^7*3^2*5^9
15270	2250937500	240	2^2*3^1*5^7*7^4
15271	2253102075	216	3^7*5^2*7^2*29^2
15272	2253506400	648	2^5*3^3*5^2*17^2*19^2
15273	2254445361	135	3^2*7^4*17^2*19^2
15274	2254502250	648	2^1*3^2*5^3*7^2*11^2*13^2
15275	2256250000	135	2^4*5^8*19^2
15276	2256440004	405	2^2*3^4*7^2*13^2*29^2
15277	2256844928	216	2^7*13^2*17^2*19^2
15278	2257920000	630	2^13*3^2*5^4*7^2
15279	2258150400	693	2^10*3^6*5^2*11^2
15280	2258202288	70	2^4*3^1*19^6
15281	2258407840	180	2^5*5^1*13^2*17^4
15282	2258860800	378	2^8*3^1*5^2*7^6
15283	2259091296	540	2^5*3^5*7^4*11^2
15284	2259766140	180	2^2*3^1*5^1*17^2*19^4
15285	2259801992	44	2^3*7^10
15286	2261331075	90	3^1*5^2*17^4*19^2
15287	2261495808	468	2^12*3^3*11^2*13^2
15288	2263299200	120	2^7*5^2*29^4
15289	2263818375	288	3^7*5^3*7^2*13^2
15290	2264423040	720	2^7*3^4*5^1*11^2*19^2
15291	2264510402	162	2^1*7^2*11^2*19^2*23^2
15292	2264924160	200	2^24*3^3*5^1
15293	2265760000	405	2^8*5^4*7^2*17^2
15294	2265991200	810	2^5*3^4*5^2*11^2*17^2
15295	2266315350	180	2^1*3^1*5^2*13^4*23^2
15296	2266712100	225	2^2*3^4*5^2*23^4
15297	2266935363	180	3^3*7^4*11^2*17^2
15298	2267481600	360	2^9*3^11*5^2
15299	2268426384	275	2^4*3^10*7^4
15300	2268750000	270	2^4*3^1*5^8*11^2
15301	2269348224	432	2^7*3^1*11^2*13^2*17^2
15302	2270070192	150	2^4*3^1*13^2*23^4
15303	2270713104	225	2^4*3^2*11^2*19^4
15304	2270840832	324	2^11*3^8*13^2
15305	2271215616	132	2^21*3^1*19^2
15306	2273780160	420	2^6*3^9*5^1*19^2
15307	2273859225	135	3^2*5^2*11^2*17^4
15308	2273867883	162	3^5*7^2*19^2*23^2
15309	2274064000	288	2^7*5^3*13^2*29^2
15310	2275354800	450	2^4*3^9*5^2*17^2
15311	2276736000	792	2^10*3^1*5^3*7^2*11^2
15312	2277007500	270	2^2*3^1*5^4*19^2*29^2
15313	2277056166	180	2^1*3^1*7^2*11^4*23^2
15314	2277684640	252	2^5*5^1*7^6*11^2
15315	2278125000	252	2^3*3^6*5^8
15316	2278584375	108	3^1*5^5*17^2*29^2
15317	2278692864	432	2^11*3^3*7^2*29^2
15318	2278725696	441	2^6*3^6*13^2*17^2
15319	2280096216	160	2^3*3^7*19^4
15320	2281500000	504	2^5*3^3*5^6*13^2
15321	2282450625	225	3^2*5^4*7^4*13^2
15322	2283293232	300	2^4*3^3*11^4*19^2
15323	2283798528	198	2^21*3^2*11^2
15324	2284874460	360	2^2*3^3*5^1*11^4*17^2
15325	2284880000	200	2^7*5^4*13^4
15326	2285280000	540	2^8*3^3*5^4*23^2
15327	2286144000	840	2^9*3^6*5^3*7^2
15328	2286232200	540	2^3*3^2*5^2*7^4*23^2
15329	2286465489	189	3^6*7^2*11^2*23^2
15330	2286604992	378	2^6*3^1*7^2*17^2*29^2
15331	2286637938	150	2^1*3^4*13^2*17^4
15332	2287096560	420	2^4*3^5*5^1*7^6
15333	2287656250	80	2^1*5^7*11^4
15334	2287837500	324	2^2*3^1*5^5*13^2*19^2
15335	2288665600	297	2^10*5^2*13^2*23^2
15336	2289421875	126	3^1*5^6*13^2*17^2
15337	2289622500	405	2^2*3^2*5^4*11^2*29^2
15338	2291590440	200	2^3*3^4*5^1*29^4
15339	2291728384	153	2^16*11^2*17^2
15340	2292457472	70	2^13*23^4
15341	2292494400	945	2^6*3^4*5^2*7^2*19^2
15342	2292728328	324	2^3*3^8*11^2*19^2
15343	2293215000	360	2^3*3^1*5^4*17^2*23^2
15344	2293235712	168	2^20*3^7
15345	2293449606	168	2^1*3^3*7^6*19^2
15346	2294316090	324	2^1*3^8*5^1*11^2*17^2
15347	2295708800	360	2^7*5^2*7^2*11^4
15348	2295890688	486	2^8*3^1*7^2*13^2*19^2
15349	2295943056	175	2^4*3^4*11^6
15350	2297109375	144	3^5*5^7*11^2
15351	2297480640	756	2^6*3^1*5^1*7^2*13^2*17^2
15352	2297955969	45	3^2*19^2*29^4
15353	2298862440	360	2^3*3^2*5^1*7^2*19^4
15354	2299083750	240	2^1*3^7*5^4*29^2
15355	2300454450	486	2^1*3^2*5^2*7^2*17^2*19^2
15356	2301198336	288	2^15*3^5*17^2
15357	2302202412	126	2^2*3^13*19^2
15358	2302489800	540	2^3*3^4*5^2*13^2*29^2
15359	2303796735	84	3^13*5^1*17^2
15360	2304000000	315	2^14*3^2*5^6
15361	2304324000	648	2^5*3^2*5^3*11^2*23^2
15362	2304960000	500	2^9*3^1*5^4*7^4
15363	2305195200	1134	2^6*3^5*5^2*7^2*11^2
15364	2305248169	21	7^2*19^6
15365	2305284135	180	3^1*5^1*7^4*11^2*23^2
15366	2305430424	200	2^3*3^9*11^4
15367	2305900896	180	2^5*3^1*13^4*29^2
15368	2305920400	135	2^4*5^2*7^8
15369	2306155698	210	2^1*3^4*7^6*11^2
15370	2306304576	315	2^6*3^4*23^2*29^2
15371	2308610304	729	2^8*3^2*7^2*11^2*13^2
15372	2309188608	220	2^10*3^3*17^4
15373	2310400000	216	2^11*5^5*19^2
15374	2310687027	60	3^3*11^2*29^4
15375	2310724900	243	2^2*5^2*11^2*19^2*23^2
15376	2312000000	210	2^9*5^6*17^2
15377	2313199350	648	2^1*3^3*5^2*7^2*11^2*17^2
15378	2313441000	400	2^3*3^4*5^3*13^4
15379	2313846000	480	2^4*3^7*5^3*23^2
15380	2314312578	162	2^1*3^2*17^2*23^2*29^2
15381	2314720800	594	2^5*3^10*5^2*7^2
15382	2314956996	135	2^2*3^14*11^2
15383	2315685267	70	3^9*7^6
15384	2316015625	81	5^8*7^2*11^2
15385	2316626312	324	2^3*7^2*11^2*13^2*17^2
15386	2317206624	84	2^5*3^1*17^6
15387	2317363321	45	7^2*13^2*23^4
15388	2318006250	324	2^1*3^2*5^5*7^2*29^2
15389	2318019627	90	3^1*7^2*11^2*19^4
15390	2318150016	576	2^7*3^7*7^2*13^2
15391	2318532608	162	2^17*7^2*19^2
15392	2319867225	135	3^2*5^2*13^4*19^2
15393	2320138240	288	2^15*5^1*7^2*17^2
15394	2320273350	324	2^1*3^5*5^2*19^2*23^2
15395	2321677215	216	3^3*5^1*11^2*13^2*29^2
15396	2322758025	243	3^8*5^2*7^2*17^2
15397	2323526700	270	2^2*3^1*5^2*11^4*23^2
15398	2323710792	324	2^3*3^2*13^2*19^2*23^2
15399	2324405160	600	2^3*3^4*5^1*7^2*11^4
15400	2324522934	40	2^1*3^19
15401	2325196800	468	2^12*3^3*5^2*29^2
15402	2325320010	324	2^1*3^2*5^1*13^2*17^2*23^2
15403	2326165632	360	2^7*3^2*7^4*29^2
15404	2326199148	486	2^2*3^5*7^2*13^2*17^2
15405	2328641536	135	2^14*13^2*29^2
15406	2329031250	378	2^1*3^2*5^6*7^2*13^2
15407	2330861841	135	3^2*7^2*11^4*19^2
15408	2331377664	324	2^17*3^1*7^2*11^2
15409	2332719675	180	3^3*5^2*11^2*13^4
15410	2332890000	675	2^4*3^2*5^4*7^2*23^2
15411	2333128050	378	2^1*3^6*5^2*11^2*23^2
15412	2333270400	432	2^7*3^1*5^2*17^2*29^2
15413	2334010140	540	2^2*3^9*5^1*7^2*11^2
15414	2334242596	135	2^2*7^4*17^2*29^2
15415	2336175556	63	2^2*11^2*13^6
15416	2336256000	624	2^12*3^3*5^3*13^2
15417	2336584536	432	2^3*3^3*11^2*13^2*23^2
15418	2337229440	720	2^7*3^2*5^1*7^4*13^2
15419	2339280000	600	2^7*3^4*5^4*19^2
15420	2339370250	216	2^1*5^3*7^2*19^2*23^2
15421	2340254700	540	2^2*3^3*5^2*7^4*19^2
15422	2340900000	540	2^5*3^4*5^5*17^2
15423	2341011456	357	2^16*3^6*7^2
15424	2341875375	240	3^3*5^3*7^4*17^2
15425	2342560000	225	2^8*5^4*11^4
15426	2342745600	540	2^9*3^1*5^2*13^2*19^2
15427	2342769075	108	3^11*5^2*23^2
15428	2343654810	180	2^1*3^14*5^1*7^2
15429	2343721744	225	2^4*7^4*13^2*19^2
15430	2343750000	120	2^4*3^1*5^11
15431	2343775203	84	3^3*7^2*11^6
15432	2344573440	540	2^9*3^2*5^1*11^2*29^2
15433	2345829174	84	2^1*3^5*13^6
15434	2346239844	243	2^2*3^8*13^2*23^2
15435	2346627072	234	2^12*3^1*19^2*23^2
15436	2347402500	405	2^2*3^2*5^4*17^2*19^2
15437	2348252160	396	2^10*3^1*5^1*17^2*23^2
15438	2349139968	540	2^11*3^4*7^2*17^2
15439	2351086144	189	2^6*11^2*19^2*29^2
15440	2352000000	462	2^10*3^1*5^6*7^2
15441	2352240000	720	2^7*3^5*5^4*11^2
15442	2352294050	42	2^1*5^2*19^6
15443	2352980000	210	2^5*5^4*7^6
15444	2353220100	675	2^2*3^4*5^2*7^4*11^2
15445	2353462810	60	2^1*5^1*23^4*29^2
15446	2353940498	90	2^1*7^2*13^4*29^2
15447	2354261760	432	2^8*3^7*5^1*29^2
15448	2354352588	324	2^2*3^3*7^2*23^2*29^2
15449	2355724800	810	2^9*3^2*5^2*11^2*13^2
15450	2356706352	450	2^4*3^1*7^4*11^2*13^2
15451	2357296704	315	2^6*3^2*7^2*17^4
15452	2358774000	720	2^4*3^3*5^3*11^2*19^2
15453	2359296000	264	2^21*3^2*5^3
15454	2359627776	351	2^12*3^2*11^2*23^2
15455	2360279040	340	2^16*3^1*5^1*7^4
15456	2360407500	540	2^2*3^3*5^4*11^2*17^2
15457	2360801376	324	2^5*3^5*19^2*29^2
15458	2361960000	385	2^6*3^10*5^4
15459	2362944150	300	2^1*3^9*5^2*7^4
15460	2363281250	66	2^1*5^10*11^2
15461	2363904400	405	2^4*5^2*11^2*13^2*17^2
15462	2364111552	210	2^6*3^1*11^4*29^2
15463	2364656450	90	2^1*5^2*13^2*23^4
15464	2365136410	84	2^1*5^1*7^2*13^6
15465	2365326150	180	2^1*3^1*5^2*11^2*19^4
15466	2365459200	648	2^8*3^7*5^2*13^2
15467	2365481762	42	2^1*7^2*17^6
15468	2365550460	648	2^2*3^3*5^1*7^2*13^2*23^2
15469	2365849600	171	2^18*5^2*19^2
15470	2366444808	420	2^3*3^6*7^4*13^2
15471	2367820928	216	2^7*11^2*17^2*23^2
15472	2368521000	432	2^3*3^8*5^3*19^2
15473	2368574224	35	2^4*23^6
15474	2368963584	275	2^10*3^4*13^4
15475	2368998603	108	3^3*17^2*19^2*29^2
15476	2369378304	288	2^11*3^7*23^2
15477	2370161250	270	2^1*3^8*5^4*17^2
15478	2371600000	432	2^7*5^5*7^2*11^2
15479	2373046875	66	3^5*5^10
15480	2373638400	729	2^8*3^2*5^2*7^2*29^2
15481	2373672600	648	2^3*3^5*5^2*13^2*17^2
15482	2373880608	378	2^5*3^6*11^2*29^2
15483	2374627416	168	2^3*3^1*7^6*29^2
15484	2375100225	105	3^6*5^2*19^4
15485	2375355840	420	2^6*3^1*5^1*11^4*13^2
15486	2376562500	243	2^2*3^2*5^8*13^2
15487	2377189152	270	2^5*3^2*13^4*17^2
15488	2377605312	378	2^6*3^5*17^2*23^2
15489	2378430450	270	2^1*3^2*5^2*11^4*19^2
15490	2378618892	180	2^2*3^3*13^2*19^4
15491	2378956800	342	2^18*3^1*5^2*11^2
15492	2379293284	21	2^2*29^6
15493	2379948032	210	2^13*7^4*11^2
15494	2380231840	324	2^5*5^1*7^2*19^2*29^2
15495	2380266135	216	3^3*5^1*13^2*17^2*19^2
15496	2380500000	378	2^5*3^2*5^6*23^2
15497	2381400000	756	2^6*3^5*5^5*7^2
15498	2381491875	150	3^1*5^4*7^4*23^2
15499	2381880200	324	2^3*5^2*7^2*17^2*29^2
15500	2382123249	135	3^4*11^2*17^2*29^2
15501	2382392250	280	2^1*3^4*5^3*7^6
15502	2383690032	180	2^4*3^11*29^2
15503	2385171360	756	2^5*3^6*5^1*11^2*13^2
15504	2385443281	25	13^4*17^4
15505	2385860886	120	2^1*3^3*17^4*23^2
15506	2387073375	80	3^3*5^3*29^4
15507	2388015000	720	2^3*3^3*5^4*7^2*19^2
15508	2388258675	216	3^7*5^2*11^2*19^2
15509	2388765625	63	5^6*17^2*23^2
15510	2388787200	378	2^17*3^6*5^2
15511	2388879360	648	2^11*3^2*5^1*7^2*23^2
15512	2389782528	390	2^12*3^5*7^4
15513	2391552800	486	2^5*5^2*7^2*13^2*19^2
15514	2391607350	168	2^1*3^3*5^2*11^6
15515	2391796836	405	2^2*3^4*11^2*13^2*19^2
15516	2392326144	240	2^19*3^3*13^2
15517	2393209000	432	2^3*5^3*7^2*13^2*17^2
15518	2394648375	120	3^1*5^3*7^2*19^4
15519	2395027440	360	2^4*3^11*5^1*13^2
15520	2395150472	84	2^3*11^6*13^2
15521	2395515136	243	2^8*7^2*19^2*23^2
15522	2397081600	585	2^12*3^4*5^2*17^2
15523	2398080384	480	2^7*3^3*7^4*17^2
15524	2398426875	180	3^3*5^4*13^2*29^2
15525	2398781440	160	2^15*5^1*11^4
15526	2400000000	216	2^11*3^1*5^8
15527	2400337500	324	2^2*3^1*5^5*11^2*23^2
15528	2400632832	270	2^14*3^1*13^2*17^2
15529	2401000000	245	2^6*5^6*7^4
15530	2401245000	900	2^3*3^4*5^4*7^2*11^2
15531	2401490025	135	3^8*5^2*11^4
15532	2401680294	180	2^1*3^9*13^2*19^2
15533	2401980100	135	2^2*5^2*13^4*29^2
15534	2402076672	180	2^11*3^2*19^4
15535	2402400600	432	2^3*3^3*5^2*23^2*29^2
15536	2403740160	540	2^9*3^2*5^1*17^2*19^2
15537	2404802400	972	2^5*3^1*5^2*7^2*11^2*13^2
15538	2405047788	270	2^2*3^5*11^4*13^2
15539	2405404800	360	2^7*3^2*5^2*17^4
15540	2405804401	63	7^6*11^2*13^2
15541	2405959712	162	2^5*13^2*23^2*29^2
15542	2406407052	150	2^2*3^1*7^4*17^4
15543	2408693760	540	2^14*3^5*5^1*11^2
15544	2408786688	486	2^8*3^1*7^2*11^2*23^2
15545	2409073935	108	3^1*5^1*19^2*23^2*29^2
15546	2409834375	120	3^3*5^5*13^4
15547	2409984738	270	2^1*3^4*7^2*19^2*29^2
15548	2410256250	252	2^1*3^6*5^5*23^2
15549	2410417216	105	2^6*17^2*19^4
15550	2411167500	450	2^2*3^9*5^4*7^2
15551	2413363876	135	2^2*7^2*11^4*29^2
15552	2413756900	63	2^2*5^2*17^6
15553	2414739600	945	2^4*3^6*5^2*7^2*13^2
15554	2414986002	198	2^1*3^10*11^2*13^2
15555	2415384576	432	2^11*3^3*11^2*19^2
15556	2415919104	87	2^28*3^2
15557	2417403040	180	2^5*5^1*13^4*23^2
15558	2417826240	280	2^6*3^3*5^1*23^4
15559	2418316992	420	2^6*3^3*7^2*13^4
15560	2418647040	308	2^13*3^10*5^1
15561	2418740352	504	2^7*3^6*7^2*23^2
15562	2420532075	162	3^1*5^2*13^2*19^2*23^2
15563	2421255375	240	3^3*5^3*7^2*11^4
15564	2421447210	540	2^1*3^4*5^1*7^2*13^2*19^2
15565	2422080000	450	2^9*3^2*5^4*29^2
15566	2423089200	450	2^4*3^1*5^2*7^4*29^2
15567	2423336454	324	2^1*3^5*7^2*11^2*29^2
15568	2423771328	378	2^6*3^1*11^2*17^2*19^2
15569	2424307712	72	2^23*17^2
15570	2424542424	120	2^3*3^1*19^2*23^4
15571	2424965283	48	3^15*13^2
15572	2425365504	297	2^10*3^8*19^2
15573	2425449840	300	2^4*3^1*5^1*11^2*17^4
15574	2426713926	180	2^1*3^1*7^2*13^4*17^2
15575	2427138756	405	2^2*3^4*7^2*17^2*23^2
15576	2428518400	405	2^14*5^2*7^2*11^2
15577	2428766208	300	2^11*3^4*11^4
15578	2430093750	252	2^1*3^1*5^6*7^2*23^2
15579	2430490000	225	2^4*5^4*17^2*29^2
15580	2433350241	99	3^10*7^2*29^2
15581	2433600000	540	2^9*3^2*5^5*13^2
15582	2433786912	378	2^5*3^6*17^2*19^2
15583	2433942225	243	3^2*5^2*11^2*13^2*23^2
15584	2434614000	600	2^4*3^1*5^3*7^4*13^2
15585	2435472360	280	2^3*3^6*5^1*17^4
15586	2436750000	420	2^4*3^3*5^6*19^2
15587	2437199424	315	2^6*3^2*11^4*17^2
15588	2437974792	180	2^3*3^2*11^2*23^4
15589	2438437500	288	2^2*3^3*5^7*17^2
15590	2438553600	756	2^13*3^5*5^2*7^2
15591	2438802432	330	2^10*3^9*11^2
15592	2439569664	315	2^8*3^4*7^6
15593	2440360000	315	2^6*5^4*13^2*19^2
15594	2441406250	28	2^1*5^13
15595	2442166272	432	2^15*3^2*7^2*13^2
15596	2442237561	75	3^4*17^4*19^2
15597	2442264000	504	2^6*3^1*5^3*11^2*29^2
15598	2443281610	180	2^1*5^1*7^4*11^2*29^2
15599	2444363136	160	2^7*3^3*29^4
15600	2444403200	270	2^9*5^2*19^2*23^2
15601	2445327360	792	2^10*3^3*5^1*7^2*19^2
15602	2445661922	50	2^1*11^4*17^4
15603	2446096000	288	2^7*5^3*17^2*23^2
15604	2447020800	972	2^8*3^3*5^2*7^2*17^2
15605	2447192163	18	3^1*13^8
15606	2447270496	432	2^5*3^7*11^2*17^2
15607	2447620578	150	2^1*3^4*13^4*23^2
15608	2448040392	252	2^3*3^2*7^6*17^2
15609	2448049068	120	2^2*3^7*23^4
15610	2448880128	150	2^9*3^14
15611	2450000000	216	2^7*5^8*7^2
15612	2450250000	525	2^4*3^4*5^6*11^2
15613	2450646016	297	2^10*7^2*13^2*17^2
15614	2452119936	240	2^7*3^1*7^2*19^4
15615	2452356000	504	2^5*3^6*5^3*29^2
15616	2452850508	90	2^2*3^1*17^2*29^4
15617	2453377815	180	3^5*5^1*7^4*29^2
15618	2453880000	630	2^6*3^1*5^4*11^2*13^2
15619	2454902450	270	2^1*5^2*7^4*11^2*13^2
15620	2455517400	360	2^3*3^1*5^2*7^2*17^4
15621	2455767963	90	3^5*11^2*17^4
15622	2457056250	324	2^1*3^2*5^5*11^2*19^2
15623	2457383184	195	2^4*3^12*17^2
15624	2457600000	228	2^18*3^1*5^5
15625	2457945600	540	2^9*3^1*5^2*11^2*23^2
15626	2458624000	280	2^13*5^3*7^4
15627	2458969744	225	2^4*7^4*11^2*23^2
15628	2459168100	405	2^2*3^4*5^2*19^2*29^2
15629	2460375000	280	2^3*3^9*5^6
15630	2462616200	180	2^3*5^2*11^4*29^2
15631	2462811312	270	2^4*3^1*13^2*19^2*29^2
15632	2464020000	630	2^5*3^6*5^4*13^2
15633	2464516860	324	2^2*3^1*5^1*13^2*17^2*29^2
15634	2465046675	270	3^5*5^2*7^4*13^2
15635	2465705088	648	2^7*3^2*7^2*11^2*19^2
15636	2466250752	150	2^24*3^1*7^2
15637	2467209375	144	3^7*5^5*19^2
15638	2467412640	972	2^5*3^2*5^1*7^2*11^2*17^2
15639	2467670400	480	2^7*3^3*5^2*13^4
15640	2468102400	567	2^8*3^6*5^2*23^2
15641	2468698596	225	2^2*3^2*7^4*13^4
15642	2469130776	360	2^3*3^5*7^4*23^2
15643	2471326208	70	2^9*13^6
15644	2471758848	396	2^10*3^3*13^2*23^2
15645	2472540000	540	2^5*3^1*5^4*7^2*29^2
15646	2472575625	225	3^4*5^4*13^2*17^2
15647	2472792300	486	2^2*3^5*5^2*11^2*29^2
15648	2473570225	63	5^2*7^6*29^2
15649	2474266564	243	2^2*7^2*11^2*17^2*19^2
15650	2474329000	240	2^3*5^3*11^4*13^2
15651	2474525040	300	2^4*3^1*5^1*13^4*19^2
15652	2474958240	540	2^5*3^4*5^1*19^2*23^2
15653	2475893952	504	2^6*3^7*7^2*19^2
15654	2476238700	270	2^2*3^1*5^2*13^4*17^2
15655	2476455696	405	2^4*3^2*11^2*13^2*29^2
15656	2476672200	540	2^3*3^4*5^2*17^2*23^2
15657	2477608560	720	2^4*3^7*5^1*7^2*17^2
15658	2478080000	240	2^15*5^4*11^2
15659	2479365504	480	2^7*3^3*7^2*11^4
15660	2479687500	162	2^2*3^1*5^8*23^2
15661	2480341344	324	2^5*3^1*13^2*17^2*23^2
15662	2480625000	480	2^3*3^4*5^7*7^2
15663	2481833124	135	2^2*3^2*19^4*23^2
15664	2483010450	198	2^1*3^10*5^2*29^2
15665	2484490806	324	2^1*3^5*7^2*17^2*19^2
15666	2484553500	648	2^2*3^5*5^3*11^2*13^2
15667	2486688984	288	2^3*3^7*13^2*29^2
15668	2487099392	126	2^13*19^2*29^2
15669	2487515625	189	3^2*5^6*7^2*19^2
15670	2487974412	270	2^2*3^1*7^2*11^4*17^2
15671	2488320000	450	2^14*3^5*5^4
15672	2488416000	648	2^8*3^1*5^3*7^2*23^2
15673	2488821760	216	2^11*5^1*17^2*29^2
15674	2489356800	750	2^9*3^4*5^2*7^4
15675	2489452840	168	2^3*5^1*7^6*23^2
15676	2489610816	567	2^6*3^8*7^2*11^2
15677	2490394032	180	2^4*3^3*7^8
15678	2492006400	459	2^16*3^2*5^2*13^2
15679	2493044736	360	2^11*3^1*7^4*13^2
15680	2494820250	264	2^1*3^10*5^3*13^2
15681	2495146082	90	2^1*11^2*13^4*19^2
15682	2495287368	180	2^3*3^2*7^2*29^4
15683	2495582892	324	2^2*3^3*11^2*19^2*23^2
15684	2496135168	180	2^19*3^2*23^2
15685	2496960000	600	2^9*3^3*5^4*17^2
15686	2497311135	216	3^3*5^1*11^2*17^2*23^2
15687	2498000400	675	2^4*3^2*5^2*7^4*17^2
15688	2498255298	378	2^1*3^6*7^2*11^2*17^2
15689	2498928640	252	2^13*5^1*13^2*19^2
15690	2499898464	252	2^5*3^13*7^2
15691	2500000000	99	2^8*5^10
15692	2500659200	324	2^11*5^2*13^2*17^2
15693	2500878336	252	2^13*3^1*11^2*29^2
15694	2501296875	252	3^3*5^6*7^2*11^2
15695	2502163200	270	2^8*3^1*5^2*19^4
15696	2502500625	135	3^2*5^4*23^2*29^2
15697	2503205768	100	2^3*7^4*19^4
15698	2503896000	504	2^6*3^1*5^3*17^2*19^2
15699	2504802304	135	2^14*17^2*23^2
15700	2504939290	180	2^1*5^1*7^4*17^2*19^2
15701	2505002500	405	2^2*5^4*7^2*11^2*13^2
15702	2505456603	90	3^5*13^4*19^2
15703	2505630000	250	2^4*3^1*5^4*17^4
15704	2505895218	162	2^1*3^8*19^2*23^2
15705	2507155560	648	2^3*3^2*5^1*7^2*13^2*29^2
15706	2508578667	108	3^11*7^2*17^2
15707	2508969606	100	2^1*3^1*11^4*13^4
15708	2509056000	720	2^11*3^4*5^3*11^2
15709	2509152800	486	2^5*5^2*7^2*11^2*23^2
15710	2509408836	225	2^2*3^4*11^4*23^2
15711	2510101440	840	2^6*3^3*5^1*7^4*11^2
15712	2511212544	273	2^12*3^6*29^2
15713	2514119881	81	7^2*13^2*19^2*29^2
15714	2515353750	540	2^1*3^5*5^4*7^2*13^2
15715	2516025600	729	2^8*3^2*5^2*11^2*19^2
15716	2516582400	156	2^25*3^1*5^2
15717	2517073944	360	2^3*3^1*7^4*11^2*19^2
15718	2517630976	105	2^20*7^4
15719	2518569000	240	2^3*3^2*5^3*23^4
15720	2519080200	540	2^3*3^2*5^2*7^2*13^4
15721	2519337249	105	3^6*11^2*13^4
15722	2519424000	440	2^10*3^9*5^3
15723	2519521200	810	2^4*3^5*5^2*7^2*23^2
15724	2519778294	180	2^1*3^9*11^2*23^2
15725	2519932032	360	2^7*3^4*17^2*29^2
15726	2520473760	540	2^5*3^8*5^1*7^4
15727	2523000000	294	2^6*3^1*5^6*29^2
15728	2523014560	180	2^5*5^1*11^2*19^4
15729	2523253824	567	2^6*3^2*7^2*13^2*23^2
15730	2524051250	150	2^1*5^4*7^4*29^2
15731	2524761800	324	2^3*5^2*11^2*17^2*19^2
15732	2525565025	45	5^2*19^2*23^4
15733	2526422400	576	2^7*3^7*5^2*19^2
15734	2526510250	120	2^1*5^3*11^2*17^4
15735	2527475076	315	2^2*3^6*7^4*19^2
15736	2528048523	162	3^1*7^2*11^2*13^2*29^2
15737	2528681796	135	2^2*3^2*17^4*29^2
15738	2529964800	540	2^8*3^3*5^2*11^4
15739	2530165248	450	2^9*3^4*13^2*19^2
15740	2530190601	45	3^14*23^2
15741	2531018952	300	2^3*3^2*7^4*11^4
15742	2531880960	468	2^12*3^1*5^1*7^2*29^2
15743	2531917440	720	2^7*3^4*5^1*13^2*17^2
15744	2532015122	162	2^1*7^2*13^2*17^2*23^2
15745	2533440240	300	2^4*3^5*5^1*19^4
15746	2533712896	165	2^10*11^4*13^2
15747	2535000000	336	2^6*3^1*5^7*13^2
15748	2535194700	486	2^2*3^5*5^2*17^2*19^2
15749	2536056250	180	2^1*5^5*7^4*13^2
15750	2536950375	120	3^5*5^3*17^4
15751	2538281250	162	2^1*3^2*5^8*19^2
15752	2538749400	360	2^3*3^1*5^2*11^4*17^2
15753	2538950544	405	2^4*3^2*13^2*17^2*19^2
15754	2539557075	90	3^1*5^2*11^2*23^4
15755	2540072535	180	3^1*5^1*7^2*11^2*13^4
15756	2540160000	825	2^10*3^4*5^4*7^2
15757	2540419200	648	2^7*3^8*5^2*11^2
15758	2540477574	56	2^1*3^3*19^6
15759	2540517210	540	2^1*3^4*5^1*7^2*11^2*23^2
15760	2541218400	504	2^5*3^3*5^2*7^6
15761	2541477708	360	2^2*3^7*7^4*11^2
15762	2542277241	33	3^2*7^10
15763	2543923200	702	2^12*3^1*5^2*7^2*13^2
15764	2544025000	216	2^3*5^5*11^2*29^2
15765	2544182784	540	2^9*3^5*11^2*13^2
15766	2544983168	168	2^7*7^6*13^2
15767	2546211600	225	2^4*3^2*5^2*29^4
15768	2547216000	864	2^7*3^2*5^3*7^2*19^2
15769	2548137984	288	2^15*3^1*7^2*23^2
15770	2548277340	252	2^2*3^1*5^1*7^6*19^2
15771	2548980000	810	2^5*3^2*5^4*7^2*17^2
15772	2549240100	567	2^2*3^6*5^2*11^2*17^2
15773	2550042075	126	3^1*5^2*7^6*17^2
15774	2550916800	294	2^6*3^13*5^2
15775	2551015215	180	3^9*5^1*7^2*23^2
15776	2551047840	252	2^5*3^2*5^1*11^6
15777	2551979682	130	2^1*3^12*7^4
15778	2552343750	216	2^1*3^3*5^8*11^2
15779	2552979968	270	2^9*7^2*11^2*29^2
15780	2553016752	540	2^4*3^3*11^2*13^2*17^2
15781	2553284410	60	2^1*5^1*19^2*29^4
15782	2553381961	21	13^6*23^2
15783	2553828966	120	2^1*3^3*13^2*23^4
15784	2554291600	225	2^4*5^2*7^2*19^4
15785	2554537500	324	2^2*3^5*5^5*29^2
15786	2554552242	150	2^1*3^4*11^2*19^4
15787	2554695936	297	2^8*3^10*13^2
15788	2555117568	228	2^18*3^3*19^2
15789	2556125000	252	2^3*5^6*11^2*13^2
15790	2556887040	408	2^16*3^3*5^1*17^2
15791	2557830625	75	5^4*7^2*17^4
15792	2558134084	63	2^2*11^6*19^2
15793	2559774150	216	2^1*3^11*5^2*17^2
15794	2560000000	128	2^15*5^7
15795	2560360000	315	2^6*5^4*11^2*23^2
15796	2561589360	400	2^4*3^7*5^1*11^4
15797	2562560640	432	2^7*3^2*5^1*23^2*29^2
15798	2562890625	81	3^8*5^8
15799	2563529472	486	2^8*3^5*7^2*29^2
15800	2563566408	324	2^3*3^8*13^2*17^2
15801	2563989504	252	2^13*3^1*17^2*19^2
15802	2565108243	50	3^9*19^4
15803	2565122560	540	2^9*5^1*7^2*11^2*13^2
15804	2565428450	162	2^1*5^2*13^2*19^2*29^2
15805	2566687500	378	2^2*3^5*5^6*13^2
15806	2568442800	810	2^4*3^1*5^2*7^2*11^2*19^2
15807	2568704886	180	2^1*3^5*11^4*19^2
15808	2569011200	198	2^21*5^2*7^2
15809	2569273344	285	2^18*3^4*11^2
15810	2569678864	135	2^4*19^2*23^2*29^2
15811	2570221500	648	2^2*3^1*5^3*7^2*11^2*17^2
15812	2570490000	375	2^4*3^2*5^4*13^4
15813	2570940000	540	2^5*3^5*5^4*23^2
15814	2572011225	225	3^4*5^2*7^4*23^2
15815	2572174440	312	2^3*3^12*5^1*11^2
15816	2572306572	54	2^2*3^1*11^8
15817	2572430616	432	2^3*3^3*7^2*17^2*29^2
15818	2574748800	648	2^7*3^2*5^2*13^2*23^2
15819	2575562500	189	2^2*5^6*7^2*29^2
15820	2575722240	972	2^8*3^5*5^1*7^2*13^2
15821	2575821612	270	2^2*3^1*7^4*13^2*23^2
15822	2577630250	120	2^1*5^3*13^4*19^2
15823	2578081500	432	2^2*3^3*5^3*19^2*23^2
15824	2578194432	378	2^13*3^2*11^2*17^2
15825	2579014656	165	2^10*3^2*23^4
15826	2579056200	756	2^3*3^6*5^2*7^2*19^2
15827	2579319369	99	3^10*11^2*19^2
15828	2579641350	324	2^1*3^1*5^2*11^2*13^2*29^2
15829	2579866875	180	3^3*5^4*17^2*23^2
15830	2579890176	180	2^17*3^9
15831	2580842250	504	2^1*3^6*5^3*7^2*17^2
15832	2582672400	675	2^4*3^2*5^2*7^2*11^4
15833	2582803260	108	2^2*3^17*5^1
15834	2582877024	648	2^5*3^3*7^2*13^2*19^2
15835	2582935938	98	2^1*3^6*11^6
15836	2583688900	243	2^2*5^2*13^2*17^2*23^2
15837	2583915312	270	2^4*3^1*11^2*23^2*29^2
15838	2583984375	120	3^3*5^9*7^2
15839	2587146496	135	2^8*11^2*17^4
15840	2587969568	90	2^5*17^2*23^4
15841	2588848128	312	2^12*3^7*17^2
15842	2589846490	180	2^1*5^1*7^2*11^4*19^2
15843	2590301025	189	3^6*5^2*13^2*29^2
15844	2591845347	162	3^1*7^2*13^2*17^2*19^2
15845	2592000000	420	2^11*3^4*5^6
15846	2592100000	324	2^5*5^5*7^2*23^2
15847	2593080000	700	2^6*3^3*5^4*7^4
15848	2593344600	864	2^3*3^7*5^2*7^2*11^2
15849	2593609227	60	3^11*11^4
15850	2594138508	180	2^2*3^3*13^4*29^2
15851	2594160450	162	2^1*3^2*5^2*7^8
15852	2594592648	252	2^3*3^6*23^2*29^2
15853	2595840000	420	2^13*3^1*5^4*13^2
15854	2596205040	540	2^4*3^1*5^1*11^2*13^2*23^2
15855	2596921600	405	2^8*5^2*7^4*13^2
15856	2597186592	810	2^5*3^4*7^2*11^2*13^2
15857	2597837184	240	2^7*3^5*17^4
15858	2599257675	90	3^1*5^2*7^2*29^4
15859	2600140800	306	2^16*3^1*5^2*23^2
15860	2600548335	324	3^5*5^1*7^2*11^2*19^2
15861	2601000000	441	2^6*3^2*5^6*17^2
15862	2601123840	540	2^17*3^4*5^1*7^2
15863	2601224192	180	2^11*7^4*23^2
15864	2602083750	300	2^1*3^1*5^4*7^4*17^2
15865	2604060900	351	2^2*3^12*5^2*7^2
15866	2605081600	297	2^10*5^2*11^2*29^2
15867	2606204601	243	3^2*7^2*11^2*13^2*17^2
15868	2606420000	150	2^5*5^4*19^4
15869	2606476860	168	2^2*3^3*5^1*13^6
15870	2606857452	84	2^2*3^3*17^6
15871	2606933160	504	2^3*3^6*5^1*13^2*23^2
15872	2607918768	450	2^4*3^9*7^2*13^2
15873	2608225000	216	2^3*5^5*17^2*19^2
15874	2608349184	405	2^14*3^2*7^2*19^2
15875	2610031250	70	2^1*5^6*17^4
15876	2611620375	216	3^1*5^3*7^2*13^2*29^2
15877	2613600000	648	2^8*3^3*5^5*11^2
15878	2614174641	135	3^4*13^2*19^2*23^2
15879	2614689000	720	2^3*3^2*5^3*7^4*11^2
15880	2615846400	540	2^9*3^5*5^2*29^2
15881	2616936336	375	2^4*3^4*7^4*29^2
15882	2617405952	270	2^9*7^2*17^2*19^2
15883	2617840082	90	2^1*11^4*13^2*23^2
15884	2619218560	240	2^7*5^1*7^2*17^4
15885	2619721728	324	2^11*3^2*13^2*29^2
15886	2620860000	540	2^5*3^1*5^4*11^2*19^2
15887	2621440000	115	2^22*5^4
15888	2621808640	252	2^13*5^1*11^2*23^2
15889	2621952025	135	5^2*7^4*11^2*19^2
15890	2622799872	540	2^14*3^3*7^2*11^2
15891	2623112640	504	2^6*3^3*5^1*19^2*29^2
15892	2623509375	60	3^1*5^5*23^4
15893	2624041875	150	3^1*5^4*7^2*13^4
15894	2624400000	432	2^7*3^8*5^5
15895	2624501250	450	2^1*3^4*5^4*7^2*23^2
15896	2624929200	540	2^4*3^3*5^2*17^2*29^2
15897	2625493500	480	2^2*3^7*5^3*7^4
15898	2628125000	108	2^3*5^8*29^2
15899	2628389400	648	2^3*3^1*5^2*7^2*13^2*23^2
15900	2628657603	162	3^5*11^2*13^2*23^2
15901	2628817984	189	2^6*13^2*17^2*29^2
15902	2630399064	120	2^3*3^1*19^4*29^2
15903	2631690000	525	2^4*3^6*5^4*19^2
15904	2631906816	540	2^9*3^1*7^2*11^2*17^2
15905	2632181760	360	2^11*3^2*5^1*13^4
15906	2632642560	468	2^12*3^5*5^1*23^2
15907	2632744128	210	2^6*3^1*7^2*23^4
15908	2633637888	378	2^13*3^8*7^2
15909	2635380000	450	2^5*3^2*5^4*11^4
15910	2635588800	756	2^6*3^3*5^2*13^2*19^2
15911	2636478075	150	3^1*5^2*7^4*11^4
15912	2636686962	270	2^1*3^2*7^4*13^2*19^2
15913	2637376000	360	2^9*5^3*7^2*29^2
15914	2637414000	720	2^4*3^3*5^3*13^2*17^2
15915	2637746881	81	7^2*11^2*23^2*29^2
15916	2639000250	200	2^1*3^4*5^3*19^4
15917	2639493376	135	2^8*13^4*19^2
15918	2639955456	360	2^9*3^3*19^2*23^2
15919	2640625000	120	2^3*5^9*13^2
15920	2642782464	567	2^8*3^6*7^2*17^2
15921	2644530625	75	5^4*11^4*17^2
15922	2644740150	324	2^1*3^1*5^2*13^2*17^2*19^2
15923	2644971912	324	2^3*3^2*11^2*19^2*29^2
15924	2645557248	126	2^20*3^1*29^2
15925	2646000000	672	2^7*3^3*5^6*7^2
15926	2646270000	600	2^4*3^7*5^4*11^2
15927	2646803610	324	2^1*3^2*5^1*11^2*17^2*29^2
15928	2647102500	315	2^2*3^2*5^4*7^6
15929	2649121968	270	2^4*3^1*17^2*19^2*23^2
15930	2649920000	450	2^9*5^4*7^2*13^2
15931	2650190400	945	2^6*3^4*5^2*11^2*13^2
15932	2650956540	180	2^2*3^1*5^1*17^4*23^2
15933	2651294646	360	2^1*3^3*7^4*11^2*13^2
15934	2651958792	300	2^3*3^4*7^2*17^4
15935	2652303750	100	2^1*3^1*5^4*29^4
15936	2653350000	540	2^4*3^1*5^5*7^2*19^2
15937	2654116608	270	2^8*3^1*11^2*13^4
15938	2654310400	351	2^12*5^2*7^2*23^2
15939	2654581248	450	2^9*3^4*11^2*23^2
15940	2655187500	378	2^2*3^1*5^6*7^2*17^2
15941	2655901548	216	2^2*3^7*19^2*29^2
15942	2657205000	260	2^3*3^12*5^4
15943	2657341500	168	2^2*3^1*5^3*11^6
15944	2657552040	648	2^3*3^2*5^1*11^2*13^2*19^2
15945	2657740815	144	3^7*5^1*17^2*29^2
15946	2658140160	252	2^20*3^1*5^1*13^2
15947	2659392450	486	2^1*3^2*5^2*11^2*13^2*17^2
15948	2659625496	240	2^3*3^3*11^4*29^2
15949	2661141600	540	2^5*3^9*5^2*13^2
15950	2661580800	432	2^15*3^2*5^2*19^2
15951	2662250409	135	3^8*7^4*13^2
15952	2662689792	330	2^10*3^1*7^4*19^2
15953	2663424000	504	2^13*3^2*5^3*17^2
15954	2663798544	405	2^4*3^2*11^2*17^2*23^2
15955	2664533760	540	2^8*3^1*5^1*7^4*17^2
15956	2664646002	42	2^1*3^2*23^6
15957	2664934129	45	11^2*13^2*19^4
15958	2665084032	280	2^7*3^6*13^4
15959	2665550592	270	2^8*3^9*23^2
15960	2668322250	280	2^1*3^6*5^3*11^4
15961	2668533660	432	2^2*3^7*5^1*13^2*19^2
15962	2669334000	360	2^4*3^1*5^3*23^2*29^2
15963	2670343200	810	2^5*3^4*5^2*7^2*29^2
15964	2670381675	216	3^7*5^2*13^2*17^2
15965	2670615684	243	2^2*3^8*11^2*29^2
15966	2670822400	297	2^10*5^2*17^2*19^2
15967	2671455843	84	3^3*7^6*29^2
15968	2674299264	432	2^7*3^1*7^2*13^2*29^2
15969	2674337796	225	2^2*3^4*13^4*17^2
15970	2674805976	288	2^3*3^7*17^2*23^2
15971	2675461250	270	2^1*5^4*7^2*11^2*19^2
15972	2676326400	576	2^15*3^3*5^2*11^2
15973	2677441536	495	2^10*3^2*7^4*11^2
15974	2677593750	140	2^1*3^1*5^6*13^4
15975	2678062500	315	2^2*3^4*5^6*23^2
15976	2679348375	144	3^11*5^3*11^2
15977	2679615225	243	3^2*5^2*7^2*17^2*29^2
15978	2679698307	90	3^1*11^4*13^2*19^2
15979	2680291328	162	2^17*11^2*13^2
15980	2681651286	84	2^1*3^13*29^2
15981	2682030000	450	2^4*3^1*5^4*13^2*23^2
15982	2683044000	1080	2^5*3^4*5^3*7^2*13^2
15983	2683760640	468	2^12*3^1*5^1*11^2*19^2
15984	2684161935	168	3^3*5^1*7^6*13^2
15985	2684354560	60	2^29*5^1
15986	2685619200	594	2^10*3^1*5^2*11^2*17^2
15987	2686473600	240	2^7*3^1*5^2*23^4
15988	2686516875	270	3^5*5^4*7^2*19^2
15989	2686738208	270	2^5*7^4*11^2*17^2
15990	2687385600	405	2^14*3^8*5^2
15991	2687592964	75	2^2*7^4*23^4
15992	2688505344	400	2^9*3^7*7^4
15993	2690283750	300	2^1*3^1*5^4*7^2*11^4
15994	2690496900	729	2^2*3^2*5^2*7^2*13^2*19^2
15995	2691366912	306	2^16*3^5*13^2
15996	2691578450	162	2^1*5^2*11^2*23^2*29^2
15997	2692596060	648	2^2*3^3*5^1*7^2*11^2*29^2
15998	2694544281	63	3^2*11^6*13^2
15999	2694850560	504	2^11*3^6*5^1*19^2
16000	2694954528	486	2^5*3^2*7^2*19^2*23^2
16001	2696716800	630	2^9*3^6*5^2*17^2
16002	2696820840	648	2^3*3^2*5^1*7^2*17^2*23^2
16003	2697840432	450	2^4*3^5*7^4*17^2
16004	2700000000	324	2^8*3^3*5^8
16005	2700673024	153	2^16*7^2*29^2
16006	2700711936	432	2^11*3^3*13^2*17^2
16007	2701125000	420	2^3*3^2*5^6*7^4
16008	2701400625	315	3^6*5^4*7^2*11^2
16009	2702336256	225	2^8*3^4*19^4
16010	2702700675	162	3^5*5^2*23^2*29^2
16011	2703722490	324	2^1*3^8*5^1*7^2*29^2
16012	2704000000	231	2^10*5^6*13^2
16013	2704312009	81	7^2*17^2*19^2*23^2
16014	2704380250	216	2^1*5^3*11^2*13^2*23^2
16015	2705402700	972	2^2*3^3*5^2*7^2*11^2*13^2
16016	2706080400	375	2^4*3^4*5^2*17^4
16017	2706125312	150	2^9*11^4*19^2
16018	2706704676	243	2^2*3^2*13^2*23^2*29^2
16019	2707999360	240	2^7*5^1*11^4*17^2
16020	2708480000	210	2^13*5^4*23^2
16021	2709375000	216	2^3*3^1*5^8*17^2
16022	2709410704	225	2^4*7^2*11^2*13^4
16023	2709504000	720	2^14*3^3*5^3*7^2
16024	2709885024	648	2^5*3^3*7^2*11^2*23^2
16025	2710089408	210	2^6*3^1*13^2*17^4
16026	2710632960	420	2^9*3^2*5^1*7^6
16027	2711719368	180	2^3*3^2*17^2*19^4
16028	2713597290	180	2^1*3^2*5^1*17^4*19^2
16029	2715555375	216	3^5*5^3*13^2*23^2
16030	2715959040	180	2^8*3^1*5^1*29^4
16031	2716582050	486	2^1*3^8*5^2*7^2*13^2
16032	2717030400	648	2^11*3^1*5^2*7^2*19^2
16033	2717307648	486	2^8*3^5*11^2*19^2
16034	2717908992	130	2^25*3^4
16035	2718162496	147	2^6*7^6*19^2
16036	2719189440	756	2^6*3^5*5^1*11^2*17^2
16037	2719294347	162	3^1*7^2*11^2*17^2*23^2
16038	2720606616	360	2^3*3^5*7^2*13^4
16039	2721082896	405	2^4*3^8*7^2*23^2
16040	2721117696	140	2^9*3^1*11^6
16041	2722500000	432	2^5*3^2*5^7*11^2
16042	2723634375	180	3^1*5^5*7^4*11^2
16043	2724840000	525	2^6*3^4*5^4*29^2
16044	2725975350	360	2^1*3^3*5^2*7^4*29^2
16045	2726742744	432	2^3*3^3*11^2*17^2*19^2
16046	2727346176	189	2^20*3^2*17^2
16047	2727610227	60	3^3*19^2*23^4
16048	2728536192	264	2^7*3^10*19^2
16049	2728876800	486	2^8*3^1*5^2*13^2*29^2
16050	2730013832	180	2^3*7^4*13^2*29^2
16051	2730062500	189	2^2*5^6*11^2*19^2
16052	2730425760	396	2^5*3^10*5^1*17^2
16053	2732083200	972	2^11*3^2*5^2*7^2*11^2
16054	2732361984	315	2^8*3^6*11^4
16055	2732409000	432	2^3*3^2*5^3*19^2*29^2
16056	2733221568	294	2^6*3^1*7^6*11^2
16057	2733398016	216	2^11*3^1*23^2*29^2
16058	2733750000	320	2^4*3^7*5^7
16059	2734301250	270	2^1*3^2*5^4*17^2*29^2
16060	2736816128	80	2^15*17^4
16061	2737905625	135	5^4*7^2*13^2*23^2
16062	2738010276	243	2^2*3^8*17^2*19^2
16063	2738592032	90	2^5*11^2*29^4
16064	2739999025	45	5^2*19^4*29^2
16065	2741343750	252	2^1*3^5*5^6*19^2
16066	2741569600	567	2^6*5^2*7^2*11^2*17^2
16067	2741849352	300	2^3*3^4*11^4*17^2
16068	2741856000	360	2^8*3^1*5^3*13^4
16069	2742336000	600	2^9*3^4*5^3*23^2
16070	2742441800	180	2^3*5^2*7^2*23^4
16071	2742721641	75	3^4*11^2*23^4
16072	2742998440	200	2^3*5^1*7^4*13^4
16073	2743372800	792	2^10*3^7*5^2*7^2
16074	2743478640	600	2^4*3^3*5^1*7^4*23^2
16075	2743652736	288	2^7*3^11*11^2
16076	2744515872	294	2^5*3^6*7^6
16077	2745187500	210	2^2*3^1*5^6*11^4
16078	2745405000	540	2^3*3^2*5^4*13^2*19^2
16079	2747306250	324	2^1*3^2*5^5*13^2*17^2
16080	2747437056	585	2^12*3^4*7^2*13^2
16081	2749908528	150	2^4*3^5*29^4
16082	2749953600	567	2^6*3^2*5^2*19^2*23^2
16083	2751099414	180	2^1*3^1*7^4*19^2*23^2
16084	2751617440	324	2^5*5^1*11^2*13^2*29^2
16085	2752898400	972	2^5*3^5*5^2*7^2*17^2
16086	2753179308	270	2^2*3^9*11^2*17^2
16087	2754045441	105	3^4*7^6*17^2
16088	2754850560	540	2^8*3^1*5^1*7^2*11^4
16089	2754990144	119	2^6*3^16
16090	2755179075	162	3^1*5^2*11^2*19^2*29^2
16091	2755788800	162	2^17*5^2*29^2
16092	2756250000	405	2^4*3^2*5^8*7^2
16093	2756531250	294	2^1*3^6*5^6*11^2
16094	2756976768	648	2^7*3^2*7^2*13^2*17^2
16095	2757592360	120	2^3*5^1*19^4*23^2
16096	2758634928	300	2^4*3^3*7^2*19^4
16097	2759502050	162	2^1*5^2*17^2*19^2*23^2
16098	2760545340	648	2^2*3^3*5^1*7^2*17^2*19^2
16099	2760615000	720	2^3*3^3*5^4*11^2*13^2
16100	2762457075	180	3^3*5^2*7^2*17^4
16101	2762987760	540	2^4*3^5*5^1*13^2*29^2
16102	2763906250	144	2^1*5^7*7^2*19^2
16103	2764556082	90	2^1*3^14*17^2
16104	2764704800	270	2^5*5^2*11^2*13^4
16105	2765188800	756	2^6*3^3*5^2*11^2*23^2
16106	2766234240	1008	2^7*3^6*5^1*7^2*11^2
16107	2766340962	270	2^1*3^2*7^4*11^2*23^2
16108	2766549604	135	2^2*7^2*13^2*17^4
16109	2767921875	84	3^11*5^6
16110	2768283375	216	3^1*5^3*11^2*13^2*19^2
16111	2768896000	216	2^17*5^3*13^2
16112	2769285376	243	2^8*11^2*13^2*23^2
16113	2770443225	135	3^2*5^2*11^4*29^2
16114	2770662726	216	2^1*3^3*13^2*19^2*29^2
16115	2772022500	405	2^2*3^8*5^4*13^2
16116	2772480000	390	2^12*3^1*5^4*19^2
16117	2773635200	360	2^7*5^2*7^4*19^2
16118	2773918224	675	2^4*3^4*7^2*11^2*19^2
16119	2774400000	396	2^10*3^1*5^5*17^2
16120	2774532096	264	2^21*3^3*7^2
16121	2774790150	324	2^1*3^1*5^2*11^2*17^2*23^2
16122	2775556000	360	2^5*5^3*7^4*17^2
16123	2776129200	450	2^4*3^5*5^2*13^4
16124	2776615200	486	2^5*3^8*5^2*23^2
16125	2777664960	504	2^6*3^11*5^1*7^2
16126	2777772123	120	3^7*7^4*23^2
16127	2777807648	126	2^5*7^2*11^6
16128	2780241984	147	2^6*3^2*13^6
16129	2780556250	108	2^1*5^5*23^2*29^2
16130	2780728704	432	2^7*3^5*13^2*23^2
16131	2781607500	540	2^2*3^3*5^4*7^2*29^2
16132	2784165888	306	2^16*3^1*7^2*17^2
16133	2785380696	360	2^3*3^9*7^2*19^2
16134	2785728400	405	2^4*5^2*7^2*13^2*29^2
16135	2786012658	270	2^1*3^4*11^2*13^2*29^2
16136	2786256225	189	3^6*5^2*17^2*23^2
16137	2787840000	585	2^12*3^2*5^4*11^2
16138	2788232040	360	2^3*3^2*5^1*11^4*23^2
16139	2789001600	720	2^7*3^1*5^2*7^4*11^2
16140	2789286192	450	2^4*3^5*7^2*11^4
16141	2789895602	42	2^1*13^6*17^2
16142	2790163684	81	2^2*7^8*11^2
16143	2790236160	420	2^13*3^4*5^1*29^2
16144	2790343808	216	2^7*7^2*23^2*29^2
16145	2790384012	324	2^2*3^3*13^2*17^2*23^2
16146	2793781250	126	2^1*5^6*13^2*23^2
16147	2794837500	648	2^2*3^3*5^5*7^2*13^2
16148	2795584000	360	2^9*5^3*11^2*19^2
16149	2795977129	45	11^4*19^2*23^2
16150	2797520000	360	2^7*5^4*11^2*17^2
16151	2797525107	90	3^9*13^2*29^2
16152	2797986816	297	2^10*3^2*19^2*29^2
16153	2798410000	125	2^4*5^4*23^4
16154	2799263610	300	2^1*3^4*5^1*11^2*13^4
16155	2799360000	480	2^11*3^7*5^4
16156	2799753660	432	2^2*3^7*5^1*11^2*23^2
16157	2800526400	735	2^6*3^6*5^2*7^4
16158	2800812168	396	2^3*3^10*7^2*11^2
16159	2801693286	108	2^1*3^5*7^8
16160	2803507200	630	2^13*3^4*5^2*13^2
16161	2803615360	432	2^7*5^1*7^2*13^2*23^2
16162	2804675328	540	2^8*3^3*7^4*13^2
16163	2807136000	648	2^8*3^5*5^3*19^2
16164	2807198289	75	3^4*7^2*29^4
16165	2807244300	486	2^2*3^1*5^2*7^2*19^2*23^2
16166	2807660544	160	2^15*3^1*13^4
16167	2807702048	162	2^5*17^2*19^2*29^2
16168	2808152064	255	2^16*3^4*23^2
16169	2808305640	600	2^3*3^4*5^1*7^4*19^2
16170	2809080000	630	2^6*3^5*5^4*17^2
16171	2809188375	216	3^1*5^3*7^2*17^2*23^2
16172	2809646440	120	2^3*5^1*17^4*29^2
16173	2810250450	450	2^1*3^4*5^2*7^4*17^2
16174	2810830815	100	3^9*5^1*13^4
16175	2811322890	156	2^1*3^12*5^1*23^2
16176	2811467307	42	3^1*11^6*23^2
16177	2812385772	144	2^2*3^15*7^2
16178	2812500000	198	2^5*3^2*5^10
16179	2813241600	729	2^8*3^2*5^2*13^2*17^2
16180	2813488128	396	2^10*3^3*11^2*29^2
16181	2813671875	90	3^1*5^8*7^4
16182	2814413784	360	2^3*3^1*7^4*13^2*17^2
16183	2814933600	360	2^5*3^3*5^2*19^4
16184	2816106489	75	3^2*7^4*19^4
16185	2817902592	324	2^11*3^2*17^2*23^2
16186	2818833750	200	2^1*3^3*5^4*17^4
16187	2819103872	120	2^7*13^2*19^4
16188	2821056160	324	2^5*5^1*13^2*17^2*19^2
16189	2822265625	33	5^10*17^2
16190	2822400000	648	2^11*3^2*5^5*7^2
16191	2822752860	84	2^2*3^1*5^1*19^6
16192	2822796900	729	2^2*3^2*5^2*7^2*11^2*23^2
16193	2823009800	180	2^3*5^2*13^2*17^4
16194	2823257184	324	2^5*3^1*11^2*17^2*29^2
16195	2823576000	392	2^6*3^1*5^3*7^6
16196	2824155372	90	2^2*3^1*23^4*29^2
16197	2824707675	90	3^1*5^2*17^2*19^4
16198	2824752490	44	2^1*5^1*7^10
16199	2825114112	270	2^9*3^8*29^2
16200	2826869760	792	2^10*3^3*5^1*11^2*13^2
16201	2827686976	105	2^6*17^4*23^2
16202	2829124000	120	2^5*5^3*29^4
16203	2830240000	405	2^8*5^4*7^2*19^2
16204	2830528800	810	2^5*3^4*5^2*11^2*19^2
16205	2831155200	276	2^22*3^3*5^2
16206	2831708187	180	3^3*7^4*11^2*19^2
16207	2832334848	270	2^17*3^2*7^4
16208	2832489000	720	2^3*3^4*5^3*11^2*17^2
16209	2833965225	225	3^4*5^2*7^2*13^4
16210	2834461350	432	2^1*3^7*5^2*7^2*23^2
16211	2834497600	147	2^6*5^2*11^6
16212	2834722176	432	2^7*3^1*11^2*13^2*19^2
16213	2834923536	315	2^4*3^6*17^2*29^2
16214	2835349504	75	2^24*13^2
16215	2835937500	180	2^2*3^1*5^9*11^2
16216	2837587740	180	2^2*3^1*5^1*13^2*23^4
16217	2838163692	126	2^2*3^1*7^2*13^6
16218	2838375000	336	2^3*3^3*5^6*29^2
16219	2838551040	540	2^9*3^8*5^1*13^2
16220	2838660552	540	2^3*3^4*7^2*13^2*23^2
16221	2840357025	243	3^2*5^2*11^2*17^2*19^2
16222	2840985600	324	2^17*3^1*5^2*17^2
16223	2842169344	195	2^12*7^4*17^2
16224	2842225200	450	2^4*3^9*5^2*19^2
16225	2842580000	270	2^5*5^4*13^2*29^2
16226	2844193500	360	2^2*3^9*5^3*17^2
16227	2845920000	810	2^8*3^1*5^4*7^2*11^2
16228	2846210400	540	2^5*3^5*5^2*11^4
16229	2846259375	108	3^1*5^5*19^2*29^2
16230	2846435904	441	2^6*3^6*13^2*19^2
16231	2847105800	252	2^3*5^2*7^6*11^2
16232	2847289600	243	2^8*5^2*23^2*29^2
16233	2847396321	125	3^4*7^4*11^4
16234	2847656250	140	2^1*3^6*5^9
16235	2850427008	360	2^7*3^2*11^4*13^2
16236	2854116540	360	2^2*3^3*5^1*11^4*19^2
16237	2854748160	360	2^19*3^2*5^1*11^2
16238	2856093075	180	3^3*5^2*11^4*17^2
16239	2856100000	180	2^5*5^5*13^4
16240	2856278208	378	2^6*3^1*7^2*19^2*29^2
16241	2856319362	270	2^1*3^4*13^2*17^2*19^2
16242	2856600000	504	2^6*3^3*5^5*23^2
16243	2857680000	840	2^7*3^6*5^4*7^2
16244	2857790250	360	2^1*3^2*5^3*7^4*23^2
16245	2857971600	495	2^4*3^10*5^2*11^2
16246	2858256240	540	2^4*3^1*5^1*7^2*17^2*29^2
16247	2858870700	378	2^2*3^5*5^2*7^6
16248	2859796875	126	3^1*5^6*13^2*19^2
16249	2860324324	135	2^2*11^4*13^2*17^2
16250	2861913600	1080	2^9*3^3*5^2*7^2*13^2
16251	2862205632	504	2^6*3^7*11^2*13^2
16252	2862678016	153	2^16*11^2*19^2
16253	2863106064	315	2^4*3^2*7^6*13^2
16254	2864488050	150	2^1*3^4*5^2*29^4
16255	2864535000	360	2^3*3^1*5^4*19^2*23^2
16256	2865571840	120	2^11*5^1*23^4
16257	2865910410	324	2^1*3^8*5^1*11^2*19^2
16258	2866153472	180	2^11*7^2*13^4
16259	2866544640	304	2^18*3^7*5^1
16260	2866655232	468	2^12*3^3*7^2*23^2
16261	2867602500	675	2^2*3^4*5^4*7^2*17^2
16262	2868731736	120	2^3*3^1*13^2*29^4
16263	2869636000	360	2^5*5^3*7^2*11^4
16264	2869781400	192	2^3*3^15*5^2
16265	2869863360	756	2^6*3^1*5^1*7^2*13^2*19^2
16266	2871093750	132	2^1*3^1*5^10*7^2
16267	2871850800	810	2^4*3^1*5^2*7^2*13^2*17^2
16268	2872102464	567	2^6*3^2*7^2*11^2*29^2
16269	2872143846	324	2^1*3^5*11^2*13^2*17^2
16270	2873578050	270	2^1*3^2*5^2*7^2*19^4
16271	2874032928	234	2^5*3^12*13^2
16272	2874507264	288	2^15*3^5*19^2
16273	2875640625	189	3^2*5^6*11^2*13^2
16274	2876608896	432	2^7*3^1*7^2*17^2*23^2
16275	2877753015	84	3^13*5^1*19^2
16276	2878112250	360	2^1*3^4*5^3*13^2*29^2
16277	2878537728	170	2^16*3^1*11^4
16278	2880405000	540	2^3*3^2*5^4*11^2*23^2
16279	2881494000	1080	2^4*3^5*5^3*7^2*11^2
16280	2882075042	162	2^1*7^2*11^2*17^2*29^2
16281	2883970656	432	2^5*3^7*7^2*29^2
16282	2884012209	99	3^10*13^2*17^2
16283	2884488192	396	2^10*3^3*17^2*19^2
16284	2886485760	360	2^8*3^3*5^1*17^4
16285	2888000000	210	2^9*5^6*19^2
16286	2889498150	648	2^1*3^3*5^2*7^2*11^2*19^2
16287	2890000000	192	2^7*5^7*17^2
16288	2890137600	513	2^18*3^2*5^2*7^2
16289	2890432512	336	2^15*3^6*11^2
16290	2890888722	162	2^1*3^2*19^2*23^2*29^2
16291	2891341824	196	2^13*3^1*7^6
16292	2891801250	250	2^1*3^4*5^4*13^4
16293	2892307500	360	2^2*3^7*5^4*23^2
16294	2893401000	528	2^3*3^10*5^3*7^2
16295	2893778888	324	2^3*7^2*11^2*13^2*19^2
16296	2893984443	162	3^5*7^2*17^2*29^2
16297	2894503776	180	2^5*3^1*17^4*19^2
16298	2895782890	324	2^1*5^1*7^2*11^2*13^2*17^2
16299	2896085400	168	2^3*3^1*5^2*13^6
16300	2896592400	675	2^4*3^4*5^2*13^2*23^2
16301	2897022976	65	2^12*29^4
16302	2898165760	288	2^15*5^1*7^2*19^2
16303	2900172800	378	2^13*5^2*7^2*17^2
16304	2900468736	495	2^10*3^4*11^2*17^2
16305	2900883648	210	2^6*3^1*13^4*23^2
16306	2901391488	200	2^7*3^4*23^4
16307	2901438225	243	3^8*5^2*7^2*19^2
16308	2902376448	180	2^14*3^11
16309	2904000000	420	2^9*3^1*5^6*11^2
16310	2904408375	120	3^1*5^3*11^4*23^2
16311	2904638490	324	2^1*3^2*5^1*13^2*19^2*23^2
16312	2905210000	375	2^4*5^4*7^4*11^2
16313	2905506450	450	2^1*3^4*5^2*7^2*11^4
16314	2905736652	486	2^2*3^5*7^2*13^2*19^2
16315	2906395921	45	11^2*13^4*29^2
16316	2906496000	528	2^10*3^3*5^3*29^2
16317	2906904726	216	2^1*3^3*11^2*23^2*29^2
16318	2907707040	540	2^5*3^2*5^1*7^4*29^2
16319	2907748935	324	3^5*5^1*7^2*13^2*17^2
16320	2909810904	360	2^3*3^1*7^2*11^4*13^2
16321	2910539808	270	2^5*3^2*11^2*17^4
16322	2911465764	135	2^2*3^2*17^2*23^4
16323	2912454144	300	2^9*3^9*17^2
16324	2914569600	432	2^7*3^1*5^2*19^2*29^2
16325	2915784004	135	2^2*7^4*19^2*29^2
16326	2916000000	441	2^8*3^6*5^6
16327	2917215000	600	2^3*3^5*5^4*7^4
16328	2917512675	270	3^9*5^2*7^2*11^2
16329	2918916729	81	3^8*23^2*29^2
16330	2920320000	660	2^10*3^3*5^4*13^2
16331	2920645849	21	11^2*17^6
16332	2921536800	810	2^5*3^2*5^2*7^4*13^2
16333	2921834916	567	2^2*3^6*7^2*11^2*13^2
16334	2922566832	200	2^4*3^7*17^4
16335	2922754107	54	3^1*7^8*13^2
16336	2924100000	540	2^5*3^4*5^5*19^2
16337	2924646400	195	2^12*5^2*13^4
16338	2925158400	504	2^13*3^3*5^2*23^2
16339	2925318375	240	3^3*5^3*7^4*19^2
16340	2926125000	420	2^3*3^4*5^6*17^2
16341	2926377216	405	2^8*3^2*7^4*23^2
16342	2929491968	144	2^15*13^2*23^2
16343	2929687500	78	2^2*3^1*5^12
16344	2930460000	540	2^5*3^1*5^4*13^2*17^2
16345	2930716800	648	2^7*3^2*5^2*11^2*29^2
16346	2931681025	135	5^2*7^4*13^2*17^2
16347	2931937932	270	2^2*3^1*7^4*11^2*29^2
16348	2932222500	225	2^2*3^2*5^4*19^4
16349	2933283840	396	2^10*3^1*5^1*19^2*23^2
16350	2933908614	216	2^1*3^11*7^2*13^2
16351	2934392832	540	2^11*3^4*7^2*19^2
16352	2935315200	486	2^8*3^1*5^2*17^2*23^2
16353	2936424960	900	2^9*3^4*5^1*7^2*17^2
16354	2936538248	180	2^3*7^4*17^2*23^2
16355	2938507264	195	2^12*7^2*11^4
16356	2940000000	432	2^8*3^1*5^7*7^2
16357	2940892900	243	2^2*5^2*11^2*17^2*29^2
16358	2941225000	168	2^3*5^5*7^6
16359	2942827200	504	2^6*3^7*5^2*29^2
16360	2942940735	216	3^3*5^1*7^2*23^2*29^2
16361	2944053378	210	2^1*3^6*7^4*29^2
16362	2944581696	567	2^6*3^2*7^2*17^2*19^2
16363	2944656000	864	2^7*3^2*5^3*11^2*13^2
16364	2945882940	540	2^2*3^1*5^1*7^4*11^2*13^2
16365	2947186944	405	2^8*3^4*13^2*29^2
16366	2948467500	540	2^2*3^3*5^4*11^2*19^2
16367	2949120000	300	2^19*3^2*5^4
16368	2950348800	450	2^14*3^1*5^2*7^4
16369	2950509375	216	3^3*5^5*11^2*17^2
16370	2950649856	648	2^11*3^5*7^2*11^2
16371	2951578112	90	2^9*7^8
16372	2952835600	405	2^4*5^2*11^2*13^2*19^2
16373	2953045350	324	2^1*3^5*5^2*17^2*29^2
16374	2954805938	90	2^1*7^2*17^4*19^2
16375	2955139440	300	2^4*3^1*5^1*11^4*29^2
16376	2956640625	81	3^2*5^8*29^2
16377	2956824000	672	2^6*3^7*5^3*13^2
16378	2956938075	324	3^3*5^2*7^2*13^2*23^2
16379	2957420232	324	2^3*3^2*13^2*17^2*29^2
16380	2957727872	216	2^7*11^2*19^2*23^2
16381	2958056010	420	2^1*3^6*5^1*7^4*13^2
16382	2959198947	60	3^3*19^4*29^2
16383	2959360000	225	2^14*5^4*17^2
16384	2959776160	324	2^5*5^1*11^2*17^2*23^2
16385	2960651250	270	2^1*3^8*5^4*19^2
16386	2960895168	756	2^6*3^3*7^2*11^2*17^2
16387	2961318724	135	2^2*7^2*13^4*23^2
16388	2961837144	240	2^3*3^3*7^2*23^4
16389	2962842624	363	2^10*3^10*7^2
16390	2964500000	378	2^5*5^6*7^2*11^2
16391	2964802500	375	2^2*3^4*5^4*11^4
16392	2965037400	648	2^3*3^5*5^2*13^2*19^2
16393	2967350760	504	2^3*3^6*5^1*11^2*29^2
16394	2969194800	450	2^4*3^1*5^2*11^4*13^2
16395	2969430048	270	2^5*3^2*13^4*19^2
16396	2969949888	378	2^6*3^5*19^2*23^2
16397	2971176054	180	2^1*3^1*7^2*11^2*17^4
16398	2971486440	360	2^3*3^2*5^1*13^4*17^2
16399	2972006640	540	2^4*3^5*5^1*17^2*23^2
16400	2973130272	486	2^5*3^8*7^2*17^2
16401	2973273615	120	3^3*5^1*13^2*19^4
16402	2973696000	408	2^16*3^1*5^3*11^2
16403	2974114176	240	2^7*3^1*11^4*23^2
16404	2974935040	360	2^11*5^1*7^4*11^2
16405	2975289800	324	2^3*5^2*7^2*19^2*29^2
16406	2975593401	135	3^4*11^2*19^2*29^2
16407	2975625000	288	2^3*3^2*5^7*23^2
16408	2976251904	216	2^17*3^3*29^2
16409	2976750000	630	2^4*3^5*5^6*7^2
16410	2977053750	300	2^1*3^9*5^4*11^2
16411	2977350250	216	2^1*5^3*7^2*17^2*29^2
16412	2979612540	216	2^2*3^11*5^1*29^2
16413	2979740569	45	13^4*17^2*19^2
16414	2979765602	42	2^1*11^6*29^2
16415	2980262214	216	2^1*3^3*17^2*19^2*23^2
16416	2981160000	945	2^6*3^2*5^4*7^2*13^2
16417	2981464200	756	2^3*3^6*5^2*11^2*13^2
16418	2982402150	252	2^1*3^1*5^2*7^6*13^2
16419	2983453641	105	3^6*7^2*17^4
16420	2983890625	63	5^6*19^2*23^2
16421	2985881184	360	2^5*3^3*11^2*13^4
16422	2985984000	448	2^15*3^6*5^3
16423	2986099200	810	2^9*3^2*5^2*7^2*23^2
16424	2986403904	441	2^6*3^6*11^2*23^2
16425	2986586112	234	2^12*3^1*17^2*29^2
16426	2987228160	660	2^10*3^5*5^1*7^4
16427	2987343408	210	2^4*3^1*7^6*23^2
16428	2988262225	45	5^2*13^2*29^4
16429	2989355625	75	3^14*5^4
16430	2989441000	432	2^3*5^3*7^2*13^2*19^2
16431	2991511250	270	2^1*5^4*7^2*13^2*17^2
16432	2991773400	648	2^3*3^1*5^2*7^2*11^2*29^2
16433	2992078683	90	3^5*11^4*29^2
16434	2993213192	60	2^3*23^2*29^4
16435	2993784300	324	2^2*3^11*5^2*13^2
16436	2993938090	84	2^1*5^1*11^6*13^2
16437	2994278400	585	2^12*3^4*5^2*19^2
16438	2995526016	480	2^7*3^3*7^4*19^2
16439	2996248827	90	3^1*11^2*13^4*17^2
16440	2996467600	405	2^4*5^2*7^2*17^2*23^2
16441	2996773362	270	2^1*3^4*11^2*17^2*23^2
16442	2998219536	225	2^4*3^8*13^4
16443	2998476800	210	2^13*5^2*11^4
16444	2998714368	270	2^14*3^1*13^2*19^2
16445	2998744416	216	2^5*3^11*23^2
16446	3000421875	126	3^1*5^6*11^2*23^2
16447	3000791040	468	2^12*3^1*5^1*13^2*17^2
16448	3001556250	540	2^1*3^4*5^5*7^2*11^2
16449	3002595840	300	2^9*3^2*5^1*19^4
16450	3004136100	567	2^2*3^6*5^2*7^2*29^2
16451	3004675200	648	2^7*3^2*5^2*17^2*19^2
16452	3005927148	270	2^2*3^1*7^4*17^2*19^2
16453	3006309735	180	3^5*5^1*11^4*13^2
16454	3006756000	360	2^5*3^2*5^3*17^4
16455	3007449640	216	2^3*5^1*13^2*23^2*29^2
16456	3008008815	100	3^1*5^1*7^4*17^4
16457	3008586672	540	2^4*3^3*7^2*13^2*29^2
16458	3009156723	90	3^9*17^2*23^2
16459	3010560000	480	2^15*3^1*5^4*7^2
16460	3010867200	702	2^12*3^5*5^2*11^2
16461	3010936384	49	2^6*19^6
16462	3010983360	756	2^6*3^1*5^1*7^2*11^2*23^2
16463	3011814400	231	2^10*5^2*7^6
16464	3012121728	600	2^7*3^4*7^4*11^2
16465	3013959375	180	3^9*5^5*7^2
16466	3015108100	135	2^2*5^2*17^4*19^2
16467	3015327744	405	2^14*3^2*11^2*13^2
16468	3016755625	35	5^4*13^6
16469	3017283750	360	2^1*3^3*5^4*13^2*23^2
16470	3021321600	864	2^7*3^3*5^2*11^2*17^2
16471	3021753800	180	2^3*5^2*13^4*23^2
16472	3022282800	300	2^4*3^3*5^2*23^4
16473	3022580484	405	2^2*3^2*7^4*11^2*17^2
16474	3022896240	600	2^4*3^3*5^1*7^2*13^4
16475	3023308800	396	2^11*3^10*5^2
16476	3023425440	756	2^5*3^6*5^1*7^2*23^2
16477	3024568512	350	2^6*3^9*7^4
16478	3025000000	189	2^6*5^8*11^2
16479	3025797632	270	2^9*11^2*13^2*17^2
16480	3026760256	105	2^6*13^2*23^4
16481	3027600000	432	2^7*3^2*5^5*29^2
16482	3027617472	210	2^6*3^1*11^2*19^4
16483	3027787776	336	2^13*3^7*13^2
16484	3028287488	72	2^23*19^2
16485	3028861500	360	2^2*3^1*5^3*7^4*29^2
16486	3029714160	540	2^4*3^1*5^1*11^2*17^2*19^2
16487	3030384640	132	2^21*5^1*17^2
16488	3031053025	135	5^2*7^2*11^4*13^2
16489	3031293174	180	2^1*3^1*7^2*13^4*19^2
16490	3031812300	270	2^2*3^1*5^2*11^2*17^4
16491	3031823844	405	2^2*3^4*7^2*19^2*23^2
16492	3033806400	567	2^6*3^8*5^2*17^2
16493	3035070486	240	2^1*3^7*7^4*17^2
16494	3035957760	500	2^9*3^4*5^1*11^4
16495	3036010000	225	2^4*5^4*19^2*29^2
16496	3036074888	180	2^3*7^2*11^4*23^2
16497	3037500000	324	2^5*3^5*5^8
16498	3038257152	378	2^13*3^2*7^2*29^2
16499	3038300928	486	2^8*3^5*13^2*17^2
16500	3038765625	175	3^4*5^6*7^4
16501	3040128288	210	2^5*3^6*19^4
16502	3042000000	504	2^7*3^2*5^6*13^2
16503	3042233640	504	2^3*3^6*5^1*17^2*19^2
16504	3043267500	450	2^2*3^1*5^4*7^4*13^2
16505	3044340450	210	2^1*3^6*5^2*17^4
16506	3044390976	315	2^6*3^2*11^4*19^2
16507	3045064704	144	2^23*3^1*11^2
16508	3045937500	288	2^2*3^3*5^7*19^2
16509	3047040000	495	2^10*3^2*5^4*23^2
16510	3047468490	180	2^1*3^2*5^1*11^2*23^4
16511	3048046875	108	3^3*5^8*17^2
16512	3048087042	270	2^1*3^2*7^2*11^2*13^4
16513	3048309600	540	2^5*3^1*5^2*7^4*23^2
16514	3048503040	540	2^8*3^9*5^1*11^2
16515	3048620652	486	2^2*3^5*7^2*11^2*23^2
16516	3048806656	243	2^8*7^2*17^2*29^2
16517	3048850584	240	2^3*3^3*13^2*17^4
16518	3049579729	27	7^8*23^2
16519	3050684289	75	3^4*17^2*19^4
16520	3052562500	189	2^2*5^6*13^2*17^2
16521	3052707840	756	2^13*3^2*5^1*7^2*13^2
16522	3052830000	450	2^4*3^1*5^4*11^2*29^2
16523	3054961778	90	2^1*11^4*17^2*19^2
16524	3055504000	288	2^7*5^3*19^2*23^2
16525	3056659200	972	2^8*3^3*5^2*7^2*19^2
16526	3056971104	432	2^5*3^7*11^2*19^2
16527	3057620000	270	2^5*5^4*17^2*23^2
16528	3057647616	161	2^22*3^6
16529	3057932808	252	2^3*3^2*7^6*19^2
16530	3058776000	1008	2^6*3^3*5^3*7^2*17^2
16531	3060050490	252	2^1*3^2*5^1*7^6*17^2
16532	3060061335	80	3^7*5^1*23^4
16533	3060682443	120	3^7*7^2*13^4
16534	3061100160	240	2^7*3^14*5^1
16535	3061187584	297	2^10*7^2*13^2*19^2
16536	3061218258	198	2^1*3^10*7^2*23^2
16537	3061257408	196	2^6*3^3*11^6
16538	3062500000	180	2^5*5^9*7^2
16539	3063941292	90	2^2*3^1*19^2*29^4
16540	3065445000	420	2^3*3^6*5^4*29^2
16541	3066063135	60	3^1*5^1*17^2*29^4
16542	3067272600	648	2^3*3^1*5^2*7^2*17^2*19^2
16543	3067350000	540	2^4*3^1*5^5*11^2*13^2
16544	3067585587	162	3^5*11^2*17^2*19^2
16545	3068264448	270	2^17*3^4*17^2
16546	3069603216	195	2^4*3^12*19^2
16547	3069986400	648	2^5*3^3*5^2*13^2*29^2
16548	3071265561	135	3^2*7^4*13^2*29^2
16549	3071886774	84	2^1*3^1*11^6*17^2
16550	3072000000	238	2^16*3^1*5^6
16551	3073280000	300	2^11*5^4*7^4
16552	3073593600	1215	2^8*3^4*5^2*7^2*11^2
16553	3073907232	270	2^5*3^8*11^4
16554	3074534528	120	2^7*13^4*29^2
16555	3074874264	336	2^3*3^3*7^6*11^2
16556	3075072768	324	2^8*3^3*23^2*29^2
16557	3078147072	594	2^10*3^1*7^2*11^2*13^2
16558	3078270250	120	2^1*5^3*11^4*29^2
16559	3078514140	324	2^2*3^1*5^1*13^2*19^2*29^2
16560	3078918144	195	2^12*3^2*17^4
16561	3080025000	504	2^3*3^6*5^5*13^2
16562	3080646075	162	3^1*5^2*13^2*17^2*29^2
16563	3080916036	135	2^2*3^2*11^2*29^4
16564	3082131360	972	2^5*3^2*5^1*7^2*11^2*19^2
16565	3082813440	276	2^22*3^1*5^1*7^2
16566	3084265800	972	2^3*3^2*5^2*7^2*11^2*17^2
16567	3084580521	105	3^6*11^4*17^2
16568	3085247025	135	3^2*5^2*7^2*23^4
16569	3085750104	216	2^3*3^1*17^2*23^2*29^2
16570	3086294400	720	2^7*3^9*5^2*7^2
16571	3086609328	210	2^4*3^13*11^2
16572	3087580356	189	2^2*3^8*7^6
16573	3088580625	225	3^4*5^4*13^2*19^2
16574	3089157760	112	2^7*5^1*13^6
16575	3089608832	56	2^7*17^6
16576	3089698560	648	2^8*3^3*5^1*13^2*23^2
16577	3090692836	135	2^2*7^2*11^2*19^4
16578	3090866688	630	2^9*3^6*7^2*13^2
16579	3090990375	216	3^5*5^3*11^2*29^2
16580	3092911250	150	2^1*5^4*11^4*13^2
16581	3093156300	270	2^2*3^1*5^2*13^4*19^2
16582	3093647094	80	2^1*3^7*29^4
16583	3093697800	540	2^3*3^4*5^2*19^2*23^2
16584	3094867440	720	2^4*3^7*5^1*7^2*19^2
16585	3095298375	120	3^1*5^3*13^4*17^2
16586	3095840250	360	2^1*3^4*5^3*17^2*23^2
16587	3097010700	648	2^2*3^7*5^2*7^2*17^2
16588	3097600000	252	2^13*5^5*11^2
16589	3098035600	225	2^4*5^2*11^4*23^2
16590	3098281056	324	2^5*3^1*13^2*19^2*23^2
16591	3099363912	76	2^3*3^18
16592	3099609375	60	3^1*5^9*23^2
16593	3100262400	405	2^14*3^2*5^2*29^2
16594	3100781250	270	2^1*3^4*5^8*7^2
16595	3101554176	300	2^9*3^1*7^4*29^2
16596	3101598864	675	2^4*3^4*7^2*13^2*17^2
16597	3103464294	180	2^1*3^5*7^2*19^4
16598	3105375000	504	2^3*3^1*5^6*7^2*13^2
16599	3105691875	270	3^5*5^4*11^2*13^2
16600	3107815788	270	2^2*3^1*7^2*11^4*19^2
16601	3108503552	180	2^19*7^2*11^2
16602	3108874240	216	2^11*5^1*19^2*29^2
16603	3109968015	180	3^1*5^1*7^2*11^4*17^2
16604	3110292900	405	2^2*3^2*5^2*11^2*13^4
16605	3110400000	468	2^12*3^5*5^5
16606	3110520000	630	2^6*3^1*5^4*7^2*23^2
16607	3110837400	648	2^3*3^5*5^2*11^2*23^2
16608	3111027200	270	2^9*5^2*17^2*29^2
16609	3111696000	800	2^7*3^4*5^3*7^4
16610	3111816050	126	2^1*5^2*7^6*23^2
16611	3112992540	216	2^2*3^3*5^1*7^8
16612	3115446048	486	2^5*3^2*11^2*13^2*23^2
16613	3116430625	135	5^4*7^2*11^2*29^2
16614	3119040000	600	2^9*3^3*5^4*19^2
16615	3119109210	180	2^1*3^2*5^1*7^2*29^4
16616	3119478615	216	3^3*5^1*11^2*19^2*23^2
16617	3120168960	324	2^17*3^2*5^1*23^2
16618	3120339600	675	2^4*3^2*5^2*7^4*19^2
16619	3120658002	378	2^1*3^6*7^2*11^2*19^2
16620	3121348608	342	2^18*3^5*7^2
16621	3123145350	240	2^1*3^7*5^2*13^4
16622	3123660800	324	2^11*5^2*13^2*19^2
16623	3123692100	297	2^2*3^10*5^2*23^2
16624	3125033604	189	2^2*3^2*7^2*11^6
16625	3125824000	360	2^9*5^3*13^2*17^2
16626	3126263569	81	11^2*13^2*17^2*23^2
16627	3127704000	280	2^6*3^1*5^3*19^4
16628	3127772232	140	2^3*3^4*13^6
16629	3128319792	360	2^4*3^7*13^2*23^2
16630	3128836096	135	2^14*19^2*23^2
16631	3129007210	100	2^1*5^1*7^4*19^4
16632	3129870000	450	2^4*3^1*5^4*17^2*19^2
16633	3132037500	180	2^2*3^1*5^5*17^4
16634	3132186624	504	2^13*3^3*7^2*17^2
16635	3133553283	108	3^11*7^2*19^2
16636	3133944450	486	2^1*3^2*5^2*7^2*13^2*29^2
16637	3136000000	273	2^12*5^6*7^2
16638	3136320000	750	2^9*3^4*5^4*11^2
16639	3136441000	432	2^3*5^3*7^2*11^2*23^2
16640	3137626800	900	2^4*3^3*5^2*7^4*11^2
16641	3137946966	240	2^1*3^7*7^2*11^4
16642	3139136784	405	2^4*3^2*7^2*23^2*29^2
16643	3140966400	648	2^11*3^1*5^2*11^2*13^2
16644	3142275136	315	2^6*7^4*11^2*13^2
16645	3143062272	270	2^8*3^1*7^2*17^4
16646	3146170368	270	2^14*3^1*11^2*23^2
16647	3147210000	675	2^4*3^2*5^4*11^2*17^2
16648	3147735168	360	2^7*3^4*19^2*29^2
16649	3148211250	150	2^1*3^2*5^4*23^4
16650	3148850250	360	2^1*3^2*5^3*7^2*13^4
16651	3149280000	450	2^8*3^9*5^4
16652	3149401500	648	2^2*3^5*5^3*7^2*23^2
16653	3149915040	540	2^5*3^4*5^1*17^2*29^2
16654	3150592200	540	2^3*3^8*5^2*7^4
16655	3150913689	117	3^12*7^2*11^2
16656	3152148736	135	2^8*11^4*29^2
16657	3153750000	240	2^4*3^1*5^7*29^2
16658	3153768200	180	2^3*5^2*11^2*19^4
16659	3153945600	693	2^10*3^6*5^2*13^2
16660	3155259744	540	2^5*3^5*7^4*13^2
16661	3155952250	216	2^1*5^3*11^2*17^2*19^2
16662	3158618112	260	2^12*3^3*13^4
16663	3158664804	243	2^2*3^2*17^2*19^2*29^2
16664	3159171072	294	2^13*3^6*23^2
16665	3160215000	480	2^3*3^7*5^4*17^2
16666	3162456000	560	2^6*3^3*5^3*11^4
16667	3162706560	720	2^7*3^4*5^1*13^2*19^2
16668	3162828578	162	2^1*7^2*13^2*19^2*23^2
16669	3163773690	300	2^1*3^2*5^1*7^4*11^4
16670	3164062500	165	2^2*3^4*5^10
16671	3164851200	594	2^10*3^1*5^2*7^2*29^2
16672	3164896800	810	2^5*3^4*5^2*13^2*17^2
16673	3165174144	432	2^7*3^5*11^2*29^2
16674	3166169888	126	2^5*7^6*29^2
16675	3166215507	180	3^3*7^4*13^2*17^2
16676	3166800300	270	2^2*3^5*5^2*19^4
16677	3168750000	270	2^4*3^1*5^8*13^2
16678	3168993375	216	3^5*5^3*17^2*19^2
16679	3169585536	240	2^7*3^1*13^4*17^2
16680	3170140416	405	2^8*3^4*17^2*23^2
16681	3171240600	360	2^3*3^1*5^2*11^4*19^2
16682	3171491856	225	2^4*3^2*13^2*19^4
16683	3171942400	189	2^20*5^2*11^2
16684	3174000000	336	2^7*3^1*5^6*23^2
16685	3175322500	225	2^2*5^4*7^4*23^2
16686	3175524000	648	2^5*3^8*5^3*11^2
16687	3175886025	135	3^2*5^2*13^2*17^4
16688	3176164332	324	2^2*3^3*11^2*17^2*29^2
16689	3176847135	240	3^7*5^1*7^4*11^2
16690	3178253376	231	2^6*3^10*29^2
16691	3179904000	792	2^10*3^1*5^3*7^2*13^2
16692	3180031250	126	2^1*5^6*11^2*29^2
16693	3180351174	324	2^1*3^1*7^2*11^2*13^2*23^2
16694	3181147848	180	2^3*3^2*17^4*23^2
16695	3181228960	252	2^5*5^1*7^6*13^2
16696	3184020000	810	2^5*3^2*5^4*7^2*19^2
16697	3184344900	567	2^2*3^6*5^2*11^2*19^2
16698	3185049600	360	2^19*3^5*5^2
16699	3185346675	126	3^1*5^2*7^6*19^2
16700	3186225000	648	2^3*3^2*5^5*7^2*17^2
16701	3186376704	375	2^14*3^4*7^4
16702	3188646000	280	2^4*3^13*5^3
16703	3188809800	252	2^3*3^2*5^2*11^6
16704	3189062448	540	2^4*3^3*11^2*13^2*19^2
16705	3189288978	162	2^1*3^8*17^2*29^2
16706	3189768192	198	2^21*3^2*13^2
16707	3191224960	432	2^7*5^1*7^2*11^2*29^2
16708	3191270940	648	2^2*3^3*5^1*11^2*13^2*17^2
16709	3193171875	126	3^5*5^6*29^2
16710	3193493121	189	3^6*7^2*13^2*23^2
16711	3193896960	408	2^16*3^3*5^1*19^2
16712	3195075625	135	5^4*7^2*17^2*19^2
16713	3195156250	144	2^1*5^7*11^2*13^2
16714	3196108800	540	2^14*3^3*5^2*17^2
16715	3197440512	450	2^9*3^2*7^4*17^2
16716	3197503350	216	2^1*3^11*5^2*19^2
16717	3197902500	405	2^2*3^2*5^4*13^2*29^2
16718	3200000000	126	2^13*5^8
16719	3200843776	153	2^16*13^2*17^2
16720	3201660000	1080	2^5*3^3*5^4*7^2*11^2
16721	3201986700	360	2^2*3^7*5^2*11^4
16722	3202240392	324	2^3*3^8*13^2*19^2
16723	3202768896	140	2^13*3^1*19^4
16724	3202994025	189	3^2*5^2*7^6*11^2
16725	3203200800	486	2^5*3^2*5^2*23^2*29^2
16726	3204411840	756	2^6*3^5*5^1*7^2*29^2
16727	3204458010	324	2^1*3^8*5^1*13^2*17^2
16728	3204535467	90	3^1*7^4*23^2*29^2
16729	3206403200	648	2^7*5^2*7^2*11^2*13^2
16730	3206730384	375	2^4*3^4*11^4*13^2
16731	3207206400	300	2^9*3^1*5^2*17^4
16732	3208359375	144	3^5*5^7*13^2
16733	3208542736	125	2^4*7^4*17^4
16734	3210553500	648	2^2*3^1*5^3*7^2*11^2*19^2
16735	3211264000	240	2^19*5^3*7^2
16736	3211715584	297	2^10*7^2*11^2*23^2
16737	3212776875	270	3^1*5^4*7^2*11^2*17^2
16738	3213312984	432	2^3*3^3*7^2*19^2*29^2
16739	3214323025	81	5^2*17^2*23^2*29^2
16740	3214890000	675	2^4*3^8*5^4*7^2
16741	3215218050	234	2^1*3^12*5^2*11^2
16742	3215383215	36	3^1*5^1*11^8
16743	3218436000	648	2^5*3^2*5^3*13^2*23^2
16744	3219652800	1134	2^6*3^5*5^2*7^2*13^2
16745	3219777015	180	3^1*5^1*7^4*13^2*23^2
16746	3219981336	360	2^3*3^9*11^2*13^2
16747	3220512768	378	2^13*3^2*11^2*19^2
16748	3220994322	210	2^1*3^4*7^6*13^2
16749	3221225472	62	2^30*3^1
16750	3222601875	180	3^3*5^4*19^2*23^2
16751	3222743040	648	2^11*3^2*5^1*11^2*17^2
16752	3223820250	504	2^1*3^6*5^3*7^2*19^2
16753	3224422656	405	2^8*3^2*7^2*13^4
16754	3224987136	540	2^9*3^5*7^2*23^2
16755	3227323203	60	3^3*13^2*29^4
16756	3227376100	243	2^2*5^2*13^2*19^2*23^2
16757	3228504075	54	3^17*5^2
16758	3229440000	360	2^11*3^1*5^4*29^2
16759	3229894140	324	2^2*3^1*5^1*11^2*23^2*29^2
16760	3230785600	315	2^6*5^2*7^4*29^2
16761	3230832150	648	2^1*3^3*5^2*7^2*13^2*17^2
16762	3231115272	540	2^3*3^4*7^2*11^2*29^2
16763	3231695104	243	2^8*11^2*17^2*19^2
16764	3232723232	90	2^5*19^2*23^4
16765	3233287044	135	2^2*3^14*13^2
16766	3233820672	312	2^12*3^7*19^2
16767	3234765625	81	5^8*7^2*13^2
16768	3234961960	120	2^3*5^1*17^2*23^4
16769	3235618568	180	2^3*7^2*13^4*17^2
16770	3236060160	528	2^10*3^7*5^1*17^2
16771	3236185008	540	2^4*3^3*7^2*17^2*23^2
16772	3237564603	90	3^1*7^2*13^2*19^4
16773	3238354944	280	2^13*3^3*11^4
16774	3240000000	400	2^9*3^4*5^7
16775	3240125000	252	2^3*5^6*7^2*23^2
16776	3240455625	225	3^4*5^4*11^2*23^2
16777	3241350000	600	2^4*3^3*5^5*7^4
16778	3242673135	120	3^3*5^1*13^4*29^2
16779	3243240810	252	2^1*3^6*5^1*23^2*29^2
16780	3244466988	270	2^2*3^9*7^2*29^2
16781	3245049216	432	2^7*3^5*17^2*19^2
16782	3245256300	486	2^2*3^1*5^2*11^2*13^2*23^2
16783	3246483240	1080	2^3*3^4*5^1*7^2*11^2*13^2
16784	3249000000	441	2^6*3^2*5^6*19^2
16785	3249599232	270	2^8*3^1*11^4*17^2
16786	3250176000	360	2^14*3^1*5^3*23^2
16787	3250353750	300	2^1*3^1*5^4*7^4*19^2
16788	3250633056	180	2^5*3^1*11^2*23^4
16789	3251404800	720	2^15*3^4*5^2*7^2
16790	3251530240	300	2^9*5^1*7^4*23^2
16791	3251736576	351	2^12*3^8*11^2
16792	3252759552	308	2^10*3^3*7^6
16793	3255501249	243	3^2*7^2*11^2*13^2*19^2
16794	3256221696	324	2^17*3^1*7^2*13^2
16795	3256316748	180	2^2*3^3*17^4*19^2
16796	3258025000	120	2^3*5^5*19^4
16797	3258096075	84	3^3*5^2*13^6
16798	3258571815	56	3^3*5^1*17^6
16799	3258666450	378	2^1*3^6*5^2*13^2*23^2
16800	3259150848	150	2^9*3^2*29^4
16801	3259898460	540	2^2*3^9*5^1*7^2*13^2
16802	3260281250	126	2^1*5^6*17^2*19^2
16803	3262694400	891	2^10*3^2*5^2*7^2*17^2
16804	3262922884	27	2^2*13^8
16805	3263027328	504	2^7*3^6*11^2*17^2
16806	3263494104	240	2^3*3^3*13^4*23^2
16807	3264053856	252	2^5*3^1*7^6*17^2
16808	3264065424	175	2^4*3^6*23^4
16809	3265173504	168	2^11*3^13
16810	3267000000	588	2^6*3^3*5^6*11^2
16811	3268361250	450	2^1*3^2*5^4*7^4*11^2
16812	3269493248	150	2^9*7^2*19^4
16813	3269934150	324	2^1*3^1*5^2*7^2*23^2*29^2
16814	3270467344	75	2^4*17^2*29^4
16815	3271757440	432	2^7*5^1*7^2*17^2*19^2
16816	3271840000	405	2^8*5^4*11^2*13^2
16817	3273537267	180	3^3*7^2*11^4*13^2
16818	3274023200	270	2^5*5^2*7^2*17^4
16819	3274357284	225	2^2*3^4*11^2*17^4
16820	3274652160	540	2^9*3^2*5^1*13^2*29^2
16821	3276510912	252	2^6*3^11*17^2
16822	3277260800	324	2^11*5^2*11^2*23^2
16823	3278343750	252	2^1*3^1*5^6*11^2*17^2
16824	3278499840	936	2^12*3^3*5^1*7^2*11^2
16825	3278890800	540	2^4*3^3*5^2*19^2*29^2
16826	3280500000	378	2^5*3^8*5^6
16827	3281161500	432	2^2*3^3*5^3*17^2*29^2
16828	3281866875	200	3^7*5^4*7^4
16829	3283748416	189	2^6*13^2*19^2*29^2
16830	3285156250	60	2^1*5^9*29^2
16831	3285360000	720	2^7*3^5*5^4*13^2
16832	3286728900	675	2^2*3^4*5^2*7^4*13^2
16833	3287606784	540	2^9*3^1*7^2*11^2*19^2
16834	3287887686	100	2^1*3^9*17^4
16835	3288334336	81	2^26*7^2
16836	3290227200	450	2^9*3^2*5^2*13^4
16837	3290803200	594	2^10*3^5*5^2*23^2
16838	3290930160	300	2^4*3^1*5^1*7^2*23^4
16839	3291598128	250	2^4*3^1*7^4*13^4
16840	3291890625	147	3^6*5^6*17^2
16841	3292047360	648	2^11*3^8*5^1*7^2
16842	3292174368	450	2^5*3^4*7^4*23^2
16843	3294225000	360	2^3*3^2*5^5*11^4
16844	3294486000	720	2^4*3^3*5^3*13^2*19^2
16845	3295678464	351	2^12*3^2*13^2*23^2
16846	3296720000	360	2^7*5^4*7^2*29^2
16847	3296767500	540	2^2*3^3*5^4*13^2*17^2
16848	3297056400	675	2^4*3^4*5^2*11^2*29^2
16849	3300781250	66	2^1*5^10*13^2
16850	3301191936	567	2^8*3^6*7^2*19^2
16851	3301651600	225	2^4*5^2*13^4*17^2
16852	3301940928	378	2^6*3^1*11^2*13^2*29^2
16853	3302229600	648	2^5*3^3*5^2*17^2*23^2
16854	3303375625	75	5^4*11^4*19^2
16855	3303605529	135	3^2*7^4*17^2*23^2
16856	3303637350	180	2^1*3^1*5^2*13^2*19^4
16857	3305820672	450	2^9*3^2*7^2*11^4
16858	3306214890	324	2^1*3^2*5^1*11^2*19^2*29^2
16859	3306250000	135	2^4*5^8*23^2
16860	3306946560	228	2^18*3^1*5^1*29^2
16861	3307121792	216	2^7*13^2*17^2*23^2
16862	3307837500	432	2^2*3^7*5^5*11^2
16863	3309110832	150	2^4*3^1*19^4*23^2
16864	3310680600	360	2^3*3^9*5^2*29^2
16865	3311402460	324	2^2*3^1*5^1*17^2*19^2*23^2
16866	3312400000	432	2^7*5^5*7^2*13^2
16867	3312654408	540	2^3*3^4*7^2*17^2*19^2
16868	3313695675	90	3^1*5^2*17^4*23^2
16869	3314948490	300	2^1*3^4*5^1*7^2*17^4
16870	3315585312	378	2^5*3^6*13^2*29^2
16871	3316687500	378	2^2*3^1*5^6*7^2*19^2
16872	3317299216	225	2^4*7^2*11^4*17^2
16873	3317645760	420	2^6*3^1*5^1*11^2*13^4
16874	3317760000	425	2^16*3^4*5^4
16875	3318226560	720	2^7*3^4*5^1*11^2*23^2
16876	3318354578	90	2^1*7^2*11^2*23^4
16877	3318984375	144	3^1*5^7*7^2*17^2
16878	3319142400	720	2^11*3^3*5^2*7^4
16879	3319481088	648	2^8*3^7*7^2*11^2
16880	3319876935	144	3^7*5^1*19^2*29^2
16881	3320525376	189	2^6*3^2*7^8
16882	3321506250	156	2^1*3^12*5^5
16883	3321676875	70	3^1*5^4*11^6
16884	3321940050	486	2^1*3^2*5^2*11^2*13^2*19^2
16885	3322675200	342	2^18*3^1*5^2*13^2
16886	3324059648	210	2^13*7^4*13^2
16887	3326976000	504	2^13*3^2*5^3*19^2
16888	3327049824	180	2^5*3^1*7^2*29^4
16889	3327097761	135	3^4*13^2*17^2*29^2
16890	3327443856	405	2^4*3^2*11^2*19^2*23^2
16891	3328180224	132	2^21*3^1*23^2
16892	3328362240	540	2^8*3^1*5^1*7^4*19^2
16893	3329280000	540	2^11*3^2*5^4*17^2
16894	3330667200	630	2^6*3^1*5^2*7^4*17^2
16895	3331007064	648	2^3*3^5*7^2*11^2*17^2
16896	3331355040	420	2^5*3^6*5^1*13^4
16897	3331938240	420	2^6*3^9*5^1*23^2
16898	3332054978	54	2^1*7^8*17^2
16899	3332066787	90	3^5*7^2*23^4
16900	3333197952	312	2^7*3^12*7^2
16901	3334504448	144	2^15*11^2*29^2
16902	3335062500	567	2^2*3^2*5^6*7^2*11^2
16903	3335667075	216	3^7*5^2*13^2*19^2
16904	3336217600	165	2^10*5^2*19^4
16905	3336667500	270	2^2*3^1*5^4*23^2*29^2
16906	3337929000	720	2^3*3^4*5^3*7^2*29^2
16907	3340344150	360	2^1*3^3*5^2*11^4*13^2
16908	3340608804	225	2^2*3^4*13^4*19^2
16909	3340840000	175	2^6*5^4*17^4
16910	3341193624	288	2^3*3^7*19^2*23^2
16911	3344771556	297	2^2*3^10*7^2*17^2
16912	3345292808	100	2^3*11^4*13^4
16913	3345878448	300	2^4*3^3*11^4*23^2
16914	3347201025	243	3^2*5^2*7^2*19^2*29^2
16915	3348283392	270	2^14*3^5*29^2
16916	3348843750	336	2^1*3^7*5^6*7^2
16917	3350364160	288	2^15*5^1*11^2*13^2
16918	3352537500	324	2^2*3^1*5^5*13^2*23^2
16919	3353805000	900	2^3*3^4*5^4*7^2*13^2
16920	3354147225	243	3^8*5^2*11^2*13^2
16921	3354700800	594	2^10*3^1*5^2*11^2*19^2
16922	3355443200	84	2^27*5^2
16923	3356098592	270	2^5*7^4*11^2*19^2
16924	3357024000	648	2^8*3^1*5^3*11^2*17^2
16925	3358422760	360	2^3*5^1*7^4*11^2*17^2
16926	3358773600	540	2^5*3^1*5^2*7^2*13^4
16927	3359116332	270	2^2*3^5*11^2*13^4
16928	3359361600	945	2^6*3^4*5^2*7^2*23^2
16929	3359704392	324	2^3*3^8*11^2*23^2
16930	3359909376	360	2^9*3^3*17^2*29^2
16931	3360173089	35	7^6*13^4
16932	3360761334	168	2^1*3^3*7^6*23^2
16933	3364000000	189	2^8*5^6*29^2
16934	3364208640	540	2^14*3^5*5^1*13^2
16935	3364338432	486	2^8*3^1*7^2*13^2*23^2
16936	3365745075	324	3^3*5^2*7^2*11^2*29^2
16937	3367364841	45	3^2*23^2*29^4
16938	3368563200	630	2^9*3^6*5^2*19^2
16939	3368693160	648	2^3*3^2*5^1*7^2*19^2*23^2
16940	3369966768	450	2^4*3^5*7^4*19^2
16941	3370731364	243	2^2*7^2*11^2*13^2*29^2
16942	3370896000	672	2^7*3^6*5^3*17^2
16943	3371026050	486	2^1*3^2*5^2*7^2*17^2*23^2
16944	3371575728	150	2^4*3^1*17^4*29^2
16945	3372300540	540	2^2*3^5*5^1*7^4*17^2
16946	3372996978	110	2^1*3^10*13^4
16947	3373286400	495	2^10*3^2*5^2*11^4
16948	3373553664	432	2^11*3^3*13^2*19^2
16949	3373587468	126	2^2*3^13*23^2
16950	3374691936	300	2^5*3^1*7^4*11^4
16951	3375000000	280	2^6*3^3*5^9
16952	3376406250	240	2^1*3^2*5^7*7^4
16953	3378050641	45	7^2*19^4*23^2
16954	3380259600	675	2^4*3^4*5^2*17^2*19^2
16955	3381753375	432	3^3*5^3*7^2*11^2*13^2
16956	3382656640	240	2^7*5^1*11^4*19^2
16957	3384375000	216	2^3*3^1*5^8*19^2
16958	3384660006	324	2^1*3^5*7^2*13^2*29^2
16959	3384999200	270	2^5*5^2*11^4*17^2
16960	3385267392	378	2^6*3^1*13^2*17^2*19^2
16961	3385600000	216	2^11*5^5*23^2
16962	3386076100	135	2^2*5^2*11^2*23^4
16963	3386880000	780	2^12*3^3*5^4*7^2
16964	3387225600	720	2^9*3^7*5^2*11^2
16965	3387303432	84	2^3*3^2*19^6
16966	3387611760	300	2^4*3^1*5^1*13^2*17^4
16967	3388291200	504	2^7*3^2*5^2*7^6
16968	3388636944	525	2^4*3^6*7^4*11^2
16969	3389649210	180	2^1*3^2*5^1*17^2*19^4
16970	3389702988	66	2^2*3^1*7^10
16971	3391897600	405	2^14*5^2*7^2*13^2
16972	3392243712	540	2^11*3^4*11^2*13^2
16973	3394948800	210	2^6*3^1*5^2*29^4
16974	3396363362	50	2^1*7^4*29^4
16975	3396634560	756	2^6*3^5*5^1*11^2*19^2
16976	3396765603	162	3^1*7^2*11^2*19^2*23^2
16977	3397386240	240	2^23*3^4*5^1
16978	3397517312	162	2^17*7^2*23^2
16979	3398640000	720	2^7*3^1*5^4*7^2*17^2
16980	3398986800	810	2^4*3^5*5^2*11^2*17^2
16981	3399473025	135	3^2*5^2*13^4*23^2
16982	3400056100	189	2^2*5^2*7^6*17^2
16983	3400068150	180	2^1*3^5*5^2*23^4
16984	3401222400	351	2^8*3^12*5^2
16985	3402639576	240	2^3*3^11*7^4
16986	3403125000	324	2^3*3^2*5^8*11^2
16987	3404022336	567	2^6*3^2*11^2*13^2*17^2
16988	3405105288	180	2^3*3^2*13^2*23^4
16989	3406069656	240	2^3*3^3*11^2*19^4
16990	3406261248	330	2^10*3^9*13^2
16991	3406823424	189	2^20*3^2*19^2
16992	3410670240	396	2^5*3^10*5^1*19^2
16993	3411096000	504	2^6*3^1*5^3*13^2*29^2
16994	3412517290	180	2^1*5^1*7^4*13^2*29^2
16995	3413032200	396	2^3*3^10*5^2*17^2
16996	3415104000	1080	2^9*3^2*5^3*7^2*11^2
16997	3415511250	270	2^1*3^2*5^4*19^2*29^2
16998	3415584249	135	3^2*7^2*11^4*23^2
16999	3415841858	90	2^1*11^2*13^2*17^4
17000	3416526960	420	2^4*3^1*5^1*7^6*11^2
17001	3417187500	216	2^2*3^7*5^8
17002	3418039296	495	2^10*3^4*7^2*29^2
17003	3418088544	432	2^5*3^7*13^2*17^2
17004	3418652672	144	2^15*17^2*19^2
17005	3420144324	135	2^2*3^8*19^4
17006	3421020160	140	2^13*5^1*17^4
17007	3422250000	525	2^4*3^4*5^6*13^2
17008	3423240040	120	2^3*5^1*11^2*29^4
17009	3424590400	567	2^6*5^2*7^2*11^2*19^2
17010	3424939848	300	2^3*3^4*11^4*19^2
17011	3425697792	252	2^20*3^3*11^2
17012	3427311690	300	2^1*3^4*5^1*11^4*17^2
17013	3427320000	350	2^6*3^1*5^4*13^4
17014	3427920000	600	2^7*3^4*5^4*23^2
17015	3428052250	120	2^1*5^3*7^2*23^4
17016	3428748050	150	2^1*5^2*7^4*13^4
17017	3429216000	864	2^8*3^7*5^3*7^2
17018	3429348300	540	2^2*3^3*5^2*7^4*23^2
17019	3429742096	45	2^4*11^8
17020	3429907488	486	2^5*3^2*7^2*17^2*29^2
17021	3429956907	90	3^5*13^2*17^4
17022	3430644840	392	2^3*3^6*5^1*7^6
17023	3431484375	80	3^1*5^7*11^4
17024	3431756250	324	2^1*3^2*5^5*13^2*19^2
17025	3432998400	540	2^9*3^1*5^2*13^2*23^2
17026	3434428816	225	2^4*7^4*13^2*23^2
17027	3434433750	360	2^1*3^3*5^4*11^2*29^2
17028	3437385660	180	2^2*3^5*5^1*29^4
17029	3437592576	288	2^15*3^1*11^2*17^2
17030	3438686208	130	2^12*3^1*23^4
17031	3438741600	972	2^5*3^5*5^2*7^2*19^2
17032	3439092492	270	2^2*3^9*11^2*19^2
17033	3439521800	324	2^3*5^2*11^2*13^2*29^2
17034	3439822500	405	2^2*3^2*5^4*17^2*23^2
17035	3439853568	180	2^19*3^8
17036	3440174409	105	3^4*7^6*19^2
17037	3441474135	180	3^9*5^1*11^2*17^2
17038	3441816889	45	7^2*17^4*29^2
17039	3443563200	630	2^6*3^1*5^2*7^2*11^4
17040	3443836032	648	2^7*3^2*7^2*13^2*19^2
17041	3443914584	168	2^3*3^5*11^6
17042	3444736000	192	2^15*5^3*29^2
17043	3444998018	70	2^1*7^6*11^4
17044	3445220416	189	2^6*11^2*23^2*29^2
17045	3446220960	972	2^5*3^2*5^1*7^2*13^2*17^2
17046	3446990450	90	2^1*5^2*19^4*23^2
17047	3448293660	360	2^2*3^3*5^1*7^2*19^4
17048	3448625625	135	3^8*5^4*29^2
17049	3450681675	324	3^3*5^2*7^2*17^2*19^2
17050	3451797504	315	2^14*3^6*17^2
17051	3453303618	90	2^1*3^14*19^2
17052	3453734700	486	2^2*3^5*5^2*13^2*29^2
17053	3455793796	243	2^2*7^2*13^2*17^2*19^2
17054	3455881000	240	2^3*5^3*11^2*13^4
17055	3456000000	392	2^13*3^3*5^6
17056	3456486000	720	2^4*3^3*5^3*11^2*23^2
17057	3457440000	675	2^8*3^2*5^4*7^4
17058	3457792800	1134	2^5*3^6*5^2*7^2*11^2
17059	3458145636	165	2^2*3^10*11^4
17060	3458851344	225	2^4*3^2*13^4*29^2
17061	3458880600	216	2^3*3^1*5^2*7^8
17062	3459233547	126	3^5*7^6*11^2
17063	3459456864	324	2^5*3^5*23^2*29^2
17064	3461120000	240	2^15*5^4*13^2
17065	3462915456	864	2^7*3^3*7^2*11^2*13^2
17066	3463782912	250	2^9*3^4*17^4
17067	3465600000	396	2^10*3^1*5^5*19^2
17068	3465676900	135	2^2*5^2*7^2*29^4
17069	3466087350	324	2^1*3^1*5^2*11^2*19^2*23^2
17070	3466854400	171	2^18*5^2*23^2
17071	3467044000	360	2^5*5^3*7^4*19^2
17072	3468000000	378	2^8*3^1*5^6*17^2
17073	3469445000	300	2^3*5^4*7^4*17^2
17074	3469799025	405	3^4*5^2*7^2*11^2*17^2
17075	3470161500	360	2^2*3^5*5^3*13^4
17076	3470769000	432	2^3*3^8*5^3*23^2
17077	3471468867	108	3^3*17^2*23^2*29^2
17078	3472081200	540	2^4*3^11*5^2*7^2
17079	3472259560	168	2^3*5^1*7^2*11^6
17080	3472435494	96	2^1*3^15*11^2
17081	3474939468	486	2^2*3^1*7^2*11^2*13^2*17^2
17082	3475809936	105	2^4*3^2*17^6
17083	3477009375	216	3^3*5^5*7^2*29^2
17084	3477225024	567	2^6*3^8*7^2*13^2
17085	3477798912	306	2^16*3^1*7^2*19^2
17086	3480207360	540	2^14*3^1*5^1*7^2*17^2
17087	3480410025	189	3^6*5^2*19^2*23^2
17088	3484956098	42	2^1*13^6*19^2
17089	3485290050	270	2^1*3^2*5^2*11^4*23^2
17090	3485566188	324	2^2*3^3*13^2*19^2*23^2
17091	3486607740	540	2^2*3^5*5^1*7^2*11^4
17092	3486784401	21	3^20
17093	3487795200	540	2^11*3^4*5^2*29^2
17094	3487929760	324	2^5*5^1*7^2*23^2*29^2
17095	3487980015	216	3^3*5^1*13^2*17^2*23^2
17096	3489248448	420	2^6*3^3*7^4*29^2
17097	3489298722	378	2^1*3^6*7^2*13^2*17^2
17098	3492962304	252	2^13*3^1*13^2*29^2
17099	3493546875	252	3^3*5^6*7^2*13^2
17100	3494480000	360	2^7*5^4*11^2*19^2
17101	3496900000	324	2^5*5^5*11^2*17^2
17102	3497066496	459	2^16*3^2*7^2*11^2
17103	3498722500	225	2^2*5^4*7^2*13^4
17104	3499335000	720	2^3*3^3*5^4*7^2*23^2
17105	3499692075	216	3^7*5^2*11^2*23^2
17106	3499905600	567	2^6*3^2*5^2*17^2*29^2
17107	3501015210	396	2^1*3^10*5^1*7^2*11^2
17108	3501363894	180	2^1*3^1*7^4*17^2*29^2
17109	3504263334	84	2^1*3^1*11^2*13^6
17110	3504384000	720	2^11*3^4*5^3*13^2
17111	3504519200	486	2^5*5^2*7^2*13^2*23^2
17112	3504876804	405	2^2*3^4*11^2*13^2*23^2
17113	3505844160	840	2^6*3^3*5^1*7^4*13^2
17114	3507198752	90	2^5*19^4*29^2
17115	3508920000	630	2^6*3^5*5^4*19^2
17116	3509055375	216	3^1*5^3*7^2*19^2*23^2
17117	3509209088	324	2^11*7^2*11^2*17^2
17118	3509627560	216	2^3*5^1*17^2*19^2*29^2
17119	3510325504	135	2^8*7^2*23^4
17120	3510382050	450	2^1*3^4*5^2*7^4*19^2
17121	3511350000	540	2^4*3^5*5^5*17^2
17122	3511517184	384	2^15*3^7*7^2
17123	3512058050	90	2^1*5^2*17^4*29^2
17124	3513840000	400	2^7*3^1*5^4*11^4
17125	3514118400	729	2^8*3^2*5^2*13^2*19^2
17126	3515304100	225	2^2*5^2*7^4*11^4
17127	3515482215	96	3^15*5^1*7^2
17128	3515582616	360	2^3*3^1*7^4*13^2*19^2
17129	3515625000	144	2^3*3^2*5^11
17130	3516860160	648	2^8*3^3*5^1*11^2*29^2
17131	3518743761	49	3^6*13^6
17132	3519359766	180	2^1*3^9*13^2*23^2
17133	3519940608	324	2^11*3^2*19^2*23^2
17134	3521103750	360	2^1*3^3*5^4*17^2*19^2
17135	3522378240	540	2^9*3^2*5^1*17^2*23^2
17136	3523709952	594	2^10*3^5*7^2*17^2
17137	3523879840	180	2^5*5^1*13^2*19^4
17138	3525390625	33	5^10*19^2
17139	3526320200	324	2^3*5^2*13^2*17^2*19^2
17140	3526629216	324	2^5*3^1*11^2*19^2*29^2
17141	3527409664	69	2^22*29^2
17142	3528000000	630	2^9*3^2*5^6*7^2
17143	3528360000	735	2^6*3^6*5^4*11^2
17144	3528441075	42	3^1*5^2*19^6
17145	3528762250	120	2^1*5^3*13^2*17^4
17146	3529470000	350	2^4*3^1*5^4*7^6
17147	3529830150	540	2^1*3^5*5^2*7^4*11^2
17148	3530194215	60	3^1*5^1*23^4*29^2
17149	3530910747	90	3^1*7^2*13^4*29^2
17150	3531392640	432	2^7*3^8*5^1*29^2
17151	3531528882	270	2^1*3^4*7^2*23^2*29^2
17152	3532162624	189	2^6*17^2*19^2*23^2
17153	3533587200	972	2^8*3^3*5^2*11^2*13^2
17154	3535059528	540	2^3*3^2*7^4*11^2*13^2
17155	3535945056	360	2^5*3^3*7^2*17^4
17156	3536405000	100	2^3*5^4*29^4
17157	3538161000	720	2^3*3^4*5^3*11^2*19^2
17158	3538822144	165	2^10*11^2*13^4
17159	3538944000	336	2^20*3^3*5^3
17160	3539441664	432	2^11*3^3*11^2*23^2
17161	3540250000	315	2^4*5^6*7^2*17^2
17162	3540418560	480	2^15*3^2*5^1*7^4
17163	3540611250	450	2^1*3^4*5^4*11^2*17^2
17164	3541202064	315	2^4*3^6*19^2*29^2
17165	3542940000	360	2^5*3^11*5^4
17166	3544416225	165	3^10*5^2*7^4
17167	3544921875	66	3^1*5^10*11^2
17168	3545856600	648	2^3*3^1*5^2*11^2*13^2*17^2
17169	3546167328	270	2^5*3^2*11^4*29^2
17170	3546984675	90	3^1*5^2*13^2*23^4
17171	3547704615	84	3^1*5^1*7^2*13^6
17172	3547989225	135	3^2*5^2*11^2*19^4
17173	3548188800	648	2^7*3^8*5^2*13^2
17174	3548222643	42	3^1*7^2*17^6
17175	3548325690	540	2^1*3^4*5^1*7^2*13^2*23^2
17176	3548774400	324	2^17*3^1*5^2*19^2
17177	3549667212	360	2^2*3^7*7^4*13^2
17178	3550253056	195	2^12*7^4*19^2
17179	3551731392	378	2^6*3^1*11^2*17^2*23^2
17180	3552781500	360	2^2*3^9*5^3*19^2
17181	3552861336	56	2^3*3^1*23^6
17182	3553225000	216	2^3*5^5*13^2*29^2
17183	3553445376	300	2^9*3^5*13^4
17184	3554067456	297	2^10*3^8*23^2
17185	3555241875	150	3^9*5^4*17^2
17186	3557400000	756	2^6*3^1*5^5*7^2*11^2
17187	3558480409	45	11^4*17^2*29^2
17188	3558882250	168	2^1*5^3*7^6*11^2
17189	3560457600	864	2^7*3^3*5^2*7^2*29^2
17190	3560508900	567	2^2*3^6*5^2*13^2*17^2
17191	3560820912	360	2^4*3^7*11^2*29^2
17192	3561941124	189	2^2*3^2*7^6*29^2
17193	3563033760	540	2^5*3^2*5^1*11^4*13^2
17194	3564843750	216	2^1*3^3*5^8*13^2
17195	3565732352	270	2^9*7^2*13^2*29^2
17196	3565783728	300	2^4*3^3*13^4*17^2
17197	3566407968	378	2^5*3^6*17^2*23^2
17198	3567645675	180	3^3*5^2*11^4*19^2
17199	3567928338	150	2^1*3^4*13^2*19^4
17200	3568435200	486	2^17*3^2*5^2*11^2
17201	3568939926	28	2^1*3^1*29^6
17202	3569922048	390	2^12*3^1*7^4*11^2
17203	3570125000	140	2^3*5^6*13^4
17204	3570347760	540	2^4*3^1*5^1*7^2*19^2*29^2
17205	3570750000	420	2^4*3^3*5^6*23^2
17206	3572100000	756	2^5*3^6*5^5*7^2
17207	3572820300	486	2^2*3^1*5^2*7^2*17^2*29^2
17208	3572931076	135	2^2*11^4*13^2*19^2
17209	3573588375	168	3^5*5^3*7^6
17210	3575535048	156	2^3*3^12*29^2
17211	3576040000	315	2^6*5^4*13^2*23^2
17212	3577757040	720	2^4*3^7*5^1*11^2*13^2
17213	3578791329	75	3^4*17^4*23^2
17214	3580825600	351	2^12*5^2*11^2*17^2
17215	3581964800	150	2^9*5^2*23^4
17216	3582022500	675	2^2*3^4*5^4*7^2*19^2
17217	3582691840	300	2^9*5^1*7^2*13^4
17218	3583180800	408	2^16*3^7*5^2
17219	3583319040	792	2^10*3^3*5^1*7^2*23^2
17220	3584673792	420	2^11*3^6*7^4
17221	3587045000	300	2^3*5^4*7^2*11^4
17222	3587329200	810	2^4*3^1*5^2*7^2*13^2*19^2
17223	3587411025	105	3^4*5^2*11^6
17224	3587695254	324	2^1*3^5*11^2*13^2*19^2
17225	3588489216	285	2^18*3^4*13^2
17226	3589813500	648	2^2*3^1*5^3*7^2*13^2*17^2
17227	3592541160	312	2^3*3^12*5^1*13^2
17228	3592725708	126	2^2*3^1*11^6*13^2
17229	3593272704	432	2^7*3^1*7^2*19^2*23^2
17230	3595622400	648	2^11*3^5*5^2*17^2
17231	3597120576	525	2^6*3^4*7^4*17^2
17232	3598172160	300	2^14*3^1*5^1*11^4
17233	3600000000	297	2^10*3^2*5^8
17234	3600100658	162	2^1*7^2*11^2*19^2*29^2
17235	3600506250	324	2^1*3^2*5^5*11^2*23^2
17236	3600949248	378	2^13*3^2*13^2*17^2
17237	3601500000	420	2^5*3^1*5^6*7^4
17238	3601867500	810	2^2*3^5*5^4*7^2*11^2
17239	3602520441	99	3^10*13^2*19^2
17240	3602970150	180	2^1*3^1*5^2*13^4*29^2
17241	3603000625	45	5^4*7^8
17242	3603115008	220	2^10*3^3*19^4
17243	3603600900	405	2^2*3^4*5^2*23^2*29^2
17244	3605610240	648	2^8*3^3*5^1*17^2*19^2
17245	3607203600	1215	2^4*3^2*5^2*7^2*11^2*13^2
17246	3607571682	210	2^1*3^6*11^4*13^2
17247	3608107200	420	2^6*3^3*5^2*17^4
17248	3608939568	270	2^4*3^1*13^2*23^2*29^2
17249	3609610578	150	2^1*3^2*7^4*17^4
17250	3610000000	192	2^7*5^7*19^2
17251	3612500000	162	2^5*5^8*17^2
17252	3613040640	588	2^13*3^6*5^1*11^2
17253	3613180032	648	2^7*3^2*7^2*11^2*23^2
17254	3613452544	135	2^8*13^2*17^4
17255	3614977107	162	3^5*7^2*19^2*29^2
17256	3615384375	144	3^7*5^5*23^2
17257	3615625824	180	2^5*3^1*17^2*19^4
17258	3616751250	330	2^1*3^10*5^4*7^2
17259	3617223610	324	2^1*5^1*7^2*11^2*13^2*19^2
17260	3620045814	180	2^1*3^1*7^2*11^4*29^2
17261	3620635350	84	2^1*3^1*5^2*17^6
17262	3622109400	864	2^3*3^7*5^2*7^2*13^2
17263	3622479003	108	3^11*11^2*13^2
17264	3622707200	378	2^13*5^2*7^2*19^2
17265	3623076864	495	2^10*3^4*11^2*19^2
17266	3623878656	112	2^27*3^3
17267	3625216000	432	2^11*5^3*7^2*17^2
17268	3625725796	243	2^2*7^2*11^2*17^2*23^2
17269	3626104560	300	2^4*3^1*5^1*13^4*23^2
17270	3626739360	300	2^5*3^4*5^1*23^4
17271	3627475488	450	2^5*3^4*7^2*13^4
17272	3627970560	312	2^12*3^11*5^1
17273	3628110528	504	2^6*3^7*7^2*23^2
17274	3628156928	84	2^11*11^6
17275	3632170815	324	3^5*5^1*7^2*13^2*19^2
17276	3633120000	540	2^8*3^3*5^4*29^2
17277	3634633800	540	2^3*3^2*5^2*7^4*29^2
17278	3635004681	189	3^6*7^2*11^2*29^2
17279	3635656992	486	2^5*3^2*11^2*17^2*19^2
17280	3636461568	138	2^22*3^1*17^2
17281	3636813636	135	2^2*3^2*19^2*23^4
17282	3638048256	300	2^9*3^9*19^2
17283	3638174760	360	2^3*3^2*5^1*11^2*17^4
17284	3638502400	297	2^10*5^2*13^2*29^2
17285	3640070889	135	3^2*7^2*13^4*17^2
17286	3640708134	324	2^1*3^5*7^2*17^2*23^2
17287	3642777600	756	2^13*3^1*5^2*7^2*11^2
17288	3643149312	330	2^10*3^5*11^4
17289	3644295424	189	2^8*7^6*11^2
17290	3644530688	126	2^13*23^2*29^2
17291	3645140625	189	3^2*5^6*7^2*23^2
17292	3645735000	360	2^3*3^1*5^4*17^2*29^2
17293	3648280801	45	11^2*17^4*19^2
17294	3650400000	648	2^8*3^3*5^5*13^2
17295	3650680368	360	2^4*3^7*17^2*19^2
17296	3651921000	720	2^3*3^2*5^3*7^4*13^2
17297	3653208540	240	2^2*3^7*5^1*17^4
17298	3655125000	420	2^3*3^4*5^6*19^2
17299	3655799136	360	2^5*3^3*11^4*17^2
17300	3656322098	90	2^1*11^2*13^4*23^2
17301	3656962188	180	2^2*3^3*11^2*23^4
17302	3657656250	240	2^1*3^4*5^7*17^2
17303	3657830400	819	2^12*3^6*5^2*7^2
17304	3658203648	330	2^9*3^10*11^2
17305	3659354496	336	2^7*3^5*7^6
17306	3660250000	175	2^4*5^6*11^4
17307	3660540000	540	2^5*3^1*5^4*13^2*19^2
17308	3661864960	252	2^13*5^1*13^2*23^2
17309	3662065225	135	5^2*7^4*13^2*19^2
17310	3662109375	28	3^1*5^13
17311	3663249408	540	2^14*3^3*7^2*13^2
17312	3663396000	648	2^5*3^2*5^3*11^2*29^2
17313	3664922415	180	3^1*5^1*7^4*11^2*29^2
17314	3666544704	175	2^6*3^4*29^4
17315	3666604800	486	2^8*3^1*5^2*19^2*23^2
17316	3667991040	900	2^9*3^4*5^1*7^2*19^2
17317	3668132552	180	2^3*7^4*19^2*23^2
17318	3668492883	50	3^1*11^4*17^4
17319	3669144000	504	2^6*3^1*5^3*17^2*23^2
17320	3670531200	1080	2^7*3^4*5^2*7^2*17^2
17321	3670672810	180	2^1*5^1*7^4*17^2*23^2
17322	3670905744	405	2^4*3^8*11^2*17^2
17323	3671430867	90	3^5*13^4*23^2
17324	3672060588	252	2^2*3^3*7^6*17^2
17325	3672073602	90	2^1*3^8*23^4
17326	3673320192	144	2^8*3^15
17327	3673572100	243	2^2*5^2*11^2*19^2*29^2
17328	3675000000	378	2^6*3^1*5^8*7^2
17329	3675375000	504	2^3*3^5*5^6*11^2
17330	3675969024	540	2^9*3^1*7^2*13^2*17^2
17331	3676531250	98	2^1*5^6*7^6
17332	3678179904	315	2^6*3^2*7^2*19^4
17333	3678534000	480	2^4*3^7*5^3*29^2
17334	3679275762	90	2^1*3^2*17^2*29^4
17335	3680820000	810	2^5*3^2*5^4*11^2*13^2
17336	3682353675	270	3^1*5^2*7^4*11^2*13^2
17337	3683276100	405	2^2*3^2*5^2*7^2*17^4
17338	3684125809	81	7^2*13^2*23^2*29^2
17339	3685584375	216	3^3*5^5*11^2*19^2
17340	3686074776	168	2^3*3^13*17^2
17341	3686400000	324	2^17*3^2*5^5
17342	3686918400	729	2^8*3^2*5^2*11^2*23^2
17343	3687936000	520	2^12*3^1*5^3*7^4
17344	3688454616	360	2^3*3^1*7^4*11^2*23^2
17345	3688752150	324	2^1*3^5*5^2*19^2*29^2
17346	3689472640	144	2^7*5^1*7^8
17347	3690562500	231	2^2*3^10*5^6
17348	3690951362	90	2^1*7^2*17^2*19^4
17349	3693600625	135	5^4*11^2*13^2*17^2
17350	3693924300	270	2^2*3^1*5^2*11^4*29^2
17351	3694216968	324	2^3*3^2*13^2*19^2*29^2
17352	3696030000	600	2^4*3^7*5^4*13^2
17353	3696640000	225	2^14*5^4*19^2
17354	3696775290	324	2^1*3^2*5^1*13^2*17^2*29^2
17355	3697159840	324	2^5*5^1*11^2*19^2*23^2
17356	3698557632	756	2^6*3^3*7^2*11^2*19^2
17357	3699376128	216	2^23*3^2*7^2
17358	3699720200	324	2^3*5^2*11^2*17^2*23^2
17359	3700897225	21	5^2*23^6
17360	3701118960	1080	2^4*3^3*5^1*7^2*11^2*17^2
17361	3701505600	525	2^6*3^4*5^2*13^4
17362	3702153600	576	2^7*3^7*5^2*23^2
17363	3703047894	200	2^1*3^3*7^4*13^4
17364	3703696164	315	2^2*3^6*7^4*23^2
17365	3705625000	288	2^3*5^7*7^2*11^2
17366	3706989312	126	2^8*3^1*13^6
17367	3707638272	450	2^9*3^4*13^2*23^2
17368	3708810000	675	2^4*3^2*5^4*7^2*29^2
17369	3709188450	378	2^1*3^6*5^2*11^2*29^2
17370	3711399846	324	2^1*3^1*7^2*11^2*17^2*19^2
17371	3711493500	360	2^2*3^1*5^3*11^4*13^2
17372	3711787560	360	2^3*3^2*5^1*13^4*19^2
17373	3712221184	171	2^18*7^2*17^2
17374	3712437360	540	2^4*3^5*5^1*19^2*23^2
17375	3713840928	486	2^5*3^8*7^2*19^2
17376	3714358050	270	2^1*3^2*5^2*13^4*17^2
17377	3714683544	432	2^3*3^3*11^2*13^2*29^2
17378	3715008300	486	2^2*3^5*5^2*17^2*23^2
17379	3716412840	648	2^3*3^8*5^1*7^2*17^2
17380	3717120000	450	2^14*3^1*5^4*11^2
17381	3718668800	450	2^9*5^2*7^4*11^2
17382	3719048256	525	2^6*3^4*7^2*11^4
17383	3719112250	216	2^1*5^3*7^2*19^2*29^2
17384	3719531250	162	2^1*3^2*5^8*23^2
17385	3720512016	405	2^4*3^2*13^2*17^2*23^2
17386	3720937500	432	2^2*3^5*5^7*7^2
17387	3722098081	25	13^4*19^4
17388	3722749686	120	2^1*3^3*19^4*23^2
17389	3724515675	108	3^11*5^2*29^2
17390	3726736209	189	3^6*7^2*17^2*19^2
17391	3726830250	504	2^1*3^6*5^3*11^2*13^2
17392	3730033476	243	2^2*3^8*13^2*29^2
17393	3730649088	234	2^12*3^1*19^2*29^2
17394	3731961618	270	2^1*3^2*7^2*11^4*17^2
17395	3732480000	490	2^13*3^6*5^4
17396	3732624000	864	2^7*3^2*5^3*7^2*23^2
17397	3733232640	396	2^10*3^1*5^1*17^2*29^2
17398	3734035200	810	2^8*3^5*5^2*7^4
17399	3734179260	252	2^2*3^1*5^1*7^6*23^2
17400	3734416224	540	2^5*3^9*7^2*11^2
17401	3735591048	180	2^3*3^4*7^8
17402	3736801250	270	2^1*5^4*7^2*13^2*19^2
17403	3738009600	576	2^15*3^3*5^2*13^2
17404	3739567104	495	2^10*3^2*7^4*13^2
17405	3741516490	60	2^1*5^1*23^2*29^4
17406	3742230375	144	3^11*5^3*13^2
17407	3742719123	90	3^1*11^2*13^4*19^2
17408	3742931052	180	2^2*3^3*7^2*29^4
17409	3742992400	405	2^4*5^2*7^2*19^2*23^2
17410	3743374338	270	2^1*3^4*11^2*19^2*23^2
17411	3743547392	90	2^17*13^4
17412	3744202752	228	2^18*3^3*23^2
17413	3745440000	675	2^8*3^4*5^4*17^2
17414	3747000600	720	2^3*3^3*5^2*7^4*17^2
17415	3747382947	216	3^7*7^2*11^2*17^2
17416	3748096000	240	2^11*5^3*11^4
17417	3748392960	468	2^12*3^1*5^1*13^2*19^2
17418	3748623076	63	2^2*11^6*23^2
17419	3749847696	225	2^4*3^14*7^2
17420	3750000000	176	2^7*3^1*5^10
17421	3750988800	594	2^10*3^1*5^2*13^2*17^2
17422	3751317504	351	2^12*3^2*11^2*29^2
17423	3751562500	135	2^2*5^8*7^4
17424	3752551712	270	2^5*7^4*13^2*17^2
17425	3753244800	360	2^7*3^2*5^2*19^4
17426	3754808652	150	2^2*3^1*7^4*19^4
17427	3755844000	648	2^5*3^2*5^3*17^2*19^2
17428	3757203456	252	2^13*3^1*17^2*23^2
17429	3757408935	180	3^1*5^1*7^4*17^2*19^2
17430	3757503750	540	2^1*3^1*5^4*7^2*11^2*13^2
17431	3758445000	300	2^3*3^2*5^4*17^4
17432	3758842827	90	3^9*19^2*23^2
17433	3759312050	162	2^1*5^2*13^2*23^2*29^2
17434	3760733340	648	2^2*3^3*5^1*7^2*13^2*29^2
17435	3763454409	75	3^2*11^4*13^4
17436	3763584000	792	2^10*3^5*5^3*11^2
17437	3763729200	810	2^4*3^1*5^2*7^2*11^2*23^2
17438	3764113254	180	2^1*3^5*11^4*23^2
17439	3764342912	216	2^7*11^2*17^2*29^2
17440	3765152160	900	2^5*3^4*5^1*7^4*11^2
17441	3765540496	75	2^4*23^4*29^2
17442	3766276900	135	2^2*5^2*17^2*19^4
17443	3766818816	288	2^11*3^7*29^2
17444	3773030625	315	3^6*5^4*7^2*13^2
17445	3774038400	864	2^7*3^3*5^2*11^2*19^2
17446	3774873600	225	2^24*3^2*5^2
17447	3775610916	405	2^2*3^2*7^4*11^2*19^2
17448	3776446464	200	2^19*3^1*7^4
17449	3777192250	120	2^1*5^3*13^4*23^2
17450	3777853500	240	2^2*3^3*5^3*23^4
17451	3778620300	540	2^2*3^3*5^2*7^2*13^4
17452	3779136000	440	2^9*3^10*5^3
17453	3779281800	756	2^3*3^6*5^2*7^2*23^2
17454	3779629568	270	2^9*11^2*13^2*19^2
17455	3779667441	99	3^10*11^2*23^2
17456	3779898048	378	2^6*3^5*17^2*29^2
17457	3780710640	500	2^4*3^9*5^1*7^4
17458	3782247040	432	2^7*5^1*11^2*13^2*17^2
17459	3784218256	105	2^4*7^2*13^6
17460	3784500000	378	2^5*3^2*5^6*29^2
17461	3784521840	300	2^4*3^1*5^1*11^2*19^4
17462	3784880736	648	2^5*3^3*7^2*13^2*23^2
17463	3785359360	132	2^21*5^1*19^2
17464	3786076875	150	3^1*5^4*7^4*29^2
17465	3787142700	486	2^2*3^1*5^2*11^2*17^2*19^2
17466	3787980800	180	2^19*5^2*17^2
17467	3789633600	567	2^6*3^8*5^2*19^2
17468	3789765375	120	3^1*5^3*11^2*17^4
17469	3791212614	240	2^1*3^7*7^4*19^2
17470	3793022694	120	2^1*3^3*17^4*29^2
17471	3794560000	495	2^10*5^4*7^2*11^2
17472	3794947200	600	2^7*3^4*5^2*11^4
17473	3795093610	180	2^1*5^1*7^2*11^4*23^2
17474	3795247872	486	2^8*3^5*13^2*19^2
17475	3796528428	300	2^2*3^3*7^4*11^4
17476	3797640625	63	5^6*17^2*29^2
17477	3797821440	648	2^11*3^2*5^1*7^2*29^2
17478	3797876160	756	2^6*3^5*5^1*13^2*17^2
17479	3798022683	162	3^1*7^2*13^2*17^2*23^2
17480	3800160360	280	2^3*3^6*5^1*19^4
17481	3800569344	300	2^9*3^1*11^4*13^2
17482	3802500000	432	2^5*3^2*5^7*13^2
17483	3802792050	378	2^1*3^6*5^2*17^2*19^2
17484	3804084375	180	3^1*5^5*7^4*13^2
17485	3807421875	108	3^3*5^8*19^2
17486	3808124100	405	2^2*3^2*5^2*11^4*17^2
17487	3808370944	243	2^8*7^2*19^2*29^2
17488	3808425816	432	2^3*3^3*13^2*17^2*19^2
17489	3810240000	900	2^9*3^5*5^4*7^2
17490	3810628800	630	2^6*3^9*5^2*11^2
17491	3810716361	35	3^4*19^6
17492	3810775815	324	3^5*5^1*7^2*11^2*23^2
17493	3811827600	525	2^4*3^4*5^2*7^6
17494	3812216562	270	2^1*3^8*7^4*11^2
17495	3813062500	189	2^2*5^6*13^2*19^2
17496	3815884800	972	2^11*3^2*5^2*7^2*13^2
17497	3816037500	324	2^2*3^1*5^5*11^2*29^2
17498	3816059522	50	2^1*11^4*19^4
17499	3816274176	567	2^8*3^6*11^2*13^2
17500	3817474752	294	2^6*3^1*7^6*13^2
17501	3819317400	240	2^3*3^3*5^2*29^4
17502	3819380000	270	2^5*5^4*19^2*23^2
17503	3820824000	1008	2^6*3^3*5^3*7^2*19^2
17504	3822025000	216	2^3*5^5*17^2*23^2
17505	3822206976	405	2^14*3^2*7^2*23^2
17506	3822416010	252	2^1*3^2*5^1*7^6*19^2
17507	3823470000	900	2^4*3^3*5^4*7^2*17^2
17508	3823860150	432	2^1*3^7*5^2*11^2*17^2
17509	3824975648	90	2^5*13^2*29^4
17510	3826375200	270	2^5*3^14*5^2
17511	3826571760	280	2^4*3^3*5^1*11^6
17512	3827969523	70	3^13*7^4
17513	3828125000	132	2^3*5^10*7^2
17514	3828515625	135	3^4*5^8*11^2
17515	3829134400	567	2^6*5^2*7^2*13^2*17^2
17516	3829469952	486	2^8*3^1*7^2*11^2*29^2
17517	3829525128	540	2^3*3^4*11^2*13^2*17^2
17518	3829926615	60	3^1*5^1*19^2*29^4
17519	3830743449	75	3^4*13^2*23^4
17520	3831437400	360	2^3*3^1*5^2*7^2*19^4
17521	3831806250	252	2^1*3^6*5^5*29^2
17522	3831828363	90	3^5*11^2*19^4
17523	3832043904	288	2^7*3^11*13^2
17524	3832676352	270	2^17*3^4*19^2
17525	3834187500	378	2^2*3^1*5^6*11^2*13^2
17526	3835330560	480	2^15*3^4*5^1*17^2
17527	3835478528	270	2^9*7^2*17^2*23^2
17528	3837201126	84	2^1*3^1*11^6*19^2
17529	3838050304	95	2^18*11^4
17530	3839661225	117	3^12*5^2*17^2
17531	3840000000	240	2^14*3^1*5^7
17532	3840540000	540	2^5*3^1*5^4*11^2*23^2
17533	3841600000	300	2^9*5^5*7^4
17534	3842140225	135	5^2*7^4*11^2*23^2
17535	3842384040	360	2^3*3^8*5^1*11^4
17536	3843168160	180	2^5*5^1*13^4*29^2
17537	3843840960	504	2^6*3^3*5^1*23^2*29^2
17538	3845294208	504	2^7*3^6*7^2*29^2
17539	3845349612	270	2^2*3^9*13^2*17^2
17540	3845984256	351	2^12*3^2*17^2*19^2
17541	3847683840	972	2^8*3^1*5^1*7^2*11^2*13^2
17542	3848142675	162	3^1*5^2*13^2*19^2*29^2
17543	3850031250	294	2^1*3^6*5^6*13^2
17544	3852664200	972	2^3*3^2*5^2*7^2*11^2*19^2
17545	3853057329	105	3^6*11^4*19^2
17546	3853516800	378	2^20*3^1*5^2*7^2
17547	3853910016	324	2^17*3^5*11^2
17548	3854518296	216	2^3*3^1*19^2*23^2*29^2
17549	3855122432	112	2^15*7^6
17550	3855332250	648	2^1*3^2*5^3*7^2*11^2*17^2
17551	3855735000	400	2^3*3^3*5^4*13^4
17552	3856410000	525	2^4*3^6*5^4*23^2
17553	3858261660	252	2^2*3^13*5^1*11^2
17554	3858459858	54	2^1*3^2*11^8
17555	3858645924	405	2^2*3^4*7^2*17^2*29^2
17556	3859338368	120	2^7*17^4*19^2
17557	3861447200	126	2^5*5^2*13^6
17558	3862011040	84	2^5*5^1*17^6
17559	3862123200	756	2^6*3^3*5^2*13^2*23^2
17560	3863343750	252	2^1*3^1*5^6*7^2*29^2
17561	3863583360	1008	2^7*3^6*5^1*7^2*13^2
17562	3863732418	270	2^1*3^2*7^4*13^2*23^2
17563	3866445375	120	3^1*5^3*13^4*19^2
17564	3867122250	360	2^1*3^4*5^3*19^2*23^2
17565	3867291648	468	2^12*3^3*11^2*17^2
17566	3867844864	135	2^8*13^4*23^2
17567	3868521984	200	2^9*3^3*23^4
17568	3868584300	648	2^2*3^7*5^2*7^2*19^2
17569	3869462025	243	3^2*5^2*11^2*13^2*29^2
17570	3869835264	187	2^16*3^10
17571	3871263375	288	3^7*5^3*7^2*17^2
17572	3872000000	252	2^11*5^6*11^2
17573	3874008600	720	2^3*3^3*5^2*7^2*11^4
17574	3874204890	76	2^1*3^18*5^1
17575	3874315536	675	2^4*3^4*7^2*13^2*19^2
17576	3874403907	56	3^7*11^6
17577	3875533350	324	2^1*3^1*5^2*13^2*17^2*23^2
17578	3875872968	324	2^3*3^2*11^2*23^2*29^2
17579	3879747872	270	2^5*7^2*11^4*13^2
17580	3880719744	240	2^7*3^1*11^2*17^4
17581	3881954352	150	2^4*3^1*17^2*23^4
17582	3883272192	324	2^11*3^8*17^2
17583	3884769735	180	3^1*5^1*7^2*11^4*19^2
17584	3885629440	324	2^17*5^1*7^2*11^2
17585	3886092800	270	2^9*5^2*19^2*29^2
17586	3888000000	462	2^10*3^5*5^6
17587	3888150000	540	2^4*3^1*5^5*7^2*23^2
17588	3888784000	288	2^7*5^3*17^2*29^2
17589	3889620000	750	2^5*3^4*5^4*7^4
17590	3890016900	729	2^2*3^8*5^2*7^2*11^2
17591	3891207762	150	2^1*3^4*13^4*29^2
17592	3891240675	108	3^3*5^2*7^8
17593	3891888972	216	2^2*3^7*23^2*29^2
17594	3893760000	585	2^12*3^2*5^4*13^2
17595	3894307560	648	2^3*3^2*5^1*11^2*13^2*23^2
17596	3895382400	720	2^7*3^1*5^2*7^4*13^2
17597	3895779888	810	2^4*3^5*7^2*11^2*13^2
17598	3896755776	245	2^6*3^6*17^4
17599	3897005476	81	2^2*7^8*13^2
17600	3900211200	432	2^15*3^2*5^2*23^2
17601	3901500000	504	2^5*3^3*5^6*17^2
17602	3901685760	612	2^16*3^5*5^1*7^2
17603	3901836288	330	2^10*3^1*7^4*23^2
17604	3903125625	225	3^2*5^4*7^4*17^2
17605	3904576000	360	2^9*5^3*13^2*19^2
17606	3905125081	81	11^2*13^2*19^2*23^2
17607	3906091350	252	2^1*3^13*5^2*7^2
17608	3906250000	65	2^4*5^12
17609	3907280000	360	2^7*5^4*13^2*17^2
17610	3907622400	540	2^9*3^1*5^2*11^2*29^2
17611	3909250576	225	2^4*7^4*11^2*29^2
17612	3909630000	250	2^4*3^1*5^4*19^4
17613	3909715290	140	2^1*3^4*5^1*13^6
17614	3910286178	70	2^1*3^4*17^6
17615	3910399740	432	2^2*3^7*5^1*13^2*23^2
17616	3911878152	396	2^3*3^10*7^2*13^2
17617	3912337500	324	2^2*3^1*5^5*17^2*19^2
17618	3912523776	504	2^13*3^3*7^2*19^2
17619	3913753600	297	2^10*5^2*17^2*23^2
17620	3915046875	70	3^1*5^6*17^4
17621	3920400000	720	2^7*3^4*5^5*11^2
17622	3920551250	270	2^1*5^4*7^2*11^2*23^2
17623	3922033500	720	2^2*3^3*5^3*7^4*11^2
17624	3923769600	567	2^8*3^6*5^2*29^2
17625	3925404504	360	2^3*3^5*7^4*29^2
17626	3926108928	486	2^8*3^1*7^2*17^2*19^2
17627	3926760123	90	3^1*11^4*13^2*23^2
17628	3928827840	420	2^6*3^1*5^1*7^2*17^4
17629	3929582592	396	2^10*3^3*13^2*29^2
17630	3931290000	675	2^4*3^2*5^4*11^2*19^2
17631	3932160000	220	2^21*3^1*5^4
17632	3932712960	468	2^12*3^1*5^1*11^2*23^2
17633	3933798400	255	2^16*5^2*7^4
17634	3934199808	630	2^13*3^4*7^2*11^2
17635	3934668960	540	2^5*3^4*5^1*19^2*29^2
17636	3936600000	420	2^6*3^9*5^5
17637	3936751875	270	3^5*5^4*7^2*23^2
17638	3937393800	540	2^3*3^4*5^2*17^2*29^2
17639	3938240250	360	2^1*3^8*5^3*7^4
17640	3942187500	162	2^2*3^1*5^8*29^2
17641	3942210250	120	2^1*5^3*11^2*19^4
17642	3942584100	729	2^2*3^2*5^2*7^2*13^2*23^2
17643	3943226976	324	2^5*3^1*13^2*17^2*29^2
17644	3945598596	135	2^2*3^2*19^4*29^2
17645	3947535000	480	2^3*3^7*5^4*19^2
17646	3947860224	729	2^8*3^2*7^2*11^2*17^2
17647	3948272640	440	2^10*3^3*5^1*13^4
17648	3948963840	504	2^11*3^6*5^1*23^2
17649	3949116192	270	2^5*3^2*7^2*23^4
17650	3950456832	390	2^12*3^9*7^2
17651	3953070000	500	2^4*3^3*5^4*11^4
17652	3953383200	810	2^5*3^4*5^2*13^2*19^2
17653	3955030443	180	3^3*7^4*13^2*19^2
17654	3956064000	648	2^8*3^1*5^3*7^2*29^2
17655	3956121000	720	2^3*3^4*5^3*13^2*17^2
17656	3957712360	168	2^3*5^1*7^6*29^2
17657	3958500375	120	3^5*5^3*19^4
17658	3958926400	315	2^6*5^2*11^4*13^2
17659	3959240064	240	2^7*3^1*13^4*19^2
17660	3959933184	405	2^8*3^4*19^2*23^2
17661	3960937500	180	2^2*3^1*5^9*13^2
17662	3961568072	180	2^3*7^2*11^2*17^4
17663	3962828401	45	7^2*17^2*23^4
17664	3964173696	576	2^7*3^7*7^2*17^2
17665	3965485568	150	2^9*11^4*23^2
17666	3967110225	243	3^2*5^2*13^2*17^2*19^2
17667	3967457868	324	2^2*3^3*11^2*19^2*29^2
17668	3968335872	180	2^19*3^2*29^2
17669	3969000000	735	2^6*3^4*5^6*7^2
17670	3969405000	540	2^3*3^8*5^4*11^2
17671	3970205415	216	3^3*5^1*11^2*17^2*29^2
17672	3970653750	280	2^1*3^3*5^4*7^6
17673	3973682952	324	2^3*3^2*17^2*19^2*23^2
17674	3974880000	810	2^8*3^1*5^4*7^2*13^2
17675	3975285600	972	2^5*3^5*5^2*11^2*13^2
17676	3976434810	180	2^1*3^2*5^1*17^4*23^2
17677	3976536200	252	2^3*5^2*7^6*13^2
17678	3976941969	225	3^4*7^4*11^2*13^2
17679	3977938188	270	2^2*3^5*7^2*17^4
17680	3978455625	75	3^2*5^4*29^4
17681	3980025000	648	2^3*3^2*5^5*7^2*19^2
17682	3981174912	360	2^7*3^2*11^2*13^4
17683	3981465600	648	2^11*3^1*5^2*7^2*23^2
17684	3981871872	486	2^8*3^5*11^2*23^2
17685	3982114816	135	2^14*17^2*29^2
17686	3982781250	378	2^1*3^2*5^6*7^2*17^2
17687	3983124544	147	2^6*7^6*23^2
17688	3983852322	162	2^1*3^8*19^2*29^2
17689	3985807500	210	2^2*3^13*5^4
17690	3986012250	168	2^1*3^2*5^3*11^6
17691	3986328060	648	2^2*3^3*5^1*11^2*13^2*19^2
17692	3987210240	360	2^19*3^2*5^1*13^2
17693	3989031200	486	2^5*5^2*7^2*11^2*29^2
17694	3989088675	324	3^3*5^2*11^2*13^2*17^2
17695	3989438244	225	2^2*3^4*11^4*29^2
17696	3991080625	75	5^4*7^2*19^4
17697	3991712400	495	2^4*3^10*5^2*13^2
17698	3992371200	540	2^14*3^3*5^2*19^2
17699	3994034688	450	2^9*3^2*7^4*19^2
17700	3994998436	135	2^2*11^2*13^4*17^2
17701	3995136000	624	2^12*3^3*5^3*17^2
17702	3995697816	432	2^3*3^3*11^2*17^2*23^2
17703	3996800640	720	2^7*3^2*5^1*7^4*17^2
17704	3996969003	28	3^3*23^6
17705	3997626048	280	2^6*3^7*13^4
17706	3998285824	153	2^16*13^2*19^2
17707	3998325888	264	2^7*3^10*23^2
17708	4000000000	120	2^11*5^9
17709	4000562500	189	2^2*5^6*11^2*23^2
17710	4002483375	160	3^7*5^3*11^4
17711	4002800490	324	2^1*3^8*5^1*13^2*19^2
17712	4004001000	432	2^3*3^2*5^3*23^2*29^2
17713	4005514800	810	2^4*3^5*5^2*7^2*29^2
17714	4005923526	180	2^1*3^9*11^2*29^2
17715	4006233600	540	2^9*3^1*5^2*17^2*19^2
17716	4007902864	225	2^4*7^4*17^2*19^2
17717	4008004000	648	2^5*5^3*7^2*11^2*13^2
17718	4011448896	567	2^6*3^2*7^2*13^2*29^2
17719	4011506694	180	2^1*3^5*13^4*17^2
17720	4012208964	243	2^2*3^8*17^2*23^2
17721	4013191875	270	3^1*5^4*7^2*11^2*19^2
17722	4014080000	270	2^17*5^4*7^2
17723	4014489600	675	2^14*3^4*5^2*11^2
17724	4015123225	81	5^2*19^2*23^2*29^2
17725	4016162304	600	2^9*3^3*7^4*11^2
17726	4016390625	105	3^2*5^6*13^4
17727	4017093750	252	2^1*3^5*5^6*23^2
17728	4020436992	306	2^16*3^1*11^2*13^2
17729	4022476929	45	3^14*29^2
17730	4023045000	540	2^3*3^2*5^4*13^2*23^2
17731	4024566000	1080	2^4*3^5*5^3*7^2*13^2
17732	4025377538	162	2^1*7^2*13^2*17^2*29^2
17733	4025640960	648	2^11*3^2*5^1*11^2*19^2
17734	4026531840	116	2^28*3^1*5^1
17735	4028428800	810	2^9*3^2*5^2*11^2*17^2
17736	4029710400	315	2^6*3^2*5^2*23^4
17737	4030107312	450	2^4*3^1*7^4*11^2*17^2
17738	4031078400	420	2^13*3^9*5^2
17739	4031389446	100	2^1*3^1*7^4*23^4
17740	4032758016	405	2^8*3^8*7^4
17741	4035425625	225	3^2*5^4*7^2*11^4
17742	4035745350	648	2^1*3^3*5^2*7^2*13^2*19^2
17743	4036823296	135	2^8*11^2*19^4
17744	4037050368	336	2^15*3^6*13^2
17745	4037367675	162	3^1*5^2*11^2*23^2*29^2
17746	4038894090	540	2^1*3^4*5^1*7^2*11^2*29^2
17747	4040904040	120	2^3*5^1*19^2*23^4
17748	4041724232	180	2^3*7^2*13^4*19^2
17749	4042275840	528	2^10*3^7*5^1*19^2
17750	4042416400	225	2^4*5^2*11^2*17^4
17751	4042431792	540	2^4*3^3*7^2*19^2*23^2
17752	4043702450	90	2^1*5^2*17^2*23^4
17753	4044523210	180	2^1*5^1*7^2*13^4*17^2
17754	4045075200	648	2^8*3^7*5^2*17^2
17755	4045231260	648	2^2*3^3*5^1*7^2*17^2*23^2
17756	4046760648	420	2^3*3^6*7^4*17^2
17757	4050000000	360	2^7*3^4*5^8
17758	4050156250	144	2^1*5^7*7^2*23^2
17759	4051009536	288	2^15*3^1*7^2*29^2
17760	4051067904	495	2^10*3^4*13^2*17^2
17761	4051687500	420	2^2*3^3*5^6*7^4
17762	4053504384	240	2^7*3^5*19^4
17763	4055583735	180	3^9*5^1*7^2*29^2
17764	4056000000	420	2^9*3^1*5^6*13^2
17765	4056570375	216	3^1*5^3*11^2*13^2*23^2
17766	4057690000	375	2^4*5^4*7^4*13^2
17767	4058104050	810	2^1*3^4*5^2*7^2*11^2*13^2
17768	4059120600	360	2^3*3^5*5^2*17^4
17769	4059187968	270	2^8*3^1*11^4*19^2
17770	4059346369	21	13^6*29^2
17771	4060057014	216	2^1*3^3*13^2*23^2*29^2
17772	4060086272	78	2^25*11^2
17773	4061999040	420	2^6*3^1*5^1*11^4*17^2
17774	4062720000	390	2^12*3^1*5^4*23^2
17775	4064062500	243	2^2*3^2*5^8*17^2
17776	4064116056	360	2^3*3^1*7^2*11^2*13^4
17777	4064256000	840	2^13*3^4*5^3*7^2
17778	4064412800	360	2^7*5^2*7^4*23^2
17779	4064827536	675	2^4*3^4*7^2*11^2*23^2
17780	4065134112	270	2^5*3^2*13^2*17^4
17781	4065949440	504	2^8*3^3*5^1*7^6
17782	4067579052	180	2^2*3^3*17^2*19^4
17783	4070395935	120	3^3*5^1*17^4*19^2
17784	4070440000	315	2^6*5^4*11^2*29^2
17785	4072531250	70	2^1*5^6*19^4
17786	4073938560	240	2^7*3^2*5^1*29^4
17787	4074873075	270	3^9*5^2*7^2*13^2
17788	4075545600	891	2^10*3^2*5^2*7^2*19^2
17789	4075961472	504	2^7*3^6*11^2*19^2
17790	4076863488	150	2^24*3^5
17791	4077243744	252	2^5*3^1*7^6*19^2
17792	4078784160	756	2^5*3^6*5^1*11^2*17^2
17793	4079249161	21	13^2*17^6
17794	4080909924	315	2^2*3^6*7^2*13^4
17795	4081624344	360	2^3*3^9*7^2*23^2
17796	4081676544	189	2^8*3^2*11^6
17797	4083750000	480	2^4*3^3*5^7*11^2
17798	4085255056	75	2^4*19^2*29^4
17799	4086866560	240	2^7*5^1*7^2*19^4
17800	4087260000	540	2^5*3^5*5^4*29^2
17801	4088963025	225	3^4*5^2*7^4*29^2
17802	4089696800	486	2^5*5^2*7^2*17^2*19^2
17803	4090114116	405	2^2*3^4*11^2*17^2*19^2
17804	4091019264	240	2^19*3^3*17^2
17805	4092529000	240	2^3*5^3*7^2*17^4
17806	4092804288	252	2^6*3^11*19^2
17807	4093315200	648	2^7*3^2*5^2*13^2*29^2
17808	4095020748	270	2^2*3^1*7^4*13^2*29^2
17809	4095093750	252	2^1*3^1*5^6*11^2*19^2
17810	4095638640	360	2^4*3^11*5^1*17^2
17811	4095849032	84	2^3*11^6*17^2
17812	4096000000	133	2^18*5^6
17813	4096576000	360	2^9*5^3*11^2*23^2
17814	4097152081	25	11^4*23^4
17815	4098124800	1188	2^10*3^3*5^2*7^2*11^2
17816	4098542976	320	2^7*3^7*11^4
17817	4098613500	432	2^2*3^3*5^3*19^2*29^2
17818	4099832352	378	2^5*3^2*7^6*11^2
17819	4100097024	297	2^10*3^2*23^2*29^2
17820	4100625000	288	2^3*3^8*5^7
17821	4101451875	180	3^3*5^4*17^2*29^2
17822	4104196096	351	2^12*7^2*11^2*13^2
17823	4105224192	150	2^14*3^1*17^4
17824	4107015414	180	2^1*3^9*17^2*19^2
17825	4107528100	243	2^2*5^2*13^2*17^2*29^2
17826	4107888048	150	2^4*3^1*11^2*29^4
17827	4112015625	147	3^6*5^6*19^2
17828	4112354400	972	2^5*3^1*5^2*7^2*11^2*17^2
17829	4112774028	270	2^2*3^5*11^4*17^2
17830	4112784000	480	2^7*3^2*5^3*13^4
17831	4113504000	648	2^8*3^5*5^3*23^2
17832	4113662700	270	2^2*3^1*5^2*7^2*23^4
17833	4114067881	63	7^6*11^2*17^2
17834	4114333472	162	2^5*17^2*23^2*29^2
17835	4114497660	300	2^2*3^1*5^1*7^4*13^4
17836	4115059200	810	2^9*3^8*5^2*7^2
17837	4115217960	600	2^3*3^4*5^1*7^4*23^2
17838	4115479104	273	2^6*3^12*11^2
17839	4116773808	280	2^4*3^7*7^6
17840	4117781250	210	2^1*3^2*5^6*11^4
17841	4118107500	540	2^2*3^3*5^4*13^2*19^2
17842	4120900000	324	2^5*5^5*7^2*29^2
17843	4120959375	216	3^3*5^5*13^2*17^2
17844	4121155584	648	2^11*3^5*7^2*13^2
17845	4124208400	225	2^4*5^2*13^4*19^2
17846	4124862792	140	2^3*3^6*29^4
17847	4124930400	648	2^5*3^3*5^2*19^2*23^2
17848	4126649121	135	3^2*7^4*19^2*23^2
17849	4127426160	540	2^4*3^1*5^1*11^2*13^2*29^2
17850	4129347600	945	2^4*3^6*5^2*7^2*17^2
17851	4129768962	198	2^1*3^10*11^2*17^2
17852	4131041408	216	2^7*13^2*19^2*23^2
17853	4132275840	720	2^7*3^2*5^1*7^2*11^4
17854	4132485216	108	2^5*3^17
17855	4133683200	306	2^16*3^1*5^2*29^2
17856	4133902240	324	2^5*5^1*13^2*17^2*23^2
17857	4134375000	432	2^3*3^3*5^8*7^2
17858	4134796875	168	3^7*5^6*11^2
17859	4135405568	180	2^11*7^4*29^2
17860	4135465152	756	2^6*3^3*7^2*13^2*17^2
17861	4136388540	180	2^2*3^1*5^1*19^4*23^2
17862	4137952392	300	2^3*3^4*7^2*19^4
17863	4139253075	162	3^1*5^2*17^2*19^2*23^2
17864	4140500000	378	2^5*5^6*7^2*13^2
17865	4140818010	540	2^1*3^4*5^1*7^2*17^2*19^2
17866	4140922500	675	2^2*3^4*5^4*11^2*13^2
17867	4143754384	225	2^4*7^2*11^4*19^2
17868	4144481640	504	2^3*3^6*5^1*13^2*29^2
17869	4145859375	144	3^1*5^7*7^2*19^2
17870	4146834123	48	3^15*17^2
17871	4147057200	450	2^4*3^1*5^2*11^2*13^4
17872	4147360000	405	2^8*5^4*7^2*23^2
17873	4147783200	810	2^5*3^4*5^2*11^2*23^2
17874	4149351360	1008	2^6*3^7*5^1*7^2*11^2
17875	4149511443	180	3^3*7^4*11^2*23^2
17876	4149824406	180	2^1*3^1*7^2*13^2*17^4
17877	4153344000	408	2^16*3^1*5^3*13^2
17878	4153928064	432	2^7*3^1*11^2*13^2*23^2
17879	4155074560	360	2^11*5^1*7^4*13^2
17880	4155994089	135	3^4*13^2*19^2*29^2
17881	4158033750	300	2^1*3^9*5^4*13^2
17882	4158720000	540	2^11*3^2*5^4*19^2
17883	4160452800	630	2^6*3^1*5^2*7^4*19^2
17884	4160877336	648	2^3*3^5*7^2*11^2*19^2
17885	4161600000	540	2^9*3^2*5^5*17^2
17886	4161798144	315	2^20*3^4*7^2
17887	4161821378	90	2^1*11^4*13^2*29^2
17888	4162185225	243	3^2*5^2*11^2*17^2*23^2
17889	4162186322	54	2^1*7^8*19^2
17890	4163334000	600	2^4*3^1*5^3*7^4*17^2
17891	4164193800	420	2^3*3^6*5^2*13^4
17892	4164922800	450	2^4*3^9*5^2*23^2
17893	4166497440	468	2^5*3^12*5^1*7^2
17894	4166711472	210	2^4*3^1*7^2*11^6
17895	4168130560	252	2^13*5^1*11^2*29^2
17896	4170362976	168	2^5*3^3*13^6
17897	4170834375	108	3^1*5^5*23^2*29^2
17898	4171093056	441	2^6*3^6*13^2*23^2
17899	4172411250	450	2^1*3^4*5^4*7^2*29^2
17900	4173160000	315	2^6*5^4*17^2*19^2
17901	4176248832	432	2^15*3^2*7^2*17^2
17902	4178071044	297	2^2*3^10*7^2*19^2
17903	4178592600	648	2^3*3^1*5^2*7^2*13^2*29^2
17904	4179018987	162	3^5*11^2*13^2*29^2
17905	4181616010	100	2^1*5^1*11^4*13^4
17906	4181760000	720	2^11*3^3*5^4*11^2
17907	4182348060	360	2^2*3^3*5^1*11^4*23^2
17908	4183502400	945	2^6*3^2*5^2*7^4*11^2
17909	4183929288	420	2^3*3^6*7^2*11^4
17910	4184843403	42	3^1*13^6*17^2
17911	4185245526	108	2^1*3^1*7^8*11^2
17912	4185354240	468	2^12*3^5*5^1*29^2
17913	4185515712	378	2^6*3^1*7^2*23^2*29^2
17914	4185576018	270	2^1*3^4*13^2*17^2*23^2
17915	4187955200	378	2^13*5^2*11^2*13^2
17916	4190671875	126	3^1*5^6*13^2*23^2
17917	4190749696	165	2^10*7^2*17^4
17918	4192256250	540	2^1*3^4*5^5*7^2*13^2
17919	4193376000	648	2^8*3^1*5^3*11^2*19^2
17920	4193469049	45	7^2*11^2*29^4
17921	4194304000	104	2^25*5^3
17922	4194893824	153	2^16*11^2*23^2
17923	4195123240	360	2^3*5^1*7^4*11^2*19^2
17924	4196280000	630	2^6*3^1*5^4*11^2*17^2
17925	4196980224	360	2^9*3^3*19^2*29^2
17926	4197615000	200	2^3*3^1*5^4*23^4
17927	4198028450	270	2^1*5^2*7^4*11^2*17^2
17928	4198895415	180	3^5*5^1*11^2*13^4
17929	4199040000	495	2^10*3^8*5^4
17930	4199630490	324	2^1*3^8*5^1*11^2*23^2
17931	4200789600	720	2^5*3^7*5^2*7^4
17932	4201218252	324	2^2*3^11*7^2*11^2
17933	4202539929	63	3^6*7^8
17934	4205260800	702	2^12*3^5*5^2*13^2
17935	4205423040	756	2^6*3^1*5^1*7^2*13^2*23^2
17936	4207012992	600	2^7*3^4*7^4*13^2
17937	4210704000	672	2^7*3^6*5^3*19^2
17938	4210866450	486	2^1*3^2*5^2*7^2*19^2*23^2
17939	4211490816	225	2^14*3^2*13^4
17940	4211553072	270	2^4*3^1*17^2*19^2*29^2
17941	4212228096	288	2^15*3^5*23^2
17942	4212458460	540	2^2*3^5*5^1*7^4*19^2
17943	4213620000	630	2^5*3^6*5^4*17^2
17944	4214469660	180	2^2*3^1*5^1*17^4*29^2
17945	4215375675	270	3^5*5^2*7^4*17^2
17946	4216984335	84	3^13*5^1*23^2
17947	4218578658	102	2^1*3^16*7^2
17948	4218750000	220	2^4*3^3*5^10
17949	4219801600	351	2^12*5^2*7^2*29^2
17950	4219862400	864	2^7*3^3*5^2*13^2*17^2
17951	4220232192	450	2^9*3^4*11^2*29^2
17952	4221620676	405	2^2*3^2*7^4*13^2*17^2
17953	4222400400	375	2^4*3^4*5^2*19^4
17954	4225000000	189	2^6*5^8*13^2
17955	4226114048	150	2^9*13^4*17^2
17956	4226853888	396	2^10*3^3*17^2*23^2
17957	4228250625	125	3^4*5^4*17^4
17958	4228320800	270	2^5*5^2*11^4*19^2
17959	4228655808	210	2^6*3^1*13^2*19^4
17960	4231249000	240	2^3*5^3*11^4*17^2
17961	4231584240	540	2^4*3^1*5^1*13^2*17^2*19^2
17962	4232000000	210	2^9*5^6*23^2
17963	4233454225	135	5^2*7^2*11^2*13^4
17964	4233600000	792	2^10*3^3*5^5*7^2
17965	4234129290	84	2^1*3^2*5^1*19^6
17966	4234195350	648	2^1*3^3*5^2*7^2*11^2*23^2
17967	4234514700	270	2^2*3^1*5^2*13^2*17^4
17968	4234885776	405	2^4*3^2*11^2*17^2*29^2
17969	4235364000	504	2^5*3^2*5^3*7^6
17970	4236233058	90	2^1*3^2*23^4*29^2
17971	4237128735	44	3^1*5^1*7^10
17972	4237671168	270	2^8*3^9*29^2
17973	4240304640	900	2^9*3^4*5^1*11^2*13^2
17974	4240468232	324	2^3*7^2*11^2*13^2*23^2
17975	4241530464	180	2^5*3^1*17^4*23^2
17976	4243686000	200	2^4*3^1*5^3*29^4
17977	4245360000	720	2^7*3^1*5^4*7^2*19^2
17978	4245793200	810	2^4*3^5*5^2*11^2*19^2
17979	4246732800	330	2^21*3^4*5^2
17980	4246896640	288	2^15*5^1*7^2*23^2
17981	4247128900	189	2^2*5^2*7^6*19^2
17982	4248502272	340	2^16*3^3*7^4
17983	4248733500	648	2^2*3^5*5^3*11^2*17^2
17984	4251692025	243	3^8*5^2*7^2*23^2
17985	4251746400	252	2^5*3^1*5^2*11^6
17986	4252083264	567	2^6*3^2*11^2*13^2*19^2
17987	4252385304	288	2^3*3^7*17^2*29^2
17988	4253024256	144	2^23*3^1*13^2
17989	4253517961	35	7^4*11^6
17990	4253906250	180	2^1*3^2*5^9*11^2
17991	4256381610	180	2^1*3^2*5^1*13^2*23^4
17992	4257245538	126	2^1*3^2*7^2*13^6
17993	4257562500	315	2^2*3^4*5^6*29^2
17994	4257826560	540	2^8*3^9*5^1*13^2
17995	4257990828	486	2^2*3^5*7^2*13^2*23^2
17996	4261478400	459	2^16*3^2*5^2*17^2
17997	4263254016	360	2^11*3^1*7^4*17^2
17998	4263337800	396	2^3*3^10*5^2*19^2
17999	4263870000	450	2^4*3^1*5^4*13^2*29^2
18000	4266290250	264	2^1*3^10*5^3*17^2
18001	4266847442	162	2^1*11^2*13^2*17^2*19^2
18002	4268880000	1080	2^7*3^2*5^4*7^2*11^2
18003	4269315600	525	2^4*3^6*5^2*11^4
18004	4269653856	432	2^5*3^7*13^2*19^2
18005	4270358528	80	2^15*19^4
18006	4270658700	378	2^2*3^1*5^2*7^6*11^2
18007	4270934400	432	2^7*3^1*5^2*23^2*29^2
18008	4271484375	80	3^7*5^9
18009	4272713956	135	2^2*7^4*23^2*29^2
18010	4273315840	252	2^13*5^1*17^2*19^2
18011	4275640512	420	2^6*3^3*11^4*13^2
18012	4276275200	180	2^11*5^2*17^4
18013	4279050050	90	2^1*5^2*11^2*29^4
18014	4281174810	300	2^1*3^4*5^1*11^4*19^2
18015	4282122240	456	2^18*3^3*5^1*11^2
18016	4283702500	405	2^2*5^4*7^2*11^2*17^2
18017	4284150000	300	2^4*3^1*5^5*13^4
18018	4284417312	486	2^5*3^2*7^2*19^2*29^2
18019	4284479043	162	3^5*13^2*17^2*19^2
18020	4284900000	540	2^5*3^4*5^5*23^2
18021	4286520000	840	2^6*3^7*5^4*7^2
18022	4286685375	240	3^3*5^3*7^4*23^2
18023	4286957400	432	2^3*3^11*5^2*11^2
18024	4287384360	648	2^3*3^2*5^1*7^2*17^2*29^2
18025	4288306050	294	2^1*3^6*5^2*7^6
18026	4290486486	180	2^1*3^1*11^4*13^2*17^2
18027	4292870400	1215	2^8*3^4*5^2*7^2*13^2
18028	4293308448	486	2^5*3^8*11^2*13^2
18029	4294017024	288	2^15*3^1*11^2*19^2
18030	4294659096	336	2^3*3^3*7^6*13^2
18031	4294967296	33	2^32
18032	4296732075	90	3^5*5^2*29^4
18033	4296802500	405	2^2*3^2*5^4*19^2*23^2
18034	4298357760	220	2^10*3^1*5^1*23^4
18035	4298865615	180	3^9*5^1*11^2*19^2
18036	4299230208	330	2^10*3^1*7^2*13^4
18037	4299293761	81	7^2*17^2*19^2*29^2
18038	4299402250	216	2^1*5^3*11^2*13^2*29^2
18039	4299816960	324	2^17*3^8*5^1
18040	4299982848	540	2^11*3^4*7^2*23^2
18041	4301403750	540	2^1*3^5*5^4*7^2*17^2
18042	4303097604	135	2^2*3^2*13^2*29^4
18043	4304454000	600	2^4*3^1*5^3*7^2*11^4
18044	4304672100	153	2^2*3^16*5^2
18045	4304795040	972	2^5*3^2*5^1*7^2*13^2*19^2
18046	4305920000	210	2^13*5^4*29^2
18047	4306640625	99	3^2*5^10*7^2
18048	4307776200	972	2^3*3^2*5^2*7^2*13^2*17^2
18049	4308153696	648	2^5*3^3*7^2*11^2*29^2
18050	4308215769	189	3^6*11^2*13^2*17^2
18051	4310367075	180	3^3*5^2*7^2*19^4
18052	4311049392	210	2^4*3^13*13^2
18053	4311760896	315	2^14*3^6*19^2
18054	4314913344	567	2^6*3^2*7^2*17^2*23^2
18055	4316752804	135	2^2*7^2*13^2*19^4
18056	4317168375	216	3^5*5^3*13^2*29^2
18057	4317806592	240	2^15*3^2*11^4
18058	4319851250	150	2^1*5^4*11^2*13^4
18059	4320607500	540	2^2*3^3*5^4*11^2*23^2
18060	4322241000	1008	2^3*3^6*5^3*7^2*11^2
18061	4323112563	162	3^1*7^2*11^2*17^2*29^2
18062	4325955984	405	2^4*3^8*7^2*29^2
18063	4326400000	252	2^13*5^5*13^2
18064	4326732288	450	2^9*3^4*17^2*19^2
18065	4327008400	405	2^4*5^2*11^2*13^2*23^2
18066	4329728640	400	2^7*3^4*5^1*17^4
18067	4329895682	90	2^1*7^2*17^4*23^2
18068	4332000000	378	2^8*3^1*5^6*19^2
18069	4332798976	165	2^10*11^4*17^2
18070	4333805000	300	2^3*5^4*7^4*19^2
18071	4334177408	120	2^7*11^2*23^4
18072	4334247225	405	3^4*5^2*7^2*11^2*19^2
18073	4335000000	336	2^6*3^1*5^7*17^2
18074	4335206400	648	2^17*3^3*5^2*7^2
18075	4335648768	360	2^14*3^7*11^2
18076	4336333083	108	3^3*19^2*23^2*29^2
18077	4336806250	180	2^1*5^5*7^4*17^2
18078	4337012736	273	2^12*3^2*7^6
18079	4337701875	150	3^5*5^4*13^4
18080	4338461250	270	2^1*3^8*5^4*23^2
18081	4340101500	432	2^2*3^11*5^3*7^2
18082	4340324450	126	2^1*5^2*7^2*11^6
18083	4340668332	486	2^2*3^1*7^2*11^2*13^2*19^2
18084	4341628928	180	2^19*7^2*13^2
18085	4341755664	225	2^4*3^2*17^4*19^2
18086	4343674335	324	3^1*5^1*7^2*11^2*13^2*17^2
18087	4344128100	189	2^2*3^2*5^2*13^6
18088	4344888600	648	2^3*3^5*5^2*13^2*23^2
18089	4345534464	120	2^11*3^1*29^4
18090	4347248640	540	2^14*3^1*5^1*7^2*19^2
18091	4350259200	702	2^12*3^1*5^2*7^2*17^2
18092	4350703104	540	2^9*3^5*11^2*17^2
18093	4351325472	270	2^5*3^2*13^4*23^2
18094	4352071808	168	2^7*7^6*17^2
18095	4352087232	210	2^6*3^5*23^4
18096	4352700625	135	5^4*7^2*13^2*29^2
18097	4353564672	182	2^13*3^12
18098	4356000000	567	2^8*3^2*5^6*11^2
18099	4356957735	216	3^3*5^1*13^2*19^2*23^2
18100	4357815000	600	2^3*3^1*5^4*7^4*11^2
18101	4358259675	270	3^5*5^2*7^2*11^4
18102	4358604978	378	2^1*3^6*7^2*13^2*19^2
18103	4359744000	600	2^9*3^4*5^3*29^2
18104	4359912200	324	2^3*5^2*7^2*23^2*29^2
18105	4360357089	135	3^4*11^2*23^2*29^2
18106	4361560560	600	2^4*3^3*5^1*7^4*29^2
18107	4364716356	405	2^2*3^2*7^2*11^4*13^2
18108	4365809712	300	2^4*3^3*11^2*17^4
18109	4366434241	45	13^4*17^2*23^2
18110	4367198646	120	2^1*3^3*17^2*23^4
18111	4368100000	324	2^5*5^5*11^2*19^2
18112	4368681216	297	2^8*3^10*17^2
18113	4371125000	252	2^3*5^6*11^2*17^2
18114	4371854400	567	2^6*3^2*5^2*19^2*29^2
18115	4372515625	35	5^6*23^4
18116	4373676006	180	2^1*3^1*7^4*19^2*29^2
18117	4374000000	448	2^7*3^7*5^6
18118	4375822500	525	2^2*3^6*5^4*7^4
18119	4380480000	750	2^9*3^4*5^4*13^2
18120	4380649000	432	2^3*5^3*7^2*13^2*23^2
18121	4382305200	900	2^4*3^3*5^2*7^4*13^2
18122	4382752374	432	2^1*3^7*7^2*11^2*13^2
18123	4383475712	324	2^11*7^2*11^2*19^2
18124	4383850248	180	2^3*3^8*17^4
18125	4383998440	120	2^3*5^1*19^4*29^2
18126	4386150000	540	2^4*3^5*5^5*19^2
18127	4386511360	540	2^9*5^1*7^2*11^2*17^2
18128	4386969600	360	2^11*3^1*5^2*13^4
18129	4387034450	162	2^1*5^2*17^2*19^2*29^2
18130	4387737600	585	2^12*3^4*5^2*23^2
18131	4388797504	175	2^6*7^4*13^4
18132	4389187500	378	2^2*3^5*5^6*17^2
18133	4389565824	480	2^7*3^3*7^4*23^2
18134	4394237952	270	2^14*3^1*13^2*23^2
18135	4394531250	78	2^1*3^2*5^12
18136	4395690000	675	2^4*3^2*5^4*13^2*17^2
18137	4396075200	756	2^6*3^3*5^2*11^2*29^2
18138	4397906898	270	2^1*3^2*7^4*11^2*29^2
18139	4398333750	200	2^1*3^3*5^4*19^4
18140	4399925760	540	2^9*3^2*5^1*19^2*23^2
18141	4400862921	117	3^12*7^2*13^2
18142	4401589248	594	2^10*3^5*7^2*19^2
18143	4402587904	243	2^8*11^2*13^2*29^2
18144	4402972800	648	2^7*3^2*5^2*17^2*23^2
18145	4404637440	972	2^8*3^5*5^1*7^2*17^2
18146	4404807372	270	2^2*3^1*7^4*17^2*23^2
18147	4404849800	180	2^3*5^2*13^2*19^4
18148	4407760896	360	2^11*3^1*7^2*11^4
18149	4407900250	216	2^1*5^3*13^2*17^2*19^2
18150	4410000000	576	2^7*3^2*5^7*7^2
18151	4411339350	324	2^1*3^1*5^2*11^2*17^2*29^2
18152	4411837500	252	2^2*3^1*5^5*7^6
18153	4412147776	105	2^6*19^4*23^2
18154	4414240800	486	2^5*3^8*5^2*29^2
18155	4416080067	120	3^7*7^4*29^2
18156	4416872544	648	2^5*3^3*7^2*17^2*19^2
18157	4416984000	1008	2^6*3^3*5^3*11^2*13^2
18158	4418260900	135	2^2*5^2*17^4*23^2
18159	4418824410	540	2^1*3^2*5^1*7^4*11^2*13^2
18160	4420506250	60	2^1*5^5*29^4
18161	4420780416	432	2^7*3^5*13^2*29^2
18162	4422250000	315	2^4*5^6*7^2*19^2
18163	4422701250	450	2^1*3^4*5^4*11^2*19^2
18164	4423680000	380	2^18*3^3*5^4
18165	4425523200	630	2^13*3^2*5^2*7^4
18166	4425974784	693	2^10*3^6*7^2*11^2
18167	4427367168	162	2^8*3^1*7^8
18168	4428902500	105	2^2*5^4*11^6
18169	4429253400	648	2^3*3^1*5^2*11^2*13^2*19^2
18170	4429568025	189	3^6*5^2*17^2*29^2
18171	4430233600	189	2^20*5^2*13^2
18172	4432208907	90	3^1*7^2*17^4*19^2
18173	4432709160	360	2^3*3^2*5^1*11^4*29^2
18174	4435236000	648	2^5*3^8*5^3*13^2
18175	4436066432	120	2^7*7^2*29^4
18176	4436130348	324	2^2*3^3*13^2*17^2*29^2
18177	4436591808	378	2^6*3^1*11^2*19^2*23^2
18178	4437084015	240	3^7*5^1*7^4*13^2
18179	4437573632	72	2^23*23^2
18180	4439040000	420	2^13*3^1*5^4*17^2
18181	4439664240	540	2^4*3^1*5^1*11^2*17^2*23^2
18182	4440889600	405	2^8*5^2*7^4*17^2
18183	4440976875	150	3^9*5^4*19^2
18184	4441342752	810	2^5*3^4*7^2*11^2*17^2
18185	4441531250	126	2^1*5^6*13^2*29^2
18186	4441978086	180	2^1*3^1*7^2*13^4*23^2
18187	4442755716	225	2^2*3^4*7^2*23^4
18188	4444263936	360	2^9*3^11*7^2
18189	4445022241	45	11^4*19^2*29^2
18190	4446750000	630	2^4*3^1*5^6*7^2*11^2
18191	4447203750	300	2^1*3^5*5^4*11^4
18192	4447556100	567	2^2*3^6*5^2*13^2*19^2
18193	4448890000	225	2^4*5^4*23^2*29^2
18194	4451026140	432	2^2*3^7*5^1*11^2*29^2
18195	4453792200	540	2^3*3^2*5^2*11^4*13^2
18196	4454145072	300	2^4*3^3*13^4*19^2
18197	4454924832	378	2^5*3^6*19^2*23^2
18198	4456764081	135	3^2*7^2*11^2*17^4
18199	4457165440	432	2^7*5^1*7^2*13^2*29^2
18200	4457229660	360	2^2*3^3*5^1*13^4*17^2
18201	4458009960	504	2^3*3^6*5^1*17^2*23^2
18202	4459695408	450	2^4*3^9*7^2*17^2
18203	4460544000	576	2^15*3^2*5^3*11^2
18204	4461171264	315	2^6*3^2*11^4*23^2
18205	4462402560	660	2^10*3^1*5^1*7^4*11^2
18206	4462656250	80	2^1*5^7*13^4
18207	4462934700	486	2^2*3^1*5^2*7^2*19^2*29^2
18208	4463437500	288	2^2*3^3*5^7*23^2
18209	4464377856	255	2^16*3^4*29^2
18210	4465125000	588	2^3*3^6*5^6*7^2
18211	4465580625	165	3^10*5^4*11^2
18212	4466025375	216	3^1*5^3*7^2*17^2*29^2
18213	4469418810	156	2^1*3^12*5^1*29^2
18214	4469648403	42	3^1*11^6*29^2
18215	4470393321	135	3^4*17^2*19^2*23^2
18216	4471740000	1080	2^5*3^3*5^4*7^2*13^2
18217	4472196300	648	2^2*3^7*5^2*11^2*13^2
18218	4472934400	351	2^12*5^2*11^2*19^2
18219	4473603225	189	3^2*5^2*7^6*13^2
18220	4476661442	90	2^1*11^4*17^2*23^2
18221	4477456000	160	2^7*5^3*23^4
18222	4478364800	360	2^7*5^2*7^2*13^4
18223	4478821776	375	2^4*3^4*11^2*13^4
18224	4478976000	480	2^14*3^7*5^3
18225	4479148800	972	2^8*3^3*5^2*7^2*23^2
18226	4479605856	432	2^5*3^7*11^2*23^2
18227	4479879168	324	2^11*3^2*17^2*29^2
18228	4480842240	700	2^9*3^6*5^1*7^4
18229	4481015112	252	2^3*3^2*7^6*23^2
18230	4483806250	180	2^1*5^5*7^2*11^4
18231	4484161500	648	2^2*3^1*5^3*7^2*13^2*19^2
18232	4485784576	297	2^10*7^2*13^2*23^2
18233	4487266875	270	3^1*5^4*7^2*13^2*17^2
18234	4487660100	729	2^2*3^2*5^2*7^2*11^2*29^2
18235	4489819788	90	2^2*3^1*23^2*29^4
18236	4490676450	234	2^1*3^12*5^2*13^2
18237	4490907135	84	3^1*5^1*11^6*13^2
18238	4491417600	648	2^11*3^5*5^2*19^2
18239	4493289024	525	2^6*3^4*7^4*19^2
18240	4494701400	648	2^3*3^1*5^2*7^2*17^2*23^2
18241	4495160043	162	3^5*11^2*17^2*23^2
18242	4495434304	105	2^6*17^4*29^2
18243	4497329304	200	2^3*3^9*13^4
18244	4497715200	390	2^12*3^1*5^2*11^4
18245	4498071552	378	2^13*3^2*13^2*19^2
18246	4498116624	195	2^4*3^12*23^2
18247	4499589248	200	2^7*7^4*11^4
18248	4501186560	648	2^11*3^2*5^1*13^2*17^2
18249	4502334375	324	3^5*5^5*7^2*11^2
18250	4503893760	360	2^8*3^3*5^1*19^4
18251	4506204150	432	2^1*3^7*5^2*7^2*29^2
18252	4507012800	756	2^6*3^3*5^2*17^2*19^2
18253	4508890722	270	2^1*3^2*7^4*17^2*19^2
18254	4510134000	400	2^4*3^3*5^3*17^4
18255	4511174460	324	2^2*3^1*5^1*13^2*23^2*29^2
18256	4512500000	162	2^5*5^8*19^2
18257	4512880008	540	2^3*3^4*7^2*13^2*29^2
18258	4513689856	243	2^8*13^2*17^2*19^2
18259	4515625000	120	2^3*5^9*17^2
18260	4515840000	675	2^14*3^2*5^4*7^2
18261	4516300800	756	2^11*3^6*5^2*11^2
18262	4516404576	84	2^5*3^1*19^6
18263	4516475040	972	2^5*3^2*5^1*7^2*11^2*23^2
18264	4517721600	420	2^9*3^1*5^2*7^6
18265	4518182592	630	2^6*3^5*7^4*11^2
18266	4519603984	55	2^4*7^10
18267	4522662150	180	2^1*3^1*5^2*17^4*19^2
18268	4522991616	504	2^13*3^3*11^2*13^2
18269	4525925625	225	3^4*5^4*13^2*23^2
18270	4526598400	135	2^8*5^2*29^4
18271	4528384000	432	2^11*5^3*7^2*19^2
18272	4529020804	243	2^2*7^2*11^2*19^2*23^2
18273	4531520000	450	2^9*5^4*7^2*17^2
18274	4531982400	945	2^6*3^4*5^2*11^2*17^2
18275	4532630700	270	2^2*3^1*5^2*13^4*23^2
18276	4533424200	300	2^3*3^4*5^2*23^4
18277	4533870726	360	2^1*3^3*7^4*11^2*17^2
18278	4534344360	600	2^3*3^4*5^1*7^2*13^4
18279	4534963200	396	2^10*3^11*5^2
18280	4535138160	720	2^4*3^7*5^1*7^2*23^2
18281	4535196160	140	2^9*5^1*11^6
18282	4536852768	330	2^5*3^10*7^4
18283	4537500000	324	2^5*3^1*5^8*11^2
18284	4538696448	486	2^8*3^1*11^2*13^2*17^2
18285	4539390625	105	5^6*7^4*11^2
18286	4540140384	180	2^5*3^1*13^2*23^4
18287	4541400000	504	2^6*3^3*5^5*29^2
18288	4541426208	270	2^5*3^2*11^2*19^4
18289	4541681664	351	2^12*3^8*13^2
18290	4542431232	138	2^22*3^1*19^2
18291	4543292250	360	2^1*3^2*5^3*7^4*29^2
18292	4544571240	648	2^3*3^2*5^1*11^2*17^2*19^2
18293	4545576960	252	2^20*3^1*5^1*17^2
18294	4546939761	135	3^2*7^2*13^4*19^2
18295	4547718450	270	2^1*3^2*5^2*11^2*17^4
18296	4547735766	324	2^1*3^5*7^2*19^2*23^2
18297	4550709600	540	2^5*3^9*5^2*17^2
18298	4552605729	135	3^8*7^4*17^2
18299	4553936640	540	2^8*3^5*5^1*11^4
18300	4554015000	360	2^3*3^1*5^4*19^2*29^2
18301	4554112332	270	2^2*3^1*7^2*11^4*23^2
18302	4555663360	216	2^11*5^1*23^2*29^2
18303	4556250000	315	2^4*3^6*5^8
18304	4557195049	45	11^2*17^2*19^4
18305	4557385728	468	2^12*3^3*7^2*29^2
18306	4557451392	504	2^7*3^6*13^2*17^2
18307	4560192432	200	2^4*3^7*19^4
18308	4563000000	588	2^6*3^3*5^6*13^2
18309	4563350460	432	2^2*3^7*5^1*17^2*19^2
18310	4564901250	450	2^1*3^2*5^4*7^4*13^2
18311	4566510675	120	3^7*5^2*17^4
18312	4566586464	360	2^5*3^3*11^4*19^2
18313	4567597056	207	2^22*3^2*11^2
18314	4568906250	240	2^1*3^4*5^7*19^2
18315	4569760000	225	2^8*5^4*13^4
18316	4570560000	600	2^9*3^3*5^4*23^2
18317	4571202735	120	3^3*5^1*11^2*23^4
18318	4572130563	180	3^3*7^2*11^2*13^4
18319	4572464400	675	2^4*3^2*5^2*7^4*23^2
18320	4572754560	528	2^7*3^10*5^1*11^2
18321	4572930978	378	2^1*3^6*7^2*11^2*23^2
18322	4573209984	432	2^7*3^1*7^2*17^2*29^2
18323	4573275876	225	2^2*3^4*13^2*17^4
18324	4577331200	324	2^11*5^2*13^2*23^2
18325	4578843750	252	2^1*3^1*5^6*13^2*17^2
18326	4579061760	936	2^12*3^3*5^1*7^2*13^2
18327	4579245000	540	2^3*3^2*5^4*11^2*29^2
18328	4582442667	90	3^1*11^4*17^2*19^2
18329	4583256000	504	2^6*3^1*5^3*19^2*23^2
18330	4583456768	162	2^17*11^2*17^2
18331	4584914944	75	2^14*23^4
18332	4584988800	1080	2^7*3^4*5^2*7^2*19^2
18333	4585165690	180	2^1*5^1*7^4*19^2*23^2
18334	4585456656	405	2^4*3^8*11^2*19^2
18335	4586430000	450	2^4*3^1*5^4*17^2*23^2
18336	4586471424	176	2^21*3^7
18337	4586899212	252	2^2*3^3*7^6*19^2
18338	4588164000	1080	2^5*3^4*5^3*7^2*17^2
18339	4590075735	168	3^3*5^1*7^6*17^2
18340	4591417600	405	2^8*5^2*7^2*11^4
18341	4591650240	224	2^6*3^15*5^1
18342	4591781376	540	2^9*3^1*7^2*13^2*19^2
18343	4591827387	108	3^11*7^2*23^2
18344	4591886112	210	2^5*3^4*11^6
18345	4593750000	300	2^4*3^1*5^9*7^2
18346	4595911938	90	2^1*3^2*19^2*29^4
18347	4598167500	360	2^2*3^7*5^4*29^2
18348	4600908900	729	2^2*3^2*5^2*7^2*17^2*19^2
18349	4601025000	648	2^3*3^2*5^5*11^2*13^2
18350	4602396672	306	2^16*3^5*17^2
18351	4604404824	168	2^3*3^13*19^2
18352	4604979600	675	2^4*3^4*5^2*13^2*29^2
18353	4607830161	63	3^2*11^6*17^2
18354	4608000000	336	2^15*3^2*5^6
18355	4609920000	550	2^10*3^1*5^4*7^4
18356	4610390400	1296	2^7*3^5*5^2*7^2*11^2
18357	4610496338	42	2^1*7^2*19^6
18358	4610860848	250	2^4*3^9*11^4
18359	4611801792	210	2^6*3^1*13^4*29^2
18360	4611840800	162	2^5*5^2*7^8
18361	4612311396	315	2^2*3^4*7^6*11^2
18362	4612609152	360	2^7*3^4*23^2*29^2
18363	4613805625	135	5^4*11^2*13^2*19^2
18364	4617220608	810	2^9*3^2*7^2*11^2*13^2
18365	4617405375	120	3^1*5^3*11^4*29^2
18366	4617771210	324	2^1*3^2*5^1*13^2*19^2*29^2
18367	4618377216	240	2^11*3^3*17^4
18368	4620037500	432	2^2*3^7*5^5*13^2
18369	4621374054	120	2^1*3^3*11^2*29^4
18370	4621449800	324	2^3*5^2*11^2*19^2*23^2
18371	4623197040	1080	2^4*3^3*5^1*7^2*11^2*19^2
18372	4624000000	231	2^10*5^6*17^2
18373	4624220160	396	2^21*3^2*5^1*7^2
18374	4624650250	216	2^1*5^3*11^2*17^2*23^2
18375	4626398700	972	2^2*3^3*5^2*7^2*11^2*17^2
18376	4628625156	243	2^2*3^2*17^2*23^2*29^2
18377	4629441600	693	2^6*3^10*5^2*7^2
18378	4629913992	180	2^3*3^14*11^2
18379	4631370534	140	2^1*3^9*7^6
18380	4632031250	162	2^1*5^8*7^2*11^2
18381	4633252624	405	2^4*7^2*11^2*13^2*17^2
18382	4633736640	196	2^6*3^1*5^1*13^6
18383	4634413248	98	2^6*3^1*17^6
18384	4634547840	720	2^7*3^4*5^1*13^2*23^2
18385	4634726642	90	2^1*7^2*13^2*23^4
18386	4636039254	180	2^1*3^1*7^2*11^2*19^4
18387	4636300032	648	2^8*3^7*7^2*13^2
18388	4637065216	171	2^18*7^2*19^2
18389	4639366875	150	3^1*5^4*11^4*13^2
18390	4639734450	270	2^1*3^2*5^2*13^4*19^2
18391	4640470641	45	3^8*29^4
18392	4640546700	486	2^2*3^5*5^2*19^2*23^2
18393	4642301160	648	2^3*3^8*5^1*7^2*19^2
18394	4643760375	216	3^5*5^3*17^2*23^2
18395	4645516050	486	2^1*3^8*5^2*7^2*17^2
18396	4646400000	468	2^12*3^1*5^5*11^2
18397	4647053400	360	2^3*3^1*5^2*11^4*23^2
18398	4647421584	405	2^4*3^2*13^2*19^2*23^2
18399	4648336000	480	2^7*5^3*7^4*11^2
18400	4649045868	60	2^2*3^19
18401	4650393600	504	2^13*3^3*5^2*29^2
18402	4651171875	162	3^5*5^8*7^2
18403	4652331264	405	2^8*3^2*7^4*29^2
18404	4652398296	648	2^3*3^5*7^2*13^2*17^2
18405	4655196441	105	3^6*7^2*19^4
18406	4657283072	144	2^15*13^2*29^2
18407	4658062500	567	2^2*3^2*5^6*7^2*13^2
18408	4661723682	270	2^1*3^2*7^2*11^4*19^2
18409	4662755328	342	2^18*3^1*7^2*11^2
18410	4663311360	396	2^10*3^1*5^1*19^2*29^2
18411	4665439350	360	2^1*3^3*5^2*11^2*13^4
18412	4665600000	504	2^11*3^6*5^5
18413	4665780000	810	2^5*3^2*5^4*7^2*23^2
18414	4666256100	567	2^2*3^6*5^2*11^2*23^2
18415	4666540800	486	2^8*3^1*5^2*17^2*29^2
18416	4667544000	840	2^6*3^5*5^3*7^4
18417	4667724075	126	3^1*5^2*7^6*23^2
18418	4668485192	180	2^3*7^4*17^2*29^2
18419	4669488810	180	2^1*3^4*5^1*7^8
18420	4672351112	84	2^3*11^2*13^6
18421	4673169072	540	2^4*3^3*11^2*13^2*23^2
18422	4678560000	675	2^8*3^4*5^4*19^2
18423	4678663815	120	3^3*5^1*7^2*29^4
18424	4679434240	160	2^15*5^1*13^4
18425	4680253440	408	2^16*3^3*5^1*23^2
18426	4680509400	720	2^3*3^3*5^2*7^4*19^2
18427	4680987003	216	3^7*7^2*11^2*19^2
18428	4681980625	135	5^4*7^2*17^2*23^2
18429	4682022912	378	2^17*3^6*7^2
18430	4684718025	135	3^8*5^2*13^4
18431	4685120000	250	2^9*5^4*11^4
18432	4685491200	594	2^10*3^1*5^2*13^2*19^2
18433	4685538150	216	2^1*3^11*5^2*23^2
18434	4687443488	270	2^5*7^4*13^2*19^2
18435	4687550406	168	2^1*3^3*7^2*11^6
18436	4688736000	648	2^8*3^1*5^3*13^2*17^2
18437	4690689640	360	2^3*5^1*7^4*13^2*17^2
18438	4691556000	360	2^5*3^2*5^3*19^4
18439	4691658348	126	2^2*3^5*13^6
18440	4692479688	324	2^3*3^8*13^2*23^2
18441	4693254144	252	2^13*3^1*19^2*23^2
18442	4693510815	100	3^1*5^1*7^4*19^4
18443	4694805000	540	2^3*3^2*5^4*17^2*19^2
18444	4698056250	180	2^1*3^2*5^5*17^4
18445	4698279936	585	2^12*3^4*7^2*17^2
18446	4700916675	324	3^3*5^2*7^2*13^2*29^2
18447	4702172288	216	2^7*11^2*19^2*29^2
18448	4704000000	504	2^11*3^1*5^6*7^2
18449	4704480000	810	2^8*3^5*5^4*11^2
18450	4704588100	63	2^2*5^2*19^6
18451	4704661500	648	2^2*3^1*5^3*7^2*11^2*23^2
18452	4705428640	324	2^5*5^1*11^2*17^2*29^2
18453	4705960000	245	2^6*5^4*7^6
18454	4706440200	900	2^3*3^4*5^2*7^4*11^2
18455	4706920449	135	3^8*7^2*11^4
18456	4707880996	135	2^2*7^2*13^4*29^2
18457	4708705176	432	2^3*3^3*7^2*23^2*29^2
18458	4711449600	891	2^10*3^2*5^2*11^2*13^2
18459	4713412704	540	2^5*3^1*7^4*11^2*13^2
18460	4714593408	360	2^7*3^2*7^2*17^4
18461	4719255552	378	2^13*3^2*11^2*23^2
18462	4720815000	720	2^3*3^3*5^4*11^2*17^2
18463	4721602752	378	2^6*3^5*19^2*29^2
18464	4722316875	100	3^3*5^4*23^4
18465	4723275375	240	3^3*5^3*7^2*13^4
18466	4723920000	440	2^7*3^10*5^4
18467	4724102250	504	2^1*3^6*5^3*7^2*23^2
18468	4724536960	432	2^7*5^1*11^2*13^2*19^2
18469	4724872560	540	2^4*3^5*5^1*17^2*29^2
18470	4725888300	450	2^2*3^9*5^2*7^4
18471	4726562500	99	2^2*5^10*11^2
18472	4727808800	486	2^5*5^2*11^2*13^2*17^2
18473	4728223104	240	2^7*3^1*11^4*29^2
18474	4729312900	135	2^2*5^2*13^2*23^4
18475	4730625000	288	2^3*3^2*5^7*29^2
18476	4730652300	270	2^2*3^1*5^2*11^2*19^4
18477	4730918400	720	2^9*3^7*5^2*13^2
18478	4730963524	63	2^2*7^2*17^6
18479	4731699200	180	2^19*5^2*19^2
18480	4732889616	525	2^4*3^6*7^4*13^2
18481	4733928375	216	3^1*5^3*11^2*17^2*19^2
18482	4734976000	216	2^17*5^3*17^2
18483	4735641856	243	2^8*11^2*17^2*23^2
18484	4737148448	42	2^5*23^6
18485	4737927168	300	2^11*3^4*13^4
18486	4737997206	216	2^1*3^3*17^2*19^2*29^2
18487	4738756608	312	2^12*3^7*23^2
18488	4740322500	405	2^2*3^8*5^4*17^2
18489	4743684000	600	2^5*3^4*5^3*11^4
18490	4743765625	63	5^6*19^2*29^2
18491	4744059840	756	2^6*3^5*5^1*13^2*19^2
18492	4744242867	162	3^1*7^2*13^2*19^2*23^2
18493	4745660535	200	3^3*5^1*7^4*11^4
18494	4746093750	132	2^1*3^5*5^10
18495	4747276800	810	2^9*3^2*5^2*7^2*29^2
18496	4747345200	810	2^4*3^5*5^2*13^2*17^2
18497	4747761216	441	2^6*3^6*11^2*29^2
18498	4749254832	210	2^4*3^1*7^6*29^2
18499	4750200450	210	2^1*3^6*5^2*19^4
18500	4753125000	324	2^3*3^2*5^8*13^2
18501	4754378304	315	2^6*3^2*13^4*17^2
18502	4755210624	432	2^7*3^5*17^2*23^2
18503	4756860900	405	2^2*3^2*5^2*11^4*19^2
18504	4757237784	240	2^3*3^3*13^2*19^4
18505	4757913600	360	2^19*3^1*5^2*11^2
18506	4758586568	28	2^3*29^6
18507	4759896064	225	2^14*7^4*11^2
18508	4761000000	441	2^6*3^2*5^6*23^2
18509	4762983750	300	2^1*3^1*5^4*7^4*23^2
18510	4763286000	600	2^4*3^9*5^3*11^2
18511	4763760400	405	2^4*5^2*7^2*17^2*29^2
18512	4764246498	270	2^1*3^4*11^2*17^2*29^2
18513	4767380064	216	2^5*3^11*29^2
18514	4769856000	1080	2^9*3^2*5^3*7^2*13^2
18515	4770046875	126	3^1*5^6*11^2*29^2
18516	4770526761	243	3^2*7^2*11^2*13^2*23^2
18517	4770886562	50	2^1*13^4*17^4
18518	4771721772	180	2^2*3^3*17^4*23^2
18519	4771843440	420	2^4*3^1*5^1*7^6*13^2
18520	4774225000	216	2^3*5^5*19^2*23^2
18521	4776030000	900	2^4*3^3*5^4*7^2*19^2
18522	4776517350	432	2^1*3^7*5^2*11^2*19^2
18523	4777531250	126	2^1*5^6*17^2*23^2
18524	4777574400	399	2^18*3^6*5^2
18525	4779337500	648	2^2*3^3*5^5*7^2*17^2
18526	4779565056	420	2^13*3^5*7^4
18527	4781219560	120	2^3*5^1*13^2*29^4
18528	4782969000	240	2^3*3^14*5^3
18529	4783105600	567	2^6*5^2*7^2*13^2*19^2
18530	4783214700	252	2^2*3^3*5^2*11^6
18531	4783593672	540	2^3*3^4*11^2*13^2*19^2
18532	4783933467	90	3^9*17^2*29^2
18533	4784652288	252	2^20*3^3*13^2
18534	4785156250	72	2^1*5^11*7^2
18535	4786837440	756	2^6*3^1*5^1*7^2*11^2*29^2
18536	4786906410	540	2^1*3^4*5^1*11^2*13^2*17^2
18537	4790300944	105	2^4*11^6*13^2
18538	4790845440	480	2^15*3^4*5^1*19^2
18539	4791030272	270	2^9*7^2*19^2*23^2
18540	4792734375	144	3^1*5^7*11^2*13^2
18541	4794163200	630	2^13*3^4*5^2*17^2
18542	4794348160	432	2^7*5^1*7^2*17^2*23^2
18543	4796160768	540	2^8*3^3*7^4*17^2
18544	4796255025	117	3^12*5^2*19^2
18545	4796853750	360	2^1*3^3*5^4*13^2*29^2
18546	4800000000	234	2^12*3^1*5^8
18547	4801265664	288	2^15*3^1*13^2*17^2
18548	4802000000	280	2^7*5^6*7^4
18549	4802490000	1125	2^4*3^4*5^4*7^2*11^2
18550	4802980050	270	2^1*3^8*5^2*11^4
18551	4803360588	270	2^2*3^9*13^2*19^2
18552	4803960200	180	2^3*5^2*13^4*29^2
18553	4804153344	195	2^12*3^2*19^4
18554	4804801200	540	2^4*3^3*5^2*23^2*29^2
18555	4806617760	756	2^5*3^6*5^1*7^2*29^2
18556	4806687015	180	3^9*5^1*13^2*17^2
18557	4809604800	1134	2^6*3^1*5^2*7^2*11^2*13^2
18558	4810095576	360	2^3*3^5*11^4*13^2
18559	4810809600	405	2^8*3^2*5^2*17^4
18560	4811608802	126	2^1*7^6*11^2*13^2
18561	4811919424	189	2^6*13^2*23^2*29^2
18562	4812814104	200	2^3*3^1*7^4*17^4
18563	4815830250	648	2^1*3^2*5^3*7^2*11^2*19^2
18564	4816896000	456	2^18*3^1*5^3*7^2
18565	4817573376	540	2^9*3^1*7^2*11^2*23^2
18566	4818903040	196	2^13*5^1*7^6
18567	4819969476	405	2^2*3^4*7^2*19^2*29^2
18568	4820834432	120	2^7*17^2*19^4
18569	4822335000	600	2^3*3^9*5^4*7^2
18570	4822827075	126	3^13*5^2*11^2
18571	4824172960	180	2^5*5^1*17^4*19^2
18572	4826727752	180	2^3*7^2*11^4*29^2
18573	4826809000	112	2^3*5^3*13^6
18574	4827513800	84	2^3*5^2*17^6
18575	4827654000	720	2^4*3^3*5^3*13^2*23^2
18576	4829479200	1134	2^5*3^6*5^2*7^2*13^2
18577	4829972004	297	2^2*3^10*11^2*13^2
18578	4830769152	468	2^12*3^3*11^2*19^2
18579	4831491483	126	3^5*7^6*13^2
18580	4831838208	90	2^29*3^2
18581	4834114560	792	2^10*3^3*5^1*11^2*17^2
18582	4835730375	288	3^7*5^3*7^2*19^2
18583	4836633984	480	2^7*3^3*7^2*13^4
18584	4837480704	567	2^8*3^6*7^2*23^2
18585	4840000000	240	2^9*5^7*11^2
18586	4840680625	75	5^4*11^4*23^2
18587	4841064150	324	2^1*3^1*5^2*13^2*19^2*23^2
18588	4844160000	495	2^10*3^2*5^4*29^2
18589	4844841210	324	2^1*3^2*5^1*11^2*23^2*29^2
18590	4846178400	540	2^5*3^1*5^2*7^4*29^2
18591	4846248225	405	3^4*5^2*7^2*13^2*17^2
18592	4846672908	486	2^2*3^5*7^2*11^2*29^2
18593	4847542656	432	2^7*3^1*11^2*17^2*19^2
18594	4848197641	27	7^8*29^2
18595	4848615424	75	2^24*17^2
18596	4849084848	150	2^4*3^1*19^2*23^4
18597	4849684840	360	2^3*5^1*7^2*11^4*13^2
18598	4849930566	96	2^1*3^15*13^2
18599	4850731008	324	2^11*3^8*19^2
18600	4852442940	180	2^2*3^1*5^1*17^2*23^4
18601	4853427852	270	2^2*3^1*7^2*13^4*17^2
18602	4854090240	540	2^9*3^8*5^1*17^2
18603	4854277512	540	2^3*3^4*7^2*17^2*23^2
18604	4857036800	432	2^15*5^2*7^2*11^2
18605	4857532416	325	2^12*3^4*11^4
18606	4857616000	288	2^7*5^3*19^2*29^2
18607	4860000000	432	2^8*3^5*5^7
18608	4860187500	378	2^2*3^1*5^6*7^2*23^2
18609	4860980000	270	2^5*5^4*17^2*29^2
18610	4862025000	600	2^3*3^4*5^5*7^4
18611	4864861215	144	3^7*5^1*23^2*29^2
18612	4866700482	198	2^1*3^10*7^2*29^2
18613	4867573824	441	2^6*3^6*17^2*19^2
18614	4867884450	486	2^1*3^2*5^2*11^2*13^2*23^2
18615	4869724860	972	2^2*3^5*5^1*7^2*11^2*13^2
18616	4873500000	504	2^5*3^3*5^6*19^2
18617	4874398848	360	2^7*3^2*11^4*17^2
18618	4875264000	504	2^13*3^2*5^3*23^2
18619	4875530625	225	3^2*5^4*7^4*19^2
18620	4875949584	225	2^4*3^2*11^2*23^4
18621	4877107200	810	2^14*3^5*5^2*7^2
18622	4877295360	540	2^8*3^1*5^1*7^4*23^2
18623	4877604864	360	2^11*3^9*11^2
18624	4879139328	350	2^9*3^4*7^6
18625	4880720000	360	2^7*5^4*13^2*19^2
18626	4884100000	324	2^5*5^5*13^2*17^2
18627	4884332544	459	2^16*3^2*7^2*13^2
18628	4884475122	150	2^1*3^4*17^4*19^2
18629	4887037500	180	2^2*3^1*5^5*19^4
18630	4887999675	216	3^7*5^2*13^2*23^2
18631	4888726272	180	2^8*3^3*29^4
18632	4888806400	297	2^10*5^2*19^2*23^2
18633	4889847690	396	2^1*3^10*5^1*7^2*13^2
18634	4890421875	126	3^1*5^6*17^2*19^2
18635	4891323844	75	2^2*11^4*17^4
18636	4894041600	1080	2^9*3^3*5^2*7^2*17^2
18637	4894384326	36	2^1*3^1*13^8
18638	4894540992	504	2^6*3^7*11^2*17^2
18639	4895241156	225	2^2*3^4*13^4*23^2
18640	4896080784	315	2^4*3^2*7^6*17^2
18641	4896098136	160	2^3*3^7*23^4
18642	4897760256	165	2^10*3^14
18643	4900000000	243	2^8*5^8*7^2
18644	4900500000	630	2^5*3^4*5^6*11^2
18645	4901292032	324	2^11*7^2*13^2*17^2
18646	4902541875	300	3^3*5^4*7^4*11^2
18647	4904239872	270	2^8*3^1*7^2*19^4
18648	4904901225	243	3^2*5^2*7^2*23^2*29^2
18649	4905701016	120	2^3*3^1*17^2*29^4
18650	4907636160	756	2^6*3^1*5^1*7^2*17^2*19^2
18651	4907760000	720	2^7*3^1*5^4*11^2*13^2
18652	4909804900	405	2^2*5^2*7^4*11^2*13^2
18653	4911034800	450	2^4*3^1*5^2*7^2*17^4
18654	4911535926	180	2^1*3^5*11^2*17^4
18655	4911978240	648	2^8*3^3*5^1*13^2*29^2
18656	4914766368	234	2^5*3^12*17^2
18657	4915891200	594	2^10*3^1*5^2*11^2*23^2
18658	4917515625	189	3^2*5^6*11^2*17^2
18659	4917749760	1080	2^11*3^4*5^1*7^2*11^2
18660	4917939488	270	2^5*7^4*11^2*23^2
18661	4918336200	540	2^3*3^4*5^2*19^2*29^2
18662	4920750000	350	2^4*3^9*5^6
18663	4921742250	360	2^1*3^4*5^3*17^2*29^2
18664	4925232400	225	2^4*5^2*11^4*29^2
18665	4925622624	324	2^5*3^1*13^2*19^2*29^2
18666	4927734375	60	3^1*5^9*29^2
18667	4928040000	735	2^6*3^6*5^4*13^2
18668	4930093350	540	2^1*3^5*5^2*7^4*13^2
18669	4931410176	729	2^8*3^2*7^2*11^2*19^2
18670	4931831529	55	3^10*17^4
18671	4932501504	156	2^25*3^1*7^2
18672	4935340800	540	2^8*3^3*5^2*13^4
18673	4936204800	630	2^9*3^6*5^2*23^2
18674	4936395240	360	2^3*3^2*5^1*7^2*23^4
18675	4937397192	300	2^3*3^2*7^4*13^4
18676	4938071040	660	2^10*3^9*5^1*7^2
18677	4938261552	450	2^4*3^5*7^4*23^2
18678	4941337500	360	2^2*3^3*5^5*11^4
18679	4941729000	720	2^3*3^4*5^3*13^2*19^2
18680	4942652416	77	2^10*13^6
18681	4943517696	432	2^11*3^3*13^2*23^2
18682	4945080000	630	2^6*3^1*5^4*7^2*29^2
18683	4945151250	450	2^1*3^4*5^4*13^2*17^2
18684	4945584600	648	2^3*3^5*5^2*11^2*29^2
18685	4947140450	126	2^1*5^2*7^6*29^2
18686	4948533128	324	2^3*7^2*11^2*17^2*19^2
18687	4950107449	45	7^2*19^2*23^4
18688	4951171875	66	3^1*5^10*13^2
18689	4951787904	576	2^7*3^7*7^2*19^2
18690	4951960090	180	2^1*5^1*7^2*11^2*17^4
18691	4952477400	360	2^3*3^1*5^2*13^4*17^2
18692	4952911392	486	2^5*3^2*11^2*13^2*29^2
18693	4953344400	675	2^4*3^4*5^2*17^2*23^2
18694	4955456025	135	3^2*5^2*13^2*19^4
18695	4956160000	255	2^16*5^4*11^2
18696	4956856960	240	2^7*5^1*11^4*23^2
18697	4958731008	540	2^8*3^3*7^2*11^4
18698	4959322335	216	3^3*5^1*11^2*19^2*29^2
18699	4959375000	216	2^3*3^1*5^8*23^2
18700	4960419840	324	2^17*3^2*5^1*29^2
18701	4960682688	378	2^6*3^1*13^2*17^2*23^2
18702	4961756250	324	2^1*3^8*5^5*11^2
18703	4963666248	180	2^3*3^2*19^4*23^2
18704	4966020900	297	2^2*3^10*5^2*29^2
18705	4967103690	324	2^1*3^2*5^1*17^2*19^2*23^2
18706	4968600000	756	2^6*3^1*5^5*7^2*13^2
18707	4968981612	486	2^2*3^5*7^2*17^2*19^2
18708	4970109001	81	11^2*13^2*17^2*29^2
18709	4970670250	168	2^1*5^3*7^6*13^2
18710	4972422735	180	3^5*5^1*7^2*17^4
18711	4973377968	360	2^4*3^7*13^2*29^2
18712	4974198784	135	2^14*19^2*29^2
18713	4975031250	378	2^1*3^2*5^6*7^2*19^2
18714	4975948824	360	2^3*3^1*7^2*11^4*17^2
18715	4976468640	540	2^5*3^2*5^1*11^2*13^4
18716	4976640000	480	2^15*3^5*5^4
18717	4977339840	756	2^6*3^5*5^1*11^2*23^2
18718	4977531867	90	3^1*7^2*11^2*23^4
18719	4978713600	825	2^10*3^4*5^2*7^4
18720	4979221632	648	2^7*3^8*7^2*11^2
18721	4980788064	216	2^5*3^3*7^8
18722	4982259375	84	3^13*5^5
18723	4982910075	324	3^3*5^2*11^2*13^2*19^2
18724	4984012800	486	2^17*3^2*5^2*13^2
18725	4986089472	390	2^12*3^1*7^4*13^2
18726	4986289000	432	2^3*5^3*7^2*11^2*29^2
18727	4990292164	135	2^2*11^2*13^4*19^2
18728	4990464000	624	2^12*3^3*5^3*19^2
18729	4990574736	225	2^4*3^2*7^2*29^4
18730	4991165784	432	2^3*3^3*11^2*19^2*23^2
18731	4992270336	189	2^20*3^2*23^2
18732	4992543360	720	2^7*3^2*5^1*7^4*19^2
18733	4993920000	660	2^10*3^3*5^4*17^2
18734	4996000800	810	2^5*3^2*5^2*7^4*17^2
18735	4996510596	567	2^2*3^6*7^2*11^2*17^2
18736	4997032560	400	2^4*3^7*5^1*13^4
18737	4997907360	396	2^5*3^10*5^1*23^2
18738	4998082467	54	3^1*7^8*17^2
18739	4999796928	294	2^6*3^13*7^2
18740	5000000000	110	2^9*5^10
18741	5001318400	351	2^12*5^2*13^2*17^2
18742	5001756672	270	2^14*3^1*11^2*29^2
18743	5002593750	504	2^1*3^3*5^6*7^2*11^2
18744	5004326400	300	2^9*3^1*5^2*19^4
18745	5005001250	270	2^1*3^2*5^4*23^2*29^2
18746	5006411536	125	2^4*7^4*19^4
18747	5006893500	648	2^2*3^5*5^3*7^2*29^2
18748	5009604608	144	2^15*17^2*23^2
18749	5010005000	540	2^3*5^4*7^2*11^2*13^2
18750	5010516225	225	3^4*5^2*11^4*13^2
18751	5010913206	180	2^1*3^5*13^4*19^2
18752	5011260000	300	2^5*3^1*5^4*17^4
18753	5011790436	243	2^2*3^8*19^2*23^2
18754	5013348025	75	5^2*7^4*17^4
18755	5017157334	216	2^1*3^11*7^2*17^2
18756	5017600000	288	2^15*5^5*7^2
18757	5017939212	150	2^2*3^1*11^4*13^4
18758	5018305600	567	2^6*5^2*7^2*11^2*23^2
18759	5018817672	300	2^3*3^4*11^4*23^2
18760	5022425088	294	2^13*3^6*29^2
18761	5023265625	189	3^8*5^6*7^2
18762	5025546240	540	2^14*3^1*5^1*11^2*13^2
18763	5028239762	162	2^1*7^2*13^2*19^2*29^2
18764	5028806250	324	2^1*3^2*5^5*13^2*23^2
18765	5030707500	810	2^2*3^5*5^4*7^2*13^2
18766	5032051200	810	2^9*3^2*5^2*11^2*19^2
18767	5033164800	162	2^26*3^1*5^2
18768	5034147888	450	2^4*3^1*7^4*11^2*19^2
18769	5035261952	110	2^21*7^4
18770	5035536000	864	2^7*3^2*5^3*11^2*17^2
18771	5037634140	540	2^2*3^1*5^1*7^4*11^2*17^2
18772	5038160400	675	2^4*3^2*5^2*7^2*13^4
18773	5038674498	210	2^1*3^6*11^2*13^4
18774	5039042400	972	2^5*3^5*5^2*7^2*23^2
18775	5039556588	270	2^2*3^9*11^2*23^2
18776	5039864064	405	2^8*3^4*17^2*29^2
18777	5041142001	105	3^4*7^6*23^2
18778	5046000000	336	2^7*3^1*5^6*29^2
18779	5046312960	588	2^13*3^6*5^1*13^2
18780	5046507648	648	2^7*3^2*7^2*13^2*23^2
18781	5048102500	225	2^2*5^4*7^4*29^2
18782	5049523600	405	2^4*5^2*11^2*17^2*19^2
18783	5051130050	90	2^1*5^2*19^2*23^4
18784	5052155290	180	2^1*5^1*7^2*13^4*19^2
18785	5052844800	648	2^8*3^7*5^2*19^2
18786	5053039740	648	2^2*3^3*5^1*7^2*19^2*23^2
18787	5054950152	420	2^3*3^6*7^4*19^2
18788	5056097046	324	2^1*3^1*7^2*11^2*13^2*29^2
18789	5056344000	672	2^6*3^7*5^3*17^2
18790	5056539075	324	3^3*5^2*7^2*17^2*23^2
18791	5057363592	180	2^3*3^2*17^4*29^2
18792	5058450810	420	2^1*3^6*5^1*7^4*17^2
18793	5059495467	60	3^11*13^4
18794	5059929600	600	2^9*3^3*5^2*11^4
18795	5060330496	495	2^10*3^4*13^2*19^2
18796	5060381202	90	2^1*3^14*23^2
18797	5062037904	375	2^4*3^2*7^4*11^4
18798	5062500000	300	2^5*3^4*5^9
18799	5064030244	243	2^2*7^2*13^2*17^2*23^2
18800	5064609375	160	3^3*5^7*7^4
18801	5067425792	180	2^11*11^4*13^2
18802	5070389400	648	2^3*3^5*5^2*17^2*19^2
18803	5073984960	420	2^6*3^1*5^1*11^4*19^2
18804	5075107840	144	2^23*5^1*11^2
18805	5076562500	243	2^2*3^2*5^8*19^2
18806	5076990009	189	3^6*7^2*13^2*29^2
18807	5077498800	450	2^4*3^1*5^2*11^4*17^2
18808	5077901088	486	2^5*3^2*13^2*17^2*19^2
18809	5078400000	396	2^10*3^1*5^5*23^2
18810	5079114150	180	2^1*3^1*5^2*11^2*23^4
18811	5080320000	900	2^11*3^4*5^4*7^2
18812	5080516000	360	2^5*5^3*7^4*23^2
18813	5080838400	729	2^8*3^8*5^2*11^2
18814	5080955148	84	2^2*3^3*19^6
18815	5081417640	360	2^3*3^2*5^1*13^2*17^4
18816	5082436800	588	2^6*3^3*5^2*7^6
18817	5082955416	480	2^3*3^7*7^4*11^2
18818	5084473815	120	3^3*5^1*17^2*19^4
18819	5084554482	66	2^1*3^2*7^10
18820	5087846400	756	2^13*3^1*5^2*7^2*13^2
18821	5088365568	594	2^10*3^5*11^2*13^2
18822	5089966336	189	2^8*7^6*13^2
18823	5092423200	270	2^5*3^2*5^2*29^4
18824	5094545043	50	3^1*7^4*29^4
18825	5094951840	756	2^5*3^6*5^1*11^2*19^2
18826	5095532689	45	13^2*17^4*19^2
18827	5096079360	276	2^22*3^5*5^1
18828	5096275968	306	2^16*3^1*7^2*23^2
18829	5097960000	945	2^6*3^2*5^4*7^2*17^2
18830	5098480200	756	2^3*3^6*5^2*11^2*17^2
18831	5100084150	252	2^1*3^1*5^2*7^6*17^2
18832	5100102225	105	3^6*5^2*23^4
18833	5101833600	336	2^7*3^13*5^2
18834	5103959364	195	2^2*3^12*7^4
18835	5104687500	324	2^2*3^3*5^8*11^2
18836	5105959936	297	2^10*7^2*11^2*29^2
18837	5106033504	648	2^5*3^3*11^2*13^2*17^2
18838	5106763922	42	2^1*13^6*23^2
18839	5107657932	180	2^2*3^3*13^2*23^4
18840	5108583200	270	2^5*5^2*7^2*19^4
18841	5109104484	225	2^2*3^4*11^2*19^4
18842	5109391872	330	2^9*3^10*13^2
18843	5110105225	45	5^2*17^2*29^4
18844	5110235136	240	2^19*3^3*19^2
18845	5112121000	432	2^3*5^3*7^2*17^2*19^2
18846	5112250000	315	2^4*5^6*11^2*13^2
18847	5115661250	150	2^1*5^4*7^2*17^4
18848	5116005360	360	2^4*3^11*5^1*19^2
18849	5116268168	84	2^3*11^6*19^2
18850	5116644000	648	2^5*3^2*5^3*13^2*29^2
18851	5118775935	180	3^1*5^1*7^4*13^2*29^2
18852	5119548300	324	2^2*3^11*5^2*17^2
18853	5119811290	84	2^1*5^1*11^6*17^2
18854	5120720000	360	2^7*5^4*11^2*23^2
18855	5122656000	1296	2^8*3^3*5^3*7^2*11^2
18856	5123266875	180	3^3*5^4*19^2*29^2
18857	5123762787	90	3^1*11^2*13^2*17^4
18858	5124790440	504	2^3*3^2*5^1*7^6*11^2
18859	5125781250	162	2^1*3^8*5^8
18860	5127058944	540	2^9*3^5*7^2*29^2
18861	5127132816	405	2^4*3^8*13^2*17^2
18862	5127979008	270	2^14*3^1*17^2*19^2
18863	5130216486	100	2^1*3^9*19^4
18864	5130856900	243	2^2*5^2*13^2*19^2*29^2
18865	5131530240	260	2^12*3^1*5^1*17^4
18866	5133375000	504	2^3*3^5*5^6*13^2
18867	5134860060	180	2^2*3^1*5^1*11^2*29^4
18868	5136885600	972	2^5*3^1*5^2*7^2*11^2*19^2
18869	5137409772	270	2^2*3^5*11^4*19^2
18870	5138022400	207	2^22*5^2*7^2
18871	5138546688	300	2^19*3^4*11^2
18872	5139025969	63	7^6*11^2*19^2
18873	5139357728	162	2^5*19^2*23^2*29^2
18874	5140967535	180	3^5*5^1*11^4*17^2
18875	5140980000	450	2^5*3^2*5^4*13^4
18876	5141880000	630	2^6*3^5*5^4*23^2
18877	5142078375	120	3^1*5^3*7^2*23^4
18878	5142916840	216	2^3*5^1*17^2*23^2*29^2
18879	5143122075	150	3^1*5^2*7^4*13^4
18880	5143824000	864	2^7*3^8*5^3*7^2
18881	5144022450	450	2^1*3^4*5^2*7^4*23^2
18882	5144613144	72	2^3*3^1*11^8
18883	5144861232	540	2^4*3^3*7^2*17^2*29^2
18884	5145967260	336	2^2*3^7*5^1*7^6
18885	5147634375	216	3^3*5^5*13^2*19^2
18886	5149497600	729	2^8*3^2*5^2*13^2*23^2
18887	5151125000	252	2^3*5^6*7^2*29^2
18888	5151643224	360	2^3*3^1*7^4*13^2*23^2
18889	5151650625	225	3^4*5^4*11^2*29^2
18890	5156078490	140	2^1*3^6*5^1*29^4
18891	5156388864	405	2^14*3^2*11^2*17^2
18892	5158029312	180	2^11*3^2*23^4
18893	5158112400	945	2^4*3^6*5^2*7^2*19^2
18894	5158638738	198	2^1*3^10*11^2*19^2
18895	5158830625	75	5^4*13^4*17^2
18896	5159282700	486	2^2*3^1*5^2*11^2*13^2*29^2
18897	5159733750	360	2^1*3^3*5^4*17^2*23^2
18898	5159780352	190	2^18*3^9
18899	5163801760	324	2^5*5^1*13^2*19^2*23^2
18900	5165344800	810	2^5*3^2*5^2*7^2*11^4
18901	5165754048	756	2^6*3^3*7^2*13^2*19^2
18902	5165871876	147	2^2*3^6*11^6
18903	5166015625	33	5^10*23^2
18904	5167104000	360	2^14*3^1*5^3*29^2
18905	5167377800	324	2^3*5^2*13^2*17^2*23^2
18906	5167497027	70	3^1*7^6*11^4
18907	5167830624	324	2^5*3^1*11^2*23^2*29^2
18908	5169256960	300	2^9*5^1*7^4*29^2
18909	5169331440	1080	2^4*3^3*5^1*7^2*13^2*17^2
18910	5170485675	90	3^1*5^2*19^4*23^2
18911	5172440490	300	2^1*3^4*5^1*7^2*19^4
18912	5174292992	150	2^9*11^2*17^4
18913	5175625000	288	2^3*5^7*7^2*13^2
18914	5175939136	105	2^6*17^2*23^4
18915	5177696256	336	2^13*3^7*17^2
18916	5179955427	48	3^15*19^2
18917	5180602050	378	2^1*3^6*5^2*13^2*29^2
18918	5183280025	135	5^2*7^2*11^4*17^2
18919	5183690694	324	2^1*3^1*7^2*13^2*17^2*19^2
18920	5183821500	360	2^2*3^1*5^3*11^2*13^4
18921	5184000000	455	2^12*3^4*5^6
18922	5184729000	720	2^3*3^4*5^3*11^2*23^2
18923	5186160000	800	2^7*3^3*5^4*7^4
18924	5186689200	1080	2^4*3^7*5^2*7^2*11^2
18925	5187218454	120	2^1*3^11*11^4
18926	5188277016	240	2^3*3^3*13^4*29^2
18927	5188320900	243	2^2*3^2*5^2*7^8
18928	5189185296	315	2^4*3^6*23^2*29^2
18929	5191680000	450	2^14*3^1*5^4*13^2
18930	5193843200	450	2^9*5^2*7^4*13^2
18931	5194373184	945	2^6*3^4*7^2*11^2*13^2
18932	5195674368	270	2^8*3^5*17^4
18933	5198400000	540	2^9*3^2*5^5*19^2
18934	5198515350	180	2^1*3^1*5^2*7^2*29^4
18935	5199131025	243	3^2*5^2*11^2*19^2*23^2
18936	5200281600	324	2^17*3^1*5^2*23^2
18937	5200566000	600	2^4*3^1*5^3*7^4*19^2
18938	5202000000	504	2^7*3^2*5^6*17^2
18939	5202448384	195	2^12*7^4*23^2
18940	5204167500	450	2^2*3^1*5^4*7^4*17^2
18941	5205242250	280	2^1*3^6*5^3*13^4
18942	5206153500	360	2^2*3^9*5^3*23^2
18943	5208121800	468	2^3*3^12*5^2*7^2
18944	5208389340	252	2^2*3^1*5^1*7^2*11^6
18945	5208653241	51	3^16*11^2
18946	5210163200	324	2^11*5^2*11^2*29^2
18947	5212409202	486	2^1*3^2*7^2*11^2*13^2*17^2
18948	5212840000	175	2^6*5^4*19^4
18949	5213714904	112	2^3*3^3*17^6
18950	5215837536	540	2^5*3^9*7^2*13^2
18951	5216698368	432	2^15*3^2*7^2*19^2
18952	5220062500	105	2^2*5^6*17^4
18953	5220311040	756	2^13*3^2*5^1*7^2*17^2
18954	5227434147	42	3^1*13^6*19^2
18955	5227935075	180	3^3*5^2*11^4*23^2
18956	5228349282	270	2^1*3^4*13^2*19^2*23^2
18957	5229911610	420	2^1*3^6*5^1*7^2*11^4
18958	5231692800	594	2^10*3^5*5^2*29^2
18959	5231894640	540	2^4*3^1*5^1*7^2*23^2*29^2
18960	5233872672	450	2^5*3^4*7^4*29^2
18961	5233948083	216	3^7*7^2*13^2*17^2
18962	5234811904	297	2^10*7^2*17^2*19^2
18963	5234944000	432	2^11*5^3*11^2*13^2
18964	5235680164	135	2^2*11^4*13^2*23^2
18965	5239443456	351	2^12*3^2*13^2*29^2
18966	5241720000	630	2^6*3^1*5^4*11^2*19^2
18967	5242880000	120	2^23*5^4
18968	5243904050	270	2^1*5^2*7^4*11^2*19^2
18969	5245350000	540	2^4*3^1*5^5*11^2*17^2
18970	5245599744	576	2^15*3^3*7^2*11^2
18971	5248083750	300	2^1*3^1*5^4*7^2*13^4
18972	5249002500	675	2^2*3^4*5^4*7^2*23^2
18973	5249858400	648	2^5*3^3*5^2*17^2*29^2
18974	5251522815	216	3^11*5^1*7^2*11^2
18975	5252045841	135	3^2*7^4*17^2*29^2
18976	5256250000	135	2^4*5^8*29^2
18977	5256395001	63	3^2*11^2*13^6
18978	5256576000	792	2^10*3^5*5^3*13^2
18979	5256778800	810	2^4*3^1*5^2*7^2*13^2*23^2
18980	5257315206	324	2^1*3^5*11^2*13^2*23^2
18981	5257635968	216	2^7*13^2*17^2*29^2
18982	5258766240	900	2^5*3^4*5^1*7^4*13^2
18983	5260798128	150	2^4*3^1*19^4*29^2
18984	5263380000	630	2^5*3^6*5^4*19^2
18985	5263813632	594	2^10*3^1*7^2*11^2*17^2
18986	5264441340	324	2^2*3^1*5^1*17^2*19^2*29^2
18987	5265488256	240	2^7*3^1*7^2*23^4
18988	5265573075	270	3^5*5^2*7^4*19^2
18989	5267025000	504	2^3*3^6*5^5*17^2
18990	5267275776	405	2^14*3^8*7^2
18991	5268087075	90	3^1*5^2*17^4*29^2
18992	5270760000	525	2^6*3^2*5^4*11^4
18993	5271177600	864	2^7*3^3*5^2*13^2*19^2
18994	5272956150	300	2^1*3^1*5^2*7^4*11^4
18995	5273373924	405	2^2*3^2*7^4*13^2*19^2
18996	5273437500	144	2^2*3^3*5^11
18997	5275290240	720	2^7*3^4*5^1*11^2*29^2
18998	5275493762	162	2^1*7^2*11^2*23^2*29^2
18999	5278986752	150	2^9*13^4*19^2
19000	5279039649	99	3^10*13^2*23^2
19001	5279910912	396	2^10*3^3*19^2*23^2
19002	5281655625	225	3^4*5^4*17^2*19^2
19003	5282642560	240	2^7*5^1*13^4*17^2
19004	5283567360	648	2^8*3^3*5^1*17^2*23^2
19005	5285401000	240	2^3*5^3*11^4*19^2
19006	5285564928	630	2^9*3^6*7^2*17^2
19007	5285819760	300	2^4*3^1*5^1*13^2*19^4
19008	5289061250	150	2^1*5^4*11^4*17^2
19009	5289480300	486	2^2*3^1*5^2*13^2*17^2*19^2
19010	5289943824	405	2^4*3^2*11^2*19^2*29^2
19011	5290000000	192	2^7*5^7*23^2
19012	5291114496	132	2^21*3^1*29^2
19013	5292000000	756	2^8*3^3*5^6*7^2
19014	5292540000	720	2^5*3^7*5^4*11^2
19015	5293143375	120	3^1*5^3*13^2*17^4
19016	5294205000	420	2^3*3^2*5^4*7^6
19017	5294745225	315	3^6*5^2*7^4*11^2
19018	5297088960	420	2^6*3^9*5^1*29^2
19019	5297293323	162	3^5*7^2*23^2*29^2
19020	5298243936	324	2^5*3^1*17^2*19^2*23^2
19021	5299840000	495	2^10*5^4*7^2*13^2
19022	5300380800	1080	2^7*3^4*5^2*11^2*13^2
19023	5300585290	324	2^1*5^1*7^2*11^2*13^2*23^2
19024	5302589292	540	2^2*3^3*7^4*11^2*13^2
19025	5303917584	375	2^4*3^4*7^2*17^4
19026	5304607500	150	2^2*3^1*5^4*29^4
19027	5307241500	648	2^2*3^5*5^3*11^2*19^2
19028	5308233216	300	2^9*3^1*11^2*13^4
19029	5308416000	400	2^19*3^4*5^3
19030	5308620800	378	2^13*5^2*7^2*23^2
19031	5309162496	495	2^10*3^4*11^2*23^2
19032	5310375000	504	2^3*3^1*5^6*7^2*17^2
19033	5310627840	600	2^14*3^3*5^1*7^4
19034	5310916875	270	3^5*5^4*11^2*17^2
19035	5311803096	288	2^3*3^7*19^2*29^2
19036	5314410000	325	2^4*3^12*5^4
19037	5318784900	729	2^2*3^2*5^2*11^2*13^2*17^2
19038	5319250992	300	2^4*3^3*11^4*29^2
19039	5322283200	630	2^6*3^9*5^2*13^2
19040	5322488535	324	3^5*5^1*7^2*13^2*23^2
19041	5323161600	459	2^16*3^2*5^2*19^2
19042	5324500818	270	2^1*3^8*7^4*13^2
19043	5325379584	360	2^11*3^1*7^4*19^2
19044	5327597088	486	2^5*3^2*11^2*17^2*23^2
19045	5329172250	264	2^1*3^10*5^3*19^2
19046	5329292004	63	2^2*3^2*23^6
19047	5329837500	324	2^2*3^1*5^5*13^2*29^2
19048	5329868258	90	2^1*11^2*13^2*19^4
19049	5330168064	315	2^8*3^6*13^4
19050	5331101184	300	2^9*3^9*23^2
19051	5336100000	972	2^5*3^2*5^5*7^2*11^2
19052	5337948160	140	2^13*5^1*19^4
19053	5338323375	168	3^1*5^3*7^6*11^2
19054	5340686400	945	2^6*3^4*5^2*7^2*29^2
19055	5340763350	432	2^1*3^7*5^2*13^2*17^2
19056	5341231368	324	2^3*3^8*11^2*29^2
19057	5341644800	324	2^11*5^2*17^2*19^2
19058	5342911686	168	2^1*3^3*7^6*29^2
19059	5344550640	600	2^4*3^3*5^1*11^4*13^2
19060	5345344000	200	2^9*5^3*17^4
19061	5346095689	45	11^2*17^4*23^2
19062	5347265625	135	3^4*5^8*13^2
19063	5348598528	486	2^8*3^1*7^2*13^2*29^2
19064	5348675592	300	2^3*3^4*13^4*17^2
19065	5349611952	360	2^4*3^7*17^2*23^2
19066	5350922500	405	2^2*5^4*7^2*11^2*19^2
19067	5351892507	90	3^5*13^2*19^4
19068	5352652800	612	2^16*3^3*5^2*11^2
19069	5353409889	21	3^2*29^6
19070	5354883072	540	2^11*3^2*7^4*11^2
19071	5355187500	210	2^2*3^1*5^6*13^4
19072	5355521640	648	2^3*3^2*5^1*7^2*19^2*29^2
19073	5356125000	420	2^3*3^4*5^6*23^2
19074	5358150000	720	2^4*3^7*5^5*7^2
19075	5358972025	27	5^2*11^8
19076	5359230450	486	2^1*3^2*5^2*7^2*17^2*29^2
19077	5359396614	180	2^1*3^1*11^4*13^2*19^2
19078	5360582656	171	2^18*11^2*13^2
19079	5363302572	126	2^2*3^13*29^2
19080	5364060000	540	2^5*3^1*5^4*13^2*23^2
19081	5366295025	135	5^2*7^4*13^2*23^2
19082	5366635560	648	2^3*3^8*5^1*11^2*13^2
19083	5370398089	45	7^2*19^4*29^2
19084	5371238400	648	2^11*3^1*5^2*11^2*17^2
19085	5372947200	270	2^8*3^1*5^2*23^4
19086	5373033750	540	2^1*3^5*5^4*7^2*19^2
19087	5373476416	315	2^6*7^4*11^2*17^2
19088	5374037760	540	2^8*3^1*5^1*7^2*13^4
19089	5374771200	432	2^15*3^8*5^2
19090	5374978560	900	2^9*3^4*5^1*7^2*23^2
19091	5375185928	100	2^3*7^4*23^4
19092	5377010688	440	2^10*3^7*7^4
19093	5380567500	450	2^2*3^1*5^4*7^2*11^4
19094	5380993800	972	2^3*3^2*5^2*7^2*13^2*19^2
19095	5381542881	189	3^6*11^2*13^2*19^2
19096	5382400000	216	2^11*5^5*29^2
19097	5382733824	324	2^17*3^5*13^2
19098	5383156900	243	2^2*5^2*11^2*23^2*29^2
19099	5384720250	648	2^1*3^2*5^3*7^2*13^2*17^2
19100	5388811740	252	2^2*3^13*5^1*13^2
19101	5389088562	126	2^1*3^2*11^6*13^2
19102	5389909056	567	2^6*3^2*7^2*19^2*23^2
19103	5393433600	693	2^10*3^6*5^2*17^2
19104	5395680864	540	2^5*3^5*7^4*17^2
19105	5397258240	420	2^13*3^2*5^1*11^4
19106	5400000000	360	2^9*3^3*5^8
19107	5400150987	162	3^1*7^2*11^2*19^2*29^2
19108	5400759375	216	3^3*5^5*11^2*23^2
19109	5401346048	162	2^17*7^2*29^2
19110	5401423872	468	2^12*3^3*13^2*17^2
19111	5402250000	525	2^4*3^2*5^6*7^4
19112	5402801250	630	2^1*3^6*5^4*7^2*11^2
19113	5404455225	135	3^2*5^2*13^4*29^2
19114	5404672512	250	2^9*3^4*19^4
19115	5405401350	324	2^1*3^5*5^2*23^2*29^2
19116	5408000000	252	2^11*5^6*13^2
19117	5408415360	720	2^7*3^4*5^1*17^2*19^2
19118	5408624018	162	2^1*7^2*17^2*19^2*23^2
19119	5410805400	1296	2^3*3^3*5^2*7^2*11^2*13^2
19120	5411357523	120	3^7*11^4*13^2
19121	5412160800	450	2^5*3^4*5^2*17^4
19122	5412250624	165	2^10*11^4*19^2
19123	5413409352	324	2^3*3^2*13^2*23^2*29^2
19124	5414415867	100	3^3*7^4*17^4
19125	5415000000	336	2^6*3^1*5^7*19^2
19126	5416960000	225	2^14*5^4*23^2
19127	5417256250	180	2^1*5^5*7^4*19^2
19128	5417721760	180	2^5*5^1*11^2*23^4
19129	5418750000	270	2^4*3^1*5^8*17^2
19130	5418821408	270	2^5*7^2*11^2*13^4
19131	5419560960	624	2^12*3^7*5^1*11^2
19132	5419770048	756	2^6*3^3*7^2*11^2*23^2
19133	5420178816	240	2^7*3^1*13^2*17^4
19134	5423438736	225	2^4*3^2*17^2*19^4
19135	5425126875	180	3^11*5^4*7^2
19136	5425835415	324	3^1*5^1*7^2*11^2*13^2*19^2
19137	5427036160	324	2^17*5^1*7^2*13^2
19138	5430068721	135	3^2*7^2*11^4*29^2
19139	5430953025	63	3^2*5^2*17^6
19140	5433164100	729	2^2*3^8*5^2*7^2*13^2
19141	5434060800	702	2^12*3^1*5^2*7^2*19^2
19142	5434615296	540	2^9*3^5*11^2*19^2
19143	5435817984	135	2^26*3^4
19144	5436324992	168	2^7*7^6*19^2
19145	5437824000	792	2^10*3^1*5^3*7^2*17^2
19146	5438588694	324	2^1*3^1*7^2*11^2*17^2*23^2
19147	5439156840	360	2^3*3^2*5^1*13^4*23^2
19148	5440089760	252	2^5*5^1*7^6*17^2
19149	5440109040	300	2^4*3^5*5^1*23^4
19150	5441213232	450	2^4*3^5*7^2*13^4
19151	5441955840	312	2^11*3^12*5^1
19152	5442165792	486	2^5*3^8*7^2*23^2
19153	5442235392	154	2^10*3^1*11^6
19154	5449680000	600	2^7*3^4*5^4*29^2
19155	5449890250	216	2^1*5^3*7^2*23^2*29^2
19156	5451950700	540	2^2*3^3*5^2*7^4*29^2
19157	5453485488	540	2^4*3^3*11^2*17^2*19^2
19158	5454265609	45	13^4*19^2*23^2
19159	5454692352	198	2^21*3^2*17^2
19160	5455220454	120	2^1*3^3*19^2*23^4
19161	5457072384	297	2^8*3^10*19^2
19162	5457262140	360	2^2*3^3*5^1*11^2*17^4
19163	5457753600	540	2^9*3^1*5^2*13^2*29^2
19164	5460027664	225	2^4*7^4*13^2*29^2
19165	5460125000	252	2^3*5^6*11^2*19^2
19166	5461062201	189	3^6*7^2*17^2*23^2
19167	5463906250	144	2^1*5^7*11^2*17^2
19168	5464166400	1053	2^12*3^2*5^2*7^2*11^2
19169	5464723968	350	2^9*3^6*11^4
19170	5466443136	336	2^7*3^1*7^6*11^2
19171	5466796032	234	2^12*3^1*23^2*29^2
19172	5468602500	405	2^2*3^2*5^4*17^2*29^2
19173	5473632256	85	2^16*17^4
19174	5475600000	720	2^7*3^4*5^5*13^2
19175	5475811250	270	2^1*5^4*7^2*13^2*23^2
19176	5476020552	324	2^3*3^8*17^2*19^2
19177	5477184064	105	2^6*11^2*29^4
19178	5477881500	720	2^2*3^3*5^3*7^4*13^2
19179	5479344640	540	2^9*5^1*7^2*11^2*19^2
19180	5479812810	180	2^1*3^8*5^1*17^4
19181	5479998050	90	2^1*5^2*19^4*29^2
19182	5482687500	378	2^2*3^5*5^6*19^2
19183	5483139200	648	2^7*5^2*7^2*11^2*17^2
19184	5483698704	375	2^4*3^4*11^4*17^2
19185	5484483147	90	3^1*11^2*13^4*23^2
19186	5484883600	225	2^4*5^2*7^2*23^4
19187	5485443282	150	2^1*3^4*11^2*23^4
19188	5486484375	144	3^5*5^7*17^2
19189	5486745600	864	2^11*3^7*5^2*7^2
19190	5487305472	324	2^8*3^11*11^2
19191	5489031744	343	2^6*3^6*7^6
19192	5490375000	280	2^3*3^1*5^6*11^4
19193	5490810000	675	2^4*3^2*5^4*13^2*19^2
19194	5492797440	468	2^12*3^1*5^1*13^2*23^2
19195	5494874112	630	2^13*3^4*7^2*13^2
19196	5495094000	720	2^4*3^3*5^3*11^2*29^2
19197	5499817056	180	2^5*3^5*29^4
19198	5499907200	648	2^7*3^2*5^2*19^2*23^2
19199	5501986560	972	2^8*3^5*5^1*7^2*19^2
19200	5502198828	270	2^2*3^1*7^4*19^2*23^2
19201	5503716000	648	2^5*3^2*5^3*17^2*23^2
19202	5505796800	1134	2^6*3^5*5^2*7^2*17^2
19203	5506009215	180	3^1*5^1*7^4*17^2*23^2
19204	5506062250	120	2^1*5^3*13^2*19^4
19205	5506358616	360	2^3*3^9*11^2*17^2
19206	5508090882	210	2^1*3^4*7^6*17^2
19207	5508110403	50	3^9*23^4
19208	5509980288	136	2^7*3^16
19209	5510358150	324	2^1*3^1*5^2*11^2*19^2*29^2
19210	5511577600	171	2^18*5^2*29^2
19211	5512500000	486	2^5*3^2*5^8*7^2
19212	5513062500	441	2^2*3^6*5^6*11^2
19213	5513953536	729	2^8*3^2*7^2*13^2*17^2
19214	5514796875	98	3^1*5^6*7^6
19215	5517269856	360	2^5*3^3*7^2*19^4
19216	5517801000	432	2^3*3^8*5^3*29^2
19217	5518913643	60	3^3*17^2*29^4
19218	5519004100	243	2^2*5^2*17^2*19^2*23^2
19219	5521230000	900	2^4*3^3*5^4*11^2*13^2
19220	5524914150	360	2^1*3^3*5^2*7^2*17^4
19221	5529112164	135	2^2*3^14*17^2
19222	5529409600	315	2^6*5^2*11^2*13^4
19223	5529600000	408	2^16*3^3*5^5
19224	5530377600	864	2^7*3^3*5^2*11^2*23^2
19225	5531640625	81	5^8*7^2*17^2
19226	5531904000	720	2^11*3^2*5^3*7^4
19227	5532681924	405	2^2*3^2*7^4*11^2*23^2
19228	5533099208	180	2^3*7^2*13^2*17^4
19229	5533128225	189	3^6*5^2*19^2*29^2
19230	5534208960	252	2^6*3^1*5^1*7^8
19231	5535843750	168	2^1*3^11*5^6
19232	5536427043	90	3^1*7^2*17^2*19^4
19233	5538570752	270	2^9*11^2*13^2*23^2
19234	5540886450	270	2^1*3^2*5^2*11^4*29^2
19235	5541325452	324	2^2*3^3*13^2*19^2*29^2
19236	5544045000	540	2^3*3^8*5^4*13^2
19237	5544960000	420	2^13*3^1*5^4*19^2
19238	5545083040	180	2^5*5^1*7^2*29^4
19239	5545162935	216	3^3*5^1*13^2*17^2*29^2
19240	5545739760	540	2^4*3^1*5^1*11^2*19^2*23^2
19241	5546967040	132	2^21*5^1*23^2
19242	5547270400	405	2^8*5^2*7^4*19^2
19243	5547836448	810	2^5*3^4*7^2*11^2*19^2
19244	5549064192	276	2^22*3^3*7^2
19245	5549580300	486	2^2*3^1*5^2*11^2*17^2*23^2
19246	5551678440	1080	2^3*3^4*5^1*7^2*11^2*17^2
19247	5552258400	540	2^5*3^5*5^2*13^4
19248	5553230400	567	2^6*3^8*5^2*23^2
19249	5554571841	125	3^4*7^4*13^4
19250	5555544246	240	2^1*3^7*7^4*23^2
19251	5555615296	147	2^6*7^2*11^6
19252	5558437500	432	2^2*3^1*5^7*7^2*11^2
19253	5560483968	168	2^7*3^2*13^6
19254	5561457408	486	2^8*3^5*13^2*23^2
19255	5563215000	720	2^3*3^3*5^4*7^2*29^2
19256	5563782675	216	3^7*5^2*11^2*29^2
19257	5567099769	243	3^2*7^2*11^2*17^2*19^2
19258	5567240250	360	2^1*3^2*5^3*11^4*13^2
19259	5567681340	360	2^2*3^3*5^1*13^4*19^2
19260	5568331776	324	2^17*3^1*7^2*17^2
19261	5568656040	504	2^3*3^6*5^1*19^2*23^2
19262	5570761392	450	2^4*3^9*7^2*19^2
19263	5571456800	486	2^5*5^2*7^2*13^2*29^2
19264	5571537075	180	3^3*5^2*13^4*17^2
19265	5572025316	405	2^2*3^4*11^2*13^2*29^2
19266	5572512450	378	2^1*3^6*5^2*17^2*23^2
19267	5574619260	540	2^2*3^9*5^1*7^2*17^2
19268	5575680000	630	2^13*3^2*5^4*11^2
19269	5578003200	810	2^8*3^1*5^2*7^4*11^2
19270	5578572384	540	2^5*3^5*7^2*11^4
19271	5578668375	216	3^1*5^3*7^2*19^2*29^2
19272	5579296875	108	3^3*5^8*23^2
19273	5579791204	63	2^2*13^6*17^2
19274	5580327368	108	2^3*7^8*11^2
19275	5580687616	243	2^8*7^2*23^2*29^2
19276	5580768024	432	2^3*3^3*13^2*17^2*23^2
19277	5581406250	336	2^1*3^6*5^7*7^2
19278	5584124529	75	3^4*19^4*23^2
19279	5587562500	189	2^2*5^6*13^2*23^2
19280	5590245375	288	3^7*5^3*11^2*13^2
19281	5591954258	90	2^1*11^4*19^2*23^2
19282	5595040000	405	2^8*5^4*11^2*17^2
19283	5595050214	180	2^1*3^9*13^2*29^2
19284	5595973632	324	2^11*3^2*19^2*29^2
19285	5596820000	150	2^5*5^4*23^4
19286	5597942427	180	3^3*7^2*11^4*17^2
19287	5597956000	360	2^5*5^3*7^2*13^4
19288	5598720000	520	2^12*3^7*5^4
19289	5598936000	1008	2^6*3^3*5^3*7^2*23^2
19290	5599848960	540	2^9*3^2*5^1*17^2*29^2
19291	5601052800	840	2^7*3^6*5^2*7^4
19292	5601268890	252	2^1*3^2*5^1*7^6*23^2
19293	5601624336	495	2^4*3^10*7^2*11^2
19294	5603386572	162	2^2*3^5*7^8
19295	5605201875	270	3^1*5^4*7^2*13^2*19^2
19296	5607014400	675	2^14*3^4*5^2*13^2
19297	5609350656	600	2^9*3^3*7^4*13^2
19298	5612274735	60	3^1*5^1*23^2*29^4
19299	5614396578	150	2^1*3^4*7^2*29^4
19300	5614488600	648	2^3*3^1*5^2*7^2*19^2*23^2
19301	5615061507	162	3^5*11^2*19^2*23^2
19302	5615321088	170	2^16*3^1*13^4
19303	5615404096	189	2^6*17^2*19^2*29^2
19304	5616304128	270	2^17*3^4*23^2
19305	5618160000	720	2^7*3^5*5^4*17^2
19306	5620500900	675	2^2*3^4*5^2*7^4*17^2
19307	5622144000	440	2^10*3^1*5^3*11^4
19308	5622589440	648	2^11*3^2*5^1*13^2*19^2
19309	5622934614	84	2^1*3^1*11^6*23^2
19310	5624486560	300	2^5*5^1*7^4*11^4
19311	5624771544	192	2^3*3^15*7^2
19312	5625000000	231	2^6*3^2*5^10
19313	5626483200	810	2^9*3^2*5^2*13^2*17^2
19314	5626976256	432	2^11*3^3*11^2*29^2
19315	5627343750	180	2^1*3^1*5^8*7^4
19316	5628827568	450	2^4*3^1*7^4*13^2*17^2
19317	5629867200	420	2^6*3^3*5^2*19^4
19318	5632212978	150	2^1*3^2*7^4*19^4
19319	5633766000	720	2^4*3^3*5^3*17^2*19^2
19320	5635805184	351	2^12*3^2*17^2*23^2
19321	5636255625	405	3^2*5^4*7^2*11^2*13^2
19322	5637667500	300	2^2*3^3*5^4*17^4
19323	5638207744	135	2^8*13^2*19^4
19324	5638968075	162	3^1*5^2*13^2*23^2*29^2
19325	5640625000	120	2^3*5^9*19^2
19326	5641100010	540	2^1*3^4*5^1*7^2*13^2*29^2
19327	5644531250	66	2^1*5^10*17^2
19328	5645376000	840	2^9*3^6*5^3*11^2
19329	5645593800	972	2^3*3^2*5^2*7^2*11^2*23^2
19330	5646019600	225	2^4*5^2*13^2*17^4
19331	5646169881	105	3^6*11^4*23^2
19332	5646514368	378	2^6*3^1*11^2*17^2*29^2
19333	5647728240	900	2^4*3^5*5^1*7^4*11^2
19334	5648310744	120	2^3*3^1*23^4*29^2
19335	5649415350	180	2^1*3^1*5^2*17^2*19^4
19336	5650228224	297	2^10*3^8*29^2
19337	5655373952	120	2^7*17^4*23^2
19338	5660480000	450	2^9*5^4*7^2*19^2
19339	5661057600	945	2^6*3^4*5^2*11^2*19^2
19340	5662310400	288	2^23*3^3*5^2
19341	5663416374	360	2^1*3^3*7^4*11^2*19^2
19342	5664400000	432	2^7*5^5*7^2*17^2
19343	5664669696	285	2^18*3^2*7^4
19344	5665788375	120	3^1*5^3*13^4*23^2
19345	5666780250	200	2^1*3^4*5^3*23^4
19346	5667930450	450	2^1*3^4*5^2*7^2*13^4
19347	5668704000	432	2^8*3^11*5^3
19348	5668922700	648	2^2*3^7*5^2*7^2*23^2
19349	5668995200	168	2^7*5^2*11^6
19350	5669444352	486	2^8*3^1*11^2*13^2*19^2
19351	5669847072	378	2^5*3^6*17^2*29^2
19352	5670699008	78	2^25*13^2
19353	5671065960	440	2^3*3^10*5^1*7^4
19354	5673370560	756	2^6*3^1*5^1*11^2*13^2*17^2
19355	5676327384	168	2^3*3^1*7^2*13^6
19356	5676750000	420	2^4*3^3*5^6*29^2
19357	5676782760	360	2^3*3^2*5^1*11^2*19^4
19358	5677321104	675	2^4*3^4*7^2*13^2*23^2
19359	5678039040	252	2^20*3^1*5^1*19^2
19360	5680714050	486	2^1*3^2*5^2*11^2*17^2*19^2
19361	5681971200	342	2^18*3^1*5^2*17^2
19362	5684338688	210	2^13*7^4*17^2
19363	5684450400	540	2^5*3^9*5^2*19^2
19364	5685160000	315	2^6*5^4*13^2*29^2
19365	5686818921	135	3^8*7^4*19^2
19366	5689534041	75	3^4*17^4*29^2
19367	5691840000	900	2^9*3^1*5^4*7^2*11^2
19368	5692420800	630	2^6*3^5*5^2*11^4
19369	5692551601	21	11^2*19^6
19370	5692640415	180	3^1*5^1*7^2*11^4*23^2
19371	5692871808	504	2^7*3^6*13^2*19^2
19372	5694211600	315	2^4*5^2*7^6*11^2
19373	5694579200	270	2^9*5^2*23^2*29^2
19374	5694792642	250	2^1*3^4*7^4*11^4
19375	5696732160	792	2^10*3^3*5^1*7^2*29^2
19376	5696814240	756	2^5*3^6*5^1*13^2*17^2
19377	5700240540	240	2^2*3^7*5^1*19^4
19378	5700854016	405	2^8*3^2*11^4*13^2
19379	5703750000	480	2^4*3^3*5^7*13^2
19380	5704188075	216	3^7*5^2*17^2*19^2
19381	5712186150	360	2^1*3^3*5^2*11^4*17^2
19382	5712556416	432	2^7*3^1*7^2*19^2*29^2
19383	5712638724	405	2^2*3^4*13^2*17^2*19^2
19384	5715360000	945	2^8*3^6*5^4*7^2
19385	5715943200	594	2^5*3^10*5^2*11^2
19386	5717741400	504	2^3*3^5*5^2*7^6
19387	5718324843	150	3^9*7^4*11^2
19388	5719140625	45	5^8*11^4
19389	5719593750	252	2^1*3^1*5^6*13^2*19^2
19390	5720648648	180	2^3*11^4*13^2*17^2
19391	5721664000	360	2^9*5^3*13^2*23^2
19392	5722468609	45	11^2*13^2*23^4
19393	5723827200	1188	2^10*3^3*5^2*7^2*13^2
19394	5724056250	324	2^1*3^2*5^5*11^2*29^2
19395	5724089283	50	3^1*11^4*19^4
19396	5724411264	576	2^7*3^7*11^2*13^2
19397	5725356032	162	2^17*11^2*19^2
19398	5726212128	378	2^5*3^2*7^6*13^2
19399	5728976100	225	2^2*3^4*5^2*29^4
19400	5729070000	450	2^4*3^1*5^4*19^2*23^2
19401	5729320960	288	2^15*5^1*11^2*17^2
19402	5731236000	1080	2^5*3^4*5^3*7^2*19^2
19403	5732306944	195	2^12*7^2*13^4
19404	5733037500	324	2^2*3^1*5^5*17^2*23^2
19405	5733310464	504	2^13*3^3*7^2*23^2
19406	5733624015	168	3^3*5^1*7^6*19^2
19407	5735205000	900	2^3*3^4*5^4*7^2*17^2
19408	5735790225	243	3^8*5^2*11^2*17^2
19409	5737463472	150	2^4*3^1*13^2*29^4
19410	5739562800	240	2^4*3^15*5^2
19411	5739857640	280	2^3*3^4*5^1*11^6
19412	5742187500	198	2^2*3^1*5^10*7^2
19413	5743701600	972	2^5*3^1*5^2*7^2*13^2*17^2
19414	5744204928	648	2^7*3^2*7^2*11^2*29^2
19415	5744287692	486	2^2*3^5*11^2*13^2*17^2
19416	5746094809	63	7^6*13^2*17^2
19417	5747156100	405	2^2*3^2*5^2*7^2*19^4
19418	5747709375	144	3^7*5^5*29^2
19419	5748065856	273	2^6*3^12*13^2
19420	5749014528	306	2^16*3^5*19^2
19421	5751281250	378	2^1*3^2*5^6*11^2*13^2
19422	5752995840	540	2^14*3^5*5^1*17^2
19423	5753217792	486	2^8*3^1*7^2*17^2*23^2
19424	5755801689	63	3^2*11^6*19^2
19425	5757075456	180	2^17*3^1*11^4
19426	5760000000	336	2^13*3^2*5^7
19427	5760810000	675	2^4*3^2*5^4*11^2*23^2
19428	5762400000	540	2^8*3^1*5^5*7^4
19429	5763576060	300	2^2*3^9*5^1*11^4
19430	5764150084	243	2^2*7^2*11^2*17^2*29^2
19431	5764752240	300	2^4*3^1*5^1*13^4*29^2
19432	5764801000	144	2^3*5^3*7^8
19433	5765761440	540	2^5*3^4*5^1*23^2*29^2
19434	5767941312	504	2^6*3^7*7^2*29^2
19435	5768024418	198	2^1*3^10*13^2*17^2
19436	5768976384	432	2^11*3^3*17^2*19^2
19437	5771525760	1296	2^7*3^2*5^1*7^2*11^2*13^2
19438	5775046875	168	3^7*5^6*13^2
19439	5776000000	231	2^10*5^6*19^2
19440	5776812250	216	2^1*5^3*11^2*19^2*23^2
19441	5778996300	972	2^2*3^3*5^2*7^2*11^2*19^2
19442	5780275200	540	2^19*3^2*5^2*7^2
19443	5780865024	357	2^16*3^6*11^2
19444	5781777444	243	2^2*3^2*19^2*23^2*29^2
19445	5782683648	210	2^14*3^1*7^6
19446	5782998375	432	3^3*5^3*7^2*11^2*17^2
19447	5783602500	375	2^2*3^4*5^4*13^4
19448	5784615000	480	2^3*3^7*5^4*23^2
19449	5787392490	180	2^1*3^14*5^1*11^2
19450	5787557776	405	2^4*7^2*11^2*13^2*19^2
19451	5787689787	36	3^3*11^8
19452	5787968886	324	2^1*3^5*7^2*17^2*29^2
19453	5789007552	210	2^6*3^1*17^4*19^2
19454	5792170800	210	2^4*3^1*5^2*13^6
19455	5793016560	140	2^4*3^1*5^1*17^6
19456	5793184800	810	2^5*3^4*5^2*13^2*23^2
19457	5794045952	70	2^13*29^4
19458	5795015625	189	3^2*5^6*7^2*29^2
19459	5795375040	1008	2^6*3^7*5^1*7^2*13^2
19460	5795598627	180	3^3*7^4*13^2*23^2
19461	5800345600	405	2^14*5^2*7^2*17^2
19462	5800683375	216	3^5*5^3*19^2*23^2
19463	5800937472	540	2^11*3^4*11^2*17^2
19464	5801767296	240	2^7*3^1*13^4*23^2
19465	5802782976	225	2^8*3^4*23^4
19466	5802876450	486	2^1*3^8*5^2*7^2*19^2
19467	5804752896	192	2^15*3^11
19468	5808000000	462	2^10*3^1*5^6*11^2
19469	5810420000	450	2^5*5^4*7^4*11^2
19470	5811012900	675	2^2*3^4*5^2*7^2*11^4
19471	5811307335	40	3^19*5^1
19472	5811473304	648	2^3*3^5*7^2*13^2*19^2
19473	5812791842	90	2^1*11^2*13^4*29^2
19474	5813300025	243	3^2*5^2*13^2*17^2*23^2
19475	5813809452	324	2^2*3^3*11^2*23^2*29^2
19476	5819621808	450	2^4*3^1*7^2*11^4*13^2
19477	5821079616	315	2^6*3^2*11^2*17^4
19478	5821603840	252	2^13*5^1*13^2*29^2
19479	5822931528	180	2^3*3^2*17^2*23^4
19480	5824908288	330	2^10*3^9*17^2
19481	5828444160	612	2^16*3^1*5^1*7^2*11^2
19482	5829139200	486	2^8*3^1*5^2*19^2*29^2
19483	5831568008	180	2^3*7^4*19^2*29^2
19484	5832000000	490	2^9*3^6*5^6
19485	5832225000	648	2^3*3^2*5^5*7^2*23^2
19486	5833176000	504	2^6*3^1*5^3*17^2*29^2
19487	5834430000	750	2^4*3^5*5^4*7^4
19488	5835025350	540	2^1*3^9*5^2*7^2*11^2
19489	5835606490	180	2^1*5^1*7^4*17^2*29^2
19490	5836811643	90	3^5*13^4*29^2
19491	5837833458	162	2^1*3^8*23^2*29^2
19492	5840438890	84	2^1*5^1*11^2*13^6
19493	5840640000	720	2^11*3^3*5^4*13^2
19494	5841291698	42	2^1*11^2*17^6
19495	5841461340	648	2^2*3^3*5^1*11^2*13^2*23^2
19496	5843073600	945	2^6*3^2*5^2*7^4*13^2
19497	5843669832	756	2^3*3^6*7^2*11^2*13^2
19498	5845133664	240	2^5*3^7*17^4
19499	5845508214	108	2^1*3^1*7^8*13^2
19500	5848425625	135	5^4*7^2*19^2*23^2
19501	5849292800	210	2^13*5^2*13^4
19502	5850316800	540	2^14*3^3*5^2*23^2
19503	5852250000	525	2^4*3^4*5^6*17^2
19504	5852528640	672	2^15*3^6*5^1*7^2
19505	5852754432	450	2^9*3^2*7^4*23^2
19506	5856400000	240	2^7*5^5*11^4
19507	5856864000	648	2^8*3^1*5^3*13^2*19^2
19508	5856993961	45	7^2*13^2*29^4
19509	5858983936	153	2^16*13^2*23^2
19510	5859137025	135	3^14*5^2*7^2
19511	5859304360	360	2^3*5^1*7^4*13^2*19^2
19512	5859375000	104	2^3*3^1*5^12
19513	5860920000	630	2^6*3^1*5^4*13^2*17^2
19514	5861433600	729	2^8*3^2*5^2*11^2*29^2
19515	5863362050	270	2^1*5^2*7^4*13^2*17^2
19516	5863875864	360	2^3*3^1*7^4*11^2*29^2
19517	5864445000	300	2^3*3^2*5^4*19^4
19518	5864572935	84	3^5*5^1*13^6
19519	5865429267	42	3^5*17^6
19520	5865599610	324	2^1*3^8*5^1*13^2*23^2
19521	5867817228	324	2^2*3^11*7^2*13^2
19522	5868506250	324	2^1*3^2*5^5*17^2*19^2
19523	5868785664	585	2^12*3^4*7^2*19^2
19524	5870630400	540	2^9*3^1*5^2*17^2*23^2
19525	5873076496	225	2^4*7^4*17^2*23^2
19526	5877014528	210	2^13*7^2*11^4
19527	5877715360	324	2^5*5^1*11^2*19^2*29^2
19528	5880600000	756	2^6*3^5*5^5*11^2
19529	5880826875	270	3^1*5^4*7^2*11^2*23^2
19530	5881785800	324	2^3*5^2*11^2*17^2*29^2
19531	5883050250	600	2^1*3^4*5^3*7^4*11^2
19532	5883657025	45	5^2*23^4*29^2
19533	5885654400	576	2^7*3^7*5^2*29^2
19534	5888106756	315	2^2*3^6*7^4*29^2
19535	5889163392	648	2^7*3^2*7^2*17^2*19^2
19536	5893241760	540	2^5*3^2*5^1*7^2*17^4
19537	5894373888	450	2^9*3^4*13^2*29^2
19538	5896935000	720	2^3*3^3*5^4*11^2*19^2
19539	5898240000	315	2^20*3^2*5^4
19540	5899069440	648	2^11*3^2*5^1*11^2*23^2
19541	5900697600	480	2^15*3^1*5^2*7^4
19542	5901299712	702	2^12*3^5*7^2*11^2
19543	5902003440	540	2^4*3^5*5^1*19^2*29^2
19544	5903156224	99	2^10*7^8
19545	5904900000	396	2^5*3^10*5^5
19546	5905671200	486	2^5*5^2*11^2*13^2*19^2
19547	5906090700	486	2^2*3^5*5^2*17^2*29^2
19548	5907360375	200	3^9*5^3*7^4
19549	5909611876	135	2^2*7^2*17^4*19^2
19550	5909761000	432	2^3*5^3*11^2*13^2*17^2
19551	5912841025	63	5^2*7^2*13^6
19552	5913281250	162	2^1*3^2*5^8*29^2
19553	5913315375	120	3^1*5^3*11^2*19^4
19554	5913876150	648	2^1*3^3*5^2*7^2*13^2*23^2
19555	5914624000	216	2^17*5^3*19^2
19556	5914840464	405	2^4*3^2*13^2*17^2*29^2
19557	5915455744	243	2^8*11^2*19^2*23^2
19558	5918397894	120	2^1*3^3*19^4*29^2
19559	5918720000	240	2^15*5^4*17^2
19560	5921302500	405	2^2*3^8*5^4*19^2
19561	5921435560	56	2^3*5^1*23^6
19562	5921790336	864	2^7*3^3*7^2*11^2*17^2
19563	5922408960	500	2^9*3^4*5^1*13^4
19564	5922637448	180	2^3*7^2*13^4*23^2
19565	5923445760	528	2^10*3^7*5^1*23^2
19566	5923674288	300	2^4*3^3*7^2*23^4
19567	5925685248	396	2^11*3^10*7^2
19568	5929000000	441	2^6*5^6*7^2*11^2
19569	5929605000	500	2^3*3^4*5^4*11^4
19570	5930074800	810	2^4*3^5*5^2*13^2*19^2
19571	5934096000	864	2^7*3^2*5^3*7^2*29^2
19572	5934181500	648	2^2*3^5*5^3*13^2*17^2
19573	5936568540	252	2^2*3^1*5^1*7^6*29^2
19574	5938389600	540	2^5*3^1*5^2*11^4*13^2
19575	5938860096	315	2^6*3^2*13^4*19^2
19576	5939899776	432	2^7*3^5*19^2*23^2
19577	5940863929	75	7^4*11^4*13^2
19578	5941406250	180	2^1*3^2*5^9*13^2
19579	5942352108	270	2^2*3^1*7^2*11^2*17^4
19580	5946260544	567	2^6*3^8*7^2*17^2
19581	5948228352	270	2^8*3^1*11^4*23^2
19582	5948233210	28	2^1*5^1*29^6
19583	5950579600	405	2^4*5^2*7^2*19^2*29^2
19584	5951186802	270	2^1*3^4*11^2*19^2*29^2
19585	5952503808	228	2^18*3^3*29^2
19586	5953500000	756	2^5*3^5*5^6*7^2
19587	5954107500	450	2^2*3^9*5^4*11^2
19588	5955980625	175	3^4*5^4*7^6
19589	5959481138	90	2^1*13^4*17^2*19^2
19590	5959531204	63	2^2*11^6*29^2
19591	5960524428	324	2^2*3^3*17^2*19^2*23^2
19592	5962320000	1080	2^7*3^2*5^4*7^2*13^2
19593	5962928400	945	2^4*3^6*5^2*11^2*13^2
19594	5964652215	120	3^3*5^1*17^4*23^2
19595	5964804300	378	2^2*3^1*5^2*7^6*13^2
19596	5966907282	210	2^1*3^6*7^2*17^4
19597	5967781250	126	2^1*5^6*19^2*23^2
19598	5970037500	648	2^2*3^3*5^5*7^2*19^2
19599	5971762368	420	2^6*3^3*11^2*13^4
19600	5972198400	891	2^10*3^2*5^2*7^2*23^2
19601	5972807808	504	2^7*3^6*11^2*23^2
19602	5973172224	252	2^13*3^1*17^2*29^2
19603	5974171875	252	3^3*5^6*7^2*17^2
19604	5974686816	252	2^5*3^1*7^6*23^2
19605	5975778483	90	3^9*19^2*29^2
19606	5976524450	90	2^1*5^2*13^2*29^4
19607	5978711250	150	2^1*3^14*5^4
19608	5979018375	112	3^3*5^3*11^6
19609	5979492090	540	2^1*3^4*5^1*11^2*13^2*19^2
19610	5980815360	456	2^18*3^3*5^1*13^2
19611	5983022500	405	2^2*5^4*7^2*13^2*17^2
19612	5983546800	810	2^4*3^1*5^2*7^2*11^2*29^2
19613	5984157366	180	2^1*3^5*11^4*29^2
19614	5986426384	75	2^4*23^2*29^4
19615	5987568600	432	2^3*3^11*5^2*13^2
19616	5988556800	630	2^13*3^4*5^2*19^2
19617	5988787840	432	2^7*5^1*7^2*19^2*23^2
19618	5991052032	540	2^8*3^3*7^4*19^2
19619	5992497654	180	2^1*3^1*11^2*13^4*17^2
19620	5992704000	720	2^11*3^4*5^3*17^2
19621	5992935200	486	2^5*5^2*7^2*17^2*23^2
19622	5993546724	405	2^2*3^4*11^2*17^2*23^2
19623	5995200960	840	2^6*3^3*5^1*7^4*17^2
19624	5996439072	270	2^5*3^8*13^4
19625	5996953600	225	2^14*5^2*11^4
19626	5997428736	288	2^15*3^1*13^2*19^2
19627	5997488832	252	2^6*3^11*23^2
19628	6000000000	220	2^10*3^1*5^9
19629	6000843750	252	2^1*3^1*5^6*11^2*23^2
19630	6002500000	240	2^5*5^7*7^4
19631	6004200735	180	3^9*5^1*13^2*19^2
19632	6004950250	120	2^1*5^3*13^4*29^2
19633	6006001500	432	2^2*3^3*5^3*23^2*29^2
19634	6008272200	756	2^3*3^6*5^2*7^2*29^2
19635	6008885289	99	3^10*11^2*29^2
19636	6009350400	729	2^8*3^2*5^2*17^2*19^2
19637	6011854296	360	2^3*3^1*7^4*17^2*19^2
19638	6012006000	1080	2^4*3^1*5^3*7^2*11^2*13^2
19639	6017173344	648	2^5*3^3*7^2*13^2*29^2
19640	6017260041	105	3^6*13^4*17^2
19641	6018313446	180	2^1*3^9*17^2*23^2
19642	6021120000	510	2^16*3^1*5^4*7^2
19643	6021734400	756	2^13*3^5*5^2*11^2
19644	6021872768	56	2^7*19^6
19645	6023628800	252	2^11*5^2*7^6
19646	6024243456	675	2^8*3^4*7^4*11^2
19647	6025640625	147	3^6*5^6*23^2
19648	6026043040	180	2^5*5^1*17^2*19^4
19649	6030216200	180	2^3*5^2*17^4*19^2
19650	6030655488	432	2^15*3^2*11^2*13^2
19651	6033409690	180	2^1*5^1*7^2*11^4*29^2
19652	6033511250	70	2^1*5^4*13^6
19653	6034392250	56	2^1*5^3*17^6
19654	6034567500	540	2^2*3^3*5^4*13^2*23^2
19655	6036849000	1008	2^3*3^6*5^3*7^2*13^2
19656	6038066307	162	3^1*7^2*13^2*17^2*29^2
19657	6038461440	792	2^10*3^3*5^1*11^2*19^2
19658	6039797760	168	2^27*3^2*5^1
19659	6042643200	972	2^8*3^3*5^2*11^2*17^2
19660	6043507600	225	2^4*5^2*13^4*23^2
19661	6044565600	360	2^5*3^3*5^2*23^4
19662	6045160968	540	2^3*3^2*7^4*11^2*17^2
19663	6046617600	429	2^12*3^10*5^2
19664	6047084169	75	3^2*7^4*23^4
19665	6049137024	400	2^7*3^9*7^4
19666	6050000000	216	2^7*5^8*11^2
19667	6051595264	297	2^10*11^2*13^2*17^2
19668	6053520512	120	2^7*13^2*23^4
19669	6053618025	405	3^4*5^2*7^2*13^2*19^2
19670	6055234944	240	2^7*3^1*11^2*19^4
19671	6055575552	360	2^14*3^7*13^2
19672	6056574976	75	2^24*19^2
19673	6058341135	324	3^5*5^1*7^2*11^2*29^2
19674	6061356060	180	2^2*3^1*5^1*19^2*23^4
19675	6062106050	270	2^1*5^2*7^2*11^4*13^2
19676	6062586348	270	2^2*3^1*7^2*13^4*19^2
19677	6063413760	540	2^9*3^8*5^1*19^2
19678	6063624600	360	2^3*3^1*5^2*11^2*17^4
19679	6063647688	540	2^3*3^4*7^2*19^2*23^2
19680	6065553675	90	3^1*5^2*17^2*23^4
19681	6066784815	180	3^1*5^1*7^2*13^4*17^2
19682	6067612800	648	2^7*3^8*5^2*17^2
19683	6067846890	540	2^1*3^4*5^1*7^2*17^2*23^2
19684	6070140972	360	2^2*3^7*7^4*17^2
19685	6071296000	504	2^13*5^3*7^2*11^2
19686	6072020000	270	2^5*5^4*19^2*29^2
19687	6072149776	225	2^4*7^2*11^4*23^2
19688	6075000000	378	2^6*3^5*5^8
19689	6075234375	144	3^1*5^7*7^2*23^2
19690	6076225000	216	2^3*5^5*17^2*29^2
19691	6076514304	405	2^14*3^2*7^2*29^2
19692	6076601856	540	2^9*3^5*13^2*17^2
19693	6077531250	350	2^1*3^4*5^6*7^4
19694	6080256576	245	2^6*3^6*19^4
19695	6084000000	567	2^8*3^2*5^6*13^2
19696	6086535000	600	2^3*3^1*5^4*7^4*13^2
19697	6087156075	486	3^5*5^2*7^2*11^2*13^2
19698	6088680900	315	2^2*3^6*5^2*17^4
19699	6088781952	360	2^7*3^2*11^4*19^2
19700	6090085521	135	3^4*13^2*23^2*29^2
19701	6090129408	150	2^24*3^1*11^2
19702	6092998560	540	2^5*3^2*5^1*11^4*17^2
19703	6094080000	540	2^11*3^2*5^4*23^2
19704	6096093750	216	2^1*3^3*5^8*17^2
19705	6096174084	405	2^2*3^2*7^2*11^2*13^4
19706	6096384000	936	2^12*3^5*5^3*7^2
19707	6096619200	630	2^6*3^1*5^2*7^4*23^2
19708	6097241304	648	2^3*3^5*7^2*11^2*23^2
19709	6097613312	270	2^9*7^2*17^2*29^2
19710	6097701168	300	2^4*3^3*13^2*17^4
19711	6098924160	560	2^7*3^4*5^1*7^6
19712	6099159458	54	2^1*7^8*23^2
19713	6100900000	324	2^5*5^5*13^2*19^2
19714	6101368578	150	2^1*3^4*17^2*19^4
19715	6103515625	15	5^14
19716	6105125000	252	2^3*5^6*13^2*17^2
19717	6105660000	540	2^5*3^1*5^4*11^2*29^2
19718	6108204025	135	5^2*7^4*11^2*29^2
19719	6108796875	70	3^1*5^6*19^4
19720	6109923556	135	2^2*11^4*17^2*19^2
19721	6110907840	280	2^6*3^3*5^1*29^4
19722	6113318400	1080	2^9*3^3*5^2*7^2*19^2
19723	6113942208	504	2^6*3^7*11^2*19^2
19724	6115240000	315	2^6*5^4*17^2*23^2
19725	6115295232	168	2^23*3^6
19726	6115865616	315	2^4*3^2*7^6*19^2
19727	6118176240	720	2^4*3^7*5^1*11^2*17^2
19728	6121364886	240	2^1*3^7*7^2*13^4
19729	6122375168	324	2^11*7^2*13^2*19^2
19730	6122436516	297	2^2*3^10*7^2*23^2
19731	6122514816	224	2^7*3^3*11^6
19732	6125625000	480	2^3*3^4*5^7*11^2
19733	6126615040	540	2^9*5^1*7^2*13^2*17^2
19734	6127882584	120	2^3*3^1*19^2*29^4
19735	6130299840	420	2^6*3^1*5^1*7^2*19^4
19736	6130890000	525	2^4*3^6*5^4*29^2
19737	6134545200	810	2^4*3^1*5^2*7^2*17^2*19^2
19738	6135171174	324	2^1*3^5*11^2*17^2*19^2
19739	6136528896	285	2^18*3^4*17^2
19740	6138793500	360	2^2*3^1*5^3*7^2*17^4
19741	6139206432	234	2^5*3^12*19^2
19742	6139972800	756	2^6*3^3*5^2*13^2*29^2
19743	6142531122	270	2^1*3^2*7^4*13^2*29^2
19744	6142640625	189	3^2*5^6*11^2*19^2
19745	6143457960	312	2^3*3^12*5^1*17^2
19746	6143773548	126	2^2*3^1*11^6*17^2
19747	6144000000	252	2^17*3^1*5^6
19748	6144864000	648	2^8*3^1*5^3*11^2*23^2
19749	6146560000	325	2^12*5^4*7^4
19750	6147187200	1350	2^9*3^4*5^2*7^2*11^2
19751	6147424360	360	2^3*5^1*7^4*11^2*23^2
19752	6147814464	315	2^6*3^8*11^4
19753	6147920250	360	2^1*3^4*5^3*19^2*29^2
19754	6149069056	135	2^8*13^4*29^2
19755	6149748528	420	2^4*3^3*7^6*11^2
19756	6150145536	360	2^9*3^3*23^2*29^2
19757	6150937500	240	2^2*3^9*5^7
19758	6156294144	648	2^11*3^1*7^2*11^2*13^2
19759	6157836288	210	2^13*3^2*17^4
19760	6160523121	99	3^10*17^2*19^2
19761	6161292150	324	2^1*3^1*5^2*13^2*17^2*29^2
19762	6161832072	180	2^3*3^2*11^2*29^4
19763	6168531600	1215	2^4*3^2*5^2*7^2*11^2*17^2
19764	6169161042	210	2^1*3^6*11^4*17^2
19765	6169176000	560	2^6*3^3*5^3*13^4
19766	6170256000	672	2^7*3^6*5^3*23^2
19767	6170494050	270	2^1*3^2*5^2*7^2*23^4
19768	6171500208	270	2^4*3^1*17^2*23^2*29^2
19769	6171746490	300	2^1*3^2*5^1*7^4*13^4
19770	6172588800	810	2^8*3^9*5^2*7^2
19771	6172826940	540	2^2*3^5*5^1*7^4*23^2
19772	6173218656	252	2^5*3^13*11^2
19773	6175160712	252	2^3*3^8*7^6
19774	6176671875	140	3^3*5^6*11^4
19775	6177161250	450	2^1*3^4*5^4*13^2*19^2
19776	6179217664	63	2^8*17^6
19777	6181350000	540	2^4*3^1*5^5*7^2*29^2
19778	6181385672	180	2^3*7^2*11^2*19^4
19779	6181733376	693	2^10*3^6*7^2*13^2
19780	6185666410	324	2^1*5^1*7^2*11^2*17^2*19^2
19781	6185822500	225	2^2*5^4*11^4*13^2
19782	6186312600	360	2^3*3^1*5^2*13^4*19^2
19783	6187294188	120	2^2*3^7*29^4
19784	6187395600	675	2^4*3^4*5^2*19^2*23^2
19785	6191139240	648	2^3*3^2*5^1*11^2*13^2*29^2
19786	6194021400	864	2^3*3^7*5^2*7^2*17^2
19787	6194653443	108	3^11*11^2*17^2
19788	6196071200	270	2^5*5^2*11^4*23^2
19789	6196562112	378	2^6*3^1*13^2*19^2*23^2
19790	6198413760	840	2^6*3^3*5^1*7^2*11^4
19791	6198727824	95	2^4*3^18
19792	6200524800	432	2^15*3^2*5^2*29^2
19793	6200853360	540	2^4*3^1*5^1*13^2*17^2*23^2
19794	6201562500	405	2^2*3^4*5^8*7^2
19795	6203108352	330	2^10*3^1*7^4*29^2
19796	6203197728	810	2^5*3^4*7^2*13^2*17^2
19797	6204582810	180	2^1*3^2*5^1*19^4*23^2
19798	6206928588	270	2^2*3^5*7^2*19^4
19799	6208336849	81	11^2*13^2*19^2*29^2
19800	6210750000	630	2^4*3^1*5^6*7^2*13^2
19801	6211227015	324	3^5*5^1*7^2*17^2*19^2
19802	6211383750	540	2^1*3^5*5^4*11^2*13^2
19803	6215631576	360	2^3*3^1*7^2*11^4*19^2
19804	6216722460	432	2^2*3^7*5^1*13^2*29^2
19805	6217007104	189	2^20*7^2*11^2
19806	6220585800	540	2^3*3^2*5^2*11^2*13^4
19807	6221040000	720	2^7*3^1*5^4*7^2*23^2
19808	6221674800	810	2^4*3^5*5^2*11^2*23^2
19809	6222054400	297	2^10*5^2*17^2*29^2
19810	6223632100	189	2^2*5^2*7^6*23^2
19811	6224027040	972	2^5*3^8*5^1*7^2*11^2
19812	6224736609	135	3^2*7^2*13^2*17^4
19813	6230016000	576	2^15*3^2*5^3*13^2
19814	6230892096	567	2^6*3^2*11^2*13^2*23^2
19815	6232611840	660	2^10*3^1*5^1*7^4*13^2
19816	6232861250	270	2^1*5^4*7^2*11^2*29^2
19817	6237050625	165	3^10*5^4*13^2
19818	6238080000	660	2^10*3^3*5^4*19^2
19819	6240679200	810	2^5*3^2*5^2*7^4*19^2
19820	6241316004	567	2^2*3^6*7^2*11^2*19^2
19821	6242400000	648	2^8*3^3*5^5*17^2
19822	6242697216	360	2^19*3^5*7^2
19823	6242732067	90	3^1*11^4*13^2*29^2
19824	6243279483	54	3^1*7^8*19^2
19825	6245001000	720	2^3*3^2*5^3*7^4*17^2
19826	6246290700	360	2^2*3^7*5^2*13^4
19827	6247321600	351	2^12*5^2*13^2*19^2
19828	6247384200	396	2^3*3^10*5^2*23^2
19829	6249746160	420	2^4*3^13*5^1*7^2
19830	6250000000	96	2^7*5^11
19831	6250067208	252	2^3*3^2*7^2*11^6
19832	6252195840	468	2^12*3^1*5^1*11^2*29^2
19833	6252527138	162	2^1*11^2*13^2*17^2*23^2
19834	6255544464	175	2^4*3^4*13^6
19835	6256639584	432	2^5*3^7*13^2*23^2
19836	6257672192	144	2^15*19^2*23^2
19837	6258616875	270	3^5*5^4*7^2*29^2
19838	6259740000	540	2^5*3^1*5^4*17^2*19^2
19839	6262005760	252	2^13*5^1*17^2*23^2
19840	6262348225	135	5^2*7^4*17^2*19^2
19841	6262506250	324	2^1*5^5*7^2*11^2*13^2
19842	6264373248	540	2^14*3^3*7^2*17^2
19843	6267106566	216	2^1*3^11*7^2*19^2
19844	6267888900	729	2^2*3^2*5^2*7^2*13^2*29^2
19845	6272000000	294	2^13*5^6*7^2
19846	6272424015	100	3^1*5^1*11^4*13^4
19847	6272640000	825	2^10*3^4*5^4*11^2
19848	6273522090	300	2^1*3^4*5^1*11^4*23^2
19849	6275253600	1080	2^5*3^3*5^2*7^4*11^2
19850	6275893932	360	2^2*3^7*7^2*11^4
19851	6277868289	81	3^2*7^8*11^2
19852	6278031360	504	2^11*3^6*5^1*29^2
19853	6278273568	486	2^5*3^2*7^2*23^2*29^2
19854	6278364027	162	3^5*13^2*17^2*23^2
19855	6281932800	702	2^12*3^1*5^2*11^2*13^2
19856	6284550272	360	2^7*7^4*11^2*13^2
19857	6286124544	300	2^9*3^1*7^2*17^4
19858	6288384375	324	3^5*5^5*7^2*13^2
19859	6290064000	864	2^7*3^2*5^3*11^2*19^2
19860	6291456000	200	2^24*3^1*5^3
19861	6292340736	288	2^15*3^1*11^2*23^2
19862	6292684860	540	2^2*3^1*5^1*7^4*11^2*19^2
19863	6294077440	200	2^19*5^1*7^4
19864	6294420000	810	2^5*3^2*5^4*11^2*17^2
19865	6295470336	405	2^8*3^4*19^2*29^2
19866	6296422500	225	2^2*3^2*5^4*23^4
19867	6297042675	270	3^1*5^2*7^4*11^2*17^2
19868	6298560000	500	2^9*3^9*5^4
19869	6299445735	180	3^9*5^1*11^2*23^2
19870	6300073129	81	7^2*17^2*23^2*29^2
19871	6301184400	675	2^4*3^8*5^2*7^4
19872	6301827378	234	2^1*3^12*7^2*11^2
19873	6304297472	150	2^9*11^4*29^2
19874	6307536400	225	2^4*5^2*11^2*19^4
19875	6307891200	756	2^11*3^6*5^2*13^2
19876	6308134560	972	2^5*3^2*5^1*7^2*13^2*23^2
19877	6310519488	630	2^6*3^5*7^4*13^2
19878	6316056000	672	2^6*3^7*5^3*19^2
19879	6316275625	75	5^4*11^2*17^4
19880	6316299675	324	3^3*5^2*7^2*19^2*23^2
19881	6317236224	280	2^13*3^3*13^4
19882	6317329608	324	2^3*3^2*17^2*19^2*29^2
19883	6318342144	315	2^14*3^6*23^2
19884	6318687690	420	2^1*3^6*5^1*7^4*19^2
19885	6320430000	600	2^4*3^7*5^4*17^2
19886	6321704490	180	2^1*3^2*5^1*17^4*29^2
19887	6325657156	243	2^2*7^2*13^2*19^2*23^2
19888	6327867987	54	3^17*7^2
19889	6328125000	220	2^3*3^4*5^10
19890	6329702400	648	2^11*3^1*5^2*7^2*29^2
19891	6329793600	945	2^6*3^4*5^2*13^2*17^2
19892	6330348288	486	2^8*3^5*11^2*29^2
19893	6332339776	147	2^6*7^6*29^2
19894	6332431014	360	2^1*3^3*7^4*13^2*17^2
19895	6333600600	360	2^3*3^5*5^2*19^4
19896	6334282240	300	2^9*5^1*11^4*13^2
19897	6337500000	324	2^5*3^1*5^8*13^2
19898	6339171072	270	2^8*3^1*13^4*17^2
19899	6340140625	105	5^6*7^4*13^2
19900	6340280832	450	2^9*3^4*17^2*23^2
19901	6342481200	450	2^4*3^1*5^2*11^4*19^2
19902	6342983712	270	2^5*3^2*13^2*19^4
19903	6343884800	198	2^21*5^2*11^2
19904	6346873500	360	2^2*3^1*5^3*11^4*17^2
19905	6347376360	648	2^3*3^2*5^1*13^2*17^2*19^2
19906	6348000000	378	2^8*3^1*5^6*23^2
19907	6350400000	900	2^9*3^4*5^5*7^2
19908	6350645000	300	2^3*5^4*7^4*23^2
19909	6351193935	56	3^3*5^1*19^6
19910	6351293025	405	3^4*5^2*7^2*11^2*23^2
19911	6351772050	270	2^1*3^2*5^2*13^2*17^4
19912	6352328664	432	2^3*3^3*11^2*17^2*29^2
19913	6353046000	560	2^4*3^3*5^3*7^6
19914	6354349587	60	3^3*23^4*29^2
19915	6356506752	264	2^7*3^10*29^2
19916	6360062500	189	2^2*5^6*11^2*29^2
19917	6360456960	972	2^8*3^5*5^1*11^2*13^2
19918	6360702348	486	2^2*3^1*7^2*11^2*13^2*23^2
19919	6362295696	225	2^4*3^2*17^4*23^2
19920	6365007961	45	13^2*17^2*19^4
19921	6365529000	240	2^3*3^2*5^3*29^4
19922	6368040000	945	2^6*3^2*5^4*7^2*19^2
19923	6368689800	756	2^3*3^6*5^2*11^2*19^2
19924	6370099200	378	2^20*3^5*5^2
19925	6370344960	540	2^14*3^1*5^1*7^2*23^2
19926	6370693350	252	2^1*3^1*5^2*7^6*19^2
19927	6372753408	400	2^15*3^4*7^4
19928	6373100250	504	2^1*3^6*5^3*11^2*17^2
19929	6377619600	315	2^4*3^2*5^2*11^6
19930	6378124896	648	2^5*3^3*11^2*13^2*19^2
19931	6378577956	243	2^2*3^8*17^2*29^2
19932	6379536384	207	2^22*3^2*13^2
19933	6380859375	120	3^3*5^9*11^2
19934	6383211025	45	5^2*19^2*29^4
19935	6384572415	120	3^3*5^1*13^2*23^4
19936	6385729000	240	2^3*5^3*7^2*19^4
19937	6385868307	84	3^3*7^2*13^6
19938	6386343750	252	2^1*3^5*5^6*29^2
19939	6386739840	528	2^7*3^10*5^1*13^2
19940	6386986242	378	2^1*3^6*7^2*13^2*23^2
19941	6390151250	270	2^1*5^4*7^2*17^2*19^2
19942	6392217600	576	2^15*3^3*5^2*17^2
19943	6394881024	495	2^10*3^2*7^4*17^2
19944	6395006700	324	2^2*3^11*5^2*19^2
19945	6395335210	84	2^1*5^1*11^6*19^2
19946	6395805000	540	2^3*3^2*5^4*13^2*29^2
19947	6399435375	144	3^11*5^3*17^2
19948	6400000000	135	2^14*5^8
19949	6400271163	162	3^1*11^2*13^2*17^2*19^2
19950	6400900000	324	2^5*5^5*11^2*23^2
19951	6401687552	162	2^17*13^2*17^2
19952	6403320000	1260	2^6*3^3*5^4*7^2*11^2
19953	6403973400	480	2^3*3^7*5^2*11^4
19954	6404480784	405	2^4*3^8*13^2*19^2
19955	6405537792	150	2^14*3^1*19^4
19956	6405988050	378	2^1*3^2*5^2*7^6*11^2
19957	6406401600	567	2^6*3^2*5^2*23^2*29^2
19958	6409070934	180	2^1*3^1*7^4*23^2*29^2
19959	6409973760	468	2^12*3^1*5^1*17^2*19^2
19960	6412806400	729	2^8*5^2*7^2*11^2*13^2
19961	6413460768	450	2^5*3^4*11^4*13^2
19962	6414412800	330	2^10*3^1*5^2*17^4
19963	6417085472	150	2^5*7^4*17^4
19964	6418575075	90	3^1*5^2*11^2*29^4
19965	6421762215	180	3^5*5^1*11^4*19^2
19966	6423183360	540	2^17*3^4*5^1*11^2
19967	6423431168	324	2^11*7^2*11^2*23^2
19968	6424197160	216	2^3*5^1*19^2*23^2*29^2
19969	6425553750	540	2^1*3^1*5^4*7^2*11^2*17^2
19970	6426225000	360	2^3*3^2*5^5*13^4
19971	6426625968	540	2^4*3^3*7^2*19^2*29^2
19972	6427350000	540	2^4*3^5*5^5*23^2
19973	6428646050	162	2^1*5^2*17^2*23^2*29^2
19974	6429780000	810	2^5*3^8*5^4*7^2
19975	6430436100	351	2^2*3^12*5^2*11^2
19976	6431076540	648	2^2*3^3*5^1*7^2*17^2*29^2
19977	6432459075	168	3^7*5^2*7^6
19978	6435729729	135	3^2*11^4*13^2*17^2
19979	6438906250	144	2^1*5^7*7^2*29^2
19980	6439305600	1296	2^7*3^5*5^2*7^2*13^2
19981	6439962672	450	2^4*3^9*11^2*13^2
19982	6441025536	405	2^14*3^2*11^2*19^2
19983	6441988644	315	2^2*3^4*7^6*13^2
19984	6442450944	64	2^31*3^1
19985	6444075625	75	5^4*13^4*19^2
19986	6445203750	360	2^1*3^3*5^4*19^2*23^2
19987	6447536640	300	2^9*3^2*5^1*23^4
19988	6448845312	450	2^9*3^2*7^2*13^4
19989	6449103375	216	3^1*5^3*11^2*13^2*29^2
19990	6449725440	340	2^16*3^9*5^1
19991	6449974272	594	2^10*3^5*7^2*23^2
19992	6452105625	315	3^6*5^4*7^2*17^2
19993	6454646406	120	2^1*3^3*13^2*29^4
19994	6454752200	324	2^3*5^2*13^2*19^2*23^2
19995	6456681000	720	2^3*3^2*5^3*7^2*11^4
19996	6457008150	108	2^1*3^17*5^2
19997	6457192560	1080	2^4*3^3*5^1*7^2*13^2*19^2
19998	6458880000	390	2^12*3^1*5^4*29^2
19999	6459222250	216	2^1*5^3*13^2*17^2*23^2
20000	6461571200	360	2^7*5^2*7^4*29^2
20001	6461664300	972	2^2*3^3*5^2*7^2*13^2*17^2
20002	6462230544	675	2^4*3^4*7^2*11^2*29^2
20003	6463390208	270	2^9*11^2*17^2*19^2
20004	6465446464	105	2^6*19^2*23^4
20005	6466574088	180	2^3*3^14*13^2
20006	6467641344	336	2^13*3^7*19^2
20007	6467866240	240	2^7*5^1*11^2*17^4
20008	6469531250	162	2^1*5^8*7^2*13^2
20009	6471237136	225	2^4*7^2*13^4*17^2
20010	6472370016	648	2^5*3^3*7^2*17^2*23^2
20011	6474616225	135	5^2*7^2*11^4*19^2
20012	6475129206	180	2^1*3^1*7^2*13^2*19^4
20013	6476709888	300	2^14*3^3*11^4
20014	6479776875	150	3^1*5^4*11^2*13^4
20015	6480250000	315	2^4*5^6*7^2*23^2
20016	6480911250	450	2^1*3^4*5^4*11^2*23^2
20017	6483361500	864	2^2*3^7*5^3*7^2*11^2
20018	6488933976	360	2^3*3^9*7^2*29^2
20019	6489600000	468	2^12*3^1*5^5*13^2
20020	6490098432	486	2^8*3^5*17^2*19^2
20021	6490512600	648	2^3*3^1*5^2*11^2*13^2*23^2
20022	6492304000	480	2^7*5^3*7^4*13^2
20023	6494592960	420	2^6*3^5*5^1*17^4
20024	6494843523	90	3^1*7^2*17^4*23^2
20025	6498000000	504	2^7*3^2*5^6*19^2
20026	6499198464	300	2^9*3^1*11^4*17^2
20027	6500707500	450	2^2*3^1*5^4*7^4*19^2
20028	6501266112	210	2^6*3^1*11^2*23^4
20029	6502500000	432	2^5*3^2*5^7*17^2
20030	6502809600	765	2^16*3^4*5^2*7^2
20031	6503473152	378	2^13*3^8*11^2
20032	6505209375	180	3^1*5^5*7^4*17^2
20033	6505519104	336	2^11*3^3*7^6
20034	6507691875	150	3^9*5^4*23^2
20035	6510152250	312	2^1*3^12*5^3*7^2
20036	6510486675	126	3^1*5^2*7^2*11^6
20037	6511002498	486	2^1*3^2*7^2*11^2*13^2*19^2
20038	6512443392	342	2^18*3^1*7^2*13^2
20039	6512633496	240	2^3*3^3*17^4*19^2
20040	6512704000	360	2^9*5^3*11^2*29^2
20041	6513619849	45	11^4*23^2*29^2
20042	6516192150	168	2^1*3^3*5^2*13^6
20043	6517332900	567	2^2*3^6*5^2*13^2*23^2
20044	6518301696	165	2^10*3^2*29^4
20045	6520562500	189	2^2*5^6*17^2*19^2
20046	6520872960	756	2^13*3^2*5^1*7^2*19^2
20047	6525388800	972	2^11*3^2*5^2*7^2*17^2
20048	6525845768	36	2^3*13^8
20049	6526054656	567	2^8*3^6*11^2*17^2
20050	6526988208	300	2^4*3^3*13^4*23^2
20051	6528107712	294	2^6*3^1*7^6*17^2
20052	6528130848	210	2^5*3^6*23^4
20053	6530347008	182	2^12*3^13
20054	6534000000	672	2^7*3^3*5^6*11^2
20055	6536722500	675	2^2*3^2*5^4*7^4*11^2
20056	6537907467	216	3^7*7^2*13^2*19^2
20057	6538986496	165	2^10*7^2*19^4
20058	6539616000	648	2^8*3^5*5^3*29^2
20059	6539868300	486	2^2*3^1*5^2*7^2*23^2*29^2
20060	6540934688	90	2^5*17^2*29^4
20061	6542340840	600	2^3*3^4*5^1*7^4*29^2
20062	6543680000	450	2^9*5^4*11^2*13^2
20063	6547074534	360	2^1*3^3*7^2*11^4*13^2
20064	6548046400	315	2^6*5^2*7^2*17^4
20065	6548714568	300	2^3*3^4*11^2*17^4
20066	6550797969	75	3^4*17^2*23^4
20067	6552150000	540	2^4*3^1*5^5*11^2*19^2
20068	6553021824	288	2^7*3^11*17^2
20069	6553600000	132	2^21*5^5
20070	6554521600	351	2^12*5^2*11^2*23^2
20071	6556687500	378	2^2*3^1*5^6*11^2*17^2
20072	6557781600	648	2^5*3^3*5^2*19^2*29^2
20073	6560514009	135	3^2*7^4*19^2*29^2
20074	6561000000	441	2^6*3^8*5^6
20075	6563733750	400	2^1*3^7*5^4*7^4
20076	6567496832	216	2^7*13^2*19^2*29^2
20077	6570720000	810	2^8*3^5*5^4*13^2
20078	6570973500	648	2^2*3^1*5^3*7^2*13^2*23^2
20079	6572044960	324	2^5*5^1*13^2*17^2*29^2
20080	6573457800	900	2^3*3^4*5^2*7^4*13^2
20081	6574128561	243	3^8*7^2*11^2*13^2
20082	6575213568	594	2^10*3^1*7^2*11^2*19^2
20083	6575775372	150	2^2*3^9*17^4
20084	6575997660	180	2^2*3^1*5^1*19^4*29^2
20085	6576668672	84	2^27*7^2
20086	6579225000	504	2^3*3^6*5^5*19^2
20087	6579767040	972	2^8*3^1*5^1*7^2*11^2*17^2
20088	6580454400	495	2^10*3^2*5^2*13^4
20089	6580551675	162	3^1*5^2*17^2*19^2*29^2
20090	6581606400	648	2^11*3^5*5^2*23^2
20091	6583196256	300	2^5*3^1*7^4*13^4
20092	6583781250	294	2^1*3^6*5^6*17^2
20093	6584348736	525	2^6*3^4*7^4*23^2
20094	6591356928	378	2^13*3^2*13^2*23^2
20095	6591796875	52	3^3*5^12
20096	6593440000	405	2^8*5^4*7^2*29^2
20097	6593535000	720	2^3*3^3*5^4*13^2*17^2
20098	6594112800	810	2^5*3^4*5^2*11^2*29^2
20099	6596860347	180	3^3*7^4*11^2*29^2
20100	6597500625	125	3^4*5^4*19^4
20101	6598733440	240	2^7*5^1*13^4*19^2
20102	6599888640	648	2^8*3^3*5^1*19^2*23^2
20103	6601562500	99	2^2*5^10*13^2
20104	6602383872	630	2^9*3^6*7^2*19^2
20105	6603303200	270	2^5*5^2*13^4*17^2
20106	6603881856	432	2^7*3^1*11^2*13^2*29^2
20107	6604459200	756	2^6*3^3*5^2*17^2*23^2
20108	6606751250	150	2^1*5^4*11^4*19^2
20109	6606956160	1008	2^7*3^6*5^1*7^2*17^2
20110	6607211058	270	2^1*3^2*7^4*17^2*23^2
20111	6607274700	270	2^2*3^1*5^2*13^2*19^4
20112	6611641344	495	2^10*3^2*7^2*11^4
20113	6611850375	216	3^1*5^3*13^2*17^2*19^2
20114	6612500000	162	2^5*5^8*23^2
20115	6614243584	243	2^8*13^2*17^2*23^2
20116	6615000000	672	2^6*3^3*5^7*7^2
20117	6617009025	243	3^2*5^2*11^2*17^2*29^2
20118	6617756250	252	2^1*3^2*5^5*7^6
20119	6618221664	180	2^5*3^1*19^4*23^2
20120	6621361200	450	2^4*3^9*5^2*29^2
20121	6625308816	675	2^4*3^4*7^2*17^2*19^2
20122	6625476000	1080	2^5*3^4*5^3*11^2*13^2
20123	6627391350	180	2^1*3^1*5^2*17^4*23^2
20124	6628236615	360	3^3*5^1*7^4*11^2*13^2
20125	6630759375	60	3^1*5^5*29^4
20126	6631170624	441	2^6*3^6*13^2*29^2
20127	6633375000	504	2^3*3^1*5^6*7^2*19^2
20128	6634051875	270	3^5*5^4*11^2*19^2
20129	6634598432	270	2^5*7^2*11^4*17^2
20130	6635520000	450	2^17*3^4*5^4
20131	6635776000	432	2^11*5^3*7^2*23^2
20132	6636709156	135	2^2*7^2*11^2*23^4
20133	6638284800	780	2^12*3^3*5^2*7^4
20134	6638962176	720	2^9*3^7*7^2*11^2
20135	6641050752	216	2^7*3^2*7^8
20136	6643353750	140	2^1*3^1*5^4*11^6
20137	6643880100	729	2^2*3^2*5^2*11^2*13^2*19^2
20138	6645350400	360	2^19*3^1*5^2*13^2
20139	6648119296	225	2^14*7^4*13^2
20140	6649063740	360	2^2*3^3*5^1*11^4*29^2
20141	6652854000	600	2^4*3^9*5^3*13^2
20142	6654099648	210	2^6*3^1*7^2*29^4
20143	6654195522	270	2^1*3^4*13^2*17^2*29^2
20144	6654887712	486	2^5*3^2*11^2*19^2*23^2
20145	6656360448	138	2^22*3^1*23^2
20146	6658560000	585	2^12*3^2*5^4*17^2
20147	6659496360	648	2^3*3^2*5^1*11^2*17^2*23^2
20148	6661334400	720	2^7*3^1*5^2*7^4*17^2
20149	6662014128	810	2^4*3^5*7^2*11^2*17^2
20150	6662296875	126	3^1*5^6*13^2*29^2
20151	6662967129	135	3^2*7^2*13^4*23^2
20152	6664109956	81	2^2*7^8*17^2
20153	6664133574	180	2^1*3^5*7^2*23^4
20154	6666395904	351	2^8*3^12*7^2
20155	6669008896	153	2^16*11^2*29^2
20156	6670125000	756	2^3*3^2*5^6*7^2*11^2
20157	6670805625	175	3^6*5^4*11^4
20158	6671334150	432	2^1*3^7*5^2*13^2*19^2
20159	6672435200	180	2^11*5^2*19^4
20160	6673335000	360	2^3*3^1*5^4*23^2*29^2
20161	6676539210	324	2^1*3^8*5^1*11^2*29^2
20162	6677056000	360	2^9*5^3*17^2*19^2
20163	6677994961	81	11^2*17^2*19^2*23^2
20164	6680688300	540	2^2*3^3*5^2*11^4*13^2
20165	6681217608	300	2^3*3^4*13^4*19^2
20166	6681680000	200	2^7*5^4*17^4
20167	6682387248	360	2^4*3^7*19^2*23^2
20168	6685748160	756	2^6*3^1*5^1*7^2*13^2*29^2
20169	6685844490	300	2^1*3^4*5^1*13^4*17^2
20170	6687014940	432	2^2*3^7*5^1*17^2*23^2
20171	6689543112	396	2^3*3^10*7^2*17^2
20172	6690585616	125	2^4*11^4*13^4
20173	6690816000	720	2^14*3^3*5^3*11^2
20174	6691756896	360	2^5*3^3*11^4*23^2
20175	6693603840	900	2^9*3^2*5^1*7^4*11^2
20176	6693984375	80	3^1*5^7*13^4
20177	6694402050	486	2^1*3^2*5^2*7^2*19^2*29^2
20178	6695156250	240	2^1*3^4*5^7*23^2
20179	6696566784	288	2^15*3^5*29^2
20180	6697687500	504	2^2*3^7*5^6*7^2
20181	6704128215	84	3^13*5^1*29^2
20182	6707610000	1125	2^4*3^4*5^4*7^2*13^2
20183	6708294450	486	2^1*3^8*5^2*11^2*13^2
20184	6709401600	648	2^11*3^1*5^2*11^2*19^2
20185	6710886400	87	2^28*5^2
20186	6712197184	315	2^6*7^4*11^2*19^2
20187	6714992163	90	3^1*11^4*17^2*23^2
20188	6716184000	280	2^6*3^1*5^3*23^4
20189	6717547200	630	2^6*3^1*5^2*7^2*13^4
20190	6718232664	360	2^3*3^5*11^2*13^4
20191	6718464000	504	2^13*3^8*5^3
20192	6718723200	1080	2^7*3^4*5^2*7^2*23^2
20193	6718982410	100	2^1*5^1*7^4*23^4
20194	6719408784	405	2^4*3^8*11^2*23^2
20195	6719818752	396	2^10*3^3*17^2*29^2
20196	6720346178	70	2^1*7^6*13^4
20197	6721263360	720	2^8*3^7*5^1*7^4
20198	6721522668	252	2^2*3^3*7^6*23^2
20199	6725709375	180	3^1*5^5*7^2*11^4
20200	6726242250	648	2^1*3^2*5^3*7^2*13^2*19^2
20201	6728000000	210	2^9*5^6*29^2
20202	6728676864	540	2^9*3^1*7^2*13^2*23^2
20203	6731490150	648	2^1*3^3*5^2*7^2*11^2*29^2
20204	6734729682	90	2^1*3^2*23^2*29^4
20205	6736014675	126	3^13*5^2*13^2
20206	6737126400	693	2^10*3^6*5^2*19^2
20207	6739933536	540	2^5*3^5*7^4*19^2
20208	6741462728	324	2^3*7^2*11^2*13^2*29^2
20209	6742052100	729	2^2*3^2*5^2*7^2*17^2*23^2
20210	6743151456	180	2^5*3^1*17^4*29^2
20211	6745993956	165	2^2*3^10*13^4
20212	6746572800	540	2^11*3^2*5^2*11^4
20213	6747107328	468	2^12*3^3*13^2*19^2
20214	6747174936	168	2^3*3^13*23^2
20215	6749383872	350	2^6*3^1*7^4*11^4
20216	6751682560	288	2^15*5^1*7^2*29^2
20217	6751779840	792	2^10*3^3*5^1*13^2*17^2
20218	6755840640	400	2^7*3^4*5^1*19^4
20219	6756101282	90	2^1*7^2*19^4*23^2
20220	6759306225	243	3^8*5^2*7^2*29^2
20221	6760000000	240	2^9*5^7*13^2
20222	6760519200	810	2^5*3^4*5^2*17^2*19^2
20223	6760950625	135	5^4*11^2*13^2*23^2
20224	6763336083	180	3^3*7^4*17^2*19^2
20225	6765201000	400	2^3*3^4*5^3*17^4
20226	6766761690	324	2^1*3^2*5^1*13^2*23^2*29^2
20227	6768750000	270	2^4*3^1*5^8*19^2
20228	6769320012	486	2^2*3^5*7^2*13^2*29^2
20229	6769998400	315	2^6*5^2*11^4*17^2
20230	6770534784	432	2^7*3^1*13^2*17^2*19^2
20231	6772152200	180	2^3*5^2*11^2*23^4
20232	6773437500	180	2^2*3^1*5^9*17^2
20233	6773526760	360	2^3*5^1*7^2*11^2*13^4
20234	6773760000	840	2^13*3^3*5^4*7^2
20235	6774451200	792	2^10*3^7*5^2*11^2
20236	6774606864	105	2^4*3^2*19^6
20237	6774712560	1080	2^4*3^3*5^1*7^2*11^2*23^2
20238	6776582400	567	2^8*3^2*5^2*7^6
20239	6777273888	630	2^5*3^6*7^4*11^2
20240	6779405976	88	2^3*3^1*7^10
20241	6783795200	432	2^15*5^2*7^2*13^2
20242	6783993225	135	3^2*5^2*17^4*19^2
20243	6784487424	585	2^12*3^4*11^2*13^2
20244	6789897600	240	2^7*3^1*5^2*29^4
20245	6792576000	792	2^10*3^1*5^3*7^2*19^2
20246	6792726724	75	2^2*7^4*29^4
20247	6793531206	324	2^1*3^1*7^2*11^2*19^2*23^2
20248	6795034624	171	2^18*7^2*23^2
20249	6795406240	252	2^5*5^1*7^6*19^2
20250	6797280000	810	2^8*3^1*5^4*7^2*17^2
20251	6797973600	972	2^5*3^5*5^2*11^2*17^2
20252	6798946050	270	2^1*3^2*5^2*13^4*23^2
20253	6800112200	252	2^3*5^2*7^6*17^2
20254	6800136300	270	2^2*3^5*5^2*23^4
20255	6800806089	225	3^4*7^4*11^2*17^2
20256	6801516540	540	2^2*3^5*5^1*7^2*13^4
20257	6802444800	390	2^9*3^12*5^2
20258	6802707240	648	2^3*3^8*5^1*7^2*23^2
20259	6802794240	252	2^8*3^1*5^1*11^6
20260	6805279152	300	2^4*3^11*7^4
20261	6806250000	405	2^4*3^2*5^8*11^2
20262	6808044672	648	2^7*3^2*11^2*13^2*17^2
20263	6810210576	225	2^4*3^2*13^2*23^4
20264	6812100000	540	2^5*3^4*5^5*29^2
20265	6812139312	300	2^4*3^3*11^2*19^4
20266	6812522496	360	2^11*3^9*13^2
20267	6813646848	198	2^21*3^2*19^2
20268	6814938375	240	3^3*5^3*7^4*29^2
20269	6816856860	648	2^2*3^3*5^1*11^2*17^2*19^2
20270	6818365440	360	2^19*3^2*5^1*17^2
20271	6821577675	180	3^3*5^2*11^2*17^4
20272	6821603649	189	3^6*7^2*19^2*23^2
20273	6825156250	144	2^1*5^7*11^2*19^2
20274	6826064400	495	2^4*3^10*5^2*17^2
20275	6830904960	560	2^7*3^6*5^1*11^4
20276	6831022500	405	2^2*3^2*5^4*19^2*29^2
20277	6831168498	270	2^1*3^2*7^2*11^4*23^2
20278	6831683716	135	2^2*11^2*13^2*17^4
20279	6833495040	396	2^10*3^1*5^1*23^2*29^2
20280	6834375000	288	2^3*3^7*5^8
20281	6836078592	540	2^11*3^4*7^2*29^2
20282	6836177088	504	2^6*3^7*13^2*17^2
20283	6837305344	153	2^16*17^2*19^2
20284	6840288648	180	2^3*3^8*19^4
20285	6844500000	630	2^5*3^4*5^6*13^2
20286	6845025690	324	2^1*3^8*5^1*17^2*19^2
20287	6847351875	300	3^3*5^4*7^4*13^2
20288	6849180800	648	2^7*5^2*7^2*11^2*19^2
20289	6849879696	375	2^4*3^4*11^4*19^2
20290	6851395584	264	2^21*3^3*11^2
20291	6853359375	144	3^5*5^7*19^2
20292	6853924000	648	2^5*5^3*7^2*11^2*17^2
20293	6854640000	400	2^7*3^1*5^4*13^4
20294	6855840000	675	2^8*3^4*5^4*23^2
20295	6857496100	225	2^2*5^2*7^4*13^4
20296	6858696600	720	2^3*3^3*5^2*7^4*23^2
20297	6859131840	504	2^6*3^11*5^1*11^2
20298	6859396467	216	3^7*7^2*11^2*23^2
20299	6859484192	54	2^5*11^8
20300	6859814976	567	2^6*3^2*7^2*17^2*29^2
20301	6859913814	180	2^1*3^5*13^2*17^4
20302	6865996800	594	2^10*3^1*5^2*13^2*23^2
20303	6868265625	189	3^2*5^6*13^2*17^2
20304	6868592640	1080	2^11*3^4*5^1*7^2*13^2
20305	6868857632	270	2^5*7^4*13^2*23^2
20306	6868867500	540	2^2*3^3*5^4*11^2*29^2
20307	6874884000	648	2^5*3^2*5^3*19^2*23^2
20308	6875185152	306	2^16*3^1*11^2*17^2
20309	6877372416	140	2^13*3^1*23^4
20310	6877483200	1134	2^6*3^5*5^2*7^2*19^2
20311	6877748535	180	3^1*5^1*7^4*19^2*23^2
20312	6878184984	360	2^3*3^9*11^2*19^2
20313	6879043600	405	2^4*5^2*11^2*13^2*29^2
20314	6879645000	540	2^3*3^2*5^4*17^2*23^2
20315	6879707136	189	2^20*3^8
20316	6880348818	210	2^1*3^4*7^6*19^2
20317	6882246000	1080	2^4*3^5*5^3*7^2*17^2
20318	6883633778	90	2^1*7^2*17^4*29^2
20319	6887126400	720	2^7*3^1*5^2*7^2*11^4
20320	6887475360	204	2^5*3^16*5^1
20321	6887672064	729	2^8*3^2*7^2*13^2*19^2
20322	6887829168	210	2^4*3^5*11^6
20323	6889996036	105	2^2*7^6*11^4
20324	6890440832	216	2^7*11^2*23^2*29^2
20325	6890625000	360	2^3*3^2*5^9*7^2
20326	6893867907	60	3^3*19^2*29^4
20327	6893980900	135	2^2*5^2*19^4*23^2
20328	6897251250	270	2^1*3^8*5^4*29^2
20329	6901363350	648	2^1*3^3*5^2*7^2*17^2*19^2
20330	6901537500	648	2^2*3^3*5^5*11^2*13^2
20331	6903595008	336	2^15*3^6*17^2
20332	6906607236	135	2^2*3^14*19^2
20333	6907469400	648	2^3*3^5*5^2*13^2*29^2
20334	6909765625	81	5^8*7^2*19^2
20335	6911587592	324	2^3*7^2*13^2*17^2*19^2
20336	6912000000	420	2^14*3^3*5^6
20337	6914880000	750	2^9*3^2*5^4*7^4
20338	6915585600	1323	2^6*3^6*5^2*7^2*11^2
20339	6915744507	42	3^1*7^2*19^6
20340	6916291272	220	2^3*3^10*11^4
20341	6916374010	180	2^1*5^1*7^2*13^2*17^4
20342	6917702688	270	2^5*3^2*13^4*29^2
20343	6917761200	270	2^4*3^1*5^2*7^8
20344	6918467094	252	2^1*3^5*7^6*11^2
20345	6918913728	378	2^6*3^5*23^2*29^2
20346	6922240000	255	2^16*5^4*13^2
20347	6923213440	432	2^7*5^1*11^2*13^2*23^2
20348	6925830912	972	2^8*3^3*7^2*11^2*13^2
20349	6926656815	216	3^3*5^1*13^2*19^2*29^2
20350	6927565824	275	2^10*3^4*17^4
20351	6930056250	324	2^1*3^8*5^5*13^2
20352	6931353800	180	2^3*5^2*7^2*29^4
20353	6932061081	75	3^4*11^2*29^4
20354	6932174700	486	2^2*3^1*5^2*11^2*19^2*23^2
20355	6933708800	180	2^19*5^2*23^2
20356	6934795560	1080	2^3*3^4*5^1*7^2*11^2*19^2
20357	6936000000	420	2^9*3^1*5^6*17^2
20358	6936330240	504	2^20*3^3*5^1*7^2
20359	6936975375	216	3^1*5^3*11^2*17^2*23^2
20360	6938890000	375	2^4*5^4*7^4*17^2
20361	6939598050	810	2^1*3^4*5^2*7^2*11^2*17^2
20362	6941722489	45	13^4*17^2*29^2
20363	6942937734	216	2^1*3^3*17^2*23^2*29^2
20364	6944162400	648	2^5*3^11*5^2*7^2
20365	6944870988	144	2^2*3^15*11^2
20366	6947055801	77	3^10*7^6
20367	6948046875	162	3^1*5^8*7^2*11^2
20368	6949878936	648	2^3*3^1*7^2*11^2*13^2*17^2
20369	6950604960	252	2^5*3^2*5^1*13^6
20370	6951390625	63	5^6*23^2*29^2
20371	6951619872	126	2^5*3^2*17^6
20372	6951821760	756	2^6*3^5*5^1*13^2*23^2
20373	6952089963	90	3^1*7^2*13^2*23^4
20374	6954058881	135	3^2*7^2*11^2*19^4
20375	6954450048	648	2^7*3^8*7^2*13^2
20376	6955597824	324	2^17*3^1*7^2*19^2
20377	6959601675	180	3^3*5^2*13^4*19^2
20378	6960820050	378	2^1*3^6*5^2*19^2*23^2
20379	6963451740	540	2^2*3^9*5^1*7^2*19^2
20380	6964321000	432	2^3*5^3*7^2*13^2*29^2
20381	6968274075	270	3^9*5^2*7^2*17^2
20382	6969600000	648	2^11*3^2*5^5*11^2
20383	6969912196	63	2^2*13^6*19^2
20384	6970580100	405	2^2*3^2*5^2*11^4*23^2
20385	6971132376	432	2^3*3^3*13^2*19^2*23^2
20386	6972504000	840	2^6*3^1*5^3*7^4*11^2
20387	6973568802	42	2^1*3^20
20388	6975409210	108	2^1*5^1*7^8*11^2
20389	6975590400	585	2^12*3^4*5^2*29^2
20390	6975757441	9	17^8
20391	6978496896	480	2^7*3^3*7^4*29^2
20392	6978597444	567	2^2*3^6*7^2*13^2*17^2
20393	6985924608	270	2^14*3^1*13^2*29^2
20394	6987093750	504	2^1*3^3*5^6*7^2*13^2
20395	6988960000	405	2^8*5^4*11^2*19^2
20396	6992585523	180	3^3*7^2*11^4*19^2
20397	6994132992	486	2^17*3^2*7^2*11^2
20398	6994967040	540	2^9*3^2*5^1*19^2*29^2
20399	6996025000	120	2^3*5^5*23^4
20400	6997445000	300	2^3*5^4*7^2*13^4
20401	6998159025	225	3^4*5^2*11^2*13^4
20402	6998400000	528	2^10*3^7*5^5
20403	6998670000	900	2^4*3^3*5^4*7^2*23^2
20404	6999384150	432	2^1*3^7*5^2*11^2*23^2
20405	6999811200	648	2^7*3^2*5^2*17^2*29^2
20406	7001316000	840	2^5*3^6*5^3*7^4
20407	7002727788	270	2^2*3^1*7^4*17^2*29^2
20408	7004233215	108	3^5*5^1*7^8
20409	7008526668	126	2^2*3^1*11^2*13^6
20410	7009038400	567	2^6*5^2*7^2*13^2*23^2
20411	7009753608	540	2^3*3^4*11^2*13^2*23^2
20412	7014397504	105	2^6*19^4*29^2
20413	7017840000	720	2^7*3^5*5^4*19^2
20414	7018418176	351	2^12*7^2*11^2*17^2
20415	7019151360	300	2^14*3^1*5^1*13^4
20416	7020380160	480	2^15*3^4*5^1*23^2
20417	7020651008	150	2^9*7^2*23^4
20418	7020764100	675	2^2*3^4*5^2*7^4*19^2
20419	7023034368	408	2^16*3^7*7^2
20420	7024116100	135	2^2*5^2*17^4*29^2
20421	7027680000	450	2^8*3^1*5^4*11^4
20422	7028236800	810	2^9*3^2*5^2*13^2*19^2
20423	7028307225	117	3^12*5^2*23^2
20424	7030608200	300	2^3*5^2*7^4*11^4
20425	7031165232	450	2^4*3^1*7^4*13^2*19^2
20426	7031325609	105	3^4*7^2*11^6
20427	7033104000	864	2^7*3^2*5^3*13^2*17^2
20428	7036034460	540	2^2*3^1*5^1*7^4*13^2*17^2
20429	7037334000	400	2^4*3^3*5^3*19^4
20430	7037487522	98	2^1*3^6*13^6
20431	7038719532	270	2^2*3^9*13^2*23^2
20432	7039881216	351	2^12*3^2*19^2*23^2
20433	7042207500	540	2^2*3^3*5^4*17^2*19^2
20434	7047084375	120	3^3*5^5*17^4
20435	7047419904	648	2^11*3^5*7^2*17^2
20436	7050781250	66	2^1*5^10*19^2
20437	7052640400	405	2^4*5^2*13^2*17^2*19^2
20438	7053258432	378	2^6*3^1*11^2*19^2*29^2
20439	7054819328	72	2^23*29^2
20440	7056000000	693	2^10*3^2*5^6*7^2
20441	7056720000	840	2^7*3^6*5^4*11^2
20442	7056882150	84	2^1*3^1*5^2*19^6
20443	7056992250	648	2^1*3^2*5^3*7^2*11^2*23^2
20444	7058142960	540	2^4*3^1*5^1*11^2*17^2*29^2
20445	7058940000	420	2^5*3^1*5^4*7^6
20446	7059660300	810	2^2*3^5*5^2*7^4*11^2
20447	7061821494	180	2^1*3^1*7^2*13^4*29^2
20448	7061881225	33	5^2*7^10
20449	7063057764	405	2^2*3^4*7^2*23^2*29^2
20450	7064325248	216	2^7*17^2*19^2*23^2
20451	7067174400	1080	2^9*3^3*5^2*11^2*13^2
20452	7069217440	180	2^5*5^1*17^4*23^2
20453	7070119056	675	2^4*3^2*7^4*11^2*13^2
20454	7071890112	420	2^6*3^3*7^2*17^4
20455	7072810000	125	2^4*5^4*29^4
20456	7075600000	432	2^7*5^5*7^2*19^2
20457	7077644288	180	2^11*11^2*13^4
20458	7078883328	468	2^12*3^3*11^2*23^2
20459	7080500000	378	2^5*5^6*7^2*17^2
20460	7081222500	675	2^2*3^4*5^4*11^2*17^2
20461	7082404128	378	2^5*3^6*19^2*29^2
20462	7085880000	420	2^6*3^11*5^4
20463	7086153375	288	3^7*5^3*7^2*23^2
20464	7086244000	168	2^5*5^3*11^6
20465	7086805440	756	2^6*3^1*5^1*11^2*13^2*19^2
20466	7087308840	504	2^3*3^6*5^1*17^2*29^2
20467	7088373760	144	2^23*5^1*13^2
20468	7088832450	330	2^1*3^10*5^2*7^4
20469	7089843750	132	2^1*3^1*5^10*11^2
20470	7091713200	810	2^4*3^1*5^2*11^2*13^2*17^2
20471	7092334656	315	2^6*3^2*11^4*29^2
20472	7093969350	180	2^1*3^1*5^2*13^2*23^4
20473	7095937500	288	2^2*3^3*5^7*29^2
20474	7095978450	270	2^1*3^2*5^2*11^2*19^4
20475	7096377600	729	2^8*3^8*5^2*13^2
20476	7096445286	84	2^1*3^1*7^2*17^6
20477	7097548800	342	2^18*3^1*5^2*19^2
20478	7099334424	480	2^3*3^7*7^4*13^2
20479	7100506112	210	2^13*7^4*19^2
20480	7102464000	408	2^16*3^1*5^3*17^2
20481	7103462784	432	2^7*3^1*11^2*17^2*23^2
20482	7105423360	360	2^11*5^1*7^4*17^2
20483	7105722672	70	2^4*3^1*23^6
20484	7106890752	330	2^10*3^5*13^4
20485	7106995809	135	3^4*17^2*19^2*29^2
20486	7108134912	324	2^11*3^8*23^2
20487	7110483750	300	2^1*3^9*5^4*17^2
20488	7115526000	600	2^4*3^5*5^3*11^4
20489	7116089760	756	2^5*3^6*5^1*13^2*19^2
20490	7116960818	90	2^1*11^4*17^2*29^2
20491	7118224000	288	2^7*5^3*23^2*29^2
20492	7119140625	77	3^6*5^10
20493	7120915200	972	2^8*3^3*5^2*7^2*29^2
20494	7121017800	756	2^3*3^6*5^2*13^2*17^2
20495	7121641824	432	2^5*3^7*11^2*29^2
20496	7123882248	252	2^3*3^2*7^6*29^2
20497	7125300675	120	3^7*5^2*19^4
20498	7129687500	324	2^2*3^3*5^8*13^2
20499	7131464704	297	2^10*7^2*13^2*29^2
20500	7131567456	360	2^5*3^3*13^4*17^2
20501	7132815936	441	2^6*3^6*17^2*23^2
20502	7135291350	360	2^1*3^3*5^2*11^4*19^2
20503	7135856676	225	2^2*3^4*13^2*19^4
20504	7136870400	513	2^18*3^2*5^2*11^2
20505	7137879852	42	2^2*3^1*29^6
20506	7139844096	420	2^13*3^1*7^4*11^2
20507	7140250000	175	2^4*5^6*13^4
20508	7141500000	504	2^5*3^3*5^6*23^2
20509	7144475625	225	3^2*5^4*7^4*23^2
20510	7144929000	528	2^3*3^10*5^3*11^2
20511	7145640600	648	2^3*3^1*5^2*7^2*17^2*29^2
20512	7145862152	180	2^3*11^4*13^2*19^2
20513	7146369747	162	3^5*11^2*17^2*29^2
20514	7150810810	180	2^1*5^1*11^4*13^2*17^2
20515	7151070096	195	2^4*3^12*29^2
20516	7152080000	360	2^7*5^4*13^2*23^2
20517	7154784000	1296	2^8*3^3*5^3*7^2*13^2
20518	7156329843	50	3^1*13^4*17^4
20519	7156695040	288	2^15*5^1*11^2*19^2
20520	7157582658	150	2^1*3^4*17^4*23^2
20521	7157765160	504	2^3*3^2*5^1*7^6*13^2
20522	7161337500	324	2^2*3^1*5^5*19^2*23^2
20523	7161651200	378	2^13*5^2*11^2*17^2
20524	7163929600	165	2^10*5^2*23^4
20525	7164045000	900	2^3*3^4*5^4*7^2*19^2
20526	7164776025	243	3^8*5^2*11^2*19^2
20527	7166296875	126	3^1*5^6*17^2*23^2
20528	7166361600	432	2^17*3^7*5^2
20529	7169006250	540	2^1*3^4*5^5*7^2*17^2
20530	7169347584	455	2^12*3^6*7^4
20531	7171829340	180	2^2*3^1*5^1*13^2*29^4
20532	7174090000	375	2^4*5^4*7^2*11^4
20533	7174453500	192	2^2*3^15*5^3
20534	7174658400	972	2^5*3^1*5^2*7^2*13^2*19^2
20535	7174822050	210	2^1*3^4*5^2*11^6
20536	7175390508	486	2^2*3^5*11^2*13^2*19^2
20537	7176978432	300	2^19*3^4*13^2
20538	7177647841	63	7^6*13^2*19^2
20539	7177734375	72	3^1*5^11*7^2
20540	7180256160	972	2^5*3^2*5^1*7^2*11^2*29^2
20541	7180359615	324	3^5*5^1*11^2*13^2*17^2
20542	7185451416	168	2^3*3^1*11^6*13^2
20543	7186268160	540	2^14*3^5*5^1*19^2
20544	7186545408	486	2^8*3^1*7^2*19^2*23^2
20545	7191244800	702	2^12*3^5*5^2*17^2
20546	7191522240	756	2^6*3^1*5^1*7^2*17^2*23^2
20547	7194241152	600	2^7*3^4*7^4*17^2
20548	7195280625	225	3^4*5^4*13^2*29^2
20549	7200000000	324	2^11*3^2*5^8
20550	7200201316	243	2^2*7^2*11^2*19^2*29^2
20551	7201898496	405	2^14*3^2*13^2*17^2
20552	7203000000	490	2^6*3^1*5^6*7^4
20553	7203735000	1080	2^3*3^5*5^4*7^2*11^2
20554	7204470075	150	3^9*5^2*11^4
20555	7205040882	198	2^1*3^10*13^2*19^2
20556	7205940300	270	2^2*3^1*5^2*13^4*29^2
20557	7206001250	90	2^1*5^4*7^8
20558	7206230016	240	2^11*3^3*19^4
20559	7207201800	540	2^3*3^4*5^2*23^2*29^2
20560	7209926640	720	2^4*3^7*5^1*7^2*29^2
20561	7214407200	1458	2^5*3^2*5^2*7^2*11^2*13^2
20562	7215143364	315	2^2*3^6*11^4*13^2
20563	7216214400	480	2^7*3^3*5^2*17^4
20564	7217413203	126	3^1*7^6*11^2*13^2
20565	7217879136	324	2^5*3^1*13^2*23^2*29^2
20566	7219221156	225	2^2*3^2*7^4*17^4
20567	7223745375	432	3^3*5^3*7^2*11^2*19^2
20568	7225000000	189	2^6*5^8*17^2
20569	7225344000	648	2^17*3^2*5^3*7^2
20570	7226360064	729	2^8*3^2*7^2*11^2*23^2
20571	7226905088	150	2^9*13^2*17^4
20572	7228354560	364	2^12*3^1*5^1*7^6
20573	7229954214	324	2^1*3^5*7^2*19^2*29^2
20574	7231251648	210	2^6*3^1*17^2*19^4
20575	7233502500	495	2^2*3^10*5^4*7^2
20576	7236259440	300	2^4*3^1*5^1*17^4*19^2
20577	7239457225	243	5^2*7^2*11^2*13^2*17^2
20578	7240091628	270	2^2*3^1*7^2*11^4*29^2
20579	7240213500	168	2^2*3^1*5^3*13^6
20580	7241270700	126	2^2*3^1*5^2*17^6
20581	7241481000	720	2^3*3^4*5^3*13^2*23^2
20582	7242557440	120	2^11*5^1*29^4
20583	7244218800	1080	2^4*3^7*5^2*7^2*13^2
20584	7244958006	216	2^1*3^11*11^2*13^2
20585	7245414400	405	2^14*5^2*7^2*19^2
20586	7246153728	540	2^11*3^4*11^2*19^2
20587	7247757312	116	2^28*3^3
20588	7251171840	900	2^9*3^4*5^1*11^2*17^2
20589	7251451592	324	2^3*7^2*11^2*17^2*23^2
20590	7253758561	21	7^2*23^6
20591	7254950976	525	2^6*3^4*7^2*13^4
20592	7256221056	576	2^7*3^7*7^2*23^2
20593	7256313856	91	2^12*11^6
20594	7260000000	432	2^8*3^1*5^7*11^2
20595	7261596225	243	3^2*5^2*13^2*19^2*23^2
20596	7263025000	360	2^3*5^5*7^4*11^2
20597	7266240000	600	2^9*3^3*5^4*29^2
20598	7267261815	216	3^3*5^1*11^2*23^2*29^2
20599	7269267600	675	2^4*3^2*5^2*7^4*29^2
20600	7270009362	378	2^1*3^6*7^2*11^2*29^2
20601	7271313984	567	2^6*3^2*11^2*17^2*19^2
20602	7272923136	144	2^23*3^1*17^2
20603	7273627272	180	2^3*3^2*19^2*23^4
20604	7274527260	540	2^2*3^1*5^1*7^2*11^4*13^2
20605	7274895849	51	3^16*13^2
20606	7276096512	330	2^10*3^9*19^2
20607	7277004800	324	2^11*5^2*13^2*29^2
20608	7278664410	180	2^1*3^2*5^1*17^2*23^4
20609	7280141778	270	2^1*3^2*7^2*13^4*17^2
20610	7281135360	540	2^8*3^9*5^1*17^2
20611	7281416268	486	2^2*3^5*7^2*17^2*23^2
20612	7285555200	810	2^14*3^1*5^2*7^2*11^2
20613	7286298624	360	2^11*3^5*11^4
20614	7286424000	504	2^6*3^1*5^3*19^2*29^2
20615	7288590848	210	2^9*7^6*11^2
20616	7289061376	135	2^14*23^2*29^2
20617	7289460010	180	2^1*5^1*7^4*19^2*29^2
20618	7290000000	448	2^7*3^6*5^7
20619	7290281250	378	2^1*3^2*5^6*7^2*23^2
20620	7291470000	450	2^4*3^1*5^4*17^2*29^2
20621	7293037500	540	2^2*3^5*5^5*7^4
20622	7296561602	90	2^1*11^2*17^4*19^2
20623	7300050723	108	3^11*7^2*29^2
20624	7301360736	432	2^5*3^7*17^2*19^2
20625	7301826675	324	3^3*5^2*11^2*13^2*23^2
20626	7304587290	756	2^1*3^6*5^1*7^2*11^2*13^2
20627	7310250000	525	2^4*3^4*5^6*19^2
20628	7311598272	420	2^6*3^3*11^4*17^2
20629	7311616000	240	2^11*5^3*13^4
20630	7312644196	135	2^2*11^2*13^4*23^2
20631	7312896000	624	2^12*3^3*5^3*23^2
20632	7313924376	240	2^3*3^3*11^2*23^4
20633	7315660800	882	2^13*3^6*5^2*7^2
20634	7315943040	720	2^7*3^2*5^1*7^4*23^2
20635	7316407296	363	2^10*3^10*11^2
20636	7318708992	378	2^8*3^5*7^6
20637	7320500000	210	2^5*5^6*11^4
20638	7321080000	630	2^6*3^1*5^4*13^2*19^2
20639	7324130450	270	2^1*5^2*7^4*13^2*19^2
20640	7326150000	540	2^4*3^1*5^5*13^2*17^2
20641	7326498816	576	2^15*3^3*7^2*13^2
20642	7326712683	90	3^5*17^4*19^2
20643	7330556250	180	2^1*3^2*5^5*19^4
20644	7333089408	200	2^7*3^4*29^4
20645	7333209600	540	2^9*3^1*5^2*19^2*23^2
20646	7334771535	216	3^11*5^1*7^2*13^2
20647	7336265104	225	2^4*7^4*19^2*23^2
20648	7336985766	100	2^1*3^1*11^4*17^4
20649	7341062400	1215	2^8*3^4*5^2*7^2*17^2
20650	7341576489	27	3^2*13^8
20651	7341811488	486	2^5*3^8*11^2*17^2
20652	7342861734	180	2^1*3^5*13^4*23^2
20653	7344121176	336	2^3*3^3*7^6*17^2
20654	7344147204	135	2^2*3^8*23^4
20655	7346268160	360	2^11*5^1*7^2*11^4
20656	7346640384	160	2^9*3^15
20657	7347144200	324	2^3*5^2*11^2*19^2*29^2
20658	7350000000	432	2^7*3^1*5^8*7^2
20659	7350750000	630	2^4*3^5*5^6*11^2
20660	7351938048	594	2^10*3^1*7^2*13^2*17^2
20661	7352232250	216	2^1*5^3*11^2*17^2*29^2
20662	7353062500	147	2^2*5^6*7^6
20663	7356359808	360	2^7*3^2*7^2*19^4
20664	7358551524	135	2^2*3^2*17^2*29^4
20665	7361454240	972	2^5*3^2*5^1*7^2*17^2*19^2
20666	7361640000	945	2^6*3^2*5^4*11^2*13^2
20667	7364707350	540	2^1*3^1*5^2*7^4*11^2*13^2
20668	7366552200	540	2^3*3^2*5^2*7^2*17^4
20669	7367303889	105	3^6*11^2*17^4
20670	7367967360	720	2^7*3^4*5^1*13^2*29^2
20671	7368251618	162	2^1*7^2*13^2*23^2*29^2
20672	7372149552	210	2^4*3^13*17^2
20673	7373836800	810	2^9*3^2*5^2*11^2*23^2
20674	7376624640	1188	2^10*3^5*5^1*7^2*11^2
20675	7376909232	450	2^4*3^1*7^4*11^2*23^2
20676	7377504300	486	2^2*3^5*5^2*19^2*29^2
20677	7381125000	308	2^3*3^10*5^6
20678	7381902724	135	2^2*7^2*17^2*19^4
20679	7382089000	432	2^3*5^3*11^2*13^2*19^2
20680	7382613375	216	3^5*5^3*17^2*29^2
20681	7387201250	270	2^1*5^4*11^2*13^2*17^2
20682	7387848600	360	2^3*3^1*5^2*11^4*29^2
20683	7388433936	405	2^4*3^2*13^2*19^2*29^2
20684	7392060000	720	2^5*3^7*5^4*13^2
20685	7393280000	240	2^15*5^4*19^2
20686	7395140025	315	3^6*5^2*7^4*13^2
20687	7397115264	864	2^7*3^3*7^2*11^2*19^2
20688	7398400000	252	2^13*5^5*17^2
20689	7398752256	225	2^24*3^2*7^2
20690	7399440400	405	2^4*5^2*11^2*17^2*23^2
20691	7401794450	42	2^1*5^2*23^6
20692	7403011200	600	2^7*3^4*5^2*13^4
20693	7403296810	180	2^1*5^1*7^2*13^4*23^2
20694	7404307200	648	2^8*3^7*5^2*23^2
20695	7404592860	360	2^2*3^3*5^1*7^2*23^4
20696	7406095788	300	2^2*3^3*7^4*13^4
20697	7407106560	660	2^9*3^10*5^1*7^2
20698	7407392328	420	2^3*3^6*7^4*23^2
20699	7412006250	300	2^1*3^4*5^5*11^4
20700	7412593500	648	2^2*3^5*5^3*13^2*19^2
20701	7413978624	140	2^9*3^1*13^6
20702	7415276544	495	2^10*3^4*13^2*23^2
20703	7417620000	810	2^5*3^2*5^4*7^2*29^2
20704	7417726875	270	3^5*5^4*13^2*17^2
20705	7418376900	567	2^2*3^6*5^2*11^2*29^2
20706	7420710675	126	3^1*5^2*7^6*29^2
20707	7422799692	486	2^2*3^1*7^2*11^2*17^2*19^2
20708	7424442368	180	2^19*7^2*17^2
20709	7427681856	567	2^6*3^8*7^2*19^2
20710	7427940135	180	3^1*5^1*7^2*11^2*17^4
20711	7428716100	405	2^2*3^2*5^2*13^4*17^2
20712	7429367088	540	2^4*3^3*11^2*13^2*29^2
20713	7430016600	648	2^3*3^5*5^2*17^2*23^2
20714	7434240000	480	2^15*3^1*5^4*11^2
20715	7435285440	420	2^6*3^1*5^1*11^4*23^2
20716	7437337600	495	2^10*5^2*7^4*11^2
20717	7438096512	600	2^7*3^4*7^2*11^4
20718	7439062500	243	2^2*3^2*5^8*23^2
20719	7440629760	408	2^16*3^3*5^1*29^2
20720	7441024032	486	2^5*3^2*13^2*17^2*23^2
20721	7442634375	180	3^9*5^5*11^2
20722	7443375625	135	5^4*7^2*17^2*29^2
20723	7444196162	50	2^1*13^4*19^4
20724	7445499372	180	2^2*3^3*19^4*23^2
20725	7449031350	216	2^1*3^11*5^2*29^2
20726	7450655535	216	3^3*5^1*17^2*19^2*23^2
20727	7452900000	972	2^5*3^2*5^5*7^2*13^2
20728	7453472418	378	2^1*3^6*7^2*17^2*19^2
20729	7456005375	168	3^1*5^3*7^6*13^2
20730	7460066952	324	2^3*3^8*13^2*29^2
20731	7461298176	252	2^13*3^1*19^2*29^2
20732	7462546875	252	3^3*5^6*7^2*19^2
20733	7463923236	405	2^2*3^2*7^2*11^4*17^2
20734	7464702960	600	2^4*3^3*5^1*11^2*13^4
20735	7464960000	525	2^14*3^6*5^4
20736	7466009760	756	2^5*3^6*5^1*11^2*23^2
20737	7466860921	45	13^2*17^4*23^2
20738	7468070400	900	2^9*3^5*5^2*7^4
20739	7468832448	630	2^6*3^9*7^2*11^2
20740	7471182096	225	2^4*3^4*7^8
20741	7473602500	405	2^2*5^4*7^2*13^2*19^2
20742	7476019200	612	2^16*3^3*5^2*13^2
20743	7479134208	540	2^11*3^2*7^4*13^2
20744	7479433500	648	2^2*3^1*5^3*7^2*11^2*29^2
20745	7484845225	63	5^2*11^6*13^2
20746	7485438246	180	2^1*3^1*11^2*13^4*19^2
20747	7485696000	720	2^11*3^4*5^3*19^2
20748	7485862104	240	2^3*3^3*7^2*29^4
20749	7485984800	486	2^5*5^2*7^2*19^2*23^2
20750	7486748676	405	2^2*3^4*11^2*19^2*23^2
20751	7487094784	95	2^18*13^4
20752	7488405504	240	2^19*3^3*23^2
20753	7488815040	840	2^6*3^3*5^1*7^4*19^2
20754	7490880000	750	2^9*3^4*5^4*17^2
20755	7491169000	432	2^3*5^3*7^2*17^2*23^2
20756	7494001200	900	2^4*3^3*5^2*7^4*17^2
20757	7494765894	432	2^1*3^7*7^2*11^2*17^2
20758	7495548840	360	2^3*3^8*5^1*13^4
20759	7496861040	360	2^4*3^11*5^1*23^2
20760	7497246152	84	2^3*11^6*23^2
20761	7499695392	270	2^5*3^14*7^2
20762	7500000000	198	2^8*3^1*5^10
20763	7501977600	648	2^11*3^1*5^2*13^2*17^2
20764	7502635008	378	2^13*3^2*11^2*29^2
20765	7503125000	180	2^3*5^8*7^4
20766	7503890625	315	3^4*5^6*7^2*11^2
20767	7505103424	315	2^6*7^4*13^2*17^2
20768	7506489600	405	2^8*3^2*5^2*19^4
20769	7507501875	180	3^3*5^4*23^2*29^2
20770	7509617304	200	2^3*3^1*7^4*19^4
20771	7510340250	504	2^1*3^6*5^3*7^2*29^2
20772	7514406912	270	2^14*3^1*17^2*23^2
20773	7515007500	810	2^2*3^1*5^4*7^2*11^2*13^2
20774	7516369809	105	3^6*13^4*19^2
20775	7516890000	375	2^4*3^2*5^4*17^4
20776	7517685654	180	2^1*3^9*19^2*23^2
20777	7518624100	243	2^2*5^2*13^2*23^2*29^2
20778	7525736001	117	3^12*7^2*17^2
20779	7526400000	540	2^14*3^1*5^5*7^2
20780	7526908818	150	2^1*3^2*11^4*13^4
20781	7527340960	84	2^5*5^1*19^6
20782	7527458400	972	2^5*3^1*5^2*7^2*11^2*23^2
20783	7528226508	270	2^2*3^5*11^4*23^2
20784	7528685824	243	2^8*11^2*17^2*29^2
20785	7529536000	280	2^9*5^3*7^6
20786	7530594841	63	7^6*11^2*23^2
20787	7531080992	90	2^5*23^4*29^2
20788	7532553800	180	2^3*5^2*17^2*19^4
20789	7533637632	312	2^12*3^7*29^2
20790	7537770250	120	2^1*5^3*17^4*19^2
20791	7538319360	756	2^13*3^2*5^1*11^2*13^2
20792	7542359643	162	3^1*7^2*13^2*19^2*29^2
20793	7543209375	216	3^3*5^5*13^2*23^2
20794	7546061250	630	2^1*3^6*5^4*7^2*13^2
20795	7548076800	972	2^8*3^3*5^2*11^2*19^2
20796	7549747200	234	2^25*3^2*5^2
20797	7551221832	540	2^3*3^2*7^4*11^2*19^2
20798	7552892928	210	2^20*3^1*7^4
20799	7553304000	1008	2^6*3^3*5^3*11^2*17^2
20800	7556451210	540	2^1*3^2*5^1*7^4*11^2*17^2
20801	7557240600	720	2^3*3^3*5^2*7^2*13^4
20802	7558011747	120	3^7*11^2*13^4
20803	7558563600	945	2^4*3^6*5^2*7^2*23^2
20804	7559259136	297	2^10*11^2*13^2*19^2
20805	7559334882	198	2^1*3^10*11^2*23^2
20806	7559796096	432	2^7*3^5*17^2*29^2
20807	7562500000	180	2^5*5^9*11^2
20808	7566900640	180	2^5*5^1*13^2*23^4
20809	7568436512	126	2^5*7^2*13^6
20810	7569000000	441	2^6*3^2*5^6*29^2
20811	7569469440	624	2^12*3^7*5^1*13^2
20812	7569761472	756	2^6*3^3*7^2*13^2*23^2
20813	7572153750	300	2^1*3^1*5^4*7^4*29^2
20814	7574285400	648	2^3*3^1*5^2*11^2*17^2*19^2
20815	7575961600	189	2^20*5^2*17^2
20816	7576695075	90	3^1*5^2*19^2*23^4
20817	7578232935	180	3^1*5^1*7^2*13^4*19^2
20818	7579267200	648	2^7*3^8*5^2*19^2
20819	7579559610	540	2^1*3^4*5^1*7^2*19^2*23^2
20820	7582425228	360	2^2*3^7*7^4*19^2
20821	7584145569	243	3^2*7^2*11^2*13^2*29^2
20822	7584516000	648	2^5*3^8*5^3*17^2
20823	7586045388	180	2^2*3^3*17^4*29^2
20824	7587676215	240	3^7*5^1*7^4*17^2
20825	7589120000	540	2^11*5^4*7^2*11^2
20826	7589894400	675	2^8*3^4*5^2*11^4
20827	7590025000	216	2^3*5^5*19^2*29^2
20828	7590495744	540	2^9*3^5*13^2*19^2
20829	7590571803	48	3^15*23^2
20830	7593056856	400	2^3*3^3*7^4*11^4
20831	7593750000	300	2^4*3^5*5^9
20832	7595281250	126	2^1*5^6*17^2*29^2
20833	7596045366	324	2^1*3^1*7^2*13^2*17^2*23^2
20834	7601138688	330	2^10*3^1*11^4*13^2
20835	7605584100	567	2^2*3^6*5^2*17^2*19^2
20836	7610977440	540	2^5*3^2*5^1*11^4*19^2
20837	7612661760	276	2^22*3^1*5^1*11^2
20838	7614843750	216	2^1*3^3*5^8*19^2
20839	7616248200	540	2^3*3^2*5^2*11^4*17^2
20840	7616741888	270	2^9*7^2*19^2*29^2
20841	7616851632	540	2^4*3^3*13^2*17^2*19^2
20842	7617600000	540	2^9*3^2*5^5*23^2
20843	7618671225	135	3^2*5^2*11^2*23^4
20844	7620480000	990	2^10*3^5*5^4*7^2
20845	7620774000	600	2^4*3^1*5^3*7^4*23^2
20846	7621257600	720	2^7*3^9*5^2*11^2
20847	7621432722	70	2^1*3^4*19^6
20848	7622016640	432	2^7*5^1*7^2*17^2*29^2
20849	7622126460	360	2^2*3^3*5^1*13^2*17^4
20850	7623655200	630	2^5*3^4*5^2*7^6
20851	7624433124	405	2^2*3^8*7^4*11^2
20852	7626125000	252	2^3*5^6*13^2*19^2
20853	7626831723	44	3^3*7^10
20854	7631406250	144	2^1*5^7*13^2*17^2
20855	7631769600	1053	2^12*3^2*5^2*7^2*13^2
20856	7632119044	75	2^2*11^4*19^4
20857	7632548352	630	2^9*3^6*11^2*13^2
20858	7634949504	336	2^7*3^1*7^6*13^2
20859	7638634800	300	2^4*3^3*5^2*29^4
20860	7638760000	315	2^6*5^4*19^2*23^2
20861	7642427760	720	2^4*3^7*5^1*11^2*19^2
20862	7644119040	308	2^21*3^6*5^1
20863	7644413952	432	2^15*3^2*7^2*23^2
20864	7646940000	1080	2^5*3^3*5^4*7^2*17^2
20865	7647720300	648	2^2*3^7*5^2*11^2*17^2
20866	7649951296	105	2^6*13^2*29^4
20867	7650126225	189	3^2*5^2*7^6*17^2
20868	7652750400	315	2^6*3^14*5^2
20869	7652968960	540	2^9*5^1*7^2*13^2*19^2
20870	7655939046	140	2^1*3^13*7^4
20871	7656250000	165	2^4*5^10*7^2
20872	7657031250	270	2^1*3^4*5^8*11^2
20873	7658268800	648	2^7*5^2*7^2*13^2*17^2
20874	7658939904	540	2^9*3^1*7^2*11^2*29^2
20875	7659050256	675	2^4*3^4*11^2*13^2*17^2
20876	7660145883	42	3^1*13^6*23^2
20877	7661486898	150	2^1*3^4*13^2*23^4
20878	7662874800	450	2^4*3^1*5^2*7^2*19^4
20879	7663656726	180	2^1*3^5*11^2*19^4
20880	7664087808	324	2^8*3^11*13^2
20881	7665352704	285	2^18*3^4*19^2
20882	7668181500	648	2^2*3^1*5^3*7^2*17^2*19^2
20883	7668375000	504	2^3*3^1*5^6*11^2*13^2
20884	7670957056	297	2^10*7^2*17^2*23^2
20885	7673491875	150	3^1*5^4*7^2*17^4
20886	7674008040	312	2^3*3^12*5^1*19^2
20887	7674402252	126	2^2*3^1*11^6*19^2
20888	7674966000	720	2^4*3^3*5^3*13^2*29^2
20889	7676100608	100	2^19*11^4
20890	7679322450	234	2^1*3^12*5^2*17^2
20891	7679716935	84	3^1*5^1*11^6*17^2
20892	7681080000	630	2^6*3^1*5^4*11^2*23^2
20893	7683984000	1440	2^7*3^4*5^3*7^2*11^2
20894	7684280450	270	2^1*5^2*7^4*11^2*23^2
20895	7687185660	504	2^2*3^3*5^1*7^6*11^2
20896	7688671875	90	3^9*5^8
20897	7690588416	567	2^8*3^6*7^2*29^2
20898	7690699224	360	2^3*3^9*13^2*17^2
20899	7691968512	378	2^13*3^2*17^2*19^2
20900	7695324729	55	3^10*19^4
20901	7695675625	75	5^4*11^4*29^2
20902	7696285350	324	2^1*3^1*5^2*13^2*19^2*29^2
20903	7697295360	360	2^11*3^2*5^1*17^4
20904	7700062500	441	2^2*3^6*5^6*13^2
20905	7702290090	180	2^1*3^2*5^1*11^2*29^4
20906	7705328400	1215	2^4*3^2*5^2*7^2*11^2*19^2
20907	7706114658	210	2^1*3^6*11^4*19^2
20908	7707033600	396	2^21*3^1*5^2*7^2
20909	7707820032	342	2^18*3^5*11^2
20910	7709036592	270	2^4*3^1*19^2*23^2*29^2
20911	7710244864	119	2^16*7^6
20912	7711470000	500	2^4*3^3*5^4*13^4
20913	7712820000	630	2^5*3^6*5^4*23^2
20914	7714375260	324	2^2*3^1*5^1*17^2*23^2*29^2
20915	7715736000	840	2^6*3^9*5^3*7^2
20916	7716033675	270	3^5*5^2*7^4*23^2
20917	7716919716	81	2^2*3^2*11^8
20918	7717291848	540	2^3*3^4*7^2*17^2*29^2
20919	7718676736	135	2^8*17^4*19^2
20920	7718950890	252	2^1*3^8*5^1*7^6
20921	7722894400	147	2^6*5^2*13^6
20922	7724246400	864	2^7*3^3*5^2*13^2*23^2
20923	7726687500	378	2^2*3^1*5^6*7^2*29^2
20924	7726732090	180	2^1*5^1*7^2*11^2*19^4
20925	7727464836	405	2^2*3^2*7^4*13^2*23^2
20926	7734117735	80	3^7*5^1*29^4
20927	7734583296	504	2^13*3^3*11^2*17^2
20928	7735689728	150	2^9*13^4*23^2
20929	7737043968	220	2^10*3^3*23^4
20930	7737168600	864	2^3*3^7*5^2*7^2*19^2
20931	7737958107	108	3^11*11^2*19^2
20932	7738924050	486	2^1*3^2*5^2*11^2*13^2*29^2
20933	7739600625	225	3^4*5^4*17^2*23^2
20934	7739670528	198	2^17*3^10
20935	7744000000	273	2^12*5^6*11^2
20936	7745089000	240	2^3*5^3*11^4*23^2
20937	7745702640	540	2^4*3^1*5^1*13^2*19^2*23^2
20938	7748017200	900	2^4*3^3*5^2*7^2*11^4
20939	7748631072	810	2^5*3^4*7^2*13^2*19^2
20940	7748807814	112	2^1*3^7*11^6
20941	7750656000	504	2^13*3^2*5^3*29^2
20942	7751066700	486	2^2*3^1*5^2*13^2*17^2*23^2
20943	7751745936	405	2^4*3^2*11^2*23^2*29^2
20944	7753885440	540	2^8*3^1*5^1*7^4*29^2
20945	7753997160	1080	2^3*3^4*5^1*7^2*13^2*17^2
20946	7758660735	180	3^5*5^1*7^2*19^4
20947	7759495744	315	2^6*7^2*11^4*13^2
20948	7761439488	270	2^8*3^1*11^2*17^4
20949	7763437500	432	2^2*3^1*5^7*7^2*13^2
20950	7763908704	180	2^5*3^1*17^2*23^4
20951	7766544384	351	2^12*3^8*17^2
20952	7770903075	216	3^7*5^2*13^2*29^2
20953	7772185600	297	2^10*5^2*19^2*29^2
20954	7775536041	243	3^2*7^2*13^2*17^2*19^2
20955	7775732250	360	2^1*3^2*5^3*11^2*13^4
20956	7776000000	504	2^11*3^5*5^6
20957	7777093500	648	2^2*3^5*5^3*11^2*23^2
20958	7779240000	875	2^6*3^4*5^4*7^4
20959	7780033800	972	2^3*3^8*5^2*7^2*11^2
20960	7780827681	65	3^12*11^4
20961	7782415524	225	2^2*3^4*13^4*29^2
20962	7782481350	216	2^1*3^3*5^2*7^8
20963	7783777944	288	2^3*3^7*23^2*29^2
20964	7787520000	630	2^13*3^2*5^4*13^2
20965	7790764800	810	2^8*3^1*5^2*7^4*13^2
20966	7791559776	972	2^5*3^5*7^2*11^2*13^2
20967	7793511552	280	2^7*3^6*17^4
20968	7794010952	108	2^3*7^8*13^2
20969	7797600000	648	2^8*3^3*5^5*19^2
20970	7797773025	135	3^2*5^2*7^2*29^4
20971	7800422400	459	2^16*3^2*5^2*23^2
20972	7800849000	720	2^3*3^2*5^3*7^4*19^2
20973	7803000000	588	2^6*3^3*5^6*17^2
20974	7803672576	360	2^11*3^1*7^4*23^2
20975	7806251250	450	2^1*3^2*5^4*7^4*17^2
20976	7807863375	160	3^7*5^3*13^4
20977	7809230250	264	2^1*3^10*5^3*23^2
20978	7810250162	162	2^1*11^2*13^2*19^2*23^2
20979	7812182700	378	2^2*3^13*5^2*7^2
20980	7812500000	78	2^5*5^12
20981	7812584010	252	2^1*3^2*5^1*7^2*11^6
20982	7814560000	405	2^8*5^4*13^2*17^2
20983	7815244800	594	2^10*3^1*5^2*11^2*29^2
20984	7818501152	270	2^5*7^4*11^2*29^2
20985	7818613803	324	3^3*7^2*11^2*13^2*17^2
20986	7819260000	300	2^5*3^1*5^4*19^4
20987	7820572356	105	2^2*3^4*17^6
20988	7822090240	252	2^13*5^1*19^2*23^2
20989	7822518025	75	5^2*7^4*19^4
20990	7823756304	495	2^4*3^10*7^2*13^2
20991	7825047552	540	2^14*3^3*7^2*19^2
20992	7827507200	324	2^11*5^2*17^2*23^2
20993	7830093750	140	2^1*3^1*5^6*17^4
20994	7830466560	936	2^12*3^3*5^1*7^2*17^2
20995	7840000000	288	2^11*5^7*7^2
20996	7841102500	405	2^2*5^4*7^2*11^2*23^2
20997	7842523923	162	3^5*13^2*19^2*23^2
20998	7844867415	240	3^7*5^1*7^2*11^4
20999	7847539200	630	2^9*3^6*5^2*29^2
21000	7847841960	648	2^3*3^2*5^1*7^2*23^2*29^2
21001	7850809008	450	2^4*3^5*7^4*29^2
21002	7852217856	540	2^9*3^1*7^2*17^2*19^2
21003	7852416000	792	2^10*3^1*5^3*11^2*13^2
21004	7853520246	180	2^1*3^1*11^4*13^2*23^2
21005	7855687840	540	2^5*5^1*7^4*11^2*13^2
21006	7859165184	432	2^11*3^3*13^2*29^2
21007	7862580000	810	2^5*3^2*5^4*11^2*19^2
21008	7864320000	230	2^22*3^1*5^4
21009	7865856075	270	3^1*5^2*7^4*11^2*19^2
21010	7867596800	270	2^17*5^2*7^4
21011	7868025000	648	2^3*3^2*5^5*11^2*17^2
21012	7868399616	675	2^14*3^4*7^2*11^2
21013	7869641521	81	7^2*19^2*23^2*29^2
21014	7872125625	225	3^2*5^4*7^2*13^4
21015	7873503750	540	2^1*3^5*5^4*7^2*23^2
21016	7874787600	675	2^4*3^4*5^2*17^2*29^2
21017	7880371840	240	2^7*5^1*11^4*29^2
21018	7884375000	216	2^3*3^1*5^8*29^2
21019	7884864000	840	2^9*3^6*5^3*13^2
21020	7885168200	972	2^3*3^2*5^2*7^2*13^2*23^2
21021	7885972809	189	3^6*11^2*13^2*23^2
21022	7886453952	378	2^6*3^1*13^2*17^2*29^2
21023	7888149360	900	2^4*3^5*5^1*7^4*13^2
21024	7889880625	135	5^4*11^2*17^2*19^2
21025	7891197192	180	2^3*3^2*19^4*29^2
21026	7895070000	600	2^4*3^7*5^4*19^2
21027	7895720448	810	2^9*3^2*7^2*11^2*17^2
21028	7896662010	324	2^1*3^2*5^1*17^2*19^2*29^2
21029	7898232384	315	2^6*3^2*7^2*23^4
21030	7900537500	432	2^2*3^7*5^5*17^2
21031	7900913664	420	2^13*3^9*7^2
21032	7906140000	600	2^5*3^3*5^4*11^4
21033	7906766400	945	2^6*3^4*5^2*13^2*19^2
21034	7909434225	225	3^2*5^2*7^4*11^4
21035	7910060886	360	2^1*3^3*7^4*13^2*19^2
21036	7910156250	120	2^1*3^4*5^11
21037	7912935360	756	2^6*3^5*5^1*11^2*29^2
21038	7913240643	162	3^1*7^2*11^2*23^2*29^2
21039	7917852800	360	2^7*5^2*11^4*13^2
21040	7918480128	270	2^8*3^1*13^4*19^2
21041	7919866368	450	2^9*3^4*19^2*23^2
21042	7923136144	225	2^4*7^2*11^2*17^4
21043	7923963840	420	2^6*3^1*5^1*13^4*17^2
21044	7925351040	720	2^7*3^4*5^1*17^2*23^2
21045	7925656802	90	2^1*7^2*17^2*23^4
21046	7928101500	360	2^2*3^1*5^3*11^4*19^2
21047	7928347392	648	2^8*3^7*7^2*17^2
21048	7928729640	360	2^3*3^2*5^1*13^2*19^4
21049	7929856000	240	2^19*5^3*11^2
21050	7930971136	165	2^10*11^4*23^2
21051	7933591875	150	3^1*5^4*11^4*17^2
21052	7934220450	486	2^1*3^2*5^2*13^2*17^2*19^2
21053	7934915736	432	2^3*3^3*11^2*19^2*29^2
21054	7935000000	336	2^6*3^1*5^7*23^2
21055	7936671744	189	2^20*3^2*29^2
21056	7938000000	840	2^7*3^4*5^6*7^2
21057	7938306250	180	2^1*5^5*7^4*23^2
21058	7938810000	675	2^4*3^8*5^4*11^2
21059	7941307500	420	2^2*3^3*5^4*7^6
21060	7945633440	396	2^5*3^10*5^1*29^2
21061	7947365904	405	2^4*3^2*17^2*19^2*23^2
21062	7949760000	900	2^9*3^1*5^4*7^2*13^2
21063	7950571200	1134	2^6*3^5*5^2*11^2*13^2
21064	7950753889	21	13^2*19^6
21065	7950877935	324	3^1*5^1*7^2*11^2*13^2*23^2
21066	7953072400	315	2^4*5^2*7^6*13^2
21067	7953883938	450	2^1*3^4*7^4*11^2*13^2
21068	7955876376	360	2^3*3^5*7^2*17^4
21069	7956911250	150	2^1*3^2*5^4*29^4
21070	7960862250	504	2^1*3^6*5^3*11^2*19^2
21071	7962349824	405	2^8*3^2*11^2*13^4
21072	7962624000	456	2^18*3^5*5^3
21073	7962931200	702	2^12*3^1*5^2*7^2*23^2
21074	7963743744	540	2^9*3^5*11^2*23^2
21075	7964229632	144	2^15*17^2*29^2
21076	7965562500	567	2^2*3^2*5^6*7^2*17^2
21077	7965941760	700	2^13*3^4*5^1*7^4
21078	7966249088	168	2^7*7^6*23^2
21079	7967704644	243	2^2*3^8*19^2*29^2
21080	7971615000	280	2^3*3^13*5^4
21081	7978062400	567	2^6*5^2*7^2*11^2*29^2
21082	7978177350	648	2^1*3^3*5^2*11^2*13^2*17^2
21083	7978876488	300	2^3*3^4*11^4*29^2
21084	7982161250	150	2^1*5^4*7^2*19^4
21085	7983424800	594	2^5*3^10*5^2*13^2
21086	7984742400	576	2^15*3^3*5^2*19^2
21087	7986751227	150	3^9*7^4*13^2
21088	7987890625	81	5^8*11^2*13^2
21089	7988069376	495	2^10*3^2*7^4*19^2
21090	7989996872	180	2^3*11^2*13^4*17^2
21091	7991395632	540	2^4*3^3*11^2*17^2*23^2
21092	7992538801	25	13^4*23^4
21093	7993758375	144	3^11*5^3*19^2
21094	7993938006	56	2^1*3^3*23^6
21095	7994756250	324	2^1*3^2*5^5*13^2*29^2
21096	7994802387	90	3^1*11^2*13^2*19^4
21097	7995252096	320	2^7*3^7*13^4
21098	7996571648	162	2^17*13^2*19^2
21099	7996651776	297	2^8*3^10*23^2
21100	8001125000	252	2^3*5^6*11^2*23^2
21101	8002109440	288	2^15*5^1*13^2*17^2
21102	8004150000	1080	2^4*3^3*5^5*7^2*11^2
21103	8006922240	260	2^12*3^1*5^1*19^4
21104	8011029600	972	2^5*3^5*5^2*7^2*29^2
21105	8011145025	243	3^8*5^2*13^2*17^2
21106	8011847052	270	2^2*3^9*11^2*29^2
21107	8012467200	594	2^10*3^1*5^2*17^2*19^2
21108	8014367529	105	3^4*7^6*29^2
21109	8015805728	270	2^5*7^4*17^2*19^2
21110	8016825960	600	2^3*3^4*5^1*11^4*13^2
21111	8018016000	360	2^8*3^1*5^3*17^4
21112	8021356840	200	2^3*5^1*7^4*17^4
21113	8022897792	648	2^7*3^2*7^2*13^2*29^2
21114	8023013388	270	2^2*3^5*13^4*17^2
21115	8024417928	324	2^3*3^8*17^2*23^2
21116	8026383750	540	2^1*3^1*5^4*7^2*11^2*19^2
21117	8028160000	285	2^18*5^4*7^2
21118	8028979200	720	2^15*3^4*5^2*11^2
21119	8029288960	540	2^9*5^1*7^2*11^2*23^2
21120	8030246450	162	2^1*5^2*19^2*23^2*29^2
21121	8032324608	660	2^10*3^3*7^4*11^2
21122	8032781250	210	2^1*3^2*5^6*13^4
21123	8033282460	648	2^2*3^3*5^1*7^2*19^2*29^2
21124	8034187500	378	2^2*3^5*5^6*23^2
21125	8037225000	648	2^3*3^8*5^5*7^2
21126	8038845675	324	3^3*5^2*7^2*17^2*29^2
21127	8039094921	135	3^2*11^4*13^2*19^2
21128	8040873984	324	2^17*3^1*11^2*13^2
21129	8044953858	90	2^1*3^14*29^2
21130	8046090000	675	2^4*3^2*5^4*13^2*23^2
21131	8049953340	540	2^2*3^9*5^1*11^2*13^2
21132	8050755076	243	2^2*7^2*13^2*17^2*29^2
21133	8056857600	891	2^10*3^2*5^2*11^2*17^2
21134	8059420800	360	2^7*3^2*5^2*23^4
21135	8059550625	315	3^6*5^4*7^2*19^2
21136	8060214624	540	2^5*3^1*7^4*11^2*17^2
21137	8061056640	720	2^7*3^2*5^1*7^2*13^4
21138	8062156800	450	2^14*3^9*5^2
21139	8062467840	972	2^8*3^5*5^1*7^2*23^2
21140	8062778892	150	2^2*3^1*7^4*23^4
21141	8065516032	450	2^9*3^8*7^4
21142	8068440250	216	2^1*5^3*13^2*19^2*23^2
21143	8070851250	450	2^1*3^2*5^4*7^2*11^4
21144	8071490700	972	2^2*3^3*5^2*7^2*13^2*19^2
21145	8073600000	396	2^10*3^1*5^5*29^2
21146	8073646592	150	2^9*11^2*19^4
21147	8074100736	357	2^16*3^6*13^2
21148	8074735350	324	2^1*3^1*5^2*11^2*23^2*29^2
21149	8076964000	360	2^5*5^3*7^4*29^2
21150	8077080375	432	3^3*5^3*7^2*13^2*17^2
21151	8079237760	432	2^7*5^1*11^2*17^2*19^2
21152	8083217610	180	2^1*3^14*5^1*13^2
21153	8083448464	225	2^4*7^2*13^4*19^2
21154	8083632843	84	3^3*11^6*13^2
21155	8084832800	270	2^5*5^2*11^2*17^4
21156	8084863584	648	2^5*3^3*7^2*19^2*23^2
21157	8087404900	135	2^2*5^2*17^2*23^4
21158	8090150400	720	2^9*3^7*5^2*17^2
21159	8093521296	525	2^4*3^6*7^4*17^2
21160	8095887360	520	2^12*3^3*5^1*11^4
21161	8100000000	405	2^8*3^4*5^8
21162	8102019072	306	2^16*3^1*7^2*29^2
21163	8102135808	540	2^11*3^4*13^2*17^2
21164	8103375000	560	2^3*3^3*5^6*7^4
21165	8104201875	360	3^7*5^4*7^2*11^2
21166	8107008768	270	2^8*3^5*19^4
21167	8108102025	189	3^6*5^2*23^2*29^2
21168	8112000000	462	2^10*3^1*5^6*13^2
21169	8112623040	756	2^6*3^5*5^1*17^2*19^2
21170	8112936027	162	3^1*7^2*17^2*19^2*23^2
21171	8115380000	450	2^5*5^4*7^4*13^2
21172	8116208100	1215	2^2*3^4*5^2*7^2*11^2*13^2
21173	8118241200	450	2^4*3^5*5^2*17^4
21174	8118375936	300	2^9*3^1*11^4*19^2
21175	8118692738	42	2^1*13^6*29^2
21176	8120114028	324	2^2*3^3*13^2*23^2*29^2
21177	8120172544	81	2^26*11^2
21178	8122500000	432	2^5*3^2*5^7*19^2
21179	8125440000	420	2^13*3^1*5^4*23^2
21180	8125884375	180	3^1*5^5*7^4*19^2
21181	8126582640	300	2^4*3^1*5^1*11^2*23^4
21182	8128125000	324	2^3*3^2*5^8*17^2
21183	8128232112	450	2^4*3^1*7^2*11^2*13^4
21184	8128825600	405	2^8*5^2*7^4*23^2
21185	8129341440	648	2^11*3^8*5^1*11^2
21186	8129655072	810	2^5*3^4*7^2*11^2*23^2
21187	8130268224	315	2^6*3^2*13^2*17^4
21188	8135158104	240	2^3*3^3*17^2*19^4
21189	8140554240	612	2^16*3^1*5^1*7^2*13^2
21190	8140880000	360	2^7*5^4*11^2*29^2
21191	8145062500	105	2^2*5^6*19^4
21192	8149746150	540	2^1*3^9*5^2*7^2*13^2
21193	8151091200	972	2^11*3^2*5^2*7^2*19^2
21194	8151922944	567	2^8*3^6*11^2*19^2
21195	8153726976	156	2^25*3^5
21196	8154487488	294	2^6*3^1*7^6*19^2
21197	8156736000	1080	2^9*3^2*5^3*7^2*17^2
21198	8157307210	36	2^1*5^1*13^8
21199	8157883041	243	3^2*7^2*11^2*17^2*23^2
21200	8158498322	42	2^1*13^2*17^6
21201	8158735260	360	2^2*3^3*5^1*13^4*23^2
21202	8160134640	420	2^4*3^1*5^1*7^6*17^2
21203	8160163560	280	2^3*3^6*5^1*23^4
21204	8161819848	420	2^3*3^6*7^2*13^4
21205	8162933760	308	2^10*3^13*5^1
21206	8163248688	450	2^4*3^9*7^2*23^2
21207	8163353088	210	2^9*3^2*11^6
21208	8170510112	90	2^5*19^2*29^4
21209	8174520000	630	2^6*3^5*5^4*29^2
21210	8174835375	216	3^1*5^3*7^2*23^2*29^2
21211	8176168360	120	2^3*5^1*17^2*29^4
21212	8177926050	450	2^1*3^4*5^2*7^4*29^2
21213	8179393600	567	2^6*5^2*7^2*17^2*19^2
21214	8179600000	432	2^7*5^5*11^2*13^2
21215	8180228232	540	2^3*3^4*11^2*17^2*19^2
21216	8182038528	252	2^20*3^3*17^2
21217	8182830681	75	3^4*19^2*23^4
21218	8185608576	288	2^7*3^11*19^2
21219	8185893210	300	2^1*3^4*5^1*11^2*17^4
21220	8186630400	729	2^8*3^2*5^2*13^2*29^2
21221	8190041496	360	2^3*3^1*7^4*13^2*29^2
21222	8190187500	378	2^2*3^1*5^6*11^2*19^2
21223	8191698064	105	2^4*11^6*17^2
21224	8192000000	140	2^19*5^6
21225	8194304162	50	2^1*11^4*23^4
21226	8195859375	144	3^1*5^7*11^2*17^2
21227	8196249600	1296	2^11*3^3*5^2*7^2*11^2
21228	8197085952	360	2^8*3^7*11^4
21229	8199664704	441	2^6*3^2*7^6*11^2
21230	8200194048	324	2^11*3^2*23^2*29^2
21231	8202903750	360	2^1*3^3*5^4*17^2*29^2
21232	8208392192	378	2^13*7^2*11^2*13^2
21233	8209371040	324	2^5*5^1*13^2*19^2*29^2
21234	8210448384	160	2^15*3^1*17^4
21235	8212890625	33	5^10*29^2
21236	8213400000	756	2^6*3^5*5^5*13^2
21237	8213716875	270	3^1*5^4*7^2*13^2*23^2
21238	8214030828	270	2^2*3^9*17^2*19^2
21239	8215056200	324	2^3*5^2*13^2*17^2*29^2
21240	8215776096	180	2^5*3^1*11^2*29^4
21241	8216822250	600	2^1*3^4*5^3*7^4*13^2
21242	8219016960	972	2^8*3^1*5^1*7^2*11^2*19^2
21243	8219719215	100	3^9*5^1*17^4
21244	8219997075	90	3^1*5^2*19^4*29^2
21245	8220835840	156	2^25*5^1*7^2
21246	8224031250	294	2^1*3^6*5^6*19^2
21247	8224708800	1134	2^6*3^1*5^2*7^2*11^2*17^2
21248	8225548056	360	2^3*3^5*11^4*17^2
21249	8227325400	360	2^3*3^1*5^2*7^2*23^4
21250	8228135762	126	2^1*7^6*11^2*17^2
21251	8228164923	90	3^5*11^2*23^4
21252	8228666944	189	2^6*17^2*23^2*29^2
21253	8230118400	891	2^10*3^8*5^2*7^2
21254	8230958208	312	2^7*3^12*11^2
21255	8233547616	336	2^5*3^7*7^6
21256	8235562500	315	2^2*3^2*5^6*11^4
21257	8236215000	720	2^3*3^3*5^4*13^2*19^2
21258	8239196160	648	2^11*3^2*5^1*13^2*23^2
21259	8242311168	702	2^12*3^5*7^2*13^2
21260	8242641000	720	2^3*3^4*5^3*11^2*29^2
21261	8248416800	270	2^5*5^2*13^4*19^2
21262	8249725584	175	2^4*3^6*29^4
21263	8249860800	756	2^6*3^3*5^2*19^2*23^2
21264	8252979840	1008	2^7*3^6*5^1*7^2*19^2
21265	8253298242	270	2^1*3^2*7^4*19^2*23^2
21266	8254129000	240	2^3*5^3*13^4*17^2
21267	8255574000	720	2^4*3^3*5^3*17^2*23^2
21268	8258695200	1134	2^5*3^6*5^2*7^2*17^2
21269	8259093375	120	3^1*5^3*13^2*19^4
21270	8259537924	297	2^2*3^10*11^2*17^2
21271	8262082816	243	2^8*13^2*19^2*23^2
21272	8262136323	126	3^5*7^6*17^2
21273	8264970432	126	2^6*3^17
21274	8265537225	243	3^2*5^2*11^2*19^2*29^2
21275	8265625000	120	2^3*5^9*23^2
21276	8267366400	324	2^17*3^1*5^2*29^2
21277	8268750000	540	2^4*3^3*5^8*7^2
21278	8269593750	336	2^1*3^7*5^6*11^2
21279	8270811136	195	2^12*7^4*29^2
21280	8270930304	864	2^7*3^3*7^2*13^2*17^2
21281	8275904784	375	2^4*3^4*7^2*19^4
21282	8276701500	360	2^2*3^9*5^3*29^2
21283	8278506150	324	2^1*3^1*5^2*17^2*19^2*23^2
21284	8281000000	441	2^6*5^6*7^2*13^2
21285	8281845000	900	2^3*3^4*5^4*11^2*13^2
21286	8287371225	225	3^4*5^2*7^2*17^4
21287	8287508768	270	2^5*7^2*11^4*19^2
21288	8293248040	360	2^3*5^1*7^2*11^4*17^2
21289	8293668246	96	2^1*3^15*17^2
21290	8294114400	540	2^5*3^1*5^2*11^2*13^4
21291	8294400000	480	2^15*3^4*5^5
21292	8294720000	450	2^9*5^4*7^2*23^2
21293	8295566400	945	2^6*3^4*5^2*11^2*23^2
21294	8297570281	75	7^4*11^2*13^4
21295	8297856000	880	2^10*3^3*5^3*7^4
21296	8299022886	360	2^1*3^3*7^4*11^2*23^2
21297	8299648812	270	2^2*3^1*7^2*13^2*17^4
21298	8301313440	324	2^5*3^2*5^1*7^8
21299	8303765625	91	3^12*5^6
21300	8307856128	486	2^8*3^1*11^2*13^2*23^2
21301	8311329675	180	3^3*5^2*11^4*29^2
21302	8311988178	270	2^1*3^4*13^2*19^2*29^2
21303	8316067500	450	2^2*3^9*5^4*13^2
21304	8317440000	585	2^12*3^2*5^4*19^2
21305	8317624560	300	2^4*3^1*5^1*7^2*29^4
21306	8318609640	648	2^3*3^2*5^1*11^2*19^2*23^2
21307	8320450560	252	2^20*3^1*5^1*23^2
21308	8320905600	720	2^7*3^1*5^2*7^4*19^2
21309	8321754672	810	2^4*3^5*7^2*11^2*19^2
21310	8323596288	330	2^21*3^4*7^2
21311	8323642756	135	2^2*11^4*13^2*29^2
21312	8324370450	486	2^1*3^2*5^2*11^2*17^2*23^2
21313	8324372644	81	2^2*7^8*19^2
21314	8327517660	972	2^2*3^5*5^1*7^2*11^2*17^2
21315	8328387600	525	2^4*3^6*5^2*13^4
21316	8329845600	540	2^5*3^9*5^2*23^2
21317	8333316369	135	3^8*7^4*23^2
21318	8333422944	252	2^5*3^1*7^2*11^6
21319	8337656250	432	2^1*3^2*5^7*7^2*11^2
21320	8340544000	200	2^9*5^3*19^4
21321	8340725952	196	2^6*3^3*13^6
21322	8341716889	45	11^2*19^4*23^2
21323	8342186112	504	2^7*3^6*13^2*23^2
21324	8344822500	675	2^2*3^4*5^4*7^2*29^2
21325	8346320000	360	2^7*5^4*17^2*19^2
21326	8350860375	240	3^3*5^3*11^4*13^2
21327	8351522010	300	2^1*3^4*5^1*13^4*19^2
21328	8352100000	180	2^5*5^5*17^4
21329	8352497664	459	2^16*3^2*7^2*17^2
21330	8352984060	432	2^2*3^7*5^1*19^2*23^2
21331	8356142088	396	2^3*3^10*7^2*19^2
21332	8357185200	810	2^4*3^1*5^2*7^2*13^2*29^2
21333	8358037974	324	2^1*3^5*11^2*13^2*29^2
21334	8358768675	216	3^7*5^2*17^2*23^2
21335	8361928890	396	2^1*3^10*5^1*7^2*17^2
21336	8363520000	780	2^12*3^3*5^4*11^2
21337	8367004800	1080	2^7*3^2*5^2*7^4*11^2
21338	8367858576	525	2^4*3^6*7^2*11^4
21339	8369686806	84	2^1*3^1*13^6*17^2
21340	8370491052	162	2^2*3^1*7^8*11^2
21341	8371031424	432	2^7*3^1*7^2*23^2*29^2
21342	8371152036	405	2^2*3^4*13^2*17^2*23^2
21343	8372109375	192	3^7*5^7*7^2
21344	8375910400	405	2^14*5^2*11^2*13^2
21345	8381343750	252	2^1*3^1*5^6*13^2*23^2
21346	8381499392	180	2^11*7^2*17^4
21347	8386938098	90	2^1*7^2*11^2*29^4
21348	8387931387	90	3^1*11^4*19^2*23^2
21349	8389787648	162	2^17*11^2*23^2
21350	8392560000	720	2^7*3^1*5^4*11^2*17^2
21351	8392575321	99	3^10*13^2*29^2
21352	8393960448	396	2^10*3^3*19^2*29^2
21353	8395230000	250	2^4*3^1*5^4*23^4
21354	8396056900	405	2^2*5^2*7^4*11^2*17^2
21355	8396934000	600	2^4*3^1*5^3*7^2*13^4
21356	8398080000	540	2^11*3^8*5^4
21357	8398404000	1080	2^5*3^4*5^3*7^2*23^2
21358	8399773440	648	2^8*3^3*5^1*17^2*29^2
21359	8401579200	840	2^6*3^7*5^2*7^4
21360	8401903335	168	3^3*5^1*7^6*23^2
21361	8402436504	432	2^3*3^11*7^2*11^2
21362	8405079858	126	2^1*3^6*7^8
21363	8410000000	192	2^7*5^7*29^2
21364	8410521600	756	2^13*3^5*5^2*13^2
21365	8414025984	675	2^8*3^4*7^4*13^2
21366	8421594867	90	3^5*7^2*29^4
21367	8421732900	729	2^2*3^2*5^2*7^2*19^2*23^2
21368	8422981632	240	2^15*3^2*13^4
21369	8423106144	324	2^5*3^1*17^2*19^2*29^2
21370	8424456192	306	2^16*3^5*23^2
21371	8426828410	324	2^1*5^1*7^2*11^2*13^2*29^2
21372	8427240000	735	2^6*3^6*5^4*17^2
21373	8430751350	540	2^1*3^5*5^2*7^4*17^2
21374	8433216000	600	2^9*3^2*5^3*11^4
21375	8433884160	792	2^10*3^3*5^1*13^2*19^2
21376	8434401921	63	3^2*11^6*23^2
21377	8436729840	500	2^4*3^1*5^1*7^4*11^4
21378	8437157316	153	2^2*3^16*7^2
21379	8437500000	264	2^5*3^3*5^10
21380	8439603200	378	2^13*5^2*7^2*29^2
21381	8439724800	972	2^8*3^3*5^2*13^2*17^2
21382	8440464384	495	2^10*3^4*11^2*29^2
21383	8441015625	135	3^2*5^8*7^4
21384	8443241352	540	2^3*3^2*7^4*13^2*17^2
21385	8444800800	450	2^5*3^4*5^2*19^4
21386	8448319467	100	3^3*7^4*19^4
21387	8450000000	216	2^7*5^8*13^2
21388	8450649000	720	2^3*3^4*5^3*17^2*19^2
21389	8452228096	165	2^10*13^4*17^2
21390	8453707776	432	2^11*3^3*17^2*23^2
21391	8456501250	250	2^1*3^4*5^4*17^4
21392	8456641600	315	2^6*5^2*11^4*19^2
21393	8457311616	240	2^7*3^1*13^2*19^4
21394	8460937500	180	2^2*3^1*5^9*19^2
21395	8461650015	324	3^5*5^1*7^2*13^2*29^2
21396	8464000000	231	2^10*5^6*23^2
21397	8465190250	120	2^1*5^3*11^2*23^4
21398	8466796875	66	3^1*5^10*17^2
21399	8466908450	270	2^1*5^2*7^2*11^2*13^4
21400	8468064000	864	2^8*3^7*5^3*11^2
21401	8468390700	972	2^2*3^3*5^2*7^2*11^2*23^2
21402	8469029400	360	2^3*3^1*5^2*13^2*17^4
21403	8469771552	486	2^5*3^2*11^2*17^2*29^2
21404	8471592360	840	2^3*3^6*5^1*7^4*11^2
21405	8472466116	135	2^2*3^2*23^4*29^2
21406	8474123025	135	3^2*5^2*17^2*19^4
21407	8475342336	300	2^9*3^9*29^2
21408	8479744000	504	2^13*5^3*7^2*13^2
21409	8480936464	405	2^4*7^2*11^2*13^2*23^2
21410	8483060928	210	2^6*3^1*17^4*23^2
21411	8490720000	810	2^8*3^1*5^4*7^2*19^2
21412	8491586400	972	2^5*3^5*5^2*11^2*19^2
21413	8493465600	345	2^22*3^4*5^2
21414	8494257800	252	2^3*5^2*7^6*19^2
21415	8495124561	225	3^4*7^4*11^2*19^2
21416	8496600000	756	2^6*3^1*5^5*7^2*17^2
21417	8497004544	360	2^17*3^3*7^4
21418	8499180481	45	11^2*17^4*29^2
21419	8500140250	168	2^1*5^3*7^6*17^2
21420	8500170375	120	3^5*5^3*23^4
21421	8501895675	270	3^5*5^2*7^2*13^4
21422	8503056000	416	2^7*3^12*5^3
21423	8503384050	486	2^1*3^8*5^2*7^2*23^2
21424	8503492800	294	2^6*3^1*5^2*11^6
21425	8504166528	648	2^7*3^2*11^2*13^2*19^2
21426	8504770608	360	2^4*3^7*17^2*29^2
21427	8506048512	150	2^24*3^1*13^2
21428	8506598940	360	2^2*3^11*5^1*7^4
21429	8507035922	70	2^1*7^4*11^6
21430	8510055840	972	2^5*3^2*5^1*11^2*13^2*17^2
21431	8514491076	189	2^2*3^2*7^2*13^6
21432	8515125000	420	2^3*3^4*5^6*29^2
21433	8515174140	360	2^2*3^3*5^1*11^2*19^4
21434	8515981656	648	2^3*3^5*7^2*13^2*23^2
21435	8517058560	360	2^19*3^2*5^1*19^2
21436	8521071075	324	3^3*5^2*11^2*17^2*19^2
21437	8522956800	486	2^17*3^2*5^2*17^2
21438	8526508032	390	2^12*3^1*7^4*17^2
21439	8526675600	495	2^4*3^10*5^2*19^2
21440	8527740000	540	2^5*3^1*5^4*13^2*29^2
21441	8531293225	135	5^2*7^4*13^2*29^2
21442	8533694884	243	2^2*11^2*13^2*17^2*19^2
21443	8537760000	1215	2^8*3^2*5^4*7^2*11^2
21444	8538631200	630	2^5*3^6*5^2*11^4
21445	8539307712	504	2^6*3^7*13^2*19^2
21446	8540717056	85	2^16*19^4
21447	8541317400	504	2^3*3^1*5^2*7^6*11^2
21448	8541868800	486	2^8*3^1*5^2*23^2*29^2
21449	8542188963	150	3^5*7^4*11^4
21450	8545098240	900	2^9*3^4*5^1*7^2*29^2
21451	8545221360	720	2^4*3^7*5^1*13^2*17^2
21452	8545427912	180	2^3*7^4*23^2*29^2
21453	8550360810	180	2^1*3^8*5^1*19^4
21454	8551281024	480	2^7*3^3*11^4*13^2
21455	8552550400	195	2^12*5^2*17^4
21456	8555625000	480	2^3*3^4*5^7*13^2
21457	8558100100	135	2^2*5^2*11^2*29^4
21458	8561476000	648	2^5*5^3*7^2*11^2*19^2
21459	8567405000	540	2^3*5^4*7^2*11^2*17^2
21460	8568279225	225	3^4*5^2*11^4*17^2
21461	8568834624	567	2^6*3^2*7^2*19^2*29^2
21462	8568958086	324	2^1*3^5*13^2*17^2*19^2
21463	8570130625	75	5^4*7^2*23^4
21464	8573040000	960	2^7*3^7*5^4*7^2
21465	8573914800	540	2^4*3^11*5^2*11^2
21466	8574355240	72	2^3*5^1*11^8
21467	8576612100	441	2^2*3^6*5^2*7^6
21468	8579390625	189	3^2*5^6*13^2*19^2
21469	8580972972	270	2^2*3^1*11^4*13^2*17^2
21470	8582496000	648	2^8*3^1*5^3*13^2*23^2
21471	8585740800	1350	2^9*3^4*5^2*7^2*13^2
21472	8586072040	360	2^3*5^1*7^4*13^2*23^2
21473	8586084375	216	3^3*5^5*11^2*29^2
21474	8586616896	567	2^6*3^8*11^2*13^2
21475	8588034048	306	2^16*3^1*11^2*19^2
21476	8589318192	420	2^4*3^3*7^6*13^2
21477	8589934592	34	2^33
21478	8593464150	180	2^1*3^5*5^2*29^4
21479	8593605000	540	2^3*3^2*5^4*19^2*23^2
21480	8593981440	540	2^14*3^1*5^1*11^2*17^2
21481	8596854000	1080	2^4*3^5*5^3*7^2*19^2
21482	8598460416	360	2^11*3^1*7^2*13^4
21483	8598587522	162	2^1*7^2*17^2*19^2*29^2
21484	8599556250	324	2^1*3^2*5^5*17^2*23^2
21485	8599965696	585	2^12*3^4*7^2*23^2
21486	8602807500	810	2^2*3^5*5^4*7^2*17^2
21487	8606195208	180	2^3*3^2*13^2*29^4
21488	8609344200	204	2^3*3^16*5^2
21489	8609786460	252	2^2*3^5*5^1*11^6
21490	8611840000	225	2^14*5^4*29^2
21491	8613051040	324	2^5*5^1*11^2*23^2*29^2
21492	8613281250	198	2^1*3^2*5^10*7^2
21493	8615552400	1215	2^4*3^2*5^2*7^2*13^2*17^2
21494	8616307392	756	2^6*3^3*7^2*11^2*29^2
21495	8616431538	378	2^1*3^6*11^2*13^2*17^2
21496	8620734150	360	2^1*3^3*5^2*7^2*19^4
21497	8622098784	252	2^5*3^13*13^2
21498	8623521792	336	2^15*3^6*19^2
21499	8626921875	252	3^3*5^6*11^2*13^2
21500	8629493760	588	2^13*3^6*5^1*17^2
21501	8629826688	648	2^7*3^2*7^2*17^2*23^2
21502	8633505608	180	2^3*7^2*13^2*19^4
21503	8635613184	255	2^16*3^2*11^4
21504	8639484490	324	2^1*5^1*7^2*13^2*17^2*19^2
21505	8639702500	225	2^2*5^4*11^2*13^4
21506	8640000000	416	2^12*3^3*5^7
21507	8641215000	720	2^3*3^3*5^4*11^2*23^2
21508	8643600000	720	2^7*3^2*5^5*7^4
21509	8645364090	220	2^1*3^10*5^1*11^4
21510	8646225126	324	2^1*3^1*7^2*11^2*17^2*29^2
21511	8647128360	360	2^3*3^2*5^1*13^4*29^2
21512	8647201500	216	2^2*3^1*5^3*7^8
21513	8648642160	540	2^4*3^5*5^1*23^2*29^2
21514	8651911968	486	2^5*3^8*7^2*29^2
21515	8652036627	108	3^11*13^2*17^2
21516	8653464576	495	2^10*3^4*17^2*19^2
21517	8654016800	486	2^5*5^2*11^2*13^2*23^2
21518	8657288640	1512	2^6*3^3*5^1*7^2*11^2*13^2
21519	8659791364	135	2^2*7^2*17^4*23^2
21520	8664000000	420	2^9*3^1*5^6*19^2
21521	8664192250	120	2^1*5^3*7^2*29^4
21522	8665218375	216	3^1*5^3*11^2*19^2*23^2
21523	8665597952	180	2^11*11^4*17^2
21524	8667136000	216	2^17*5^3*23^2
21525	8667610000	375	2^4*5^4*7^4*19^2
21526	8668354816	135	2^8*11^2*23^4
21527	8668494450	810	2^1*3^4*5^2*7^2*11^2*19^2
21528	8670412800	684	2^18*3^3*5^2*7^2
21529	8671148161	45	13^4*19^2*29^2
21530	8671297536	384	2^15*3^7*11^2
21531	8672666166	216	2^1*3^3*19^2*23^2*29^2
21532	8674025472	294	2^13*3^2*7^6
21533	8675403750	300	2^1*3^5*5^4*13^4
21534	8676922500	405	2^2*3^8*5^4*23^2
21535	8680648900	189	2^2*5^2*7^2*11^6
21536	8681088735	96	3^15*5^1*11^2
21537	8681336664	648	2^3*3^1*7^2*11^2*13^2*19^2
21538	8681953329	189	3^6*7^2*17^2*29^2
21539	8683257856	189	2^20*7^2*13^2
21540	8683511328	270	2^5*3^2*17^4*19^2
21541	8688256200	252	2^3*3^2*5^2*13^6
21542	8689524840	168	2^3*3^2*5^1*17^6
21543	8689777200	810	2^4*3^5*5^2*13^2*23^2
21544	8691068928	130	2^12*3^1*29^4
21545	8693062560	972	2^5*3^8*5^1*7^2*13^2
21546	8700518400	756	2^13*3^1*5^2*7^2*17^2
21547	8701406208	594	2^10*3^5*11^2*17^2
21548	8702650944	315	2^6*3^2*13^4*23^2
21549	8704143616	189	2^8*7^6*17^2
21550	8704174464	240	2^7*3^5*23^4
21551	8704314675	270	3^9*5^2*7^2*19^2
21552	8705401250	270	2^1*5^4*7^2*13^2*29^2
21553	8707129344	195	2^14*3^12
21554	8712000000	630	2^9*3^2*5^6*11^2
21555	8713662409	21	17^6*19^2
21556	8715630000	750	2^4*3^1*5^4*7^4*11^2
21557	8716519350	540	2^1*3^5*5^2*7^2*11^4
21558	8717209956	567	2^2*3^6*7^2*13^2*19^2
21559	8719187763	90	3^1*11^2*13^4*29^2
21560	8719824400	405	2^4*5^2*7^2*23^2*29^2
21561	8720714178	270	2^1*3^4*11^2*23^2*29^2
21562	8729432712	540	2^3*3^2*7^2*11^4*13^2
21563	8731619424	360	2^5*3^3*11^2*17^4
21564	8732405760	468	2^12*3^1*5^1*13^2*29^2
21565	8732868482	90	2^1*13^4*17^2*23^2
21566	8734397292	180	2^2*3^3*17^2*23^4
21567	8737362432	330	2^9*3^10*17^2
21568	8742250000	315	2^4*5^6*11^2*17^2
21569	8742666240	864	2^15*3^2*5^1*7^2*11^2
21570	8743708800	648	2^7*3^2*5^2*19^2*29^2
21571	8745031250	70	2^1*5^6*23^4
21572	8746806250	180	2^1*5^5*7^2*13^4
21573	8747352012	270	2^2*3^1*7^4*19^2*29^2
21574	8748000000	504	2^8*3^7*5^6
21575	8748337500	648	2^2*3^3*5^5*7^2*23^2
21576	8749764000	648	2^5*3^2*5^3*17^2*29^2
21577	8751645000	700	2^3*3^6*5^4*7^4
21578	8752538025	297	3^10*5^2*7^2*11^2
21579	8753409735	180	3^1*5^1*7^4*17^2*29^2
21580	8756750187	90	3^9*23^2*29^2
21581	8760658335	84	3^1*5^1*11^2*13^6
21582	8760960000	825	2^10*3^4*5^4*13^2
21583	8761937547	42	3^1*11^2*17^6
21584	8762192010	540	2^1*3^4*5^1*11^2*13^2*23^2
21585	8764610400	1080	2^5*3^3*5^2*7^4*13^2
21586	8765504748	648	2^2*3^7*7^2*11^2*13^2
21587	8766951424	351	2^12*7^2*11^2*19^2
21588	8767700496	225	2^4*3^8*17^4
21589	8768262321	81	3^2*7^8*13^2
21590	8773939200	390	2^12*3^1*5^2*13^4
21591	8774068900	243	2^2*5^2*17^2*19^2*29^2
21592	8775475200	630	2^13*3^4*5^2*23^2
21593	8775813760	240	2^7*5^1*7^2*23^4
21594	8777595008	200	2^7*7^4*13^4
21595	8778375000	504	2^3*3^5*5^6*17^2
21596	8778792960	720	2^14*3^7*5^1*7^2
21597	8779131648	540	2^8*3^3*7^4*23^2
21598	8784600000	420	2^6*3^1*5^5*11^4
21599	8785296000	864	2^7*3^2*5^3*13^2*19^2
21600	8788260250	200	2^1*5^3*7^4*11^4
21601	8788475904	288	2^15*3^1*13^2*23^2
21602	8788956540	540	2^2*3^1*5^1*7^4*13^2*19^2
21603	8789062500	117	2^2*3^2*5^12
21604	8791380000	810	2^5*3^2*5^4*13^2*17^2
21605	8792150400	864	2^7*3^3*5^2*11^2*29^2
21606	8795043075	270	3^1*5^2*7^4*13^2*17^2
21607	8795813796	405	2^2*3^2*7^4*11^2*29^2
21608	8796667500	300	2^2*3^3*5^4*19^4
21609	8798399415	180	3^9*5^1*13^2*23^2
21610	8801725842	234	2^1*3^12*7^2*13^2
21611	8802759375	216	3^3*5^5*17^2*19^2
21612	8803178496	648	2^11*3^5*7^2*19^2
21613	8805175808	270	2^9*11^2*13^2*29^2
21614	8805945600	729	2^8*3^2*5^2*17^2*23^2
21615	8809614744	360	2^3*3^1*7^4*17^2*23^2
21616	8809699600	225	2^4*5^2*13^2*19^4
21617	8815521792	390	2^12*3^1*7^2*11^4
21618	8816573040	540	2^4*3^1*5^1*11^2*19^2*29^2
21619	8818524160	132	2^21*5^1*29^2
21620	8820900000	756	2^5*3^6*5^5*11^2
21621	8821905625	75	5^4*13^2*17^4
21622	8822678700	486	2^2*3^1*5^2*11^2*17^2*29^2
21623	8824295552	120	2^7*19^4*23^2
21624	8824575375	360	3^5*5^3*7^4*11^2
21625	8828481600	567	2^6*3^8*5^2*29^2
21626	8830406560	324	2^5*5^1*17^2*19^2*23^2
21627	8832160134	240	2^1*3^7*7^4*29^2
21628	8833745088	756	2^6*3^3*7^2*17^2*19^2
21629	8836521800	180	2^3*5^2*17^4*23^2
21630	8839862640	600	2^4*3^3*5^1*7^2*17^4
21631	8841560832	486	2^8*3^5*13^2*29^2
21632	8844500000	378	2^5*5^6*7^2*19^2
21633	8845402500	675	2^2*3^4*5^4*11^2*19^2
21634	8847055360	300	2^9*5^1*11^2*13^4
21635	8847360000	400	2^19*3^3*5^4
21636	8848604160	792	2^10*3^3*5^1*11^2*23^2
21637	8850625000	288	2^3*5^7*7^2*17^2
21638	8851046400	675	2^14*3^2*5^2*7^4
21639	8851949568	756	2^11*3^6*7^2*11^2
21640	8853005160	504	2^3*3^6*5^1*19^2*29^2
21641	8854734336	180	2^9*3^1*7^8
21642	8857350000	360	2^4*3^11*5^5
21643	8857805000	140	2^3*5^4*11^6
21644	8858506800	810	2^4*3^1*5^2*11^2*13^2*19^2
21645	8859136050	378	2^1*3^6*5^2*17^2*29^2
21646	8860467200	198	2^21*5^2*13^2
21647	8864417814	180	2^1*3^1*7^2*17^4*19^2
21648	8864641500	648	2^2*3^1*5^3*11^2*13^2*17^2
21649	8869921875	108	3^3*5^8*29^2
21650	8870814225	405	3^4*5^2*7^2*13^2*23^2
21651	8871936000	408	2^16*3^1*5^3*19^2
21652	8872132864	135	2^8*7^2*29^4
21653	8872260696	432	2^3*3^3*13^2*17^2*29^2
21654	8873183616	432	2^7*3^1*11^2*19^2*23^2
21655	8875147264	75	2^24*23^2
21656	8875632640	360	2^11*5^1*7^4*19^2
21657	8877596841	75	3^4*19^4*29^2
21658	8878080000	450	2^14*3^1*5^4*17^2
21659	8881779200	450	2^9*5^2*7^4*17^2
21660	8881953750	300	2^1*3^9*5^4*19^2
21661	8882153340	84	2^2*3^1*5^1*23^6
21662	8882685504	945	2^6*3^4*7^2*11^2*17^2
21663	8883062500	189	2^2*5^6*13^2*29^2
21664	8883613440	540	2^8*3^5*5^1*13^4
21665	8883956172	270	2^2*3^1*7^2*13^4*23^2
21666	8885168640	540	2^9*3^8*5^1*23^2
21667	8885511432	300	2^3*3^4*7^2*23^4
21668	8888527872	396	2^10*3^11*7^2
21669	8890044482	90	2^1*11^4*19^2*29^2
21670	8893500000	756	2^5*3^1*5^6*7^2*11^2
21671	8894407500	450	2^2*3^5*5^4*11^4
21672	8895112200	756	2^3*3^6*5^2*13^2*19^2
21673	8897205625	105	5^4*7^6*11^2
21674	8897780000	270	2^5*5^4*23^2*29^2
21675	8901144000	1008	2^6*3^3*5^3*7^2*29^2
21676	8901272250	504	2^1*3^6*5^3*13^2*17^2
21677	8904852810	252	2^1*3^2*5^1*7^6*29^2
21678	8907584400	675	2^4*3^2*5^2*11^4*13^2
21679	8908290144	360	2^5*3^3*13^4*19^2
21680	8909849664	441	2^6*3^6*19^2*23^2
21681	8912109375	120	3^3*5^9*13^2
21682	8913528162	270	2^1*3^2*7^2*11^2*17^4
21683	8919390816	540	2^5*3^9*7^2*17^2
21684	8922342528	360	2^7*3^2*11^4*23^2
21685	8922349815	28	3^1*5^1*29^6
21686	8925869400	648	2^3*3^1*5^2*7^2*19^2*29^2
21687	8926780203	162	3^5*11^2*19^2*29^2
21688	8928755712	270	2^17*3^4*29^2
21689	8930250000	735	2^4*3^6*5^6*7^2
21690	8931161250	330	2^1*3^10*5^4*11^2
21691	8932327690	180	2^1*5^1*11^4*13^2*19^2
21692	8939221707	90	3^1*13^4*17^2*19^2
21693	8939296806	84	2^1*3^1*11^6*29^2
21694	8940100000	324	2^5*5^5*13^2*23^2
21695	8940786642	270	2^1*3^4*17^2*19^2*23^2
21696	8943480000	1260	2^6*3^3*5^4*7^2*13^2
21697	8944392600	864	2^3*3^7*5^2*11^2*13^2
21698	8945868800	378	2^13*5^2*11^2*19^2
21699	8947206450	378	2^1*3^2*5^2*7^6*13^2
21700	8950360923	120	3^7*7^2*17^4
21701	8951671875	126	3^1*5^6*19^2*23^2
21702	8952064000	432	2^11*5^3*11^2*17^2
21703	8953322884	135	2^2*11^4*17^2*23^2
21704	8955056250	540	2^1*3^4*5^5*7^2*19^2
21705	8956729600	405	2^8*5^2*7^2*13^4
21706	8957643552	450	2^5*3^4*11^2*13^4
21707	8958297600	1080	2^9*3^3*5^2*7^2*23^2
21708	8959211712	504	2^6*3^7*11^2*23^2
21709	8959758336	351	2^12*3^2*17^2*29^2
21710	8962030224	315	2^4*3^2*7^6*23^2
21711	8964786675	90	3^1*5^2*13^2*29^4
21712	8968066875	80	3^15*5^4
21713	8969238135	324	3^5*5^1*11^2*13^2*19^2
21714	8971223040	540	2^17*3^4*5^1*13^2
21715	8971569152	324	2^11*7^2*13^2*23^2
21716	8974533750	540	2^1*3^1*5^4*7^2*13^2*17^2
21717	8975320200	972	2^3*3^2*5^2*7^2*11^2*29^2
21718	8976236049	105	3^6*11^4*29^2
21719	8979639576	120	2^3*3^1*23^2*29^4
21720	8981352900	351	2^2*3^12*5^2*13^2
21721	8982835200	702	2^12*3^5*5^2*19^2
21722	8983181760	756	2^6*3^1*5^1*7^2*19^2*23^2
21723	8986578048	600	2^7*3^4*7^4*19^2
21724	8988746481	135	3^2*11^2*13^4*17^2
21725	8989056000	792	2^10*3^5*5^3*17^2
21726	8989402800	810	2^4*3^1*5^2*7^2*17^2*23^2
21727	8990320086	324	2^1*3^5*11^2*17^2*23^2
21728	8990868608	120	2^7*17^4*29^2
21729	8992801440	900	2^5*3^4*5^1*7^4*17^2
21730	8994658608	250	2^4*3^9*13^4
21731	8995430400	420	2^13*3^1*5^2*11^4
21732	8996143104	405	2^14*3^2*13^2*19^2
21733	8996233248	234	2^5*3^12*23^2
21734	8999178496	225	2^8*7^4*11^4
21735	9000000000	300	2^9*3^2*5^9
21736	9001265625	189	3^2*5^6*11^2*23^2
21737	9003750000	400	2^4*3^1*5^7*7^4
21738	9007425375	120	3^1*5^3*13^4*29^2
21739	9009002250	360	2^1*3^4*5^3*23^2*29^2
21740	9012408300	648	2^2*3^7*5^2*7^2*29^2
21741	9014025600	864	2^7*3^3*5^2*17^2*19^2
21742	9017781444	405	2^2*3^2*7^4*17^2*19^2
21743	9018009000	1296	2^3*3^2*5^3*7^2*11^2*13^2
21744	9025000000	189	2^6*5^8*19^2
21745	9025760016	675	2^4*3^4*7^2*13^2*29^2
21746	9027379712	270	2^9*13^2*17^2*19^2
21747	9027470169	99	3^10*17^2*23^2
21748	9031680000	720	2^15*3^2*5^4*7^2
21749	9032601600	819	2^12*3^6*5^2*11^2
21750	9032809152	98	2^6*3^1*19^6
21751	9033631360	240	2^7*5^1*13^2*17^4
21752	9035443200	462	2^10*3^1*5^2*7^6
21753	9036365184	720	2^7*3^5*7^4*11^2
21754	9039064560	300	2^4*3^1*5^1*17^2*19^4
21755	9039207968	66	2^5*7^10
21756	9043059025	243	5^2*7^2*11^2*13^2*19^2
21757	9045324300	270	2^2*3^1*5^2*17^4*19^2
21758	9045983232	540	2^14*3^3*11^2*13^2
21759	9050114535	180	3^1*5^1*7^2*11^4*29^2
21760	9050266875	70	3^1*5^4*13^6
21761	9051588375	56	3^1*5^3*17^6
21762	9051851250	450	2^1*3^4*5^4*13^2*23^2
21763	9053196800	150	2^9*5^2*29^4
21764	9055273500	864	2^2*3^7*5^3*7^2*13^2
21765	9057692160	900	2^9*3^4*5^1*11^2*19^2
21766	9058041608	324	2^3*7^2*11^2*19^2*23^2
21767	9059696640	216	2^26*3^3*5^1
21768	9063040000	495	2^10*5^4*7^2*17^2
21769	9063964800	1080	2^7*3^4*5^2*11^2*17^2
21770	9064314490	324	2^1*5^1*7^2*11^2*17^2*23^2
21771	9065261400	360	2^3*3^1*5^2*13^4*23^2
21772	9066848400	375	2^4*3^4*5^2*23^4
21773	9067741452	540	2^2*3^3*7^4*11^2*17^2
21774	9069926400	432	2^11*3^11*5^2
21775	9073705536	385	2^6*3^10*7^4
21776	9075000000	378	2^6*3^1*5^8*11^2
21777	9077392896	540	2^9*3^1*11^2*13^2*17^2
21778	9078781250	210	2^1*5^6*7^4*11^2
21779	9080280768	210	2^6*3^1*13^2*23^4
21780	9082852416	315	2^6*3^2*11^2*19^4
21781	9083363328	378	2^13*3^8*13^2
21782	9084862464	144	2^23*3^1*19^2
21783	9092034090	180	2^1*3^2*5^1*19^2*23^4
21784	9093159075	270	3^1*5^2*7^2*11^4*13^2
21785	9093879522	270	2^1*3^2*7^2*13^4*19^2
21786	9095120640	540	2^8*3^9*5^1*19^2
21787	9095436900	405	2^2*3^2*5^2*11^2*17^4
21788	9095471532	486	2^2*3^5*7^2*19^2*23^2
21789	9096256000	360	2^9*5^3*13^2*29^2
21790	9097535161	81	11^2*13^2*23^2*29^2
21791	9101419200	630	2^6*3^9*5^2*17^2
21792	9101770335	324	3^5*5^1*7^2*17^2*23^2
21793	9105211458	270	2^1*3^8*7^4*17^2
21794	9106944000	936	2^12*3^1*5^3*7^2*11^2
21795	9108030000	450	2^4*3^1*5^4*19^2*29^2
21796	9108224664	360	2^3*3^1*7^2*11^4*23^2
21797	9110738560	336	2^7*5^1*7^6*11^2
21798	9112500000	378	2^5*3^6*5^8
21799	9114337500	324	2^2*3^1*5^5*17^2*29^2
21800	9114390098	90	2^1*11^2*17^2*19^4
21801	9114771456	504	2^13*3^3*7^2*29^2
21802	9114902784	567	2^8*3^6*13^2*17^2
21803	9116296875	210	3^5*5^6*7^4
21804	9120384864	240	2^5*3^7*19^4
21805	9126000000	672	2^7*3^3*5^6*13^2
21806	9129802500	675	2^2*3^2*5^4*7^4*13^2
21807	9133021350	240	2^1*3^7*5^2*17^4
21808	9133172928	420	2^6*3^3*11^4*19^2
21809	9135194112	216	2^23*3^2*11^2
21810	9139497840	600	2^4*3^3*5^1*11^4*17^2
21811	9139520000	250	2^9*5^4*13^4
21812	9141120000	660	2^10*3^3*5^4*23^2
21813	9144140625	135	3^4*5^8*17^2
21814	9144261126	360	2^1*3^3*7^2*11^2*13^4
21815	9144576000	1008	2^11*3^6*5^3*7^2
21816	9144928800	810	2^5*3^2*5^2*7^4*23^2
21817	9145861956	567	2^2*3^6*7^2*11^2*23^2
21818	9146419968	486	2^8*3^1*7^2*17^2*29^2
21819	9146551752	300	2^3*3^4*13^2*17^4
21820	9148386240	588	2^6*3^5*5^1*7^6
21821	9148739187	54	3^1*7^8*23^2
21822	9150625000	160	2^3*5^7*11^4
21823	9151350000	540	2^4*3^1*5^5*13^2*19^2
21824	9152052867	90	3^5*17^2*19^4
21825	9154662400	351	2^12*5^2*13^2*23^2
21826	9157687500	378	2^2*3^1*5^6*13^2*17^2
21827	9158490000	675	2^4*3^2*5^4*11^2*29^2
21828	9164885334	180	2^1*3^1*11^4*17^2*19^2
21829	9166361760	300	2^5*3^4*5^1*29^4
21830	9166913536	171	2^18*11^2*17^2
21831	9169829888	80	2^15*23^4
21832	9169977600	1215	2^8*3^4*5^2*7^2*19^2
21833	9170913312	486	2^5*3^8*11^2*19^2
21834	9172860000	540	2^5*3^1*5^4*17^2*23^2
21835	9172942848	184	2^22*3^7
21836	9173798424	336	2^3*3^3*7^6*19^2
21837	9176682025	135	5^2*7^4*17^2*23^2
21838	9177264360	648	2^3*3^8*5^1*11^2*17^2
21839	9182047329	135	3^8*7^2*13^4
21840	9182835200	450	2^9*5^2*7^2*11^4
21841	9183562752	594	2^10*3^1*7^2*13^2*19^2
21842	9183654774	216	2^1*3^11*7^2*23^2
21843	9183772224	245	2^6*3^4*11^6
21844	9183930250	216	2^1*5^3*11^2*19^2*29^2
21845	9188437500	432	2^2*3^5*5^7*11^2
21846	9189922560	972	2^8*3^1*5^1*7^2*13^2*17^2
21847	9191823876	135	2^2*3^2*19^2*29^4
21848	9195449760	540	2^5*3^2*5^1*7^2*19^4
21849	9196335000	480	2^3*3^7*5^4*29^2
21850	9201817800	972	2^3*3^2*5^2*7^2*17^2*19^2
21851	9202756761	189	3^6*11^2*17^2*19^2
21852	9204793344	324	2^17*3^5*17^2
21853	9208190250	360	2^1*3^2*5^3*7^2*17^4
21854	9208809648	210	2^4*3^13*19^2
21855	9209959200	810	2^5*3^4*5^2*13^2*29^2
21856	9213796683	180	3^3*7^4*13^2*29^2
21857	9215186940	252	2^2*3^13*5^1*17^2
21858	9215660322	126	2^1*3^2*11^6*17^2
21859	9216000000	357	2^16*3^2*5^6
21860	9217296000	864	2^7*3^2*5^3*11^2*23^2
21861	9219840000	600	2^11*3^1*5^4*7^4
21862	9220780800	1458	2^8*3^5*5^2*7^2*11^2
21863	9220992676	63	2^2*7^2*19^6
21864	9221136540	540	2^2*3^1*5^1*7^4*11^2*23^2
21865	9221721696	300	2^5*3^9*11^4
21866	9221880375	216	3^5*5^3*19^2*29^2
21867	9223603584	240	2^7*3^1*13^4*29^2
21868	9223681600	189	2^6*5^2*7^8
21869	9224622792	420	2^3*3^4*7^6*11^2
21870	9225218304	405	2^8*3^4*23^2*29^2
21871	9226406250	176	2^1*3^10*5^7
21872	9227611250	270	2^1*5^4*11^2*13^2*19^2
21873	9234441216	891	2^10*3^2*7^2*11^2*13^2
21874	9236754432	260	2^12*3^3*17^4
21875	9241600000	252	2^13*5^5*19^2
21876	9241938225	243	3^2*5^2*13^2*17^2*29^2
21877	9242748108	180	2^2*3^3*11^2*29^4
21878	9242899600	405	2^4*5^2*11^2*19^2*23^2
21879	9248000000	252	2^11*5^6*17^2
21880	9252797400	1296	2^3*3^3*5^2*7^2*11^2*17^2
21881	9253741563	120	3^7*11^4*17^2
21882	9253764000	600	2^5*3^4*5^3*13^4
21883	9255384000	672	2^6*3^7*5^3*23^2
21884	9255741075	180	3^3*5^2*7^2*23^4
21885	9257250312	324	2^3*3^2*17^2*23^2*29^2
21886	9257619735	200	3^3*5^1*7^4*13^4
21887	9258883200	792	2^7*3^10*5^2*7^2
21888	9259240410	420	2^1*3^6*5^1*7^4*23^2
21889	9259827984	225	2^4*3^14*11^2
21890	9262741068	210	2^2*3^9*7^6
21891	9264062500	243	2^2*5^8*7^2*11^2
21892	9265741875	270	3^5*5^4*13^2*19^2
21893	9266505248	486	2^5*7^2*11^2*13^2*17^2
21894	9268826496	112	2^7*3^1*17^6
21895	9269453284	135	2^2*7^2*13^2*23^4
21896	9272025000	648	2^3*3^2*5^5*7^2*29^2
21897	9272078508	270	2^2*3^1*7^2*11^2*19^4
21898	9272600064	720	2^9*3^7*7^2*13^2
21899	9274130432	180	2^19*7^2*19^2
21900	9278499615	324	3^1*5^1*7^2*11^2*17^2*19^2
21901	9278733750	300	2^1*3^1*5^4*11^4*13^2
21902	9279468900	405	2^2*3^2*5^2*13^4*19^2
21903	9280552960	324	2^17*5^1*7^2*17^2
21904	9280941282	90	2^1*3^8*29^4
21905	9281093400	648	2^3*3^5*5^2*19^2*23^2
21906	9286708860	648	2^2*3^3*5^1*11^2*13^2*29^2
21907	9291032100	729	2^2*3^8*5^2*7^2*17^2
21908	9294106800	450	2^4*3^1*5^2*11^4*23^2
21909	9294843168	486	2^5*3^2*13^2*19^2*23^2
21910	9297620640	900	2^5*3^4*5^1*7^2*11^4
21911	9297780625	135	5^4*7^2*19^2*29^2
21912	9298091736	80	2^3*3^19
21913	9300787200	540	2^14*3^3*5^2*29^2
21914	9301280040	648	2^3*3^2*5^1*13^2*17^2*23^2
21915	9302343750	324	2^1*3^5*5^8*7^2
21916	9304662528	450	2^9*3^2*7^4*29^2
21917	9304796592	810	2^4*3^5*7^2*13^2*17^2
21918	9306874215	120	3^3*5^1*19^4*23^2
21919	9310392882	210	2^1*3^6*7^2*19^4
21920	9314566144	153	2^16*13^2*29^2
21921	9316125000	756	2^3*3^2*5^6*7^2*13^2
21922	9317075625	315	3^6*5^4*11^2*13^2
21923	9323447364	405	2^2*3^2*7^2*11^4*19^2
21924	9325083690	324	2^1*3^8*5^1*13^2*29^2
21925	9325510656	360	2^19*3^1*7^2*11^2
21926	9327116929	81	13^2*17^2*19^2*23^2
21927	9330878700	540	2^2*3^3*5^2*11^2*13^4
21928	9331560000	945	2^6*3^2*5^4*7^2*23^2
21929	9332512200	756	2^3*3^6*5^2*11^2*23^2
21930	9333081600	540	2^9*3^1*5^2*17^2*29^2
21931	9335448150	252	2^1*3^1*5^2*7^6*23^2
21932	9336040560	900	2^4*3^9*5^1*7^2*11^2
21933	9336970384	225	2^4*7^4*17^2*29^2
21934	9344702224	105	2^4*11^2*13^6
21935	9345024000	720	2^14*3^3*5^3*13^2
21936	9346338144	648	2^5*3^3*11^2*13^2*23^2
21937	9348917760	900	2^9*3^2*5^1*7^4*13^2
21938	9349291875	270	3^1*5^4*7^2*11^2*29^2
21939	9353791225	45	5^2*23^2*29^4
21940	9357120000	750	2^9*3^4*5^4*19^2
21941	9357481000	432	2^3*5^3*7^2*19^2*23^2
21942	9361018800	900	2^4*3^3*5^2*7^4*19^2
21943	9361974006	432	2^1*3^7*7^2*11^2*19^2
21944	9363600000	720	2^7*3^4*5^5*17^2
21945	9363961250	270	2^1*5^4*7^2*17^2*23^2
21946	9364045824	399	2^18*3^6*7^2
21947	9367501500	720	2^2*3^3*5^3*7^4*17^2
21948	9369436050	270	2^1*3^8*5^2*13^4
21949	9370240000	275	2^10*5^4*11^4
21950	9370982400	648	2^11*3^1*5^2*13^2*19^2
21951	9371076300	324	2^2*3^11*5^2*23^2
21952	9371557690	84	2^1*5^1*11^6*23^2
21953	9374619240	360	2^3*3^14*5^1*7^2
21954	9374886976	315	2^6*7^4*13^2*19^2
21955	9375000000	168	2^6*3^1*5^11
21956	9375100812	252	2^2*3^3*7^2*11^6
21957	9378293760	648	2^11*3^2*5^1*11^2*29^2
21958	9378790707	162	3^1*11^2*13^2*17^2*23^2
21959	9378906250	100	2^1*5^9*7^4
21960	9383316696	168	2^3*3^5*13^6
21961	9384959376	405	2^4*3^8*13^2*23^2
21962	9386508288	270	2^14*3^1*19^2*23^2
21963	9389610000	675	2^4*3^2*5^4*17^2*19^2
21964	9393008640	468	2^12*3^1*5^1*17^2*23^2
21965	9393759375	324	3^1*5^5*7^2*11^2*13^2
21966	9396559872	630	2^13*3^4*7^2*17^2
21967	9400659849	117	3^12*7^2*19^2
21968	9401833350	648	2^1*3^3*5^2*7^2*13^2*29^2
21969	9404344576	243	2^8*11^2*19^2*29^2
21970	9408000000	546	2^12*3^1*5^6*7^2
21971	9408960000	900	2^9*3^5*5^4*11^2
21972	9409176200	84	2^3*5^2*19^6
21973	9410283135	180	3^5*5^1*11^4*23^2
21974	9411920000	280	2^7*5^4*7^6
21975	9412880400	1125	2^4*3^4*5^2*7^4*11^2
21976	9413840898	270	2^1*3^8*7^2*11^4
21977	9413851240	120	2^3*5^1*23^4*29^2
21978	9415692250	120	2^1*5^3*17^2*19^4
21979	9415761992	180	2^3*7^2*13^4*29^2
21980	9417047040	528	2^10*3^7*5^1*29^2
21981	9417410352	540	2^4*3^3*7^2*23^2*29^2
21982	9422899200	972	2^11*3^2*5^2*11^2*13^2
21983	9426825408	630	2^6*3^1*7^4*11^2*13^2
21984	9429186816	405	2^8*3^2*7^2*17^4
21985	9435096000	1008	2^6*3^3*5^3*11^2*19^2
21986	9437184000	288	2^23*3^2*5^3
21987	9438511104	405	2^14*3^2*11^2*23^2
21988	9439027290	540	2^1*3^2*5^1*7^4*11^2*19^2
21989	9441116160	380	2^18*3^1*5^1*7^4
21990	9441630000	900	2^4*3^3*5^4*11^2*17^2
21991	9442980625	75	5^4*13^4*23^2
21992	9443205504	432	2^7*3^5*19^2*29^2
21993	9444633750	200	2^1*3^3*5^4*23^4
21994	9447840000	495	2^8*3^10*5^4
21995	9451776600	600	2^3*3^9*5^2*7^4
21996	9452741067	126	3^13*7^2*11^2
21997	9453125000	132	2^3*5^10*11^2
21998	9455617600	567	2^6*5^2*11^2*13^2*17^2
21999	9456446208	270	2^8*3^1*11^4*29^2
22000	9458625800	180	2^3*5^2*13^2*23^4
22001	9460545640	168	2^3*5^1*7^2*13^6
22002	9461304600	360	2^3*3^1*5^2*11^2*19^4
22003	9461836800	792	2^10*3^7*5^2*13^2
22004	9461927048	84	2^3*7^2*17^6
22005	9462201840	1080	2^4*3^3*5^1*7^2*13^2*23^2
22006	9463398400	189	2^20*5^2*19^2
22007	9465779232	630	2^5*3^6*7^4*13^2
22008	9471283712	270	2^9*11^2*17^2*23^2
22009	9474084000	648	2^5*3^8*5^3*19^2
22010	9474296896	49	2^6*23^6
22011	9475854336	325	2^12*3^4*13^4
22012	9475994412	324	2^2*3^3*17^2*19^2*29^2
22013	9477513216	336	2^13*3^7*23^2
22014	9478031535	240	3^7*5^1*7^4*19^2
22015	9480645000	540	2^3*3^8*5^4*17^2
22016	9482556735	120	3^3*5^1*17^4*29^2
22017	9486400000	540	2^9*5^5*7^2*11^2
22018	9487531250	126	2^1*5^6*19^2*29^2
22019	9487734025	135	5^2*7^2*11^4*23^2
22020	9488485734	324	2^1*3^1*7^2*13^2*19^2*23^2
22021	9492187500	198	2^2*3^5*5^10
22022	9494553600	891	2^10*3^2*5^2*7^2*29^2
22023	9494690400	972	2^5*3^5*5^2*13^2*17^2
22024	9495522432	504	2^7*3^6*11^2*29^2
22025	9498509664	252	2^5*3^1*7^6*29^2
22026	9498646521	225	3^4*7^4*13^2*17^2
22027	9500400900	315	2^2*3^6*5^2*19^4
22028	9501423360	540	2^8*3^1*5^1*11^4*13^2
22029	9506250000	405	2^4*3^2*5^8*13^2
22030	9508756608	360	2^7*3^2*13^4*17^2
22031	9510421248	486	2^8*3^5*17^2*23^2
22032	9513721800	540	2^3*3^2*5^2*11^4*19^2
22033	9514475568	300	2^4*3^3*13^2*19^4
22034	9515827200	378	2^20*3^1*5^2*11^2
22035	9517173136	35	2^4*29^6
22036	9519792128	240	2^15*7^4*11^2
22037	9520310250	360	2^1*3^2*5^3*11^4*17^2
22038	9520927360	432	2^7*5^1*7^2*19^2*29^2
22039	9521064540	648	2^2*3^3*5^1*13^2*17^2*19^2
22040	9522000000	504	2^7*3^2*5^6*23^2
22041	9525600000	972	2^8*3^5*5^5*7^2
22042	9525967500	450	2^2*3^1*5^4*7^4*23^2
22043	9527520800	486	2^5*5^2*7^2*17^2*29^2
22044	9527658075	180	3^3*5^2*13^2*17^4
22045	9528492996	405	2^2*3^4*11^2*17^2*29^2
22046	9529569000	560	2^3*3^4*5^3*7^6
22047	9532656250	144	2^1*5^7*13^2*19^2
22048	9534760128	252	2^6*3^11*29^2
22049	9540093750	252	2^1*3^1*5^6*11^2*29^2
22050	9540685440	1008	2^7*3^6*5^1*11^2*13^2
22051	9541053522	486	2^1*3^2*7^2*11^2*13^2*23^2
22052	9541773124	75	2^2*13^4*17^4
22053	9543443544	240	2^3*3^3*17^4*23^2
22054	9548293500	240	2^2*3^3*5^3*29^4
22055	9552060000	1080	2^5*3^3*5^4*7^2*19^2
22056	9553034700	648	2^2*3^7*5^2*11^2*19^2
22057	9555062500	189	2^2*5^6*17^2*23^2
22058	9555148800	420	2^19*3^6*5^2
22059	9555517440	756	2^13*3^2*5^1*7^2*23^2
22060	9556040025	189	3^2*5^2*7^6*19^2
22061	9559130112	450	2^14*3^5*7^4
22062	9559650375	288	3^7*5^3*11^2*17^2
22063	9566211200	648	2^7*5^2*7^2*13^2*19^2
22064	9566429400	336	2^3*3^3*5^2*11^6
22065	9567187344	675	2^4*3^4*11^2*13^2*19^2
22066	9567866934	180	2^1*3^9*17^2*29^2
22067	9569304576	264	2^21*3^3*13^2
22068	9572836000	648	2^5*5^3*7^2*13^2*17^2
22069	9578593500	360	2^2*3^1*5^3*7^2*19^4
22070	9579515625	147	3^6*5^6*29^2
22071	9580109760	504	2^6*3^11*5^1*13^2
22072	9580479363	216	3^7*7^2*13^2*23^2
22073	9580601888	126	2^5*11^6*13^2
22074	9582060544	297	2^10*7^2*19^2*23^2
22075	9585226875	270	3^1*5^4*7^2*17^2*19^2
22076	9588326400	675	2^14*3^4*5^2*17^2
22077	9592321536	600	2^9*3^3*7^4*17^2
22078	9592510050	234	2^1*3^12*5^2*19^2
22079	9593002815	84	3^1*5^1*11^6*19^2
22080	9593707500	540	2^2*3^3*5^4*13^2*29^2
22081	9595125760	180	2^17*5^1*11^4
22082	9600000000	252	2^13*3^1*5^8
22083	9601350000	540	2^4*3^1*5^5*11^2*23^2
22084	9602531328	306	2^16*3^1*13^2*17^2
22085	9604000000	315	2^8*5^6*7^4
22086	9604980000	1350	2^5*3^4*5^4*7^2*11^2
22087	9605960100	405	2^2*3^8*5^2*11^4
22088	9606721176	360	2^3*3^9*13^2*19^2
22089	9607920400	225	2^4*5^2*13^4*29^2
22090	9608306688	210	2^13*3^2*19^4
22091	9608982075	252	3^3*5^2*7^6*11^2
22092	9609602400	648	2^5*3^3*5^2*23^2*29^2
22093	9613606401	135	3^2*7^4*23^2*29^2
22094	9614960640	648	2^11*3^2*5^1*17^2*19^2
22095	9619209600	1296	2^7*3^1*5^2*7^2*11^2*13^2
22096	9620191152	450	2^4*3^5*11^4*13^2
22097	9621619200	450	2^9*3^2*5^2*17^4
22098	9623217604	189	2^2*7^6*11^2*13^2
22099	9623838848	216	2^7*13^2*23^2*29^2
22100	9625628208	250	2^4*3^1*7^4*17^4
22101	9634775040	612	2^16*3^5*5^1*11^2
22102	9635146752	594	2^10*3^1*7^2*11^2*23^2
22103	9636295740	324	2^2*3^1*5^1*19^2*23^2*29^2
22104	9638330625	405	3^2*5^4*7^2*11^2*17^2
22105	9639337500	360	2^2*3^3*5^5*13^4
22106	9639938952	540	2^3*3^4*7^2*19^2*29^2
22107	9641025000	504	2^3*3^6*5^5*23^2
22108	9641668864	135	2^8*17^2*19^4
22109	9642969075	162	3^1*5^2*17^2*23^2*29^2
22110	9644670000	750	2^4*3^9*5^4*7^2
22111	9645654150	252	2^1*3^13*5^2*11^2
22112	9646614810	540	2^1*3^4*5^1*7^2*17^2*29^2
22113	9653455504	225	2^4*7^2*11^4*29^2
22114	9655027600	105	2^4*5^2*17^6
22115	9658359375	144	3^1*5^7*7^2*29^2
22116	9658958400	1323	2^6*3^6*5^2*7^2*13^2
22117	9659944008	396	2^3*3^10*11^2*13^2
22118	9661538304	504	2^13*3^3*11^2*19^2
22119	9662982966	252	2^1*3^5*7^6*13^2
22120	9663676416	93	2^30*3^2
22121	9667805625	225	3^4*5^4*19^2*23^2
22122	9669612160	240	2^7*5^1*13^4*23^2
22123	9671304960	360	2^8*3^3*5^1*23^4
22124	9673267968	540	2^8*3^3*7^2*13^4
22125	9674588160	352	2^15*3^10*5^1
22126	9674961408	630	2^9*3^6*7^2*23^2
22127	9681361250	150	2^1*5^4*11^4*23^2
22128	9681969609	75	3^4*13^2*29^4
22129	9682128300	486	2^2*3^1*5^2*13^2*19^2*23^2
22130	9685021500	720	2^2*3^3*5^3*7^2*11^4
22131	9685512225	57	3^18*5^2
22132	9685788840	1080	2^3*3^4*5^1*7^2*13^2*19^2
22133	9688320000	540	2^11*3^2*5^4*29^2
22134	9688833375	216	3^1*5^3*13^2*17^2*23^2
22135	9692356800	630	2^6*3^1*5^2*7^4*29^2
22136	9692496450	810	2^1*3^4*5^2*7^2*13^2*17^2
22137	9693345816	648	2^3*3^5*7^2*11^2*29^2
22138	9695085312	486	2^8*3^1*11^2*17^2*19^2
22139	9696395282	54	2^1*7^8*29^2
22140	9697230848	78	2^25*17^2
22141	9698169696	180	2^5*3^1*19^2*23^4
22142	9699861132	144	2^2*3^15*13^2
22143	9701462016	351	2^12*3^8*19^2
22144	9701799360	420	2^6*3^1*5^1*11^2*17^4
22145	9704296875	162	3^1*5^8*7^2*13^2
22146	9706855704	360	2^3*3^1*7^2*13^4*17^2
22147	9708555024	675	2^4*3^4*7^2*17^2*23^2
22148	9712693809	135	3^2*7^2*13^2*19^4
22149	9714073600	459	2^16*5^2*7^2*11^2
22150	9715064832	350	2^13*3^4*11^4
22151	9720375000	504	2^3*3^1*5^6*7^2*23^2
22152	9721366875	270	3^5*5^4*11^2*23^2
22153	9721960000	315	2^6*5^4*17^2*29^2
22154	9725042250	648	2^1*3^8*5^3*7^2*11^2
22155	9733400964	297	2^2*3^10*7^2*29^2
22156	9734400000	648	2^11*3^2*5^5*13^2
22157	9735147648	504	2^7*3^6*17^2*19^2
22158	9735768900	729	2^2*3^2*5^2*11^2*13^2*23^2
22159	9738456000	840	2^6*3^1*5^3*7^4*13^2
22160	9741889440	420	2^5*3^6*5^1*17^4
22161	9742513690	108	2^1*5^1*7^8*13^2
22162	9747000000	588	2^6*3^3*5^6*19^2
22163	9748797696	405	2^8*3^2*11^4*17^2
22164	9751061250	450	2^1*3^2*5^4*7^4*19^2
22165	9751899168	270	2^5*3^2*11^2*23^4
22166	9753750000	480	2^4*3^3*5^7*17^2
22167	9754214400	864	2^15*3^5*5^2*7^2
22168	9755209728	390	2^12*3^9*11^2
22169	9758278656	385	2^10*3^4*7^6
22170	9761440000	405	2^8*5^4*13^2*19^2
22171	9765228375	168	3^13*5^3*7^2
22172	9765625000	56	2^3*5^13
22173	9766503747	324	3^3*7^2*11^2*13^2*19^2
22174	9768665088	486	2^17*3^2*7^2*13^2
22175	9768950244	225	2^2*3^4*17^4*19^2
22176	9769056000	648	2^8*3^1*5^3*11^2*29^2
22177	9773126440	360	2^3*5^1*7^4*11^2*29^2
22178	9774288225	105	3^4*5^2*13^6
22179	9775999350	432	2^1*3^7*5^2*13^2*23^2
22180	9777452544	200	2^9*3^3*29^4
22181	9777612800	324	2^11*5^2*19^2*23^2
22182	9780843750	252	2^1*3^1*5^6*17^2*19^2
22183	9781309440	936	2^12*3^3*5^1*7^2*19^2
22184	9782647688	100	2^3*11^4*17^4
22185	9784384000	360	2^9*5^3*17^2*23^2
22186	9785759929	45	11^2*17^2*23^4
22187	9788083200	1188	2^10*3^3*5^2*7^2*17^2
22188	9788768652	54	2^2*3^1*13^8
22189	9789081984	576	2^7*3^7*11^2*17^2
22190	9790482312	300	2^3*3^4*13^4*23^2
22191	9792161568	378	2^5*3^2*7^6*17^2
22192	9792196272	200	2^4*3^7*23^4
22193	9795520512	180	2^11*3^14
22194	9800000000	270	2^9*5^8*7^2
22195	9801000000	735	2^6*3^4*5^6*11^2
22196	9802584064	351	2^12*7^2*13^2*17^2
22197	9805083750	600	2^1*3^3*5^4*7^4*11^2
22198	9808479744	300	2^9*3^1*7^2*19^4
22199	9809424000	672	2^7*3^6*5^3*29^2
22200	9809802450	486	2^1*3^2*5^2*7^2*23^2*29^2
22201	9811402032	150	2^4*3^1*17^2*29^4
22202	9813511260	540	2^2*3^5*5^1*7^4*29^2
22203	9815520000	810	2^8*3^1*5^4*11^2*13^2
22204	9819609800	540	2^3*5^2*7^4*11^2*13^2
22205	9820611801	225	3^4*7^2*11^4*13^2
22206	9822069600	540	2^5*3^1*5^2*7^2*17^4
22207	9823071852	270	2^2*3^5*11^2*17^4
22208	9826162129	35	7^6*17^4
22209	9828225000	648	2^3*3^2*5^5*11^2*19^2
22210	9829532736	273	2^6*3^12*17^2
22211	9830400000	252	2^20*3^1*5^5
22212	9831782400	648	2^11*3^1*5^2*11^2*23^2
22213	9834496000	320	2^15*5^3*7^4
22214	9835031250	378	2^1*3^2*5^6*11^2*17^2
22215	9835878976	315	2^6*7^4*11^2*23^2
22216	9836672400	675	2^4*3^4*5^2*19^2*29^2
22217	9841500000	420	2^5*3^9*5^6
22218	9845600625	225	3^8*5^4*7^4
22219	9850464800	270	2^5*5^2*11^4*29^2
22220	9851245248	378	2^6*3^1*13^2*19^2*29^2
22221	9855525625	75	5^4*11^2*19^4
22222	9856080000	840	2^7*3^6*5^4*13^2
22223	9856460250	648	2^1*3^2*5^3*7^2*13^2*23^2
22224	9858067440	540	2^4*3^1*5^1*13^2*17^2*29^2
22225	9860186700	810	2^2*3^5*5^2*7^4*13^2
22226	9862820352	810	2^9*3^2*7^2*11^2*19^2
22227	9863663058	110	2^1*3^10*17^4
22228	9863996490	180	2^1*3^2*5^1*19^4*29^2
22229	9865003008	162	2^26*3^1*7^2
22230	9868837500	432	2^2*3^7*5^5*19^2
22231	9869650560	1296	2^7*3^2*5^1*7^2*11^2*17^2
22232	9870681600	600	2^9*3^3*5^2*13^4
22233	9872409600	693	2^10*3^6*5^2*23^2
22234	9874794384	375	2^4*3^2*7^4*13^4
22235	9875671875	168	3^7*5^6*17^2
22236	9876523104	540	2^5*3^5*7^4*23^2
22237	9885304832	84	2^11*13^6
22238	9887035392	468	2^12*3^3*13^2*23^2
22239	9890160000	720	2^7*3^1*5^4*7^2*29^2
22240	9890302500	675	2^2*3^4*5^4*13^2*17^2
22241	9891169200	810	2^4*3^5*5^2*11^2*29^2
22242	9894280900	189	2^2*5^2*7^6*29^2
22243	9897066256	405	2^4*7^2*11^2*17^2*19^2
22244	9897316000	360	2^5*5^3*11^4*13^2
22245	9898100160	420	2^6*3^1*5^1*13^4*19^2
22246	9899832960	720	2^7*3^4*5^1*19^2*23^2
22247	9900214898	90	2^1*7^2*19^2*23^4
22248	9902343750	132	2^1*3^1*5^10*13^2
22249	9903575808	648	2^8*3^7*7^2*19^2
22250	9904954800	450	2^4*3^1*5^2*13^4*17^2
22251	9905822784	567	2^6*3^2*11^2*13^2*29^2
22252	9906688800	810	2^5*3^4*5^2*17^2*23^2
22253	9910126875	150	3^1*5^4*11^4*19^2
22254	9910434240	1008	2^6*3^7*5^1*7^2*17^2
22255	9910816587	180	3^3*7^4*17^2*23^2
22256	9910912050	270	2^1*3^2*5^2*13^2*19^4
22257	9912320000	270	2^17*5^4*11^2
22258	9917462016	600	2^9*3^3*7^2*11^4
22259	9918750000	270	2^4*3^1*5^8*23^2
22260	9921365376	432	2^7*3^1*13^2*17^2*23^2
22261	9922500000	720	2^5*3^4*5^7*7^2
22262	9926634375	168	3^3*5^5*7^6
22263	9927332496	225	2^4*3^2*19^4*23^2
22264	9932041800	396	2^3*3^10*5^2*29^2
22265	9937963224	648	2^3*3^5*7^2*17^2*19^2
22266	9938214000	1080	2^4*3^5*5^3*11^2*13^2
22267	9940218002	162	2^1*11^2*13^2*17^2*29^2
22268	9941087025	135	3^2*5^2*17^4*23^2
22269	9946755936	432	2^5*3^7*13^2*29^2
22270	9948397568	144	2^15*19^2*29^2
22271	9950062500	567	2^2*3^2*5^6*7^2*19^2
22272	9951897648	450	2^4*3^1*7^2*11^4*17^2
22273	9953280000	510	2^16*3^5*5^4
22274	9953664000	792	2^10*3^1*5^3*7^2*23^2
22275	9955063734	180	2^1*3^1*7^2*11^2*23^4
22276	9955287040	252	2^13*5^1*17^2*29^2
22277	9957427200	900	2^11*3^4*5^2*7^4
22278	9957811360	252	2^5*5^1*7^6*23^2
22279	9958443264	729	2^8*3^8*7^2*11^2
22280	9961576128	252	2^6*3^3*7^8
22281	9965030625	105	3^2*5^4*11^6
22282	9965820150	648	2^1*3^3*5^2*11^2*13^2*19^2
22283	9968025600	513	2^18*3^2*5^2*13^2
22284	9972178944	420	2^13*3^1*7^4*13^2
22285	9973595610	300	2^1*3^4*5^1*11^4*29^2
22286	9979281000	528	2^3*3^10*5^3*13^2
22287	9980584328	180	2^3*11^2*13^4*19^2
22288	9981149472	270	2^5*3^2*7^2*29^4
22289	9981293283	162	3^5*13^2*17^2*29^2
22290	9982331568	540	2^4*3^3*11^2*19^2*23^2
22291	9984540672	198	2^21*3^2*23^2
22292	9987496090	180	2^1*5^1*11^2*13^4*17^2
22293	9987840000	720	2^11*3^3*5^4*17^2
22294	9989244540	648	2^2*3^3*5^1*11^2*17^2*23^2
22295	9992001600	945	2^6*3^2*5^2*7^4*17^2
22296	9993021192	756	2^3*3^6*7^2*11^2*17^2
22297	9995714560	288	2^15*5^1*13^2*19^2
22298	9996164934	108	2^1*3^1*7^8*17^2
22299	9996200361	105	3^6*7^2*23^4
22300	9999593856	336	2^7*3^13*7^2
22301	10000000000	121	2^10*5^10
